{"Modules": [{"Module": "M14", "Boundary": [["222.1", "30.0"], ["222.1", "106.3"], ["121.0", "106.3"], ["121.0", "119.9"], ["30.0", "119.9"], ["30.0", "30.0"]], "Module_type": "GATE", "Ports": [{"Location": [["30.0", "42.7"], ["34.6", "42.7"], ["34.6", "107.2"], ["30.0", "107.2"]], "Type": "SD"}, {"Location": [["222.1", "30.0"], ["222.1", "106.3"], ["121.0", "106.3"], ["121.0", "119.9"], ["36.0", "119.9"], ["36.0", "30.0"]], "Type": "GATE"}, {"Location": [["211.5", "35.3"], ["217.8", "35.3"], ["217.8", "100.0"], ["211.5", "100.0"]], "Type": "SD"}]}, {"Ports": [{"Location": [["771.1", "278.6"], ["775.3", "278.6"], ["775.3", "340.0"], ["771.1", "340.0"]], "Type": "SD"}, {"Location": [["962.6", "263.4"], ["962.6", "337.1"], ["962.4", "337.1"], ["962.4", "355.2"], ["778.2", "355.2"], ["778.2", "263.4"]], "Type": "GATE"}, {"Location": [["950.8", "270.0"], ["957.0", "270.0"], ["957.0", "330.5"], ["950.8", "330.5"]], "Type": "SD"}], "Module": "M9", "Boundary": [["962.6", "263.4"], ["962.6", "337.1"], ["962.4", "337.1"], ["962.4", "355.2"], ["771.1", "355.2"], ["771.1", "263.4"]], "Module_type": "GATE"}, {"Ports": [{"Location": [["726.0", "160.2"], ["730.7", "160.2"], ["730.7", "218.3"], ["726.0", "218.3"]], "Type": "SD"}, {"Location": [["950.2", "145.1"], ["950.2", "233.4"], ["733.0", "233.4"], ["733.0", "145.1"]], "Type": "GATE"}, {"Location": [["938.0", "151.7"], ["944.6", "151.7"], ["944.6", "209.7"], ["938.0", "209.7"]], "Type": "SD"}], "Module": "M5", "Boundary": [["950.2", "145.1"], ["950.2", "233.4"], ["726.0", "233.4"], ["726.0", "145.1"]], "Module_type": "GATE"}, {"Ports": [{"Location": [["535.2", "295.5"], ["539.5", "295.5"], ["539.5", "332.4"], ["535.2", "332.4"]], "Type": "SD"}, {"Location": [["615.0", "281.8"], ["615.0", "330.8"], ["614.8", "330.8"], ["614.8", "346.1"], ["541.6", "346.1"], ["541.6", "281.8"]], "Type": "GATE"}, {"Location": [["603.3", "288.4"], ["609.4", "288.4"], ["609.4", "324.2"], ["603.3", "324.2"]], "Type": "SD"}], "Module": "M11", "Boundary": [["615.0", "281.8"], ["615.0", "330.8"], ["614.8", "330.8"], ["614.8", "346.1"], ["535.2", "346.1"], ["535.2", "281.8"]], "Module_type": "GATE"}, {"Ports": [{"Location": [["575.9", "172.0"], ["580.1", "172.0"], ["580.1", "210.7"], ["575.9", "210.7"]], "Type": "SD"}, {"Location": [["676.0", "158.0"], ["676.0", "224.7"], ["581.6", "224.7"], ["581.6", "158.0"]], "Type": "GATE"}, {"Location": [["664.3", "164.8"], ["670.2", "164.8"], ["670.2", "217.9"], ["664.3", "217.9"]], "Type": "SD"}], "Module": "M1", "Boundary": [["676.0", "158.0"], ["676.0", "224.7"], ["575.9", "224.7"], ["575.9", "158.0"]], "Module_type": "GATE"}, {"Ports": [{"Location": [["248.4", "334.6"], ["286.8", "334.6"], ["286.8", "338.9"], ["248.4", "338.9"]], "Type": "SD"}, {"Location": [["235.5", "159.9"], ["285.1", "159.9"], ["285.1", "252.6"], ["299.7", "252.6"], ["299.7", "332.4"], ["235.5", "332.4"]], "Type": "GATE"}, {"Location": [["240.6", "164.0"], ["279.0", "164.0"], ["279.0", "170.9"], ["240.6", "170.9"]], "Type": "SD"}], "Module": "M6", "Boundary": [["235.5", "159.9"], ["285.1", "159.9"], ["285.1", "252.6"], ["299.7", "252.6"], ["299.7", "338.9"], ["235.5", "338.9"]], "Module_type": "GATE"}, {"Ports": [{"Location": [["349.9", "180.6"], ["354.3", "180.6"], ["354.3", "238.0"], ["349.9", "238.0"]], "Type": "SD"}, {"Location": [["525.9", "166.8"], ["525.9", "236.0"], ["480.8", "236.0"], ["480.8", "251.8"], ["356.8", "251.8"], ["356.8", "166.8"]], "Type": "GATE"}, {"Location": [["514.5", "171.8"], ["521.9", "171.8"], ["521.9", "230.0"], ["514.5", "230.0"]], "Type": "SD"}], "Module": "M2", "Boundary": [["525.9", "166.8"], ["525.9", "236.0"], ["480.8", "236.0"], ["480.8", "251.8"], ["349.9", "251.8"], ["349.9", "166.8"]], "Module_type": "GATE"}, {"Ports": [{"Location": [["890.5", "97.0"], ["951.0", "97.0"], ["951.0", "102.4"], ["890.5", "102.4"]], "Type": "SD"}, {"Location": [["877.2", "10.0"], ["964.3", "10.0"], ["964.3", "95.2"], ["877.2", "95.2"]], "Type": "GATE"}, {"Location": [["882.3", "14.1"], ["959.2", "14.1"], ["959.2", "20.4"], ["882.3", "20.4"]], "Type": "SD"}], "Module": "M16", "Boundary": [["877.2", "10.0"], ["964.3", "10.0"], ["964.3", "102.4"], ["877.2", "102.4"]], "Module_type": "GATE"}, {"Ports": [{"Location": [["339.9", "293.7"], ["345.5", "293.7"], ["345.5", "346.1"], ["339.9", "346.1"]], "Type": "SD"}, {"Location": [["515.2", "281.8"], ["515.2", "343.1"], ["514.9", "343.1"], ["514.9", "358.0"], ["346.6", "358.0"], ["346.6", "281.8"]], "Type": "GATE"}, {"Location": [["505.3", "288.2"], ["509.8", "288.2"], ["509.8", "336.7"], ["505.3", "336.7"]], "Type": "SD"}], "Module": "M13", "Boundary": [["515.2", "281.8"], ["515.2", "343.1"], ["514.9", "343.1"], ["514.9", "358.0"], ["339.9", "358.0"], ["339.9", "281.8"]], "Module_type": "GATE"}, {"Ports": [{"Location": [["649.6", "345.9"], ["736.5", "345.9"], ["736.5", "351.5"], ["649.6", "351.5"]], "Type": "SD"}, {"Location": [["635.0", "264.7"], ["736.0", "264.7"], ["736.0", "295.4"], ["751.1", "295.4"], ["751.1", "344.4"], ["635.0", "344.4"]], "Type": "GATE"}, {"Location": [["640.7", "269.4"], ["729.3", "269.4"], ["729.3", "276.9"], ["640.7", "276.9"]], "Type": "SD"}], "Module": "M10", "Boundary": [["635.0", "264.7"], ["736.0", "264.7"], ["736.0", "295.4"], ["751.1", "295.4"], ["751.1", "351.5"], ["635.0", "351.5"]], "Module_type": "GATE"}, {"Ports": [{"Location": [["704.8", "33.5"], ["709.6", "33.5"], ["709.6", "91.6"], ["704.8", "91.6"]], "Type": "SD"}, {"Location": [["847.2", "20.0"], ["847.2", "88.3"], ["847.1", "88.3"], ["847.1", "105.1"], ["710.6", "105.1"], ["710.6", "20.0"]], "Type": "GATE"}, {"Location": [["835.8", "26.1"], ["842.1", "26.1"], ["842.1", "82.2"], ["835.8", "82.2"]], "Type": "SD"}], "Module": "M7", "Boundary": [["847.2", "20.0"], ["847.2", "88.3"], ["847.1", "88.3"], ["847.1", "105.1"], ["704.8", "105.1"], ["704.8", "20.0"]], "Module_type": "GATE"}, {"Ports": [{"Location": [["10.0", "271.8"], ["15.1", "271.8"], ["15.1", "331.2"], ["10.0", "331.2"]], "Type": "SD"}, {"Location": [["215.5", "258.5"], ["215.5", "344.5"], ["16.8", "344.5"], ["16.8", "258.5"]], "Type": "GATE"}, {"Location": [["205.0", "264.3"], ["210.7", "264.3"], ["210.7", "338.7"], ["205.0", "338.7"]], "Type": "SD"}], "Module": "M3", "Boundary": [["215.5", "258.5"], ["215.5", "344.5"], ["10.0", "344.5"], ["10.0", "258.5"]], "Module_type": "GATE"}, {"Ports": [{"Location": [["274.4", "107.7"], ["307.6", "107.7"], ["307.6", "113.5"], ["274.4", "113.5"]], "Type": "SD"}, {"Location": [["262.1", "10.0"], ["319.9", "10.0"], ["319.9", "104.8"], ["262.1", "104.8"]], "Type": "GATE"}, {"Location": [["267.7", "14.6"], ["314.3", "14.6"], ["314.3", "20.6"], ["267.7", "20.6"]], "Type": "SD"}], "Module": "M15", "Boundary": [["262.1", "10.0"], ["319.9", "10.0"], ["319.9", "113.5"], ["262.1", "113.5"]], "Module_type": "GATE"}, {"Ports": [{"Location": [["10.0", "174.0"], ["15.5", "174.0"], ["15.5", "224.4"], ["10.0", "224.4"]], "Type": "SD"}, {"Location": [["208.7", "159.9"], ["208.7", "224.8"], ["122.5", "224.8"], ["122.5", "238.5"], ["18.3", "238.5"], ["18.3", "159.9"]], "Type": "GATE"}, {"Location": [["196.9", "166.0"], ["203.6", "166.0"], ["203.6", "217.7"], ["196.9", "217.7"]], "Type": "SD"}], "Module": "M12", "Boundary": [["208.7", "159.9"], ["208.7", "224.8"], ["122.5", "224.8"], ["122.5", "238.5"], ["10.0", "238.5"], ["10.0", "159.9"]], "Module_type": "GATE"}, {"Ports": [{"Location": [["504.1", "35.4"], ["509.8", "35.4"], ["509.8", "92.6"], ["504.1", "92.6"]], "Type": "SD"}, {"Location": [["664.8", "20.0"], ["664.8", "91.4"], ["664.4", "91.4"], ["664.4", "108.0"], ["511.5", "108.0"], ["511.5", "20.0"]], "Type": "GATE"}, {"Location": [["651.7", "26.6"], ["659.2", "26.6"], ["659.2", "84.8"], ["651.7", "84.8"]], "Type": "SD"}], "Module": "M8", "Boundary": [["664.8", "20.0"], ["664.8", "91.4"], ["664.4", "91.4"], ["664.4", "108.0"], ["504.1", "108.0"], ["504.1", "20.0"]], "Module_type": "GATE"}], "Area": [["-30.0", "-30.0"], ["1004.3", "-30.0"], ["1004.3", "398.0"], ["-30.0", "398.0"]], "Rules": ["GATE(5,5)", "SD(5,5)", "GATE_SD(0.5)", "GATE_ITO(0.5)", "SD_ITO(0.5)"]}