{"Modules": [{"Module": "M14", "Boundary": [["30.0", "602.7"], ["146.0", "602.7"], ["146.0", "713.2"], ["30.0", "713.2"]], "Module_type": "GATE", "Ports": [{"Location": [["44.1", "709.0"], ["131.9", "709.0"], ["131.9", "713.2"], ["44.1", "713.2"]], "Type": "SD"}, {"Location": [["30.0", "602.7"], ["146.0", "602.7"], ["146.0", "706.3"], ["30.0", "706.3"]], "Type": "GATE"}, {"Location": [["36.7", "608.4"], ["139.3", "608.4"], ["139.3", "614.0"], ["36.7", "614.0"]], "Type": "SD"}]}, {"Ports": [{"Location": [["154.3", "539.9"], ["223.8", "539.9"], ["223.8", "544.5"], ["154.3", "544.5"]], "Type": "SD"}, {"Location": [["139.6", "370.3"], ["222.8", "370.3"], ["222.8", "370.6"], ["238.5", "370.6"], ["238.5", "537.7"], ["139.6", "537.7"]], "Type": "GATE"}, {"Location": [["145.7", "375.4"], ["216.7", "375.4"], ["216.7", "383.0"], ["145.7", "383.0"]], "Type": "SD"}], "Module": "M9", "Boundary": [["139.6", "370.3"], ["222.8", "370.3"], ["222.8", "370.6"], ["238.5", "370.6"], ["238.5", "544.5"], ["139.6", "544.5"]], "Module_type": "GATE"}, {"Ports": [{"Location": [["145.9", "98.9"], ["201.3", "98.9"], ["201.3", "103.8"], ["145.9", "103.8"]], "Type": "SD"}, {"Location": [["132.8", "20.0"], ["214.4", "20.0"], ["214.4", "97.2"], ["132.8", "97.2"]], "Type": "GATE"}, {"Location": [["138.6", "24.8"], ["208.6", "24.8"], ["208.6", "30.9"], ["138.6", "30.9"]], "Type": "SD"}], "Module": "M5", "Boundary": [["132.8", "20.0"], ["214.4", "20.0"], ["214.4", "103.8"], ["132.8", "103.8"]], "Module_type": "GATE"}, {"Ports": [{"Location": [["22.7", "361.0"], ["86.2", "361.0"], ["86.2", "366.7"], ["22.7", "366.7"]], "Type": "SD"}, {"Location": [["10.0", "253.5"], ["98.9", "253.5"], ["98.9", "359.9"], ["10.0", "359.9"]], "Type": "GATE"}, {"Location": [["16.0", "258.5"], ["92.9", "258.5"], ["92.9", "264.3"], ["16.0", "264.3"]], "Type": "SD"}], "Module": "M11", "Boundary": [["10.0", "253.5"], ["98.9", "253.5"], ["98.9", "366.7"], ["10.0", "366.7"]], "Module_type": "GATE"}, {"Ports": [{"Location": [["233.5", "741.8"], ["308.2", "741.8"], ["308.2", "747.4"], ["233.5", "747.4"]], "Type": "SD"}, {"Location": [["220.3", "631.7"], ["321.4", "631.7"], ["321.4", "739.9"], ["220.3", "739.9"]], "Type": "GATE"}, {"Location": [["226.3", "636.7"], ["315.4", "636.7"], ["315.4", "642.5"], ["226.3", "642.5"]], "Type": "SD"}], "Module": "M1", "Boundary": [["220.3", "631.7"], ["321.4", "631.7"], ["321.4", "747.4"], ["220.3", "747.4"]], "Module_type": "GATE"}, {"Ports": [{"Location": [["266.5", "1002.1"], ["325.9", "1002.1"], ["325.9", "1007.1"], ["266.5", "1007.1"]], "Type": "SD"}, {"Location": [["251.2", "787.4"], ["323.9", "787.4"], ["323.9", "787.5"], ["341.2", "787.5"], ["341.2", "999.4"], ["251.2", "999.4"]], "Type": "GATE"}, {"Location": [["258.0", "793.2"], ["317.1", "793.2"], ["317.1", "800.3"], ["258.0", "800.3"]], "Type": "SD"}], "Module": "M6", "Boundary": [["251.2", "787.4"], ["323.9", "787.4"], ["323.9", "787.5"], ["341.2", "787.5"], ["341.2", "1007.1"], ["251.2", "1007.1"]], "Module_type": "GATE"}, {"Ports": [{"Location": [["280.9", "576.1"], ["318.6", "576.1"], ["318.6", "581.7"], ["280.9", "581.7"]], "Type": "SD"}, {"Location": [["268.5", "436.5"], ["331.0", "436.5"], ["331.0", "574.0"], ["268.5", "574.0"]], "Type": "GATE"}, {"Location": [["274.1", "441.1"], ["325.4", "441.1"], ["325.4", "447.3"], ["274.1", "447.3"]], "Type": "SD"}], "Module": "M2", "Boundary": [["268.5", "436.5"], ["331.0", "436.5"], ["331.0", "581.7"], ["268.5", "581.7"]], "Module_type": "GATE"}, {"Ports": [{"Location": [["10.0", "906.2"], ["14.9", "906.2"], ["14.9", "991.5"], ["10.0", "991.5"]], "Type": "SD"}, {"Location": [["231.2", "892.7"], ["231.2", "1005.0"], ["17.4", "1005.0"], ["17.4", "892.7"]], "Type": "GATE"}, {"Location": [["219.7", "898.1"], ["226.8", "898.1"], ["226.8", "999.6"], ["219.7", "999.6"]], "Type": "SD"}], "Module": "M16", "Boundary": [["231.2", "892.7"], ["231.2", "1005.0"], ["10.0", "1005.0"], ["10.0", "892.7"]], "Module_type": "GATE"}, {"Ports": [{"Location": [["263.2", "347.6"], ["267.7", "347.6"], ["267.7", "392.7"], ["263.2", "392.7"]], "Type": "SD"}, {"Location": [["338.5", "333.8"], ["338.5", "406.5"], ["270.5", "406.5"], ["270.5", "333.8"]], "Type": "GATE"}, {"Location": [["327.7", "338.9"], ["334.4", "338.9"], ["334.4", "401.4"], ["327.7", "401.4"]], "Type": "SD"}], "Module": "M13", "Boundary": [["338.5", "333.8"], ["338.5", "406.5"], ["263.2", "406.5"], ["263.2", "333.8"]], "Module_type": "GATE"}, {"Ports": [{"Location": [["25.3", "227.8"], ["87.5", "227.8"], ["87.5", "233.5"], ["25.3", "233.5"]], "Type": "SD"}, {"Location": [["10.0", "10.0"], ["84.7", "10.0"], ["84.7", "10.2"], ["102.8", "10.2"], ["102.8", "225.0"], ["10.0", "225.0"]], "Type": "GATE"}, {"Location": [["16.4", "15.4"], ["78.3", "15.4"], ["78.3", "22.6"], ["16.4", "22.6"]], "Type": "SD"}], "Module": "M10", "Boundary": [["10.0", "10.0"], ["84.7", "10.0"], ["84.7", "10.2"], ["102.8", "10.2"], ["102.8", "233.5"], ["10.0", "233.5"]], "Module_type": "GATE"}, {"Ports": [{"Location": [["132.8", "249.8"], ["138.7", "249.8"], ["138.7", "326.3"], ["132.8", "326.3"]], "Type": "SD"}, {"Location": [["233.2", "235.8"], ["233.2", "323.1"], ["233.1", "323.1"], ["233.1", "340.3"], ["141.3", "340.3"], ["141.3", "235.8"]], "Type": "GATE"}, {"Location": [["222.1", "242.5"], ["227.5", "242.5"], ["227.5", "316.4"], ["222.1", "316.4"]], "Type": "SD"}], "Module": "M7", "Boundary": [["233.2", "235.8"], ["233.2", "323.1"], ["233.1", "323.1"], ["233.1", "340.3"], ["132.8", "340.3"], ["132.8", "235.8"]], "Module_type": "GATE"}, {"Ports": [{"Location": [["122.8", "156.0"], ["127.0", "156.0"], ["127.0", "194.0"], ["122.8", "194.0"]], "Type": "SD"}, {"Location": [["295.6", "144.2"], ["295.6", "190.4"], ["295.3", "190.4"], ["295.3", "205.8"], ["129.0", "205.8"], ["129.0", "144.2"]], "Type": "GATE"}, {"Location": [["286.2", "149.8"], ["291.0", "149.8"], ["291.0", "184.8"], ["286.2", "184.8"]], "Type": "SD"}], "Module": "M3", "Boundary": [["295.6", "144.2"], ["295.6", "190.4"], ["295.3", "190.4"], ["295.3", "205.8"], ["122.8", "205.8"], ["122.8", "144.2"]], "Module_type": "GATE"}, {"Ports": [{"Location": [["263.2", "239.8"], ["268.8", "239.8"], ["268.8", "299.8"], ["263.2", "299.8"]], "Type": "SD"}, {"Location": [["340.0", "225.8"], ["340.0", "313.8"], ["270.3", "313.8"], ["270.3", "225.8"]], "Type": "GATE"}, {"Location": [["328.9", "232.4"], ["334.4", "232.4"], ["334.4", "307.2"], ["328.9", "307.2"]], "Type": "SD"}], "Module": "M15", "Boundary": [["340.0", "225.8"], ["340.0", "313.8"], ["263.2", "313.8"], ["263.2", "225.8"]], "Module_type": "GATE"}, {"Ports": [{"Location": [["25.1", "557.1"], ["104.5", "557.1"], ["104.5", "562.7"], ["25.1", "562.7"]], "Type": "SD"}, {"Location": [["10.0", "386.7"], ["101.6", "386.7"], ["101.6", "387.3"], ["119.6", "387.3"], ["119.6", "554.7"], ["10.0", "554.7"]], "Type": "GATE"}, {"Location": [["16.2", "391.9"], ["95.4", "391.9"], ["95.4", "398.4"], ["16.2", "398.4"]], "Type": "SD"}], "Module": "M12", "Boundary": [["10.0", "386.7"], ["101.6", "386.7"], ["101.6", "387.3"], ["119.6", "387.3"], ["119.6", "562.7"], ["10.0", "562.7"]], "Module_type": "GATE"}, {"Ports": [{"Location": [["20.0", "776.9"], ["25.3", "776.9"], ["25.3", "849.0"], ["20.0", "849.0"]], "Type": "SD"}, {"Location": [["170.3", "763.2"], ["170.3", "846.6"], ["170.0", "846.6"], ["170.0", "862.7"], ["28.1", "862.7"], ["28.1", "763.2"]], "Type": "GATE"}, {"Location": [["158.7", "769.3"], ["165.2", "769.3"], ["165.2", "840.5"], ["158.7", "840.5"]], "Type": "SD"}], "Module": "M8", "Boundary": [["170.3", "763.2"], ["170.3", "846.6"], ["170.0", "846.6"], ["170.0", "862.7"], ["20.0", "862.7"], ["20.0", "763.2"]], "Module_type": "GATE"}], "Area": [["-30.0", "-30.0"], ["381.2", "-30.0"], ["381.2", "1047.1"], ["-30.0", "1047.1"]], "Rules": ["GATE(5,5)", "SD(5,5)", "GATE_SD(0.5)", "GATE_ITO(0.5)", "SD_ITO(0.5)"]}