{"Modules": [{"Module": "M14", "Boundary": [["328.0", "169.9"], ["374.1", "169.9"], ["374.1", "188.7"], ["387.5", "188.7"], ["387.5", "284.2"], ["328.0", "284.2"]], "Module_type": "GATE", "Ports": [{"Location": [["340.0", "279.6"], ["375.5", "279.6"], ["375.5", "284.2"], ["340.0", "284.2"]], "Type": "SD"}, {"Location": [["328.0", "169.9"], ["374.1", "169.9"], ["374.1", "188.7"], ["387.5", "188.7"], ["387.5", "278.4"], ["328.0", "278.4"]], "Type": "GATE"}, {"Location": [["334.0", "174.9"], ["367.1", "174.9"], ["367.1", "179.8"], ["334.0", "179.8"]], "Type": "SD"}]}, {"Ports": [{"Location": [["440.4", "414.5"], ["510.8", "414.5"], ["510.8", "419.5"], ["440.4", "419.5"]], "Type": "SD"}, {"Location": [["427.5", "225.7"], ["507.9", "225.7"], ["507.9", "225.7"], ["523.7", "225.7"], ["523.7", "413.1"], ["427.5", "413.1"]], "Type": "GATE"}, {"Location": [["432.8", "230.0"], ["502.6", "230.0"], ["502.6", "236.6"], ["432.8", "236.6"]], "Type": "SD"}], "Module": "M9", "Boundary": [["427.5", "225.7"], ["507.9", "225.7"], ["507.9", "225.7"], ["523.7", "225.7"], ["523.7", "419.5"], ["427.5", "419.5"]], "Module_type": "GATE"}, {"Ports": [{"Location": [["200.5", "284.9"], ["264.1", "284.9"], ["264.1", "290.9"], ["200.5", "290.9"]], "Type": "SD"}, {"Location": [["186.6", "187.0"], ["278.0", "187.0"], ["278.0", "282.9"], ["186.6", "282.9"]], "Type": "GATE"}, {"Location": [["192.2", "191.6"], ["272.4", "191.6"], ["272.4", "197.4"], ["192.2", "197.4"]], "Type": "SD"}], "Module": "M5", "Boundary": [["186.6", "187.0"], ["278.0", "187.0"], ["278.0", "290.9"], ["186.6", "290.9"]], "Module_type": "GATE"}, {"Ports": [{"Location": [["206.9", "594.2"], ["211.2", "594.2"], ["211.2", "629.5"], ["206.9", "629.5"]], "Type": "SD"}, {"Location": [["342.3", "580.6"], ["342.3", "628.5"], ["342.3", "628.5"], ["342.3", "643.1"], ["212.9", "643.1"], ["212.9", "580.6"]], "Type": "GATE"}, {"Location": [["330.5", "586.3"], ["337.6", "586.3"], ["337.6", "622.8"], ["330.5", "622.8"]], "Type": "SD"}], "Module": "M11", "Boundary": [["342.3", "580.6"], ["342.3", "628.5"], ["342.3", "628.5"], ["342.3", "643.1"], ["206.9", "643.1"], ["206.9", "580.6"]], "Module_type": "GATE"}, {"Ports": [{"Location": [["30.0", "44.7"], ["34.6", "44.7"], ["34.6", "122.3"], ["30.0", "122.3"]], "Type": "SD"}, {"Location": [["225.6", "30.0"], ["225.6", "137.0"], ["37.3", "137.0"], ["37.3", "30.0"]], "Type": "GATE"}, {"Location": [["214.0", "36.4"], ["220.2", "36.4"], ["220.2", "130.6"], ["214.0", "130.6"]], "Type": "SD"}], "Module": "M1", "Boundary": [["225.6", "30.0"], ["225.6", "137.0"], ["30.0", "137.0"], ["30.0", "30.0"]], "Module_type": "GATE"}, {"Ports": [{"Location": [["10.0", "454.5"], ["15.4", "454.5"], ["15.4", "491.7"], ["10.0", "491.7"]], "Type": "SD"}, {"Location": [["198.1", "441.8"], ["198.1", "490.4"], ["165.4", "490.4"], ["165.4", "504.4"], ["16.9", "504.4"], ["16.9", "441.8"]], "Type": "GATE"}, {"Location": [["187.7", "447.1"], ["193.8", "447.1"], ["193.8", "484.1"], ["187.7", "484.1"]], "Type": "SD"}], "Module": "M6", "Boundary": [["198.1", "441.8"], ["198.1", "490.4"], ["165.4", "490.4"], ["165.4", "504.4"], ["10.0", "504.4"], ["10.0", "441.8"]], "Module_type": "GATE"}, {"Ports": [{"Location": [["34.7", "407.1"], ["107.9", "407.1"], ["107.9", "411.8"], ["34.7", "411.8"]], "Type": "SD"}, {"Location": [["20.0", "297.1"], ["106.8", "297.1"], ["106.8", "314.8"], ["122.6", "314.8"], ["122.6", "405.6"], ["20.0", "405.6"]], "Type": "GATE"}, {"Location": [["26.8", "302.9"], ["99.0", "302.9"], ["99.0", "308.6"], ["26.8", "308.6"]], "Type": "SD"}], "Module": "M2", "Boundary": [["20.0", "297.1"], ["106.8", "297.1"], ["106.8", "314.8"], ["122.6", "314.8"], ["122.6", "411.8"], ["20.0", "411.8"]], "Module_type": "GATE"}, {"Ports": [{"Location": [["22.8", "619.8"], ["80.8", "619.8"], ["80.8", "625.7"], ["22.8", "625.7"]], "Type": "SD"}, {"Location": [["10.0", "524.4"], ["77.9", "524.4"], ["77.9", "562.5"], ["93.6", "562.5"], ["93.6", "617.0"], ["10.0", "617.0"]], "Type": "GATE"}, {"Location": [["16.4", "529.8"], ["70.5", "529.8"], ["70.5", "534.8"], ["16.4", "534.8"]], "Type": "SD"}], "Module": "M16", "Boundary": [["10.0", "524.4"], ["77.9", "524.4"], ["77.9", "562.5"], ["93.6", "562.5"], ["93.6", "625.7"], ["10.0", "625.7"]], "Module_type": "GATE"}, {"Ports": [{"Location": [["349.6", "125.9"], ["382.8", "125.9"], ["382.8", "129.9"], ["349.6", "129.9"]], "Type": "SD"}, {"Location": [["336.4", "10.0"], ["396.0", "10.0"], ["396.0", "124.1"], ["336.4", "124.1"]], "Type": "GATE"}, {"Location": [["343.0", "15.6"], ["389.4", "15.6"], ["389.4", "21.2"], ["343.0", "21.2"]], "Type": "SD"}], "Module": "M13", "Boundary": [["336.4", "10.0"], ["396.0", "10.0"], ["396.0", "129.9"], ["336.4", "129.9"]], "Module_type": "GATE"}, {"Ports": [{"Location": [["10.0", "188.7"], ["16.0", "188.7"], ["16.0", "255.4"], ["10.0", "255.4"]], "Type": "SD"}, {"Location": [["156.6", "177.0"], ["156.6", "254.2"], ["95.2", "254.2"], ["95.2", "267.1"], ["18.4", "267.1"], ["18.4", "177.0"]], "Type": "GATE"}, {"Location": [["147.2", "182.7"], ["151.9", "182.7"], ["151.9", "246.5"], ["147.2", "246.5"]], "Type": "SD"}], "Module": "M10", "Boundary": [["156.6", "177.0"], ["156.6", "254.2"], ["95.2", "254.2"], ["95.2", "267.1"], ["10.0", "267.1"], ["10.0", "177.0"]], "Module_type": "GATE"}, {"Ports": [{"Location": [["138.0", "631.4"], ["162.5", "631.4"], ["162.5", "636.7"], ["138.0", "636.7"]], "Type": "SD"}, {"Location": [["123.6", "534.4"], ["159.8", "534.4"], ["159.8", "534.4"], ["176.9", "534.4"], ["176.9", "630.1"], ["123.6", "630.1"]], "Type": "GATE"}, {"Location": [["129.9", "539.7"], ["153.5", "539.7"], ["153.5", "545.5"], ["129.9", "545.5"]], "Type": "SD"}], "Module": "M7", "Boundary": [["123.6", "534.4"], ["159.8", "534.4"], ["159.8", "534.4"], ["176.9", "534.4"], ["176.9", "636.7"], ["123.6", "636.7"]], "Module_type": "GATE"}, {"Ports": [{"Location": [["279.0", "101.3"], ["303.0", "101.3"], ["303.0", "105.8"], ["279.0", "105.8"]], "Type": "SD"}, {"Location": [["265.6", "10.0"], ["316.4", "10.0"], ["316.4", "99.4"], ["265.6", "99.4"]], "Type": "GATE"}, {"Location": [["271.0", "14.4"], ["311.0", "14.4"], ["311.0", "20.4"], ["271.0", "20.4"]], "Type": "SD"}], "Module": "M3", "Boundary": [["265.6", "10.0"], ["316.4", "10.0"], ["316.4", "105.8"], ["265.6", "105.8"]], "Module_type": "GATE"}, {"Ports": [{"Location": [["152.6", "338.7"], ["157.4", "338.7"], ["157.4", "382.8"], ["152.6", "382.8"]], "Type": "SD"}, {"Location": [["371.7", "324.2"], ["371.7", "397.3"], ["158.7", "397.3"], ["158.7", "324.2"]], "Type": "GATE"}, {"Location": [["360.3", "329.6"], ["367.3", "329.6"], ["367.3", "391.9"], ["360.3", "391.9"]], "Type": "SD"}], "Module": "M15", "Boundary": [["371.7", "324.2"], ["371.7", "397.3"], ["152.6", "397.3"], ["152.6", "324.2"]], "Module_type": "GATE"}, {"Ports": [{"Location": [["441.5", "200.2"], ["517.1", "200.2"], ["517.1", "205.7"], ["441.5", "205.7"]], "Type": "SD"}, {"Location": [["427.5", "10.0"], ["515.0", "10.0"], ["515.0", "95.2"], ["531.1", "95.2"], ["531.1", "198.5"], ["427.5", "198.5"]], "Type": "GATE"}, {"Location": [["433.5", "15.0"], ["508.0", "15.0"], ["508.0", "21.3"], ["433.5", "21.3"]], "Type": "SD"}], "Module": "M12", "Boundary": [["427.5", "10.0"], ["515.0", "10.0"], ["515.0", "95.2"], ["531.1", "95.2"], ["531.1", "205.7"], ["427.5", "205.7"]], "Module_type": "GATE"}, {"Ports": [{"Location": [["419.9", "635.1"], ["498.3", "635.1"], ["498.3", "639.6"], ["419.9", "639.6"]], "Type": "SD"}, {"Location": [["405.5", "449.5"], ["499.3", "449.5"], ["499.3", "531.4"], ["512.7", "531.4"], ["512.7", "634.0"], ["405.5", "634.0"]], "Type": "GATE"}, {"Location": [["412.1", "455.1"], ["491.7", "455.1"], ["491.7", "462.1"], ["412.1", "462.1"]], "Type": "SD"}], "Module": "M8", "Boundary": [["405.5", "449.5"], ["499.3", "449.5"], ["499.3", "531.4"], ["512.7", "531.4"], ["512.7", "639.6"], ["405.5", "639.6"]], "Module_type": "GATE"}, {"Ports": [{"Location": [["228.1", "440.9"], ["233.5", "440.9"], ["233.5", "537.0"], ["228.1", "537.0"]], "Type": "SD"}, {"Location": [["365.5", "427.3"], ["365.5", "533.9"], ["342.1", "533.9"], ["342.1", "550.6"], ["236.0", "550.6"], ["236.0", "427.3"]], "Type": "GATE"}, {"Location": [["355.4", "433.4"], ["360.4", "433.4"], ["360.4", "526.8"], ["355.4", "526.8"]], "Type": "SD"}], "Module": "M4", "Boundary": [["365.5", "427.3"], ["365.5", "533.9"], ["342.1", "533.9"], ["342.1", "550.6"], ["228.1", "550.6"], ["228.1", "427.3"]], "Module_type": "GATE"}], "Area": [["-30.0", "-30.0"], ["571.1", "-30.0"], ["571.1", "683.1"], ["-30.0", "683.1"]], "Rules": ["GATE(5,5)", "SD(5,5)", "GATE_SD(0.5)", "GATE_ITO(0.5)", "SD_ITO(0.5)"]}