{"Modules": [{"Module": "M14", "Boundary": [["319.3", "210.2"], ["319.3", "274.5"], ["300.4", "274.5"], ["300.4", "288.6"], ["199.5", "288.6"], ["199.5", "210.2"]], "Module_type": "GATE", "Ports": [{"Location": [["199.5", "223.6"], ["204.0", "223.6"], ["204.0", "275.2"], ["199.5", "275.2"]], "Type": "SD"}, {"Location": [["319.3", "210.2"], ["319.3", "274.5"], ["300.4", "274.5"], ["300.4", "288.6"], ["206.7", "288.6"], ["206.7", "210.2"]], "Type": "GATE"}, {"Location": [["308.0", "215.7"], ["314.8", "215.7"], ["314.8", "268.0"], ["308.0", "268.0"]], "Type": "SD"}]}, {"Ports": [{"Location": [["24.6", "858.6"], ["123.6", "858.6"], ["123.6", "864.5"], ["24.6", "864.5"]], "Type": "SD"}, {"Location": [["10.0", "763.6"], ["120.0", "763.6"], ["120.0", "763.9"], ["138.2", "763.9"], ["138.2", "856.2"], ["10.0", "856.2"]], "Type": "GATE"}, {"Location": [["15.7", "768.3"], ["114.3", "768.3"], ["114.3", "774.9"], ["15.7", "774.9"]], "Type": "SD"}], "Module": "M9", "Boundary": [["10.0", "763.6"], ["120.0", "763.6"], ["120.0", "763.9"], ["138.2", "763.9"], ["138.2", "864.5"], ["10.0", "864.5"]], "Module_type": "GATE"}, {"Ports": [{"Location": [["274.2", "724.1"], ["324.6", "724.1"], ["324.6", "730.0"], ["274.2", "730.0"]], "Type": "SD"}, {"Location": [["259.9", "517.1"], ["338.9", "517.1"], ["338.9", "722.2"], ["259.9", "722.2"]], "Type": "GATE"}, {"Location": [["265.9", "522.1"], ["332.9", "522.1"], ["332.9", "529.4"], ["265.9", "529.4"]], "Type": "SD"}], "Module": "M5", "Boundary": [["259.9", "517.1"], ["338.9", "517.1"], ["338.9", "730.0"], ["259.9", "730.0"]], "Module_type": "GATE"}, {"Ports": [{"Location": [["10.0", "286.8"], ["14.5", "286.8"], ["14.5", "346.7"], ["10.0", "346.7"]], "Type": "SD"}, {"Location": [["159.5", "271.7"], ["159.5", "361.8"], ["17.1", "361.8"], ["17.1", "271.7"]], "Type": "GATE"}, {"Location": [["147.7", "278.2"], ["154.0", "278.2"], ["154.0", "355.3"], ["147.7", "355.3"]], "Type": "SD"}], "Module": "M11", "Boundary": [["159.5", "271.7"], ["159.5", "361.8"], ["10.0", "361.8"], ["10.0", "271.7"]], "Module_type": "GATE"}, {"Ports": [{"Location": [["221.2", "363.7"], ["226.4", "363.7"], ["226.4", "452.0"], ["221.2", "452.0"]], "Type": "SD"}, {"Location": [["329.9", "348.6"], ["329.9", "450.8"], ["329.3", "450.8"], ["329.3", "467.1"], ["228.6", "467.1"], ["228.6", "348.6"]], "Type": "GATE"}, {"Location": [["317.5", "355.2"], ["324.3", "355.2"], ["324.3", "444.2"], ["317.5", "444.2"]], "Type": "SD"}], "Module": "M1", "Boundary": [["329.9", "348.6"], ["329.9", "450.8"], ["329.3", "450.8"], ["329.3", "467.1"], ["221.2", "467.1"], ["221.2", "348.6"]], "Module_type": "GATE"}, {"Ports": [{"Location": [["10.0", "395.8"], ["14.1", "395.8"], ["14.1", "451.3"], ["10.0", "451.3"]], "Type": "SD"}, {"Location": [["181.2", "381.8"], ["181.2", "450.2"], ["93.0", "450.2"], ["93.0", "465.3"], ["15.8", "465.3"], ["15.8", "381.8"]], "Type": "GATE"}, {"Location": [["169.6", "388.7"], ["175.3", "388.7"], ["175.3", "442.3"], ["169.6", "442.3"]], "Type": "SD"}], "Module": "M6", "Boundary": [["181.2", "381.8"], ["181.2", "450.2"], ["93.0", "450.2"], ["93.0", "465.3"], ["10.0", "465.3"], ["10.0", "381.8"]], "Module_type": "GATE"}, {"Ports": [{"Location": [["20.0", "159.3"], ["25.2", "159.3"], ["25.2", "229.9"], ["20.0", "229.9"]], "Type": "SD"}, {"Location": [["136.4", "147.5"], ["136.4", "226.8"], ["99.7", "226.8"], ["99.7", "241.7"], ["27.5", "241.7"], ["27.5", "147.5"]], "Type": "GATE"}, {"Location": [["127.5", "152.9"], ["132.0", "152.9"], ["132.0", "220.4"], ["127.5", "220.4"]], "Type": "SD"}], "Module": "M2", "Boundary": [["136.4", "147.5"], ["136.4", "226.8"], ["99.7", "226.8"], ["99.7", "241.7"], ["20.0", "241.7"], ["20.0", "147.5"]], "Module_type": "GATE"}, {"Ports": [{"Location": [["158.2", "773.5"], ["163.5", "773.5"], ["163.5", "867.8"], ["158.2", "867.8"]], "Type": "SD"}, {"Location": [["350.3", "760.0"], ["350.3", "866.0"], ["249.0", "866.0"], ["249.0", "881.3"], ["165.1", "881.3"], ["165.1", "760.0"]], "Type": "GATE"}, {"Location": [["339.8", "766.9"], ["344.4", "766.9"], ["344.4", "857.1"], ["339.8", "857.1"]], "Type": "SD"}], "Module": "M16", "Boundary": [["350.3", "760.0"], ["350.3", "866.0"], ["249.0", "866.0"], ["249.0", "881.3"], ["158.2", "881.3"], ["158.2", "760.0"]], "Module_type": "GATE"}, {"Ports": [{"Location": [["100.8", "111.8"], ["151.4", "111.8"], ["151.4", "117.5"], ["100.8", "117.5"]], "Type": "SD"}, {"Location": [["89.4", "10.0"], ["162.8", "10.0"], ["162.8", "109.5"], ["89.4", "109.5"]], "Type": "GATE"}, {"Location": [["95.1", "14.7"], ["157.1", "14.7"], ["157.1", "19.9"], ["95.1", "19.9"]], "Type": "SD"}], "Module": "M13", "Boundary": [["89.4", "10.0"], ["162.8", "10.0"], ["162.8", "117.5"], ["89.4", "117.5"]], "Module_type": "GATE"}, {"Ports": [{"Location": [["172.9", "729.1"], ["215.2", "729.1"], ["215.2", "733.3"], ["172.9", "733.3"]], "Type": "SD"}, {"Location": [["158.2", "637.7"], ["213.6", "637.7"], ["213.6", "666.1"], ["229.9", "666.1"], ["229.9", "726.7"], ["158.2", "726.7"]], "Type": "GATE"}, {"Location": [["165.1", "643.6"], ["205.7", "643.6"], ["205.7", "650.1"], ["165.1", "650.1"]], "Type": "SD"}], "Module": "M10", "Boundary": [["158.2", "637.7"], ["213.6", "637.7"], ["213.6", "666.1"], ["229.9", "666.1"], ["229.9", "733.3"], ["158.2", "733.3"]], "Module_type": "GATE"}, {"Ports": [{"Location": [["32.4", "613.6"], ["68.4", "613.6"], ["68.4", "619.5"], ["32.4", "619.5"]], "Type": "SD"}, {"Location": [["20.0", "495.3"], ["80.8", "495.3"], ["80.8", "612.5"], ["20.0", "612.5"]], "Type": "GATE"}, {"Location": [["25.8", "500.1"], ["75.0", "500.1"], ["75.0", "506.1"], ["25.8", "506.1"]], "Type": "SD"}], "Module": "M7", "Boundary": [["20.0", "495.3"], ["80.8", "495.3"], ["80.8", "619.5"], ["20.0", "619.5"]], "Module_type": "GATE"}, {"Ports": [{"Location": [["10.0", "661.7"], ["15.8", "661.7"], ["15.8", "731.4"], ["10.0", "731.4"]], "Type": "SD"}, {"Location": [["112.0", "649.5"], ["112.0", "743.6"], ["17.2", "743.6"], ["17.2", "649.5"]], "Type": "GATE"}, {"Location": [["102.2", "654.9"], ["107.6", "654.9"], ["107.6", "738.2"], ["102.2", "738.2"]], "Type": "SD"}], "Module": "M3", "Boundary": [["112.0", "649.5"], ["112.0", "743.6"], ["10.0", "743.6"], ["10.0", "649.5"]], "Module_type": "GATE"}, {"Ports": [{"Location": [["22.6", "73.2"], ["56.8", "73.2"], ["56.8", "77.7"], ["22.6", "77.7"]], "Type": "SD"}, {"Location": [["10.0", "10.0"], ["55.8", "10.0"], ["55.8", "10.2"], ["69.4", "10.2"], ["69.4", "72.0"], ["10.0", "72.0"]], "Type": "GATE"}, {"Location": [["16.8", "15.8"], ["49.0", "15.8"], ["49.0", "21.1"], ["16.8", "21.1"]], "Type": "SD"}], "Module": "M15", "Boundary": [["10.0", "10.0"], ["55.8", "10.0"], ["55.8", "10.2"], ["69.4", "10.2"], ["69.4", "77.7"], ["10.0", "77.7"]], "Module_type": "GATE"}, {"Ports": [{"Location": [["196.9", "166.0"], ["234.0", "166.0"], ["234.0", "170.2"], ["196.9", "170.2"]], "Type": "SD"}, {"Location": [["182.8", "10.0"], ["233.8", "10.0"], ["233.8", "104.7"], ["248.1", "104.7"], ["248.1", "163.2"], ["182.8", "163.2"]], "Type": "GATE"}, {"Location": [["188.8", "15.0"], ["226.8", "15.0"], ["226.8", "21.8"], ["188.8", "21.8"]], "Type": "SD"}], "Module": "M12", "Boundary": [["182.8", "10.0"], ["233.8", "10.0"], ["233.8", "104.7"], ["248.1", "104.7"], ["248.1", "170.2"], ["182.8", "170.2"]], "Module_type": "GATE"}, {"Ports": [{"Location": [["290.0", "151.8"], ["327.8", "151.8"], ["327.8", "157.2"], ["290.0", "157.2"]], "Type": "SD"}, {"Location": [["278.1", "20.0"], ["325.1", "20.0"], ["325.1", "64.9"], ["339.7", "64.9"], ["339.7", "149.3"], ["278.1", "149.3"]], "Type": "GATE"}, {"Location": [["283.2", "24.1"], ["319.0", "24.1"], ["319.0", "29.6"], ["283.2", "29.6"]], "Type": "SD"}], "Module": "M8", "Boundary": [["278.1", "20.0"], ["325.1", "20.0"], ["325.1", "64.9"], ["339.7", "64.9"], ["339.7", "157.2"], ["278.1", "157.2"]], "Module_type": "GATE"}, {"Ports": [{"Location": [["134.1", "602.3"], ["199.8", "602.3"], ["199.8", "607.7"], ["134.1", "607.7"]], "Type": "SD"}, {"Location": [["120.8", "517.1"], ["199.3", "517.1"], ["199.3", "555.8"], ["213.1", "555.8"], ["213.1", "600.8"], ["120.8", "600.8"]], "Type": "GATE"}, {"Location": [["126.0", "521.3"], ["193.1", "521.3"], ["193.1", "528.6"], ["126.0", "528.6"]], "Type": "SD"}], "Module": "M4", "Boundary": [["120.8", "517.1"], ["199.3", "517.1"], ["199.3", "555.8"], ["213.1", "555.8"], ["213.1", "607.7"], ["120.8", "607.7"]], "Module_type": "GATE"}], "Area": [["-30.0", "-30.0"], ["390.3", "-30.0"], ["390.3", "921.3"], ["-30.0", "921.3"]], "Rules": ["GATE(5,5)", "SD(5,5)", "GATE_SD(0.5)", "GATE_ITO(0.5)", "SD_ITO(0.5)"]}