{"Modules": [{"Module": "M14", "Boundary": [["538.2", "266.5"], ["538.2", "352.7"], ["419.7", "352.7"], ["419.7", "368.4"], ["316.2", "368.4"], ["316.2", "266.5"]], "Module_type": "GATE", "Ports": [{"Location": [["316.2", "280.7"], ["320.5", "280.7"], ["320.5", "354.2"], ["316.2", "354.2"]], "Type": "SD"}, {"Location": [["538.2", "266.5"], ["538.2", "352.7"], ["419.7", "352.7"], ["419.7", "368.4"], ["322.1", "368.4"], ["322.1", "266.5"]], "Type": "GATE"}, {"Location": [["527.4", "272.9"], ["532.8", "272.9"], ["532.8", "345.3"], ["527.4", "345.3"]], "Type": "SD"}]}, {"Ports": [{"Location": [["514.7", "220.7"], ["584.9", "220.7"], ["584.9", "226.5"], ["514.7", "226.5"]], "Type": "SD"}, {"Location": [["501.8", "10.0"], ["582.1", "10.0"], ["582.1", "10.1"], ["597.8", "10.1"], ["597.8", "218.5"], ["501.8", "218.5"]], "Type": "GATE"}, {"Location": [["508.4", "15.6"], ["575.5", "15.6"], ["575.5", "20.5"], ["508.4", "20.5"]], "Type": "SD"}], "Module": "M9", "Boundary": [["501.8", "10.0"], ["582.1", "10.0"], ["582.1", "10.1"], ["597.8", "10.1"], ["597.8", "226.5"], ["501.8", "226.5"]], "Module_type": "GATE"}, {"Ports": [{"Location": [["448.3", "434.2"], ["452.9", "434.2"], ["452.9", "456.0"], ["448.3", "456.0"]], "Type": "SD"}, {"Location": [["638.6", "419.9"], ["638.6", "454.6"], ["638.5", "454.6"], ["638.5", "470.3"], ["454.8", "470.3"], ["454.8", "419.9"]], "Type": "GATE"}, {"Location": [["626.7", "425.1"], ["634.4", "425.1"], ["634.4", "449.4"], ["626.7", "449.4"]], "Type": "SD"}], "Module": "M5", "Boundary": [["638.6", "419.9"], ["638.6", "454.6"], ["638.5", "454.6"], ["638.5", "470.3"], ["448.3", "470.3"], ["448.3", "419.9"]], "Module_type": "GATE"}, {"Ports": [{"Location": [["227.1", "423.1"], ["231.6", "423.1"], ["231.6", "465.2"], ["227.1", "465.2"]], "Type": "SD"}, {"Location": [["418.3", "408.4"], ["418.3", "479.9"], ["233.2", "479.9"], ["233.2", "408.4"]], "Type": "GATE"}, {"Location": [["406.8", "414.5"], ["413.2", "414.5"], ["413.2", "473.8"], ["406.8", "473.8"]], "Type": "SD"}], "Module": "M11", "Boundary": [["418.3", "408.4"], ["418.3", "479.9"], ["227.1", "479.9"], ["227.1", "408.4"]], "Module_type": "GATE"}, {"Ports": [{"Location": [["652.1", "206.9"], ["708.1", "206.9"], ["708.1", "212.4"], ["652.1", "212.4"]], "Type": "SD"}, {"Location": [["637.8", "30.0"], ["722.4", "30.0"], ["722.4", "204.7"], ["637.8", "204.7"]], "Type": "GATE"}, {"Location": [["643.9", "35.1"], ["716.3", "35.1"], ["716.3", "42.3"], ["643.9", "42.3"]], "Type": "SD"}], "Module": "M1", "Boundary": [["637.8", "30.0"], ["722.4", "30.0"], ["722.4", "212.4"], ["637.8", "212.4"]], "Module_type": "GATE"}, {"Ports": [{"Location": [["591.6", "385.6"], ["665.5", "385.6"], ["665.5", "389.9"], ["591.6", "389.9"]], "Type": "SD"}, {"Location": [["578.2", "252.4"], ["663.3", "252.4"], ["663.3", "309.5"], ["678.9", "309.5"], ["678.9", "383.6"], ["578.2", "383.6"]], "Type": "GATE"}, {"Location": [["583.7", "256.9"], ["656.8", "256.9"], ["656.8", "263.2"], ["583.7", "263.2"]], "Type": "SD"}], "Module": "M6", "Boundary": [["578.2", "252.4"], ["663.3", "252.4"], ["663.3", "309.5"], ["678.9", "309.5"], ["678.9", "389.9"], ["578.2", "389.9"]], "Module_type": "GATE"}, {"Ports": [{"Location": [["20.0", "32.2"], ["25.7", "32.2"], ["25.7", "98.7"], ["20.0", "98.7"]], "Type": "SD"}, {"Location": [["228.7", "20.0"], ["228.7", "97.0"], ["137.0", "97.0"], ["137.0", "110.9"], ["27.8", "110.9"], ["27.8", "20.0"]], "Type": "GATE"}, {"Location": [["218.5", "25.4"], ["224.3", "25.4"], ["224.3", "90.6"], ["218.5", "90.6"]], "Type": "SD"}], "Module": "M2", "Boundary": [["228.7", "20.0"], ["228.7", "97.0"], ["137.0", "97.0"], ["137.0", "110.9"], ["20.0", "110.9"], ["20.0", "20.0"]], "Module_type": "GATE"}, {"Ports": [{"Location": [["10.0", "267.0"], ["15.5", "267.0"], ["15.5", "322.9"], ["10.0", "322.9"]], "Type": "SD"}, {"Location": [["190.7", "251.8"], ["190.7", "321.5"], ["190.7", "321.5"], ["190.7", "338.1"], ["17.3", "338.1"], ["17.3", "251.8"]], "Type": "GATE"}, {"Location": [["178.3", "257.4"], ["186.1", "257.4"], ["186.1", "315.9"], ["178.3", "315.9"]], "Type": "SD"}], "Module": "M16", "Boundary": [["190.7", "251.8"], ["190.7", "321.5"], ["190.7", "321.5"], ["190.7", "338.1"], ["10.0", "338.1"], ["10.0", "251.8"]], "Module_type": "GATE"}, {"Ports": [{"Location": [["224.7", "335.3"], ["262.2", "335.3"], ["262.2", "341.2"], ["224.7", "341.2"]], "Type": "SD"}, {"Location": [["210.7", "204.4"], ["261.2", "204.4"], ["261.2", "204.7"], ["276.2", "204.7"], ["276.2", "334.3"], ["210.7", "334.3"]], "Type": "GATE"}, {"Location": [["217.4", "210.1"], ["254.5", "210.1"], ["254.5", "216.3"], ["217.4", "216.3"]], "Type": "SD"}], "Module": "M13", "Boundary": [["210.7", "204.4"], ["261.2", "204.4"], ["261.2", "204.7"], ["276.2", "204.7"], ["276.2", "341.2"], ["210.7", "341.2"]], "Module_type": "GATE"}, {"Ports": [{"Location": [["272.9", "180.0"], ["312.1", "180.0"], ["312.1", "184.4"], ["272.9", "184.4"]], "Type": "SD"}, {"Location": [["258.7", "10.0"], ["311.2", "10.0"], ["311.2", "85.2"], ["326.3", "85.2"], ["326.3", "178.9"], ["258.7", "178.9"]], "Type": "GATE"}, {"Location": [["264.8", "15.1"], ["304.1", "15.1"], ["304.1", "21.3"], ["264.8", "21.3"]], "Type": "SD"}], "Module": "M10", "Boundary": [["258.7", "10.0"], ["311.2", "10.0"], ["311.2", "85.2"], ["326.3", "85.2"], ["326.3", "184.4"], ["258.7", "184.4"]], "Module_type": "GATE"}, {"Ports": [{"Location": [["708.9", "376.6"], ["714.9", "376.6"], ["714.9", "435.2"], ["708.9", "435.2"]], "Type": "SD"}, {"Location": [["919.6", "363.7"], ["919.6", "431.2"], ["919.2", "431.2"], ["919.2", "448.1"], ["716.6", "448.1"], ["716.6", "363.7"]], "Type": "GATE"}, {"Location": [["909.3", "370.0"], ["914.3", "370.0"], ["914.3", "424.9"], ["909.3", "424.9"]], "Type": "SD"}], "Module": "M7", "Boundary": [["919.6", "363.7"], ["919.6", "431.2"], ["919.2", "431.2"], ["919.2", "448.1"], ["708.9", "448.1"], ["708.9", "363.7"]], "Module_type": "GATE"}, {"Ports": [{"Location": [["361.9", "206.5"], ["466.2", "206.5"], ["466.2", "212.0"], ["361.9", "212.0"]], "Type": "SD"}, {"Location": [["346.3", "10.0"], ["462.5", "10.0"], ["462.5", "10.7"], ["481.8", "10.7"], ["481.8", "205.1"], ["346.3", "205.1"]], "Type": "GATE"}, {"Location": [["351.9", "14.6"], ["456.9", "14.6"], ["456.9", "22.3"], ["351.9", "22.3"]], "Type": "SD"}], "Module": "M3", "Boundary": [["346.3", "10.0"], ["462.5", "10.0"], ["462.5", "10.7"], ["481.8", "10.7"], ["481.8", "212.0"], ["346.3", "212.0"]], "Module_type": "GATE"}, {"Ports": [{"Location": [["777.6", "169.9"], ["873.0", "169.9"], ["873.0", "174.2"], ["777.6", "174.2"]], "Type": "SD"}, {"Location": [["762.4", "10.0"], ["888.2", "10.0"], ["888.2", "167.3"], ["762.4", "167.3"]], "Type": "GATE"}, {"Location": [["768.0", "14.6"], ["882.6", "14.6"], ["882.6", "21.9"], ["768.0", "21.9"]], "Type": "SD"}], "Module": "M15", "Boundary": [["762.4", "10.0"], ["888.2", "10.0"], ["888.2", "174.2"], ["762.4", "174.2"]], "Module_type": "GATE"}, {"Ports": [{"Location": [["10.0", "152.7"], ["14.9", "152.7"], ["14.9", "220.0"], ["10.0", "220.0"]], "Type": "SD"}, {"Location": [["144.9", "140.9"], ["144.9", "217.7"], ["101.2", "217.7"], ["101.2", "231.8"], ["17.9", "231.8"], ["17.9", "140.9"]], "Type": "GATE"}, {"Location": [["135.0", "145.9"], ["140.9", "145.9"], ["140.9", "211.7"], ["135.0", "211.7"]], "Type": "SD"}], "Module": "M12", "Boundary": [["144.9", "140.9"], ["144.9", "217.7"], ["101.2", "217.7"], ["101.2", "231.8"], ["10.0", "231.8"], ["10.0", "140.9"]], "Module_type": "GATE"}, {"Ports": [{"Location": [["20.0", "384.1"], ["24.0", "384.1"], ["24.0", "456.7"], ["20.0", "456.7"]], "Type": "SD"}, {"Location": [["197.1", "371.2"], ["197.1", "454.1"], ["150.6", "454.1"], ["150.6", "469.6"], ["25.8", "469.6"], ["25.8", "371.2"]], "Type": "GATE"}, {"Location": [["187.5", "377.5"], ["191.8", "377.5"], ["191.8", "446.8"], ["187.5", "446.8"]], "Type": "SD"}], "Module": "M8", "Boundary": [["197.1", "371.2"], ["197.1", "454.1"], ["150.6", "454.1"], ["150.6", "469.6"], ["20.0", "469.6"], ["20.0", "371.2"]], "Module_type": "GATE"}, {"Ports": [{"Location": [["772.4", "216.9"], ["777.1", "216.9"], ["777.1", "311.0"], ["772.4", "311.0"]], "Type": "SD"}, {"Location": [["921.8", "204.2"], ["921.8", "307.4"], ["845.7", "307.4"], ["845.7", "323.7"], ["778.4", "323.7"], ["778.4", "204.2"]], "Type": "GATE"}, {"Location": [["912.0", "209.3"], ["917.7", "209.3"], ["917.7", "301.3"], ["912.0", "301.3"]], "Type": "SD"}], "Module": "M4", "Boundary": [["921.8", "204.2"], ["921.8", "307.4"], ["845.7", "307.4"], ["845.7", "323.7"], ["772.4", "323.7"], ["772.4", "204.2"]], "Module_type": "GATE"}], "Area": [["-30.0", "-30.0"], ["961.8", "-30.0"], ["961.8", "519.9"], ["-30.0", "519.9"]], "Rules": ["GATE(5,5)", "SD(5,5)", "GATE_SD(0.5)", "GATE_ITO(0.5)", "SD_ITO(0.5)"]}