{"Modules": [{"Module": "M14", "Boundary": [["251.7", "169.8"], ["251.7", "221.6"], ["251.4", "221.6"], ["251.4", "239.8"], ["131.4", "239.8"], ["131.4", "169.8"]], "Module_type": "GATE", "Ports": [{"Location": [["131.4", "182.7"], ["136.4", "182.7"], ["136.4", "226.9"], ["131.4", "226.9"]], "Type": "SD"}, {"Location": [["251.7", "169.8"], ["251.7", "221.6"], ["251.4", "221.6"], ["251.4", "239.8"], ["137.8", "239.8"], ["137.8", "169.8"]], "Type": "GATE"}, {"Location": [["242.3", "175.2"], ["247.3", "175.2"], ["247.3", "216.2"], ["242.3", "216.2"]], "Type": "SD"}]}, {"Ports": [{"Location": [["540.2", "199.2"], ["545.1", "199.2"], ["545.1", "255.1"], ["540.2", "255.1"]], "Type": "SD"}, {"Location": [["675.5", "185.5"], ["675.5", "268.8"], ["546.9", "268.8"], ["546.9", "185.5"]], "Type": "GATE"}, {"Location": [["664.5", "191.4"], ["670.6", "191.4"], ["670.6", "262.9"], ["664.5", "262.9"]], "Type": "SD"}], "Module": "M9", "Boundary": [["675.5", "185.5"], ["675.5", "268.8"], ["540.2", "268.8"], ["540.2", "185.5"]], "Module_type": "GATE"}, {"Ports": [{"Location": [["301.7", "182.0"], ["307.6", "182.0"], ["307.6", "235.7"], ["301.7", "235.7"]], "Type": "SD"}, {"Location": [["418.7", "167.0"], ["418.7", "235.3"], ["418.6", "235.3"], ["418.6", "250.7"], ["310.5", "250.7"], ["310.5", "167.0"]], "Type": "GATE"}, {"Location": [["405.4", "173.8"], ["412.9", "173.8"], ["412.9", "228.5"], ["405.4", "228.5"]], "Type": "SD"}], "Module": "M5", "Boundary": [["418.7", "167.0"], ["418.7", "235.3"], ["418.6", "235.3"], ["418.6", "250.7"], ["301.7", "250.7"], ["301.7", "167.0"]], "Module_type": "GATE"}, {"Ports": [{"Location": [["168.8", "296.1"], ["173.1", "296.1"], ["173.1", "371.0"], ["168.8", "371.0"]], "Type": "SD"}, {"Location": [["376.2", "280.7"], ["376.2", "369.2"], ["376.0", "369.2"], ["376.0", "386.4"], ["175.9", "386.4"], ["175.9", "280.7"]], "Type": "GATE"}, {"Location": [["364.0", "286.6"], ["371.3", "286.6"], ["371.3", "363.3"], ["364.0", "363.3"]], "Type": "SD"}], "Module": "M11", "Boundary": [["376.2", "280.7"], ["376.2", "369.2"], ["376.0", "369.2"], ["376.0", "386.4"], ["168.8", "386.4"], ["168.8", "280.7"]], "Module_type": "GATE"}, {"Ports": [{"Location": [["30.0", "43.1"], ["35.4", "43.1"], ["35.4", "85.1"], ["30.0", "85.1"]], "Type": "SD"}, {"Location": [["169.7", "30.0"], ["169.7", "81.1"], ["169.7", "81.1"], ["169.7", "98.2"], ["37.6", "98.2"], ["37.6", "30.0"]], "Type": "GATE"}, {"Location": [["159.2", "35.7"], ["165.0", "35.7"], ["165.0", "75.4"], ["159.2", "75.4"]], "Type": "SD"}], "Module": "M1", "Boundary": [["169.7", "30.0"], ["169.7", "81.1"], ["169.7", "81.1"], ["169.7", "98.2"], ["30.0", "98.2"], ["30.0", "30.0"]], "Module_type": "GATE"}, {"Ports": [{"Location": [["695.5", "238.6"], ["699.8", "238.6"], ["699.8", "262.0"], ["695.5", "262.0"]], "Type": "SD"}, {"Location": [["819.7", "224.4"], ["819.7", "276.2"], ["700.9", "276.2"], ["700.9", "224.4"]], "Type": "GATE"}, {"Location": [["808.9", "230.9"], ["814.2", "230.9"], ["814.2", "269.7"], ["808.9", "269.7"]], "Type": "SD"}], "Module": "M6", "Boundary": [["819.7", "224.4"], ["819.7", "276.2"], ["695.5", "276.2"], ["695.5", "224.4"]], "Module_type": "GATE"}, {"Ports": [{"Location": [["32.4", "271.9"], ["69.0", "271.9"], ["69.0", "275.9"], ["32.4", "275.9"]], "Type": "SD"}, {"Location": [["20.0", "148.2"], ["66.5", "148.2"], ["66.5", "148.3"], ["81.4", "148.3"], ["81.4", "270.9"], ["20.0", "270.9"]], "Type": "GATE"}, {"Location": [["25.5", "152.7"], ["61.0", "152.7"], ["61.0", "158.4"], ["25.5", "158.4"]], "Type": "SD"}], "Module": "M2", "Boundary": [["20.0", "148.2"], ["66.5", "148.2"], ["66.5", "148.3"], ["81.4", "148.3"], ["81.4", "275.9"], ["20.0", "275.9"]], "Module_type": "GATE"}, {"Ports": [{"Location": [["690.7", "308.9"], ["694.7", "308.9"], ["694.7", "366.6"], ["690.7", "366.6"]], "Type": "SD"}, {"Location": [["823.3", "296.2"], ["823.3", "362.4"], ["822.9", "362.4"], ["822.9", "379.3"], ["697.0", "379.3"], ["697.0", "296.2"]], "Type": "GATE"}, {"Location": [["814.0", "301.2"], ["819.3", "301.2"], ["819.3", "357.4"], ["814.0", "357.4"]], "Type": "SD"}], "Module": "M16", "Boundary": [["823.3", "296.2"], ["823.3", "362.4"], ["822.9", "362.4"], ["822.9", "379.3"], ["690.7", "379.3"], ["690.7", "296.2"]], "Module_type": "GATE"}, {"Ports": [{"Location": [["463.4", "375.4"], ["505.5", "375.4"], ["505.5", "380.3"], ["463.4", "380.3"]], "Type": "SD"}, {"Location": [["448.7", "185.5"], ["502.8", "185.5"], ["502.8", "185.8"], ["520.2", "185.8"], ["520.2", "374.1"], ["448.7", "374.1"]], "Type": "GATE"}, {"Location": [["455.0", "190.8"], ["496.5", "190.8"], ["496.5", "197.0"], ["455.0", "197.0"]], "Type": "SD"}], "Module": "M13", "Boundary": [["448.7", "185.5"], ["502.8", "185.5"], ["502.8", "185.8"], ["520.2", "185.8"], ["520.2", "380.3"], ["448.7", "380.3"]], "Module_type": "GATE"}, {"Ports": [{"Location": [["368.5", "131.3"], ["426.6", "131.3"], ["426.6", "137.0"], ["368.5", "137.0"]], "Type": "SD"}, {"Location": [["353.3", "10.0"], ["441.8", "10.0"], ["441.8", "129.7"], ["353.3", "129.7"]], "Type": "GATE"}, {"Location": [["360.2", "15.9"], ["434.9", "15.9"], ["434.9", "22.2"], ["360.2", "22.2"]], "Type": "SD"}], "Module": "M10", "Boundary": [["353.3", "10.0"], ["441.8", "10.0"], ["441.8", "137.0"], ["353.3", "137.0"]], "Module_type": "GATE"}, {"Ports": [{"Location": [["233.9", "115.7"], ["309.1", "115.7"], ["309.1", "119.8"], ["233.9", "119.8"]], "Type": "SD"}, {"Location": [["219.7", "20.0"], ["323.3", "20.0"], ["323.3", "113.6"], ["219.7", "113.6"]], "Type": "GATE"}, {"Location": [["226.6", "25.9"], ["316.4", "25.9"], ["316.4", "30.9"], ["226.6", "30.9"]], "Type": "SD"}], "Module": "M7", "Boundary": [["219.7", "20.0"], ["323.3", "20.0"], ["323.3", "119.8"], ["219.7", "119.8"]], "Module_type": "GATE"}, {"Ports": [{"Location": [["721.4", "199.1"], ["797.6", "199.1"], ["797.6", "204.4"], ["721.4", "204.4"]], "Type": "SD"}, {"Location": [["707.0", "10.0"], ["794.8", "10.0"], ["794.8", "10.4"], ["812.0", "10.4"], ["812.0", "196.8"], ["707.0", "196.8"]], "Type": "GATE"}, {"Location": [["713.8", "15.8"], ["788.0", "15.8"], ["788.0", "21.1"], ["713.8", "21.1"]], "Type": "SD"}], "Module": "M3", "Boundary": [["707.0", "10.0"], ["794.8", "10.0"], ["794.8", "10.4"], ["812.0", "10.4"], ["812.0", "204.4"], ["707.0", "204.4"]], "Module_type": "GATE"}, {"Ports": [{"Location": [["461.8", "130.8"], ["466.2", "130.8"], ["466.2", "152.0"], ["461.8", "152.0"]], "Type": "SD"}, {"Location": [["588.3", "117.3"], ["588.3", "165.5"], ["468.3", "165.5"], ["468.3", "117.3"]], "Type": "GATE"}, {"Location": [["577.1", "122.9"], ["583.7", "122.9"], ["583.7", "159.9"], ["577.1", "159.9"]], "Type": "SD"}], "Module": "M15", "Boundary": [["588.3", "117.3"], ["588.3", "165.5"], ["461.8", "165.5"], ["461.8", "117.3"]], "Module_type": "GATE"}, {"Ports": [{"Location": [["461.8", "24.7"], ["467.3", "24.7"], ["467.3", "82.6"], ["461.8", "82.6"]], "Type": "SD"}, {"Location": [["687.0", "10.0"], ["687.0", "80.4"], ["686.7", "80.4"], ["686.7", "97.3"], ["468.6", "97.3"], ["468.6", "10.0"]], "Type": "GATE"}, {"Location": [["675.3", "16.2"], ["681.8", "16.2"], ["681.8", "74.2"], ["675.3", "74.2"]], "Type": "SD"}], "Module": "M12", "Boundary": [["687.0", "10.0"], ["687.0", "80.4"], ["686.7", "80.4"], ["686.7", "97.3"], ["461.8", "97.3"], ["461.8", "10.0"]], "Module_type": "GATE"}, {"Ports": [{"Location": [["20.0", "330.1"], ["24.6", "330.1"], ["24.6", "354.1"], ["20.0", "354.1"]], "Type": "SD"}, {"Location": [["138.8", "315.9"], ["138.8", "368.3"], ["26.1", "368.3"], ["26.1", "315.9"]], "Type": "GATE"}, {"Location": [["127.4", "322.4"], ["133.3", "322.4"], ["133.3", "361.8"], ["127.4", "361.8"]], "Type": "SD"}], "Module": "M8", "Boundary": [["138.8", "315.9"], ["138.8", "368.3"], ["20.0", "368.3"], ["20.0", "315.9"]], "Module_type": "GATE"}], "Area": [["-20.0", "-30.0"], ["863.3", "-30.0"], ["863.3", "426.4"], ["-20.0", "426.4"]], "Rules": ["GATE(5,5)", "SD(5,5)", "GATE_SD(0.5)", "GATE_ITO(0.5)", "SD_ITO(0.5)"]}