{"Modules": [{"Module": "M14", "Boundary": [["124.3", "269.9"], ["124.3", "379.0"], ["97.1", "379.0"], ["97.1", "395.7"], ["30.0", "395.7"], ["30.0", "269.9"]], "Module_type": "GATE", "Ports": [{"Location": [["30.0", "284.9"], ["35.5", "284.9"], ["35.5", "380.7"], ["30.0", "380.7"]], "Type": "SD"}, {"Location": [["124.3", "269.9"], ["124.3", "379.0"], ["97.1", "379.0"], ["97.1", "395.7"], ["37.8", "395.7"], ["37.8", "269.9"]], "Type": "GATE"}, {"Location": [["112.1", "276.3"], ["118.9", "276.3"], ["118.9", "371.6"], ["112.1", "371.6"]], "Type": "SD"}]}, {"Ports": [{"Location": [["211.5", "688.0"], ["215.7", "688.0"], ["215.7", "726.5"], ["211.5", "726.5"]], "Type": "SD"}, {"Location": [["373.0", "673.6"], ["373.0", "724.8"], ["372.9", "724.8"], ["372.9", "740.9"], ["217.0", "740.9"], ["217.0", "673.6"]], "Type": "GATE"}, {"Location": [["361.6", "680.3"], ["367.3", "680.3"], ["367.3", "718.1"], ["361.6", "718.1"]], "Type": "SD"}], "Module": "M9", "Boundary": [["373.0", "673.6"], ["373.0", "724.8"], ["372.9", "724.8"], ["372.9", "740.9"], ["211.5", "740.9"], ["211.5", "673.6"]], "Module_type": "GATE"}, {"Ports": [{"Location": [["175.2", "162.7"], ["179.3", "162.7"], ["179.3", "215.1"], ["175.2", "215.1"]], "Type": "SD"}, {"Location": [["296.2", "148.6"], ["296.2", "229.2"], ["181.5", "229.2"], ["181.5", "148.6"]], "Type": "GATE"}, {"Location": [["283.9", "154.3"], ["291.5", "154.3"], ["291.5", "223.5"], ["283.9", "223.5"]], "Type": "SD"}], "Module": "M5", "Boundary": [["296.2", "148.6"], ["296.2", "229.2"], ["175.2", "229.2"], ["175.2", "148.6"]], "Module_type": "GATE"}, {"Ports": [{"Location": [["340.2", "202.1"], ["394.2", "202.1"], ["394.2", "206.6"], ["340.2", "206.6"]], "Type": "SD"}, {"Location": [["327.2", "10.0"], ["391.3", "10.0"], ["391.3", "10.2"], ["407.2", "10.2"], ["407.2", "200.8"], ["327.2", "200.8"]], "Type": "GATE"}, {"Location": [["332.4", "14.2"], ["386.1", "14.2"], ["386.1", "20.7"], ["332.4", "20.7"]], "Type": "SD"}], "Module": "M11", "Boundary": [["327.2", "10.0"], ["391.3", "10.0"], ["391.3", "10.2"], ["407.2", "10.2"], ["407.2", "206.6"], ["327.2", "206.6"]], "Module_type": "GATE"}, {"Ports": [{"Location": [["44.2", "588.1"], ["107.6", "588.1"], ["107.6", "592.4"], ["44.2", "592.4"]], "Type": "SD"}, {"Location": [["30.0", "455.7"], ["107.5", "455.7"], ["107.5", "455.8"], ["121.8", "455.8"], ["121.8", "585.2"], ["30.0", "585.2"]], "Type": "GATE"}, {"Location": [["36.7", "461.4"], ["100.8", "461.4"], ["100.8", "468.3"], ["36.7", "468.3"]], "Type": "SD"}], "Module": "M1", "Boundary": [["30.0", "455.7"], ["107.5", "455.7"], ["107.5", "455.8"], ["121.8", "455.8"], ["121.8", "592.4"], ["30.0", "592.4"]], "Module_type": "GATE"}, {"Ports": [{"Location": [["10.0", "646.8"], ["15.8", "646.8"], ["15.8", "729.8"], ["10.0", "729.8"]], "Type": "SD"}, {"Location": [["191.5", "632.4"], ["191.5", "730.1"], ["160.4", "730.1"], ["160.4", "744.2"], ["18.0", "744.2"], ["18.0", "632.4"]], "Type": "GATE"}, {"Location": [["178.9", "639.2"], ["185.7", "639.2"], ["185.7", "722.3"], ["178.9", "722.3"]], "Type": "SD"}], "Module": "M6", "Boundary": [["191.5", "632.4"], ["191.5", "730.1"], ["160.4", "730.1"], ["160.4", "744.2"], ["10.0", "744.2"], ["10.0", "632.4"]], "Module_type": "GATE"}, {"Ports": [{"Location": [["296.4", "380.5"], ["301.9", "380.5"], ["301.9", "470.3"], ["296.4", "470.3"]], "Type": "SD"}, {"Location": [["395.8", "366.9"], ["395.8", "468.2"], ["359.4", "468.2"], ["359.4", "483.9"], ["303.9", "483.9"], ["303.9", "366.9"]], "Type": "GATE"}, {"Location": [["385.0", "372.5"], ["391.2", "372.5"], ["391.2", "461.6"], ["385.0", "461.6"]], "Type": "SD"}], "Module": "M2", "Boundary": [["395.8", "366.9"], ["395.8", "468.2"], ["359.4", "468.2"], ["359.4", "483.9"], ["296.4", "483.9"], ["296.4", "366.9"]], "Module_type": "GATE"}, {"Ports": [{"Location": [["224.2", "648.9"], ["276.6", "648.9"], ["276.6", "653.6"], ["224.2", "653.6"]], "Type": "SD"}, {"Location": [["211.5", "536.4"], ["275.1", "536.4"], ["275.1", "592.0"], ["289.3", "592.0"], ["289.3", "646.6"], ["211.5", "646.6"]], "Type": "GATE"}, {"Location": [["216.6", "540.5"], ["269.0", "540.5"], ["269.0", "547.1"], ["216.6", "547.1"]], "Type": "SD"}], "Module": "M16", "Boundary": [["211.5", "536.4"], ["275.1", "536.4"], ["275.1", "592.0"], ["289.3", "592.0"], ["289.3", "653.6"], ["211.5", "653.6"]], "Module_type": "GATE"}, {"Ports": [{"Location": [["165.2", "271.0"], ["171.1", "271.0"], ["171.1", "308.2"], ["165.2", "308.2"]], "Type": "SD"}, {"Location": [["329.2", "259.2"], ["329.2", "320.0"], ["172.3", "320.0"], ["172.3", "259.2"]], "Type": "GATE"}, {"Location": [["319.3", "265.3"], ["324.1", "265.3"], ["324.1", "313.9"], ["319.3", "313.9"]], "Type": "SD"}], "Module": "M13", "Boundary": [["329.2", "259.2"], ["329.2", "320.0"], ["165.2", "320.0"], ["165.2", "259.2"]], "Module_type": "GATE"}, {"Ports": [{"Location": [["204.4", "25.7"], ["210.0", "25.7"], ["210.0", "102.9"], ["204.4", "102.9"]], "Type": "SD"}, {"Location": [["307.2", "10.0"], ["307.2", "102.1"], ["269.4", "102.1"], ["269.4", "118.6"], ["212.3", "118.6"], ["212.3", "10.0"]], "Type": "GATE"}, {"Location": [["294.7", "16.8"], ["301.4", "16.8"], ["301.4", "94.3"], ["294.7", "94.3"]], "Type": "SD"}], "Module": "M10", "Boundary": [["307.2", "10.0"], ["307.2", "102.1"], ["269.4", "102.1"], ["269.4", "118.6"], ["204.4", "118.6"], ["204.4", "10.0"]], "Module_type": "GATE"}, {"Ports": [{"Location": [["189.1", "502.3"], ["242.5", "502.3"], ["242.5", "506.4"], ["189.1", "506.4"]], "Type": "SD"}, {"Location": [["175.2", "350.0"], ["240.9", "350.0"], ["240.9", "350.0"], ["256.4", "350.0"], ["256.4", "500.5"], ["175.2", "500.5"]], "Type": "GATE"}, {"Location": [["181.5", "355.3"], ["234.6", "355.3"], ["234.6", "361.6"], ["181.5", "361.6"]], "Type": "SD"}], "Module": "M7", "Boundary": [["175.2", "350.0"], ["240.9", "350.0"], ["240.9", "350.0"], ["256.4", "350.0"], ["256.4", "506.4"], ["175.2", "506.4"]], "Module_type": "GATE"}, {"Ports": [{"Location": [["325.9", "632.7"], ["388.4", "632.7"], ["388.4", "638.0"], ["325.9", "638.0"]], "Type": "SD"}, {"Location": [["309.3", "513.9"], ["405.0", "513.9"], ["405.0", "631.1"], ["309.3", "631.1"]], "Type": "GATE"}, {"Location": [["316.1", "519.7"], ["398.2", "519.7"], ["398.2", "527.2"], ["316.1", "527.2"]], "Type": "SD"}], "Module": "M3", "Boundary": [["309.3", "513.9"], ["405.0", "513.9"], ["405.0", "638.0"], ["309.3", "638.0"]], "Module_type": "GATE"}, {"Ports": [{"Location": [["362.3", "332.7"], ["384.2", "332.7"], ["384.2", "336.9"], ["362.3", "336.9"]], "Type": "SD"}, {"Location": [["349.2", "226.6"], ["397.3", "226.6"], ["397.3", "331.0"], ["349.2", "331.0"]], "Type": "GATE"}, {"Location": [["355.6", "232.0"], ["390.9", "232.0"], ["390.9", "237.5"], ["355.6", "237.5"]], "Type": "SD"}], "Module": "M15", "Boundary": [["349.2", "226.6"], ["397.3", "226.6"], ["397.3", "336.9"], ["349.2", "336.9"]], "Module_type": "GATE"}, {"Ports": [{"Location": [["22.6", "116.9"], ["60.9", "116.9"], ["60.9", "121.5"], ["22.6", "121.5"]], "Type": "SD"}, {"Location": [["10.0", "10.0"], ["59.6", "10.0"], ["59.6", "54.8"], ["73.5", "54.8"], ["73.5", "115.8"], ["10.0", "115.8"]], "Type": "GATE"}, {"Location": [["15.1", "14.1"], ["52.5", "14.1"], ["52.5", "19.4"], ["15.1", "19.4"]], "Type": "SD"}], "Module": "M12", "Boundary": [["10.0", "10.0"], ["59.6", "10.0"], ["59.6", "54.8"], ["73.5", "54.8"], ["73.5", "121.5"], ["10.0", "121.5"]], "Module_type": "GATE"}, {"Ports": [{"Location": [["103.5", "32.1"], ["108.7", "32.1"], ["108.7", "83.1"], ["103.5", "83.1"]], "Type": "SD"}, {"Location": [["174.4", "20.0"], ["174.4", "81.5"], ["155.8", "81.5"], ["155.8", "95.2"], ["111.2", "95.2"], ["111.2", "20.0"]], "Type": "GATE"}, {"Location": [["164.2", "25.2"], ["170.2", "25.2"], ["170.2", "75.3"], ["164.2", "75.3"]], "Type": "SD"}], "Module": "M8", "Boundary": [["174.4", "20.0"], ["174.4", "81.5"], ["155.8", "81.5"], ["155.8", "95.2"], ["103.5", "95.2"], ["103.5", "20.0"]], "Module_type": "GATE"}, {"Ports": [{"Location": [["20.0", "165.6"], ["25.1", "165.6"], ["25.1", "205.8"], ["20.0", "205.8"]], "Type": "SD"}, {"Location": [["135.2", "151.5"], ["135.2", "204.5"], ["126.2", "204.5"], ["126.2", "219.9"], ["27.6", "219.9"], ["27.6", "151.5"]], "Type": "GATE"}, {"Location": [["123.9", "157.7"], ["130.0", "157.7"], ["130.0", "197.3"], ["123.9", "197.3"]], "Type": "SD"}], "Module": "M4", "Boundary": [["135.2", "151.5"], ["135.2", "204.5"], ["126.2", "204.5"], ["126.2", "219.9"], ["20.0", "219.9"], ["20.0", "151.5"]], "Module_type": "GATE"}], "Area": [["-30.0", "-30.0"], ["447.2", "-30.0"], ["447.2", "784.2"], ["-30.0", "784.2"]], "Rules": ["GATE(5,5)", "SD(5,5)", "GATE_SD(0.5)", "GATE_ITO(0.5)", "SD_ITO(0.5)"]}