{"Modules": [{"Module": "M14", "Boundary": [["253.3", "751.7"], ["333.1", "751.7"], ["333.1", "778.1"], ["348.3", "778.1"], ["348.3", "911.0"], ["253.3", "911.0"]], "Module_type": "GATE", "Ports": [{"Location": [["265.1", "905.9"], ["336.5", "905.9"], ["336.5", "911.0"], ["265.1", "911.0"]], "Type": "SD"}, {"Location": [["253.3", "751.7"], ["333.1", "751.7"], ["333.1", "778.1"], ["348.3", "778.1"], ["348.3", "903.1"], ["253.3", "903.1"]], "Type": "GATE"}, {"Location": [["258.3", "755.7"], ["327.1", "755.7"], ["327.1", "760.6"], ["258.3", "760.6"]], "Type": "SD"}]}, {"Ports": [{"Location": [["10.0", "893.5"], ["15.7", "893.5"], ["15.7", "917.5"], ["10.0", "917.5"]], "Type": "SD"}, {"Location": [["178.5", "879.4"], ["178.5", "913.8"], ["178.3", "913.8"], ["178.3", "931.6"], ["18.1", "931.6"], ["18.1", "879.4"]], "Type": "GATE"}, {"Location": [["167.8", "884.5"], ["174.4", "884.5"], ["174.4", "908.7"], ["167.8", "908.7"]], "Type": "SD"}], "Module": "M9", "Boundary": [["178.5", "879.4"], ["178.5", "913.8"], ["178.3", "913.8"], ["178.3", "931.6"], ["10.0", "931.6"], ["10.0", "879.4"]], "Module_type": "GATE"}, {"Ports": [{"Location": [["288.2", "696.6"], ["352.5", "696.6"], ["352.5", "701.7"], ["288.2", "701.7"]], "Type": "SD"}, {"Location": [["274.4", "560.8"], ["351.8", "560.8"], ["351.8", "560.9"], ["366.3", "560.9"], ["366.3", "693.7"], ["274.4", "693.7"]], "Type": "GATE"}, {"Location": [["281.1", "566.5"], ["345.1", "566.5"], ["345.1", "572.6"], ["281.1", "572.6"]], "Type": "SD"}], "Module": "M5", "Boundary": [["274.4", "560.8"], ["351.8", "560.8"], ["351.8", "560.9"], ["366.3", "560.9"], ["366.3", "701.7"], ["274.4", "701.7"]], "Module_type": "GATE"}, {"Ports": [{"Location": [["277.0", "403.9"], ["361.4", "403.9"], ["361.4", "408.0"], ["277.0", "408.0"]], "Type": "SD"}, {"Location": [["263.6", "205.1"], ["374.8", "205.1"], ["374.8", "401.9"], ["263.6", "401.9"]], "Type": "GATE"}, {"Location": [["269.6", "210.1"], ["368.8", "210.1"], ["368.8", "216.3"], ["269.6", "216.3"]], "Type": "SD"}], "Module": "M11", "Boundary": [["263.6", "205.1"], ["374.8", "205.1"], ["374.8", "408.0"], ["263.6", "408.0"]], "Module_type": "GATE"}, {"Ports": [{"Location": [["142.2", "667.6"], ["211.1", "667.6"], ["211.1", "672.7"], ["142.2", "672.7"]], "Type": "SD"}, {"Location": [["128.9", "570.8"], ["208.7", "570.8"], ["208.7", "570.9"], ["224.4", "570.9"], ["224.4", "664.6"], ["128.9", "664.6"]], "Type": "GATE"}, {"Location": [["135.6", "576.5"], ["202.0", "576.5"], ["202.0", "581.1"], ["135.6", "581.1"]], "Type": "SD"}], "Module": "M1", "Boundary": [["128.9", "570.8"], ["208.7", "570.8"], ["208.7", "570.9"], ["224.4", "570.9"], ["224.4", "672.7"], ["128.9", "672.7"]], "Module_type": "GATE"}, {"Ports": [{"Location": [["10.0", "268.8"], ["15.8", "268.8"], ["15.8", "323.4"], ["10.0", "323.4"]], "Type": "SD"}, {"Location": [["115.1", "257.1"], ["115.1", "320.5"], ["74.7", "320.5"], ["74.7", "335.1"], ["17.7", "335.1"], ["17.7", "257.1"]], "Type": "GATE"}, {"Location": [["105.3", "262.4"], ["110.8", "262.4"], ["110.8", "314.2"], ["105.3", "314.2"]], "Type": "SD"}], "Module": "M6", "Boundary": [["115.1", "257.1"], ["115.1", "320.5"], ["74.7", "320.5"], ["74.7", "335.1"], ["10.0", "335.1"], ["10.0", "257.1"]], "Module_type": "GATE"}, {"Ports": [{"Location": [["110.6", "737.7"], ["115.5", "737.7"], ["115.5", "827.1"], ["110.6", "827.1"]], "Type": "SD"}, {"Location": [["203.3", "722.7"], ["203.3", "826.6"], ["163.7", "826.6"], ["163.7", "842.1"], ["117.4", "842.1"], ["117.4", "722.7"]], "Type": "GATE"}, {"Location": [["190.7", "728.6"], ["198.4", "728.6"], ["198.4", "819.7"], ["190.7", "819.7"]], "Type": "SD"}], "Module": "M2", "Boundary": [["203.3", "722.7"], ["203.3", "826.6"], ["163.7", "826.6"], ["163.7", "842.1"], ["110.6", "842.1"], ["110.6", "722.7"]], "Module_type": "GATE"}, {"Ports": [{"Location": [["150.4", "322.3"], ["225.4", "322.3"], ["225.4", "327.9"], ["150.4", "327.9"]], "Type": "SD"}, {"Location": [["137.0", "145.1"], ["226.0", "145.1"], ["226.0", "253.8"], ["238.8", "253.8"], ["238.8", "319.5"], ["137.0", "319.5"]], "Type": "GATE"}, {"Location": [["143.2", "150.3"], ["218.8", "150.3"], ["218.8", "156.7"], ["143.2", "156.7"]], "Type": "SD"}], "Module": "M16", "Boundary": [["137.0", "145.1"], ["226.0", "145.1"], ["226.0", "253.8"], ["238.8", "253.8"], ["238.8", "327.9"], ["137.0", "327.9"]], "Module_type": "GATE"}, {"Ports": [{"Location": [["10.0", "25.5"], ["14.0", "25.5"], ["14.0", "109.6"], ["10.0", "109.6"]], "Type": "SD"}, {"Location": [["210.9", "10.0"], ["210.9", "125.1"], ["16.0", "125.1"], ["16.0", "10.0"]], "Type": "GATE"}, {"Location": [["198.8", "16.4"], ["205.5", "16.4"], ["205.5", "118.7"], ["198.8", "118.7"]], "Type": "SD"}], "Module": "M13", "Boundary": [["210.9", "10.0"], ["210.9", "125.1"], ["10.0", "125.1"], ["10.0", "10.0"]], "Module_type": "GATE"}, {"Ports": [{"Location": [["21.1", "231.3"], ["105.9", "231.3"], ["105.9", "237.1"], ["21.1", "237.1"]], "Type": "SD"}, {"Location": [["10.0", "145.1"], ["102.6", "145.1"], ["102.6", "194.4"], ["117.0", "194.4"], ["117.0", "230.2"], ["10.0", "230.2"]], "Type": "GATE"}, {"Location": [["15.0", "149.1"], ["96.6", "149.1"], ["96.6", "154.3"], ["15.0", "154.3"]], "Type": "SD"}], "Module": "M10", "Boundary": [["10.0", "145.1"], ["102.6", "145.1"], ["102.6", "194.4"], ["117.0", "194.4"], ["117.0", "237.1"], ["10.0", "237.1"]], "Module_type": "GATE"}, {"Ports": [{"Location": [["155.7", "451.5"], ["160.6", "451.5"], ["160.6", "509.3"], ["155.7", "509.3"]], "Type": "SD"}, {"Location": [["348.5", "440.0"], ["348.5", "520.8"], ["161.7", "520.8"], ["161.7", "440.0"]], "Type": "GATE"}, {"Location": [["338.5", "445.9"], ["343.6", "445.9"], ["343.6", "514.9"], ["338.5", "514.9"]], "Type": "SD"}], "Module": "M7", "Boundary": [["348.5", "440.0"], ["348.5", "520.8"], ["155.7", "520.8"], ["155.7", "440.0"]], "Module_type": "GATE"}, {"Ports": [{"Location": [["22.4", "855.3"], ["68.2", "855.3"], ["68.2", "859.4"], ["22.4", "859.4"]], "Type": "SD"}, {"Location": [["10.0", "673.5"], ["67.4", "673.5"], ["67.4", "673.6"], ["80.6", "673.6"], ["80.6", "853.7"], ["10.0", "853.7"]], "Type": "GATE"}, {"Location": [["16.5", "679.0"], ["60.9", "679.0"], ["60.9", "684.3"], ["16.5", "684.3"]], "Type": "SD"}], "Module": "M3", "Boundary": [["10.0", "673.5"], ["67.4", "673.5"], ["67.4", "673.6"], ["80.6", "673.6"], ["80.6", "859.4"], ["10.0", "859.4"]], "Module_type": "GATE"}, {"Ports": [{"Location": [["273.7", "180.1"], ["353.0", "180.1"], ["353.0", "185.1"], ["273.7", "185.1"]], "Type": "SD"}, {"Location": [["258.8", "10.0"], ["367.9", "10.0"], ["367.9", "177.7"], ["258.8", "177.7"]], "Type": "GATE"}, {"Location": [["265.5", "15.7"], ["361.2", "15.7"], ["361.2", "21.5"], ["265.5", "21.5"]], "Type": "SD"}], "Module": "M15", "Boundary": [["258.8", "10.0"], ["367.9", "10.0"], ["367.9", "185.1"], ["258.8", "185.1"]], "Module_type": "GATE"}, {"Ports": [{"Location": [["145.7", "359.6"], ["151.3", "359.6"], ["151.3", "398.3"], ["145.7", "398.3"]], "Type": "SD"}, {"Location": [["243.6", "347.9"], ["243.6", "395.5"], ["192.1", "395.5"], ["192.1", "410.0"], ["153.6", "410.0"], ["153.6", "347.9"]], "Type": "GATE"}, {"Location": [["233.9", "353.0"], ["239.5", "353.0"], ["239.5", "389.4"], ["233.9", "389.4"]], "Type": "SD"}], "Module": "M12", "Boundary": [["243.6", "347.9"], ["243.6", "395.5"], ["192.1", "395.5"], ["192.1", "410.0"], ["145.7", "410.0"], ["145.7", "347.9"]], "Module_type": "GATE"}, {"Ports": [{"Location": [["31.2", "638.4"], ["67.7", "638.4"], ["67.7", "643.5"], ["31.2", "643.5"]], "Type": "SD"}, {"Location": [["20.0", "513.6"], ["65.3", "513.6"], ["65.3", "534.5"], ["78.9", "534.5"], ["78.9", "635.5"], ["20.0", "635.5"]], "Type": "GATE"}, {"Location": [["25.3", "517.9"], ["59.0", "517.9"], ["59.0", "523.1"], ["25.3", "523.1"]], "Type": "SD"}], "Module": "M8", "Boundary": [["20.0", "513.6"], ["65.3", "513.6"], ["65.3", "534.5"], ["78.9", "534.5"], ["78.9", "643.5"], ["20.0", "643.5"]], "Module_type": "GATE"}], "Area": [["-30.0", "-30.0"], ["414.8", "-30.0"], ["414.8", "971.6"], ["-30.0", "971.6"]], "Rules": ["GATE(5,5)", "SD(5,5)", "GATE_SD(0.5)", "GATE_ITO(0.5)", "SD_ITO(0.5)"]}