{"Modules": [{"Module": "M14", "Boundary": [["122.3", "30.0"], ["220.5", "30.0"], ["220.5", "171.7"], ["122.3", "171.7"]], "Module_type": "GATE", "Ports": [{"Location": [["136.7", "165.8"], ["206.1", "165.8"], ["206.1", "171.7"], ["136.7", "171.7"]], "Type": "SD"}, {"Location": [["122.3", "30.0"], ["220.5", "30.0"], ["220.5", "162.8"], ["122.3", "162.8"]], "Type": "GATE"}, {"Location": [["129.1", "35.8"], ["213.7", "35.8"], ["213.7", "42.2"], ["129.1", "42.2"]], "Type": "SD"}]}, {"Ports": [{"Location": [["22.7", "220.0"], ["69.6", "220.0"], ["69.6", "224.7"], ["22.7", "224.7"]], "Type": "SD"}, {"Location": [["10.0", "10.0"], ["82.3", "10.0"], ["82.3", "218.0"], ["10.0", "218.0"]], "Type": "GATE"}, {"Location": [["17.0", "16.0"], ["75.3", "16.0"], ["75.3", "21.1"], ["17.0", "21.1"]], "Type": "SD"}], "Module": "M9", "Boundary": [["10.0", "10.0"], ["82.3", "10.0"], ["82.3", "224.7"], ["10.0", "224.7"]], "Module_type": "GATE"}, {"Ports": [{"Location": [["34.2", "680.0"], ["66.6", "680.0"], ["66.6", "684.7"], ["34.2", "684.7"]], "Type": "SD"}, {"Location": [["20.0", "583.0"], ["67.6", "583.0"], ["67.6", "583.2"], ["80.8", "583.2"], ["80.8", "678.9"], ["20.0", "678.9"]], "Type": "GATE"}, {"Location": [["26.7", "588.7"], ["60.9", "588.7"], ["60.9", "595.5"], ["26.7", "595.5"]], "Type": "SD"}], "Module": "M5", "Boundary": [["20.0", "583.0"], ["67.6", "583.0"], ["67.6", "583.2"], ["80.8", "583.2"], ["80.8", "684.7"], ["20.0", "684.7"]], "Module_type": "GATE"}, {"Ports": [{"Location": [["260.5", "23.5"], ["265.5", "23.5"], ["265.5", "92.4"], ["260.5", "92.4"]], "Type": "SD"}, {"Location": [["396.0", "10.0"], ["396.0", "90.4"], ["396.0", "90.4"], ["396.0", "105.9"], ["268.4", "105.9"], ["268.4", "10.0"]], "Type": "GATE"}, {"Location": [["384.4", "15.7"], ["391.3", "15.7"], ["391.3", "84.7"], ["384.4", "84.7"]], "Type": "SD"}], "Module": "M11", "Boundary": [["396.0", "10.0"], ["396.0", "90.4"], ["396.0", "90.4"], ["396.0", "105.9"], ["260.5", "105.9"], ["260.5", "10.0"]], "Module_type": "GATE"}, {"Ports": [{"Location": [["305.7", "589.8"], ["310.1", "589.8"], ["310.1", "659.9"], ["305.7", "659.9"]], "Type": "SD"}, {"Location": [["465.8", "575.3"], ["465.8", "674.4"], ["313.0", "674.4"], ["313.0", "575.3"]], "Type": "GATE"}, {"Location": [["454.0", "581.2"], ["460.9", "581.2"], ["460.9", "668.5"], ["454.0", "668.5"]], "Type": "SD"}], "Module": "M1", "Boundary": [["465.8", "575.3"], ["465.8", "674.4"], ["305.7", "674.4"], ["305.7", "575.3"]], "Module_type": "GATE"}, {"Ports": [{"Location": [["160.2", "563.3"], ["215.6", "563.3"], ["215.6", "568.4"], ["160.2", "568.4"]], "Type": "SD"}, {"Location": [["146.5", "389.8"], ["213.0", "389.8"], ["213.0", "389.9"], ["229.3", "389.9"], ["229.3", "560.6"], ["146.5", "560.6"]], "Type": "GATE"}, {"Location": [["151.6", "393.9"], ["207.9", "393.9"], ["207.9", "400.8"], ["151.6", "400.8"]], "Type": "SD"}], "Module": "M6", "Boundary": [["146.5", "389.8"], ["213.0", "389.8"], ["213.0", "389.9"], ["229.3", "389.9"], ["229.3", "568.4"], ["146.5", "568.4"]], "Module_type": "GATE"}, {"Ports": [{"Location": [["151.3", "354.0"], ["206.2", "354.0"], ["206.2", "359.8"], ["151.3", "359.8"]], "Type": "SD"}, {"Location": [["138.8", "221.7"], ["218.7", "221.7"], ["218.7", "352.2"], ["138.8", "352.2"]], "Type": "GATE"}, {"Location": [["144.5", "226.4"], ["213.0", "226.4"], ["213.0", "231.4"], ["144.5", "231.4"]], "Type": "SD"}], "Module": "M2", "Boundary": [["138.8", "221.7"], ["218.7", "221.7"], ["218.7", "359.8"], ["138.8", "359.8"]], "Module_type": "GATE"}, {"Ports": [{"Location": [["260.5", "300.9"], ["264.8", "300.9"], ["264.8", "321.7"], ["260.5", "321.7"]], "Type": "SD"}, {"Location": [["348.2", "289.6"], ["348.2", "319.3"], ["348.1", "319.3"], ["348.1", "333.0"], ["266.9", "333.0"], ["266.9", "289.6"]], "Type": "GATE"}, {"Location": [["338.5", "294.9"], ["343.9", "294.9"], ["343.9", "314.0"], ["338.5", "314.0"]], "Type": "SD"}], "Module": "M16", "Boundary": [["348.2", "289.6"], ["348.2", "319.3"], ["348.1", "319.3"], ["348.1", "333.0"], ["260.5", "333.0"], ["260.5", "289.6"]], "Module_type": "GATE"}, {"Ports": [{"Location": [["24.5", "452.3"], ["94.3", "452.3"], ["94.3", "456.7"], ["24.5", "456.7"]], "Type": "SD"}, {"Location": [["10.0", "244.7"], ["93.1", "244.7"], ["93.1", "245.0"], ["108.8", "245.0"], ["108.8", "450.2"], ["10.0", "450.2"]], "Type": "GATE"}, {"Location": [["16.5", "250.2"], ["86.6", "250.2"], ["86.6", "257.2"], ["16.5", "257.2"]], "Type": "SD"}], "Module": "M13", "Boundary": [["10.0", "244.7"], ["93.1", "244.7"], ["93.1", "245.0"], ["108.8", "245.0"], ["108.8", "456.7"], ["10.0", "456.7"]], "Module_type": "GATE"}, {"Ports": [{"Location": [["110.8", "602.2"], ["115.3", "602.2"], ["115.3", "682.2"], ["110.8", "682.2"]], "Type": "SD"}, {"Location": [["265.7", "588.4"], ["265.7", "696.0"], ["117.9", "696.0"], ["117.9", "588.4"]], "Type": "GATE"}, {"Location": [["255.3", "594.0"], ["261.1", "594.0"], ["261.1", "690.4"], ["255.3", "690.4"]], "Type": "SD"}], "Module": "M10", "Boundary": [["265.7", "588.4"], ["265.7", "696.0"], ["110.8", "696.0"], ["110.8", "588.4"]], "Module_type": "GATE"}, {"Ports": [{"Location": [["284.0", "255.6"], ["354.8", "255.6"], ["354.8", "259.6"], ["284.0", "259.6"]], "Type": "SD"}, {"Location": [["270.5", "135.9"], ["352.3", "135.9"], ["352.3", "136.3"], ["368.3", "136.3"], ["368.3", "254.5"], ["270.5", "254.5"]], "Type": "GATE"}, {"Location": [["276.0", "140.4"], ["346.8", "140.4"], ["346.8", "146.6"], ["276.0", "146.6"]], "Type": "SD"}], "Module": "M7", "Boundary": [["270.5", "135.9"], ["352.3", "135.9"], ["352.3", "136.3"], ["368.3", "136.3"], ["368.3", "259.6"], ["270.5", "259.6"]], "Module_type": "GATE"}, {"Ports": [{"Location": [["411.8", "318.1"], ["469.6", "318.1"], ["469.6", "323.6"], ["411.8", "323.6"]], "Type": "SD"}, {"Location": [["398.3", "134.3"], ["483.1", "134.3"], ["483.1", "316.7"], ["398.3", "316.7"]], "Type": "GATE"}, {"Location": [["404.8", "139.8"], ["476.6", "139.8"], ["476.6", "145.7"], ["404.8", "145.7"]], "Type": "SD"}], "Module": "M3", "Boundary": [["398.3", "134.3"], ["483.1", "134.3"], ["483.1", "323.6"], ["398.3", "323.6"]], "Module_type": "GATE"}, {"Ports": [{"Location": [["10.0", "492.2"], ["15.7", "492.2"], ["15.7", "537.5"], ["10.0", "537.5"]], "Type": "SD"}, {"Location": [["126.5", "476.7"], ["126.5", "534.2"], ["126.3", "534.2"], ["126.3", "553.0"], ["16.7", "553.0"], ["16.7", "476.7"]], "Type": "GATE"}, {"Location": [["114.1", "482.8"], ["121.4", "482.8"], ["121.4", "528.1"], ["114.1", "528.1"]], "Type": "SD"}], "Module": "M15", "Boundary": [["126.5", "476.7"], ["126.5", "534.2"], ["126.3", "534.2"], ["126.3", "553.0"], ["10.0", "553.0"], ["10.0", "476.7"]], "Module_type": "GATE"}, {"Ports": [{"Location": [["427.7", "109.1"], ["466.9", "109.1"], ["466.9", "114.3"], ["427.7", "114.3"]], "Type": "SD"}, {"Location": [["416.0", "10.0"], ["462.9", "10.0"], ["462.9", "10.0"], ["478.6", "10.0"], ["478.6", "106.5"], ["416.0", "106.5"]], "Type": "GATE"}, {"Location": [["421.3", "14.3"], ["457.6", "14.3"], ["457.6", "19.9"], ["421.3", "19.9"]], "Type": "SD"}], "Module": "M12", "Boundary": [["416.0", "10.0"], ["462.9", "10.0"], ["462.9", "10.0"], ["478.6", "10.0"], ["478.6", "114.3"], ["416.0", "114.3"]], "Module_type": "GATE"}, {"Ports": [{"Location": [["283.1", "519.4"], ["320.1", "519.4"], ["320.1", "525.3"], ["283.1", "525.3"]], "Type": "SD"}, {"Location": [["270.5", "363.0"], ["317.8", "363.0"], ["317.8", "363.0"], ["332.7", "363.0"], ["332.7", "517.7"], ["270.5", "517.7"]], "Type": "GATE"}, {"Location": [["275.8", "367.3"], ["312.5", "367.3"], ["312.5", "373.5"], ["275.8", "373.5"]], "Type": "SD"}], "Module": "M8", "Boundary": [["270.5", "363.0"], ["317.8", "363.0"], ["317.8", "363.0"], ["332.7", "363.0"], ["332.7", "525.3"], ["270.5", "525.3"]], "Module_type": "GATE"}], "Area": [["-30.0", "-30.0"], ["523.1", "-30.0"], ["523.1", "736.0"], ["-30.0", "736.0"]], "Rules": ["GATE(5,5)", "SD(5,5)", "GATE_SD(0.5)", "GATE_ITO(0.5)", "SD_ITO(0.5)"]}