{"Modules": [{"Module": "M14", "Boundary": [["770.0", "30.0"], ["770.0", "130.4"], ["737.7", "130.4"], ["737.7", "145.7"], ["663.9", "145.7"], ["663.9", "30.0"]], "Module_type": "GATE", "Ports": [{"Location": [["663.9", "44.0"], ["668.2", "44.0"], ["668.2", "131.7"], ["663.9", "131.7"]], "Type": "SD"}, {"Location": [["770.0", "30.0"], ["770.0", "130.4"], ["737.7", "130.4"], ["737.7", "145.7"], ["670.4", "145.7"], ["670.4", "30.0"]], "Type": "GATE"}, {"Location": [["758.8", "35.5"], ["765.5", "35.5"], ["765.5", "123.9"], ["758.8", "123.9"]], "Type": "SD"}]}, {"Ports": [{"Location": [["823.5", "169.1"], ["872.9", "169.1"], ["872.9", "174.1"], ["823.5", "174.1"]], "Type": "SD"}, {"Location": [["810.0", "10.0"], ["886.4", "10.0"], ["886.4", "166.8"], ["810.0", "166.8"]], "Type": "GATE"}, {"Location": [["815.9", "14.9"], ["880.5", "14.9"], ["880.5", "21.4"], ["815.9", "21.4"]], "Type": "SD"}], "Module": "M9", "Boundary": [["810.0", "10.0"], ["886.4", "10.0"], ["886.4", "174.1"], ["810.0", "174.1"]], "Module_type": "GATE"}, {"Ports": [{"Location": [["811.0", "326.3"], ["855.1", "326.3"], ["855.1", "330.4"], ["811.0", "330.4"]], "Type": "SD"}, {"Location": [["797.7", "204.1"], ["850.2", "204.1"], ["850.2", "204.4"], ["868.4", "204.4"], ["868.4", "323.5"], ["797.7", "323.5"]], "Type": "GATE"}, {"Location": [["803.0", "208.4"], ["844.9", "208.4"], ["844.9", "214.4"], ["803.0", "214.4"]], "Type": "SD"}], "Module": "M5", "Boundary": [["797.7", "204.1"], ["850.2", "204.1"], ["850.2", "204.4"], ["868.4", "204.4"], ["868.4", "330.4"], ["797.7", "330.4"]], "Module_type": "GATE"}, {"Ports": [{"Location": [["490.8", "306.8"], ["495.2", "306.8"], ["495.2", "359.4"], ["490.8", "359.4"]], "Type": "SD"}, {"Location": [["612.6", "292.8"], ["612.6", "373.4"], ["496.2", "373.4"], ["496.2", "292.8"]], "Type": "GATE"}, {"Location": [["601.0", "298.4"], ["608.0", "298.4"], ["608.0", "367.8"], ["601.0", "367.8"]], "Type": "SD"}], "Module": "M11", "Boundary": [["612.6", "292.8"], ["612.6", "373.4"], ["490.8", "373.4"], ["490.8", "292.8"]], "Module_type": "GATE"}, {"Ports": [{"Location": [["675.8", "333.6"], ["735.8", "333.6"], ["735.8", "339.0"], ["675.8", "339.0"]], "Type": "SD"}, {"Location": [["663.9", "205.7"], ["734.3", "205.7"], ["734.3", "205.9"], ["747.7", "205.9"], ["747.7", "330.7"], ["663.9", "330.7"]], "Type": "GATE"}, {"Location": [["670.4", "211.2"], ["727.8", "211.2"], ["727.8", "215.7"], ["670.4", "215.7"]], "Type": "SD"}], "Module": "M1", "Boundary": [["663.9", "205.7"], ["734.3", "205.7"], ["734.3", "205.9"], ["747.7", "205.9"], ["747.7", "339.0"], ["663.9", "339.0"]], "Module_type": "GATE"}, {"Ports": [{"Location": [["10.0", "23.6"], ["15.7", "23.6"], ["15.7", "60.1"], ["10.0", "60.1"]], "Type": "SD"}, {"Location": [["209.3", "10.0"], ["209.3", "59.5"], ["122.7", "59.5"], ["122.7", "73.7"], ["18.2", "73.7"], ["18.2", "10.0"]], "Type": "GATE"}, {"Location": [["198.5", "16.3"], ["204.0", "16.3"], ["204.0", "52.2"], ["198.5", "52.2"]], "Type": "SD"}], "Module": "M6", "Boundary": [["209.3", "10.0"], ["209.3", "59.5"], ["122.7", "59.5"], ["122.7", "73.7"], ["10.0", "73.7"], ["10.0", "10.0"]], "Module_type": "GATE"}, {"Ports": [{"Location": [["20.0", "115.8"], ["25.4", "115.8"], ["25.4", "168.3"], ["20.0", "168.3"]], "Type": "SD"}, {"Location": [["190.6", "103.7"], ["190.6", "166.2"], ["103.5", "166.2"], ["103.5", "180.4"], ["28.2", "180.4"], ["28.2", "103.7"]], "Type": "GATE"}, {"Location": [["180.5", "109.2"], ["186.1", "109.2"], ["186.1", "159.7"], ["180.5", "159.7"]], "Type": "SD"}], "Module": "M2", "Boundary": [["190.6", "103.7"], ["190.6", "166.2"], ["103.5", "166.2"], ["103.5", "180.4"], ["20.0", "180.4"], ["20.0", "103.7"]], "Module_type": "GATE"}, {"Ports": [{"Location": [["516.3", "175.1"], ["521.1", "175.1"], ["521.1", "259.1"], ["516.3", "259.1"]], "Type": "SD"}, {"Location": [["623.9", "161.4"], ["623.9", "258.3"], ["615.9", "258.3"], ["615.9", "272.8"], ["523.3", "272.8"], ["523.3", "161.4"]], "Type": "GATE"}, {"Location": [["612.4", "166.8"], ["619.5", "166.8"], ["619.5", "251.9"], ["612.4", "251.9"]], "Type": "SD"}], "Module": "M16", "Boundary": [["623.9", "161.4"], ["623.9", "258.3"], ["615.9", "258.3"], ["615.9", "272.8"], ["516.3", "272.8"], ["516.3", "161.4"]], "Module_type": "GATE"}, {"Ports": [{"Location": [["10.0", "224.0"], ["15.3", "224.0"], ["15.3", "263.7"], ["10.0", "263.7"]], "Type": "SD"}, {"Location": [["151.3", "210.4"], ["151.3", "261.3"], ["151.1", "261.3"], ["151.1", "277.3"], ["17.3", "277.3"], ["17.3", "210.4"]], "Type": "GATE"}, {"Location": [["139.5", "217.0"], ["145.7", "217.0"], ["145.7", "254.7"], ["139.5", "254.7"]], "Type": "SD"}], "Module": "M13", "Boundary": [["151.3", "210.4"], ["151.3", "261.3"], ["151.1", "261.3"], ["151.1", "277.3"], ["10.0", "277.3"], ["10.0", "210.4"]], "Module_type": "GATE"}, {"Ports": [{"Location": [["529.5", "135.6"], ["610.7", "135.6"], ["610.7", "141.4"], ["529.5", "141.4"]], "Type": "SD"}, {"Location": [["516.3", "10.0"], ["610.1", "10.0"], ["610.1", "51.6"], ["623.9", "51.6"], ["623.9", "133.1"], ["516.3", "133.1"]], "Type": "GATE"}, {"Location": [["521.9", "14.6"], ["603.5", "14.6"], ["603.5", "21.3"], ["521.9", "21.3"]], "Type": "SD"}], "Module": "M10", "Boundary": [["516.3", "10.0"], ["610.1", "10.0"], ["610.1", "51.6"], ["623.9", "51.6"], ["623.9", "141.4"], ["516.3", "141.4"]], "Module_type": "GATE"}, {"Ports": [{"Location": [["239.3", "33.7"], ["244.8", "33.7"], ["244.8", "70.7"], ["239.3", "70.7"]], "Type": "SD"}, {"Location": [["395.8", "20.0"], ["395.8", "69.0"], ["395.7", "69.0"], ["395.7", "84.4"], ["247.2", "84.4"], ["247.2", "20.0"]], "Type": "GATE"}, {"Location": [["384.7", "26.2"], ["390.6", "26.2"], ["390.6", "62.8"], ["384.7", "62.8"]], "Type": "SD"}], "Module": "M7", "Boundary": [["395.8", "20.0"], ["395.8", "69.0"], ["395.7", "69.0"], ["395.7", "84.4"], ["239.3", "84.4"], ["239.3", "20.0"]], "Module_type": "GATE"}, {"Ports": [{"Location": [["437.9", "205.7"], ["484.2", "205.7"], ["484.2", "210.5"], ["437.9", "210.5"]], "Type": "SD"}, {"Location": [["425.8", "10.0"], ["482.9", "10.0"], ["482.9", "10.0"], ["496.3", "10.0"], ["496.3", "204.3"], ["425.8", "204.3"]], "Type": "GATE"}, {"Location": [["431.2", "14.4"], ["477.5", "14.4"], ["477.5", "20.3"], ["431.2", "20.3"]], "Type": "SD"}], "Module": "M3", "Boundary": [["425.8", "10.0"], ["482.9", "10.0"], ["482.9", "10.0"], ["496.3", "10.0"], ["496.3", "210.5"], ["425.8", "210.5"]], "Module_type": "GATE"}, {"Ports": [{"Location": [["10.0", "310.6"], ["14.6", "310.6"], ["14.6", "362.7"], ["10.0", "362.7"]], "Type": "SD"}, {"Location": [["132.6", "297.3"], ["132.6", "360.8"], ["132.5", "360.8"], ["132.5", "376.0"], ["15.7", "376.0"], ["15.7", "297.3"]], "Type": "GATE"}, {"Location": [["121.9", "303.1"], ["127.8", "303.1"], ["127.8", "355.0"], ["121.9", "355.0"]], "Type": "SD"}], "Module": "M15", "Boundary": [["132.6", "297.3"], ["132.6", "360.8"], ["132.5", "360.8"], ["132.5", "376.0"], ["10.0", "376.0"], ["10.0", "297.3"]], "Module_type": "GATE"}, {"Ports": [{"Location": [["171.3", "267.1"], ["175.3", "267.1"], ["175.3", "342.9"], ["171.3", "342.9"]], "Type": "SD"}, {"Location": [["309.6", "253.6"], ["309.6", "340.0"], ["298.3", "340.0"], ["298.3", "356.4"], ["177.2", "356.4"], ["177.2", "253.6"]], "Type": "GATE"}, {"Location": [["299.6", "258.7"], ["305.5", "258.7"], ["305.5", "333.9"], ["299.6", "333.9"]], "Type": "SD"}], "Module": "M12", "Boundary": [["309.6", "253.6"], ["309.6", "340.0"], ["298.3", "340.0"], ["298.3", "356.4"], ["171.3", "356.4"], ["171.3", "253.6"]], "Module_type": "GATE"}, {"Ports": [{"Location": [["230.6", "137.2"], ["235.3", "137.2"], ["235.3", "210.8"], ["230.6", "210.8"]], "Type": "SD"}, {"Location": [["394.5", "124.4"], ["394.5", "208.1"], ["338.1", "208.1"], ["338.1", "223.6"], ["236.4", "223.6"], ["236.4", "124.4"]], "Type": "GATE"}, {"Location": [["384.3", "129.5"], ["390.4", "129.5"], ["390.4", "202.0"], ["384.3", "202.0"]], "Type": "SD"}], "Module": "M8", "Boundary": [["394.5", "124.4"], ["394.5", "208.1"], ["338.1", "208.1"], ["338.1", "223.6"], ["230.6", "223.6"], ["230.6", "124.4"]], "Module_type": "GATE"}], "Area": [["-30.0", "-30.0"], ["926.4", "-30.0"], ["926.4", "416.0"], ["-30.0", "416.0"]], "Rules": ["GATE(5,5)", "SD(5,5)", "GATE_SD(0.5)", "GATE_ITO(0.5)", "SD_ITO(0.5)"]}