{"Modules": [{"Module": "M14", "Boundary": [["839.7", "231.7"], ["839.7", "295.7"], ["818.6", "295.7"], ["818.6", "309.8"], ["746.8", "309.8"], ["746.8", "231.7"]], "Module_type": "GATE", "Ports": [{"Location": [["746.8", "244.3"], ["752.4", "244.3"], ["752.4", "297.2"], ["746.8", "297.2"]], "Type": "SD"}, {"Location": [["839.7", "231.7"], ["839.7", "295.7"], ["818.6", "295.7"], ["818.6", "309.8"], ["753.9", "309.8"], ["753.9", "231.7"]], "Type": "GATE"}, {"Location": [["828.8", "237.2"], ["835.2", "237.2"], ["835.2", "289.2"], ["828.8", "289.2"]], "Type": "SD"}]}, {"Ports": [{"Location": [["225.3", "219.9"], ["288.4", "219.9"], ["288.4", "225.6"], ["225.3", "225.6"]], "Type": "SD"}, {"Location": [["211.6", "115.8"], ["288.1", "115.8"], ["288.1", "115.9"], ["302.1", "115.9"], ["302.1", "217.0"], ["211.6", "217.0"]], "Type": "GATE"}, {"Location": [["218.4", "121.6"], ["281.3", "121.6"], ["281.3", "127.6"], ["218.4", "127.6"]], "Type": "SD"}], "Module": "M9", "Boundary": [["211.6", "115.8"], ["288.1", "115.8"], ["288.1", "115.9"], ["302.1", "115.9"], ["302.1", "225.6"], ["211.6", "225.6"]], "Module_type": "GATE"}, {"Ports": [{"Location": [["332.1", "140.6"], ["337.6", "140.6"], ["337.6", "186.2"], ["332.1", "186.2"]], "Type": "SD"}, {"Location": [["507.6", "126.2"], ["507.6", "200.6"], ["338.6", "200.6"], ["338.6", "126.2"]], "Type": "GATE"}, {"Location": [["496.4", "132.6"], ["502.2", "132.6"], ["502.2", "194.2"], ["496.4", "194.2"]], "Type": "SD"}], "Module": "M5", "Boundary": [["507.6", "126.2"], ["507.6", "200.6"], ["332.1", "200.6"], ["332.1", "126.2"]], "Module_type": "GATE"}, {"Ports": [{"Location": [["10.0", "21.5"], ["14.3", "21.5"], ["14.3", "84.5"], ["10.0", "84.5"]], "Type": "SD"}, {"Location": [["131.6", "10.0"], ["131.6", "81.9"], ["131.5", "81.9"], ["131.5", "96.0"], ["16.2", "96.0"], ["16.2", "10.0"]], "Type": "GATE"}, {"Location": [["122.0", "15.0"], ["127.6", "15.0"], ["127.6", "76.9"], ["122.0", "76.9"]], "Type": "SD"}], "Module": "M11", "Boundary": [["131.6", "10.0"], ["131.6", "81.9"], ["131.5", "81.9"], ["131.5", "96.0"], ["10.0", "96.0"], ["10.0", "10.0"]], "Module_type": "GATE"}, {"Ports": [{"Location": [["759.9", "166.4"], ["831.3", "166.4"], ["831.3", "171.7"], ["759.9", "171.7"]], "Type": "SD"}, {"Location": [["746.8", "30.0"], ["844.4", "30.0"], ["844.4", "165.2"], ["746.8", "165.2"]], "Type": "GATE"}, {"Location": [["753.2", "35.4"], ["838.0", "35.4"], ["838.0", "39.9"], ["753.2", "39.9"]], "Type": "SD"}], "Module": "M1", "Boundary": [["746.8", "30.0"], ["844.4", "30.0"], ["844.4", "171.7"], ["746.8", "171.7"]], "Module_type": "GATE"}, {"Ports": [{"Location": [["10.0", "262.1"], ["14.0", "262.1"], ["14.0", "317.7"], ["10.0", "317.7"]], "Type": "SD"}, {"Location": [["112.5", "248.2"], ["112.5", "316.2"], ["56.6", "316.2"], ["56.6", "331.6"], ["15.4", "331.6"], ["15.4", "248.2"]], "Type": "GATE"}, {"Location": [["101.8", "255.1"], ["106.6", "255.1"], ["106.6", "308.3"], ["101.8", "308.3"]], "Type": "SD"}], "Module": "M6", "Boundary": [["112.5", "248.2"], ["112.5", "316.2"], ["56.6", "316.2"], ["56.6", "331.6"], ["10.0", "331.6"], ["10.0", "248.2"]], "Module_type": "GATE"}, {"Ports": [{"Location": [["142.5", "268.1"], ["146.9", "268.1"], ["146.9", "323.1"], ["142.5", "323.1"]], "Type": "SD"}, {"Location": [["314.8", "255.6"], ["314.8", "320.8"], ["256.3", "320.8"], ["256.3", "335.6"], ["149.5", "335.6"], ["149.5", "255.6"]], "Type": "GATE"}, {"Location": [["304.6", "261.4"], ["310.0", "261.4"], ["310.0", "314.0"], ["304.6", "314.0"]], "Type": "SD"}], "Module": "M2", "Boundary": [["314.8", "255.6"], ["314.8", "320.8"], ["256.3", "320.8"], ["256.3", "335.6"], ["142.5", "335.6"], ["142.5", "255.6"]], "Module_type": "GATE"}, {"Ports": [{"Location": [["22.3", "224.0"], ["93.5", "224.0"], ["93.5", "228.2"], ["22.3", "228.2"]], "Type": "SD"}, {"Location": [["10.0", "116.0"], ["93.8", "116.0"], ["93.8", "143.0"], ["105.8", "143.0"], ["105.8", "222.8"], ["10.0", "222.8"]], "Type": "GATE"}, {"Location": [["15.6", "120.6"], ["87.2", "120.6"], ["87.2", "126.6"], ["15.6", "126.6"]], "Type": "SD"}], "Module": "M16", "Boundary": [["10.0", "116.0"], ["93.8", "116.0"], ["93.8", "143.0"], ["105.8", "143.0"], ["105.8", "228.2"], ["10.0", "228.2"]], "Module_type": "GATE"}, {"Ports": [{"Location": [["537.7", "181.3"], ["543.0", "181.3"], ["543.0", "225.9"], ["537.7", "225.9"]], "Type": "SD"}, {"Location": [["706.8", "166.9"], ["706.8", "221.9"], ["706.5", "221.9"], ["706.5", "240.3"], ["544.4", "240.3"], ["544.4", "166.9"]], "Type": "GATE"}, {"Location": [["695.7", "173.1"], ["701.6", "173.1"], ["701.6", "215.7"], ["695.7", "215.7"]], "Type": "SD"}], "Module": "M13", "Boundary": [["706.8", "166.9"], ["706.8", "221.9"], ["706.5", "221.9"], ["706.5", "240.3"], ["537.7", "240.3"], ["537.7", "166.9"]], "Module_type": "GATE"}, {"Ports": [{"Location": [["138.2", "208.0"], ["179.2", "208.0"], ["179.2", "213.1"], ["138.2", "213.1"]], "Type": "SD"}, {"Location": [["125.8", "116.0"], ["176.0", "116.0"], ["176.0", "160.3"], ["191.6", "160.3"], ["191.6", "206.7"], ["125.8", "206.7"]], "Type": "GATE"}, {"Location": [["131.0", "120.2"], ["169.8", "120.2"], ["169.8", "126.3"], ["131.0", "126.3"]], "Type": "SD"}], "Module": "M10", "Boundary": [["125.8", "116.0"], ["176.0", "116.0"], ["176.0", "160.3"], ["191.6", "160.3"], ["191.6", "213.1"], ["125.8", "213.1"]], "Module_type": "GATE"}, {"Ports": [{"Location": [["354.8", "253.7"], ["360.3", "253.7"], ["360.3", "320.8"], ["354.8", "320.8"]], "Type": "SD"}, {"Location": [["456.0", "240.6"], ["456.0", "333.9"], ["362.5", "333.9"], ["362.5", "240.6"]], "Type": "GATE"}, {"Location": [["444.7", "246.7"], ["450.9", "246.7"], ["450.9", "327.8"], ["444.7", "327.8"]], "Type": "SD"}], "Module": "M7", "Boundary": [["456.0", "240.6"], ["456.0", "333.9"], ["354.8", "333.9"], ["354.8", "240.6"]], "Module_type": "GATE"}, {"Ports": [{"Location": [["548.6", "139.2"], ["567.9", "139.2"], ["567.9", "144.0"], ["548.6", "144.0"]], "Type": "SD"}, {"Location": [["537.7", "10.0"], ["566.1", "10.0"], ["566.1", "10.1"], ["578.8", "10.1"], ["578.8", "137.0"], ["537.7", "137.0"]], "Type": "GATE"}, {"Location": [["543.4", "14.7"], ["560.4", "14.7"], ["560.4", "19.4"], ["543.4", "19.4"]], "Type": "SD"}], "Module": "M3", "Boundary": [["537.7", "10.0"], ["566.1", "10.0"], ["566.1", "10.1"], ["578.8", "10.1"], ["578.8", "144.0"], ["537.7", "144.0"]], "Module_type": "GATE"}, {"Ports": [{"Location": [["151.6", "24.9"], ["156.0", "24.9"], ["156.0", "80.9"], ["151.6", "80.9"]], "Type": "SD"}, {"Location": [["320.8", "10.0"], ["320.8", "95.8"], ["158.3", "95.8"], ["158.3", "10.0"]], "Type": "GATE"}, {"Location": [["308.5", "16.6"], ["315.2", "16.6"], ["315.2", "89.2"], ["308.5", "89.2"]], "Type": "SD"}], "Module": "M15", "Boundary": [["320.8", "10.0"], ["320.8", "95.8"], ["151.6", "95.8"], ["151.6", "10.0"]], "Module_type": "GATE"}, {"Ports": [{"Location": [["486.0", "273.1"], ["490.2", "273.1"], ["490.2", "332.3"], ["486.0", "332.3"]], "Type": "SD"}, {"Location": [["705.2", "260.3"], ["705.2", "329.0"], ["665.4", "329.0"], ["665.4", "345.1"], ["491.3", "345.1"], ["491.3", "260.3"]], "Type": "GATE"}, {"Location": [["694.8", "266.1"], ["700.4", "266.1"], ["700.4", "322.2"], ["694.8", "322.2"]], "Type": "SD"}], "Module": "M12", "Boundary": [["705.2", "260.3"], ["705.2", "329.0"], ["665.4", "329.0"], ["665.4", "345.1"], ["486.0", "345.1"], ["486.0", "260.3"]], "Module_type": "GATE"}, {"Ports": [{"Location": [["608.8", "32.8"], ["614.1", "32.8"], ["614.1", "124.1"], ["608.8", "124.1"]], "Type": "SD"}, {"Location": [["694.5", "20.0"], ["694.5", "136.9"], ["616.0", "136.9"], ["616.0", "20.0"]], "Type": "GATE"}, {"Location": [["684.1", "25.9"], ["689.6", "25.9"], ["689.6", "131.0"], ["684.1", "131.0"]], "Type": "SD"}], "Module": "M8", "Boundary": [["694.5", "20.0"], ["694.5", "136.9"], ["608.8", "136.9"], ["608.8", "20.0"]], "Module_type": "GATE"}, {"Ports": [{"Location": [["350.8", "33.5"], ["355.5", "33.5"], ["355.5", "72.7"], ["350.8", "72.7"]], "Type": "SD"}, {"Location": [["507.7", "20.0"], ["507.7", "70.9"], ["440.9", "70.9"], ["440.9", "86.2"], ["357.1", "86.2"], ["357.1", "20.0"]], "Type": "GATE"}, {"Location": [["497.5", "25.4"], ["503.3", "25.4"], ["503.3", "64.5"], ["497.5", "64.5"]], "Type": "SD"}], "Module": "M4", "Boundary": [["507.7", "20.0"], ["507.7", "70.9"], ["440.9", "70.9"], ["440.9", "86.2"], ["350.8", "86.2"], ["350.8", "20.0"]], "Module_type": "GATE"}], "Area": [["-30.0", "-30.0"], ["884.4", "-30.0"], ["884.4", "385.1"], ["-30.0", "385.1"]], "Rules": ["GATE(5,5)", "SD(5,5)", "GATE_SD(0.5)", "GATE_ITO(0.5)", "SD_ITO(0.5)"]}