{"Modules": [{"Module": "M14", "Boundary": [["893.6", "241.1"], ["893.6", "329.6"], ["790.2", "329.6"], ["790.2", "346.0"], ["694.5", "346.0"], ["694.5", "241.1"]], "Module_type": "GATE", "Ports": [{"Location": [["694.5", "255.5"], ["700.1", "255.5"], ["700.1", "331.6"], ["694.5", "331.6"]], "Type": "SD"}, {"Location": [["893.6", "241.1"], ["893.6", "329.6"], ["790.2", "329.6"], ["790.2", "346.0"], ["702.8", "346.0"], ["702.8", "241.1"]], "Type": "GATE"}, {"Location": [["882.4", "247.4"], ["888.3", "247.4"], ["888.3", "322.3"], ["882.4", "322.3"]], "Type": "SD"}]}, {"Ports": [{"Location": [["214.4", "115.4"], ["264.5", "115.4"], ["264.5", "119.7"], ["214.4", "119.7"]], "Type": "SD"}, {"Location": [["202.9", "10.0"], ["276.0", "10.0"], ["276.0", "113.1"], ["202.9", "113.1"]], "Type": "GATE"}, {"Location": [["209.1", "15.2"], ["269.8", "15.2"], ["269.8", "19.7"], ["209.1", "19.7"]], "Type": "SD"}], "Module": "M9", "Boundary": [["202.9", "10.0"], ["276.0", "10.0"], ["276.0", "119.7"], ["202.9", "119.7"]], "Module_type": "GATE"}, {"Ports": [{"Location": [["513.0", "146.2"], ["517.4", "146.2"], ["517.4", "180.2"], ["513.0", "180.2"]], "Type": "SD"}, {"Location": [["644.5", "134.3"], ["644.5", "178.5"], ["644.3", "178.5"], ["644.3", "192.1"], ["519.8", "192.1"], ["519.8", "134.3"]], "Type": "GATE"}, {"Location": [["634.2", "140.6"], ["639.2", "140.6"], ["639.2", "172.2"], ["634.2", "172.2"]], "Type": "SD"}], "Module": "M5", "Boundary": [["644.5", "134.3"], ["644.5", "178.5"], ["644.3", "178.5"], ["644.3", "192.1"], ["513.0", "192.1"], ["513.0", "134.3"]], "Module_type": "GATE"}, {"Ports": [{"Location": [["409.5", "116.1"], ["468.3", "116.1"], ["468.3", "121.7"], ["409.5", "121.7"]], "Type": "SD"}, {"Location": [["394.8", "10.0"], ["465.5", "10.0"], ["465.5", "10.2"], ["483.0", "10.2"], ["483.0", "114.4"], ["394.8", "114.4"]], "Type": "GATE"}, {"Location": [["401.6", "15.8"], ["458.7", "15.8"], ["458.7", "21.3"], ["401.6", "21.3"]], "Type": "SD"}], "Module": "M11", "Boundary": [["394.8", "10.0"], ["465.5", "10.0"], ["465.5", "10.2"], ["483.0", "10.2"], ["483.0", "121.7"], ["394.8", "121.7"]], "Module_type": "GATE"}, {"Ports": [{"Location": [["276.5", "340.8"], ["331.0", "340.8"], ["331.0", "346.2"], ["276.5", "346.2"]], "Type": "SD"}, {"Location": [["262.5", "173.9"], ["345.0", "173.9"], ["345.0", "338.3"], ["262.5", "338.3"]], "Type": "GATE"}, {"Location": [["268.9", "179.3"], ["338.6", "179.3"], ["338.6", "185.3"], ["268.9", "185.3"]], "Type": "SD"}], "Module": "M1", "Boundary": [["262.5", "173.9"], ["345.0", "173.9"], ["345.0", "346.2"], ["262.5", "346.2"]], "Module_type": "GATE"}, {"Ports": [{"Location": [["10.0", "24.7"], ["14.1", "24.7"], ["14.1", "100.3"], ["10.0", "100.3"]], "Type": "SD"}, {"Location": [["182.9", "10.0"], ["182.9", "98.7"], ["93.4", "98.7"], ["93.4", "115.0"], ["15.8", "115.0"], ["15.8", "10.0"]], "Type": "GATE"}, {"Location": [["171.3", "15.0"], ["178.9", "15.0"], ["178.9", "92.7"], ["171.3", "92.7"]], "Type": "SD"}], "Module": "M6", "Boundary": [["182.9", "10.0"], ["182.9", "98.7"], ["93.4", "98.7"], ["93.4", "115.0"], ["10.0", "115.0"], ["10.0", "10.0"]], "Module_type": "GATE"}, {"Ports": [{"Location": [["687.3", "140.2"], ["692.1", "140.2"], ["692.1", "177.8"], ["687.3", "177.8"]], "Type": "SD"}, {"Location": [["828.5", "127.5"], ["828.5", "176.2"], ["793.8", "176.2"], ["793.8", "190.5"], ["694.2", "190.5"], ["694.2", "127.5"]], "Type": "GATE"}, {"Location": [["818.0", "133.9"], ["823.1", "133.9"], ["823.1", "168.8"], ["818.0", "168.8"]], "Type": "SD"}], "Module": "M2", "Boundary": [["828.5", "127.5"], ["828.5", "176.2"], ["793.8", "176.2"], ["793.8", "190.5"], ["687.3", "190.5"], ["687.3", "127.5"]], "Module_type": "GATE"}, {"Ports": [{"Location": [["10.0", "260.0"], ["14.7", "260.0"], ["14.7", "347.8"], ["10.0", "347.8"]], "Type": "SD"}, {"Location": [["114.0", "245.8"], ["114.0", "347.0"], ["68.3", "347.0"], ["68.3", "362.0"], ["17.7", "362.0"], ["17.7", "245.8"]], "Type": "GATE"}, {"Location": [["101.4", "252.5"], ["108.3", "252.5"], ["108.3", "339.3"], ["101.4", "339.3"]], "Type": "SD"}], "Module": "M16", "Boundary": [["114.0", "245.8"], ["114.0", "347.0"], ["68.3", "347.0"], ["68.3", "362.0"], ["10.0", "362.0"], ["10.0", "245.8"]], "Module_type": "GATE"}, {"Ports": [{"Location": [["873.7", "196.4"], ["911.0", "196.4"], ["911.0", "201.1"], ["873.7", "201.1"]], "Type": "SD"}, {"Location": [["861.3", "10.0"], ["908.7", "10.0"], ["908.7", "10.2"], ["923.4", "10.2"], ["923.4", "195.0"], ["861.3", "195.0"]], "Type": "GATE"}, {"Location": [["867.9", "15.6"], ["902.1", "15.6"], ["902.1", "20.6"], ["867.9", "20.6"]], "Type": "SD"}], "Module": "M13", "Boundary": [["861.3", "10.0"], ["908.7", "10.0"], ["908.7", "10.2"], ["923.4", "10.2"], ["923.4", "201.1"], ["861.3", "201.1"]], "Module_type": "GATE"}, {"Ports": [{"Location": [["677.3", "24.7"], ["682.5", "24.7"], ["682.5", "82.8"], ["677.3", "82.8"]], "Type": "SD"}, {"Location": [["841.3", "10.0"], ["841.3", "81.5"], ["758.2", "81.5"], ["758.2", "97.5"], ["683.6", "97.5"], ["683.6", "10.0"]], "Type": "GATE"}, {"Location": [["829.2", "16.9"], ["835.4", "16.9"], ["835.4", "73.6"], ["829.2", "73.6"]], "Type": "SD"}], "Module": "M10", "Boundary": [["841.3", "10.0"], ["841.3", "81.5"], ["758.2", "81.5"], ["758.2", "97.5"], ["677.3", "97.5"], ["677.3", "10.0"]], "Module_type": "GATE"}, {"Ports": [{"Location": [["20.0", "163.2"], ["26.0", "163.2"], ["26.0", "202.3"], ["20.0", "202.3"]], "Type": "SD"}, {"Location": [["199.4", "149.7"], ["199.4", "199.6"], ["199.2", "199.6"], ["199.2", "215.8"], ["28.7", "215.8"], ["28.7", "149.7"]], "Type": "GATE"}, {"Location": [["188.2", "155.0"], ["195.1", "155.0"], ["195.1", "194.3"], ["188.2", "194.3"]], "Type": "SD"}], "Module": "M7", "Boundary": [["199.4", "149.7"], ["199.4", "199.6"], ["199.2", "199.6"], ["199.2", "215.8"], ["20.0", "215.8"], ["20.0", "149.7"]], "Module_type": "GATE"}, {"Ports": [{"Location": [["310.1", "129.9"], ["360.7", "129.9"], ["360.7", "133.9"], ["310.1", "133.9"]], "Type": "SD"}, {"Location": [["296.0", "10.0"], ["374.8", "10.0"], ["374.8", "128.9"], ["296.0", "128.9"]], "Type": "GATE"}, {"Location": [["301.9", "14.9"], ["368.9", "14.9"], ["368.9", "21.9"], ["301.9", "21.9"]], "Type": "SD"}], "Module": "M3", "Boundary": [["296.0", "10.0"], ["374.8", "10.0"], ["374.8", "133.9"], ["296.0", "133.9"]], "Module_type": "GATE"}, {"Ports": [{"Location": [["503.0", "23.1"], ["508.9", "23.1"], ["508.9", "91.2"], ["503.0", "91.2"]], "Type": "SD"}, {"Location": [["657.3", "10.0"], ["657.3", "88.8"], ["657.0", "88.8"], ["657.0", "104.3"], ["510.6", "104.3"], ["510.6", "10.0"]], "Type": "GATE"}, {"Location": [["646.6", "16.0"], ["652.3", "16.0"], ["652.3", "82.8"], ["646.6", "82.8"]], "Type": "SD"}], "Module": "M15", "Boundary": [["657.3", "10.0"], ["657.3", "88.8"], ["657.0", "88.8"], ["657.0", "104.3"], ["503.0", "104.3"], ["503.0", "10.0"]], "Module_type": "GATE"}, {"Ports": [{"Location": [["134.0", "259.0"], ["139.4", "259.0"], ["139.4", "344.7"], ["134.0", "344.7"]], "Type": "SD"}, {"Location": [["222.5", "245.8"], ["222.5", "343.2"], ["191.5", "343.2"], ["191.5", "357.9"], ["141.8", "357.9"], ["141.8", "245.8"]], "Type": "GATE"}, {"Location": [["211.5", "252.0"], ["217.3", "252.0"], ["217.3", "336.0"], ["211.5", "336.0"]], "Type": "SD"}], "Module": "M12", "Boundary": [["222.5", "245.8"], ["222.5", "343.2"], ["191.5", "343.2"], ["191.5", "357.9"], ["134.0", "357.9"], ["134.0", "245.8"]], "Module_type": "GATE"}, {"Ports": [{"Location": [["409.6", "335.3"], ["451.1", "335.3"], ["451.1", "339.7"], ["409.6", "339.7"]], "Type": "SD"}, {"Location": [["395.0", "163.9"], ["449.5", "163.9"], ["449.5", "238.8"], ["465.7", "238.8"], ["465.7", "332.8"], ["395.0", "332.8"]], "Type": "GATE"}, {"Location": [["400.5", "168.4"], ["443.0", "168.4"], ["443.0", "175.9"], ["400.5", "175.9"]], "Type": "SD"}], "Module": "M8", "Boundary": [["395.0", "163.9"], ["449.5", "163.9"], ["449.5", "238.8"], ["465.7", "238.8"], ["465.7", "339.7"], ["395.0", "339.7"]], "Module_type": "GATE"}, {"Ports": [{"Location": [["513.0", "244.6"], ["518.2", "244.6"], ["518.2", "297.5"], ["513.0", "297.5"]], "Type": "SD"}, {"Location": [["634.3", "232.1"], ["634.3", "295.7"], ["565.5", "295.7"], ["565.5", "310.0"], ["519.4", "310.0"], ["519.4", "232.1"]], "Type": "GATE"}, {"Location": [["624.0", "237.9"], ["629.5", "237.9"], ["629.5", "288.9"], ["624.0", "288.9"]], "Type": "SD"}], "Module": "M4", "Boundary": [["634.3", "232.1"], ["634.3", "295.7"], ["565.5", "295.7"], ["565.5", "310.0"], ["513.0", "310.0"], ["513.0", "232.1"]], "Module_type": "GATE"}], "Area": [["-30.0", "-30.0"], ["963.4", "-30.0"], ["963.4", "402.0"], ["-30.0", "402.0"]], "Rules": ["GATE(5,5)", "SD(5,5)", "GATE_SD(0.5)", "GATE_ITO(0.5)", "SD_ITO(0.5)"]}