{"Modules": [{"Module": "M14", "Boundary": [["189.4", "320.1"], ["189.4", "386.5"], ["167.1", "386.5"], ["167.1", "401.6"], ["120.0", "401.6"], ["120.0", "320.1"]], "Module_type": "GATE", "Ports": [{"Location": [["120.0", "333.5"], ["125.5", "333.5"], ["125.5", "388.2"], ["120.0", "388.2"]], "Type": "SD"}, {"Location": [["189.4", "320.1"], ["189.4", "386.5"], ["167.1", "386.5"], ["167.1", "401.6"], ["128.0", "401.6"], ["128.0", "320.1"]], "Type": "GATE"}, {"Location": [["178.5", "325.2"], ["185.3", "325.2"], ["185.3", "380.4"], ["178.5", "380.4"]], "Type": "SD"}]}, {"Ports": [{"Location": [["363.7", "167.4"], ["440.1", "167.4"], ["440.1", "171.9"], ["363.7", "171.9"]], "Type": "SD"}, {"Location": [["349.8", "10.0"], ["454.0", "10.0"], ["454.0", "165.0"], ["349.8", "165.0"]], "Type": "GATE"}, {"Location": [["356.5", "15.7"], ["447.3", "15.7"], ["447.3", "21.5"], ["356.5", "21.5"]], "Type": "SD"}], "Module": "M9", "Boundary": [["349.8", "10.0"], ["454.0", "10.0"], ["454.0", "171.9"], ["349.8", "171.9"]], "Module_type": "GATE"}, {"Ports": [{"Location": [["20.0", "35.2"], ["24.2", "35.2"], ["24.2", "75.1"], ["20.0", "75.1"]], "Type": "SD"}, {"Location": [["135.6", "20.0"], ["135.6", "73.9"], ["135.5", "73.9"], ["135.5", "90.3"], ["26.2", "90.3"], ["26.2", "20.0"]], "Type": "GATE"}, {"Location": [["123.1", "26.8"], ["129.8", "26.8"], ["129.8", "67.1"], ["123.1", "67.1"]], "Type": "SD"}], "Module": "M5", "Boundary": [["135.6", "20.0"], ["135.6", "73.9"], ["135.5", "73.9"], ["135.5", "90.3"], ["20.0", "90.3"], ["20.0", "20.0"]], "Module_type": "GATE"}, {"Ports": [{"Location": [["207.5", "172.0"], ["265.6", "172.0"], ["265.6", "176.2"], ["207.5", "176.2"]], "Type": "SD"}, {"Location": [["193.6", "76.4"], ["279.5", "76.4"], ["279.5", "169.1"], ["193.6", "169.1"]], "Type": "GATE"}, {"Location": [["199.7", "81.5"], ["273.4", "81.5"], ["273.4", "87.6"], ["199.7", "87.6"]], "Type": "SD"}], "Module": "M11", "Boundary": [["193.6", "76.4"], ["279.5", "76.4"], ["279.5", "176.2"], ["193.6", "176.2"]], "Module_type": "GATE"}, {"Ports": [{"Location": [["249.4", "412.5"], ["254.9", "412.5"], ["254.9", "449.3"], ["249.4", "449.3"]], "Type": "SD"}, {"Location": [["424.1", "399.4"], ["424.1", "447.6"], ["424.1", "447.6"], ["424.1", "462.4"], ["257.9", "462.4"], ["257.9", "399.4"]], "Type": "GATE"}, {"Location": [["412.6", "405.6"], ["418.9", "405.6"], ["418.9", "441.4"], ["412.6", "441.4"]], "Type": "SD"}], "Module": "M1", "Boundary": [["424.1", "399.4"], ["424.1", "447.6"], ["424.1", "447.6"], ["424.1", "462.4"], ["249.4", "462.4"], ["249.4", "399.4"]], "Module_type": "GATE"}, {"Ports": [{"Location": [["23.6", "438.4"], ["66.4", "438.4"], ["66.4", "444.2"], ["23.6", "444.2"]], "Type": "SD"}, {"Location": [["10.0", "234.3"], ["63.6", "234.3"], ["63.6", "271.3"], ["80.0", "271.3"], ["80.0", "436.9"], ["10.0", "436.9"]], "Type": "GATE"}, {"Location": [["15.3", "238.6"], ["57.3", "238.6"], ["57.3", "245.4"], ["15.3", "245.4"]], "Type": "SD"}], "Module": "M6", "Boundary": [["10.0", "234.3"], ["63.6", "234.3"], ["63.6", "271.3"], ["80.0", "271.3"], ["80.0", "444.2"], ["10.0", "444.2"]], "Module_type": "GATE"}, {"Ports": [{"Location": [["142.0", "680.7"], ["147.2", "680.7"], ["147.2", "772.5"], ["142.0", "772.5"]], "Type": "SD"}, {"Location": [["300.3", "666.6"], ["300.3", "770.6"], ["219.2", "770.6"], ["219.2", "786.6"], ["148.4", "786.6"], ["148.4", "666.6"]], "Type": "GATE"}, {"Location": [["289.7", "673.5"], ["294.4", "673.5"], ["294.4", "762.7"], ["289.7", "762.7"]], "Type": "SD"}], "Module": "M2", "Boundary": [["300.3", "666.6"], ["300.3", "770.6"], ["219.2", "770.6"], ["219.2", "786.6"], ["142.0", "786.6"], ["142.0", "666.6"]], "Module_type": "GATE"}, {"Ports": [{"Location": [["330.1", "204.5"], ["334.6", "204.5"], ["334.6", "274.5"], ["330.1", "274.5"]], "Type": "SD"}, {"Location": [["449.6", "191.9"], ["449.6", "272.2"], ["381.0", "272.2"], ["381.0", "287.1"], ["336.3", "287.1"], ["336.3", "191.9"]], "Type": "GATE"}, {"Location": [["440.2", "197.8"], ["444.7", "197.8"], ["444.7", "265.3"], ["440.2", "265.3"]], "Type": "SD"}], "Module": "M16", "Boundary": [["449.6", "191.9"], ["449.6", "272.2"], ["381.0", "272.2"], ["381.0", "287.1"], ["330.1", "287.1"], ["330.1", "191.9"]], "Module_type": "GATE"}, {"Ports": [{"Location": [["165.6", "22.9"], ["170.8", "22.9"], ["170.8", "43.5"], ["165.6", "43.5"]], "Type": "SD"}, {"Location": [["329.8", "10.0"], ["329.8", "42.2"], ["329.6", "42.2"], ["329.6", "56.4"], ["173.5", "56.4"], ["173.5", "10.0"]], "Type": "GATE"}, {"Location": [["319.0", "15.7"], ["325.1", "15.7"], ["325.1", "36.5"], ["319.0", "36.5"]], "Type": "SD"}], "Module": "M13", "Boundary": [["329.8", "10.0"], ["329.8", "42.2"], ["329.6", "42.2"], ["329.6", "56.4"], ["165.6", "56.4"], ["165.6", "10.0"]], "Module_type": "GATE"}, {"Ports": [{"Location": [["160.3", "517.7"], ["166.2", "517.7"], ["166.2", "609.4"], ["160.3", "609.4"]], "Type": "SD"}, {"Location": [["318.8", "502.4"], ["318.8", "608.6"], ["291.9", "608.6"], ["291.9", "624.7"], ["168.4", "624.7"], ["168.4", "502.4"]], "Type": "GATE"}, {"Location": [["306.5", "508.1"], ["314.1", "508.1"], ["314.1", "601.9"], ["306.5", "601.9"]], "Type": "SD"}], "Module": "M10", "Boundary": [["318.8", "502.4"], ["318.8", "608.6"], ["291.9", "608.6"], ["291.9", "624.7"], ["160.3", "624.7"], ["160.3", "502.4"]], "Module_type": "GATE"}, {"Ports": [{"Location": [["365.2", "718.8"], ["428.5", "718.8"], ["428.5", "723.6"], ["365.2", "723.6"]], "Type": "SD"}, {"Location": [["348.8", "512.4"], ["426.1", "512.4"], ["426.1", "512.8"], ["444.9", "512.8"], ["444.9", "716.2"], ["348.8", "716.2"]], "Type": "GATE"}, {"Location": [["355.1", "517.7"], ["419.8", "517.7"], ["419.8", "525.3"], ["355.1", "525.3"]], "Type": "SD"}], "Module": "M7", "Boundary": [["348.8", "512.4"], ["426.1", "512.4"], ["426.1", "512.8"], ["444.9", "512.8"], ["444.9", "723.6"], ["348.8", "723.6"]], "Module_type": "GATE"}, {"Ports": [{"Location": [["193.6", "209.9"], ["198.9", "209.9"], ["198.9", "266.4"], ["193.6", "266.4"]], "Type": "SD"}, {"Location": [["310.1", "196.2"], ["310.1", "280.1"], ["200.3", "280.1"], ["200.3", "196.2"]], "Type": "GATE"}, {"Location": [["298.6", "203.0"], ["304.3", "203.0"], ["304.3", "273.3"], ["298.6", "273.3"]], "Type": "SD"}], "Module": "M3", "Boundary": [["310.1", "196.2"], ["310.1", "280.1"], ["193.6", "280.1"], ["193.6", "196.2"]], "Module_type": "GATE"}, {"Ports": [{"Location": [["229.4", "320.8"], ["234.3", "320.8"], ["234.3", "345.7"], ["229.4", "345.7"]], "Type": "SD"}, {"Location": [["434.1", "307.1"], ["434.1", "359.4"], ["237.1", "359.4"], ["237.1", "307.1"]], "Type": "GATE"}, {"Location": [["423.4", "313.8"], ["428.4", "313.8"], ["428.4", "352.7"], ["423.4", "352.7"]], "Type": "SD"}], "Module": "M15", "Boundary": [["434.1", "307.1"], ["434.1", "359.4"], ["229.4", "359.4"], ["229.4", "307.1"]], "Module_type": "GATE"}, {"Ports": [{"Location": [["23.6", "776.5"], ["98.4", "776.5"], ["98.4", "780.6"], ["23.6", "780.6"]], "Type": "SD"}, {"Location": [["10.0", "656.6"], ["96.0", "656.6"], ["96.0", "707.3"], ["112.0", "707.3"], ["112.0", "775.3"], ["10.0", "775.3"]], "Type": "GATE"}, {"Location": [["15.5", "661.1"], ["89.5", "661.1"], ["89.5", "666.9"], ["15.5", "666.9"]], "Type": "SD"}], "Module": "M12", "Boundary": [["10.0", "656.6"], ["96.0", "656.6"], ["96.0", "707.3"], ["112.0", "707.3"], ["112.0", "780.6"], ["10.0", "780.6"]], "Module_type": "GATE"}, {"Ports": [{"Location": [["32.6", "621.9"], ["117.7", "621.9"], ["117.7", "626.6"], ["32.6", "626.6"]], "Type": "SD"}, {"Location": [["20.0", "474.2"], ["115.7", "474.2"], ["115.7", "538.8"], ["130.3", "538.8"], ["130.3", "619.3"], ["20.0", "619.3"]], "Type": "GATE"}, {"Location": [["25.9", "479.1"], ["108.8", "479.1"], ["108.8", "484.5"], ["25.9", "484.5"]], "Type": "SD"}], "Module": "M8", "Boundary": [["20.0", "474.2"], ["115.7", "474.2"], ["115.7", "538.8"], ["130.3", "538.8"], ["130.3", "626.6"], ["20.0", "626.6"]], "Module_type": "GATE"}], "Area": [["-30.0", "-30.0"], ["494.0", "-30.0"], ["494.0", "826.6"], ["-30.0", "826.6"]], "Rules": ["GATE(5,5)", "SD(5,5)", "GATE_SD(0.5)", "GATE_ITO(0.5)", "SD_ITO(0.5)"]}