{"Modules": [{"Module": "M14", "Boundary": [["545.0", "326.1"], ["545.0", "415.7"], ["544.5", "415.7"], ["544.5", "433.8"], ["421.2", "433.8"], ["421.2", "326.1"]], "Module_type": "GATE", "Ports": [{"Location": [["421.2", "339.8"], ["426.6", "339.8"], ["426.6", "420.1"], ["421.2", "420.1"]], "Type": "SD"}, {"Location": [["545.0", "326.1"], ["545.0", "415.7"], ["544.5", "415.7"], ["544.5", "433.8"], ["427.6", "433.8"], ["427.6", "326.1"]], "Type": "GATE"}, {"Location": [["534.2", "332.1"], ["540.0", "332.1"], ["540.0", "409.7"], ["534.2", "409.7"]], "Type": "SD"}]}, {"Ports": [{"Location": [["199.1", "277.1"], ["237.9", "277.1"], ["237.9", "282.9"], ["199.1", "282.9"]], "Type": "SD"}, {"Location": [["184.5", "205.5"], ["252.5", "205.5"], ["252.5", "274.6"], ["184.5", "274.6"]], "Type": "GATE"}, {"Location": [["191.0", "211.0"], ["246.0", "211.0"], ["246.0", "217.3"], ["191.0", "217.3"]], "Type": "SD"}], "Module": "M9", "Boundary": [["184.5", "205.5"], ["252.5", "205.5"], ["252.5", "282.9"], ["184.5", "282.9"]], "Module_type": "GATE"}, {"Ports": [{"Location": [["208.3", "171.1"], ["277.5", "171.1"], ["277.5", "175.5"], ["208.3", "175.5"]], "Type": "SD"}, {"Location": [["194.5", "20.0"], ["291.3", "20.0"], ["291.3", "168.1"], ["194.5", "168.1"]], "Type": "GATE"}, {"Location": [["200.5", "25.0"], ["285.3", "25.0"], ["285.3", "31.4"], ["200.5", "31.4"]], "Type": "SD"}], "Module": "M5", "Boundary": [["194.5", "20.0"], ["291.3", "20.0"], ["291.3", "175.5"], ["194.5", "175.5"]], "Module_type": "GATE"}, {"Ports": [{"Location": [["10.0", "182.8"], ["15.0", "182.8"], ["15.0", "222.4"], ["10.0", "222.4"]], "Type": "SD"}, {"Location": [["156.4", "169.4"], ["156.4", "235.8"], ["16.8", "235.8"], ["16.8", "169.4"]], "Type": "GATE"}, {"Location": [["145.5", "174.4"], ["152.4", "174.4"], ["152.4", "230.8"], ["145.5", "230.8"]], "Type": "SD"}], "Module": "M11", "Boundary": [["156.4", "169.4"], ["156.4", "235.8"], ["10.0", "235.8"], ["10.0", "169.4"]], "Module_type": "GATE"}, {"Ports": [{"Location": [["481.3", "125.1"], ["524.5", "125.1"], ["524.5", "129.8"], ["481.3", "129.8"]], "Type": "SD"}, {"Location": [["466.2", "30.0"], ["539.6", "30.0"], ["539.6", "123.6"], ["466.2", "123.6"]], "Type": "GATE"}, {"Location": [["471.9", "34.7"], ["533.9", "34.7"], ["533.9", "42.0"], ["471.9", "42.0"]], "Type": "SD"}], "Module": "M1", "Boundary": [["466.2", "30.0"], ["539.6", "30.0"], ["539.6", "129.8"], ["466.2", "129.8"]], "Module_type": "GATE"}, {"Ports": [{"Location": [["485.7", "247.9"], ["559.9", "247.9"], ["559.9", "252.7"], ["485.7", "252.7"]], "Type": "SD"}, {"Location": [["474.8", "169.8"], ["557.3", "169.8"], ["557.3", "170.1"], ["570.8", "170.1"], ["570.8", "245.2"], ["474.8", "245.2"]], "Type": "GATE"}, {"Location": [["479.9", "173.9"], ["552.2", "173.9"], ["552.2", "178.8"], ["479.9", "178.8"]], "Type": "SD"}], "Module": "M6", "Boundary": [["474.8", "169.8"], ["557.3", "169.8"], ["557.3", "170.1"], ["570.8", "170.1"], ["570.8", "252.7"], ["474.8", "252.7"]], "Module_type": "GATE"}, {"Ports": [{"Location": [["20.0", "408.2"], ["24.0", "408.2"], ["24.0", "430.8"], ["20.0", "430.8"]], "Type": "SD"}, {"Location": [["230.5", "396.7"], ["230.5", "442.3"], ["25.7", "442.3"], ["25.7", "396.7"]], "Type": "GATE"}, {"Location": [["220.9", "401.9"], ["226.3", "401.9"], ["226.3", "437.1"], ["220.9", "437.1"]], "Type": "SD"}], "Module": "M2", "Boundary": [["230.5", "396.7"], ["230.5", "442.3"], ["20.0", "442.3"], ["20.0", "396.7"]], "Module_type": "GATE"}, {"Ports": [{"Location": [["333.5", "184.1"], ["414.0", "184.1"], ["414.0", "189.9"], ["333.5", "189.9"]], "Type": "SD"}, {"Location": [["321.3", "10.0"], ["426.2", "10.0"], ["426.2", "181.9"], ["321.3", "181.9"]], "Type": "GATE"}, {"Location": [["327.8", "15.5"], ["419.7", "15.5"], ["419.7", "20.1"], ["327.8", "20.1"]], "Type": "SD"}], "Module": "M16", "Boundary": [["321.3", "10.0"], ["426.2", "10.0"], ["426.2", "189.9"], ["321.3", "189.9"]], "Module_type": "GATE"}, {"Ports": [{"Location": [["678.3", "286.4"], ["737.5", "286.4"], ["737.5", "291.7"], ["678.3", "291.7"]], "Type": "SD"}, {"Location": [["663.9", "107.1"], ["751.9", "107.1"], ["751.9", "285.3"], ["663.9", "285.3"]], "Type": "GATE"}, {"Location": [["670.6", "112.8"], ["745.2", "112.8"], ["745.2", "118.7"], ["670.6", "118.7"]], "Type": "SD"}], "Module": "M13", "Boundary": [["663.9", "107.1"], ["751.9", "107.1"], ["751.9", "291.7"], ["663.9", "291.7"]], "Module_type": "GATE"}, {"Ports": [{"Location": [["272.5", "223.6"], ["277.5", "223.6"], ["277.5", "272.4"], ["272.5", "272.4"]], "Type": "SD"}, {"Location": [["454.8", "209.9"], ["454.8", "286.1"], ["279.9", "286.1"], ["279.9", "209.9"]], "Type": "GATE"}, {"Location": [["443.4", "216.8"], ["448.9", "216.8"], ["448.9", "279.2"], ["443.4", "279.2"]], "Type": "SD"}], "Module": "M10", "Boundary": [["454.8", "209.9"], ["454.8", "286.1"], ["272.5", "286.1"], ["272.5", "209.9"]], "Module_type": "GATE"}, {"Ports": [{"Location": [["33.1", "350.8"], ["105.0", "350.8"], ["105.0", "356.7"], ["33.1", "356.7"]], "Type": "SD"}, {"Location": [["20.0", "265.8"], ["118.1", "265.8"], ["118.1", "349.5"], ["20.0", "349.5"]], "Type": "GATE"}, {"Location": [["25.6", "270.4"], ["112.5", "270.4"], ["112.5", "275.8"], ["25.6", "275.8"]], "Type": "SD"}], "Module": "M7", "Boundary": [["20.0", "265.8"], ["118.1", "265.8"], ["118.1", "356.7"], ["20.0", "356.7"]], "Module_type": "GATE"}, {"Ports": [{"Location": [["585.0", "341.8"], ["590.2", "341.8"], ["590.2", "434.5"], ["585.0", "434.5"]], "Type": "SD"}, {"Location": [["751.3", "327.7"], ["751.3", "448.6"], ["592.7", "448.6"], ["592.7", "327.7"]], "Type": "GATE"}, {"Location": [["740.5", "333.7"], ["746.3", "333.7"], ["746.3", "442.6"], ["740.5", "442.6"]], "Type": "SD"}], "Module": "M3", "Boundary": [["751.3", "327.7"], ["751.3", "448.6"], ["585.0", "448.6"], ["585.0", "327.7"]], "Module_type": "GATE"}, {"Ports": [{"Location": [["605.3", "303.6"], ["629.4", "303.6"], ["629.4", "307.7"], ["605.3", "307.7"]], "Type": "SD"}, {"Location": [["590.8", "107.1"], ["643.9", "107.1"], ["643.9", "302.0"], ["590.8", "302.0"]], "Type": "GATE"}, {"Location": [["597.3", "112.6"], ["637.4", "112.6"], ["637.4", "118.3"], ["597.3", "118.3"]], "Type": "SD"}], "Module": "M15", "Boundary": [["590.8", "107.1"], ["643.9", "107.1"], ["643.9", "307.7"], ["590.8", "307.7"]], "Module_type": "GATE"}, {"Ports": [{"Location": [["579.6", "22.3"], ["584.4", "22.3"], ["584.4", "74.8"], ["579.6", "74.8"]], "Type": "SD"}, {"Location": [["744.6", "10.0"], ["744.6", "87.1"], ["586.2", "87.1"], ["586.2", "10.0"]], "Type": "GATE"}, {"Location": [["734.8", "16.4"], ["739.2", "16.4"], ["739.2", "80.7"], ["734.8", "80.7"]], "Type": "SD"}], "Module": "M12", "Boundary": [["744.6", "10.0"], ["744.6", "87.1"], ["579.6", "87.1"], ["579.6", "10.0"]], "Module_type": "GATE"}, {"Ports": [{"Location": [["20.0", "34.3"], ["24.0", "34.3"], ["24.0", "125.1"], ["20.0", "125.1"]], "Type": "SD"}, {"Location": [["154.5", "20.0"], ["154.5", "139.4"], ["25.9", "139.4"], ["25.9", "20.0"]], "Type": "GATE"}, {"Location": [["143.0", "26.1"], ["149.4", "26.1"], ["149.4", "133.3"], ["143.0", "133.3"]], "Type": "SD"}], "Module": "M8", "Boundary": [["154.5", "20.0"], ["154.5", "139.4"], ["20.0", "139.4"], ["20.0", "20.0"]], "Module_type": "GATE"}], "Area": [["-30.0", "-30.0"], ["791.9", "-30.0"], ["791.9", "488.6"], ["-30.0", "488.6"]], "Rules": ["GATE(5,5)", "SD(5,5)", "GATE_SD(0.5)", "GATE_ITO(0.5)", "SD_ITO(0.5)"]}