{"Modules": [{"Module": "M14", "Boundary": [["504.5", "171.3"], ["606.2", "171.3"], ["606.2", "249.8"], ["622.0", "249.8"], ["622.0", "326.2"], ["504.5", "326.2"]], "Module_type": "GATE", "Ports": [{"Location": [["517.3", "320.5"], ["609.2", "320.5"], ["609.2", "326.2"], ["517.3", "326.2"]], "Type": "SD"}, {"Location": [["504.5", "171.3"], ["606.2", "171.3"], ["606.2", "249.8"], ["622.0", "249.8"], ["622.0", "319.0"], ["504.5", "319.0"]], "Type": "GATE"}, {"Location": [["510.8", "176.6"], ["598.9", "176.6"], ["598.9", "181.3"], ["510.8", "181.3"]], "Type": "SD"}]}, {"Ports": [{"Location": [["150.5", "228.8"], ["154.9", "228.8"], ["154.9", "250.7"], ["150.5", "250.7"]], "Type": "SD"}, {"Location": [["228.6", "215.9"], ["228.6", "263.6"], ["156.7", "263.6"], ["156.7", "215.9"]], "Type": "GATE"}, {"Location": [["217.5", "221.3"], ["224.2", "221.3"], ["224.2", "258.2"], ["217.5", "258.2"]], "Type": "SD"}], "Module": "M9", "Boundary": [["228.6", "215.9"], ["228.6", "263.6"], ["150.5", "263.6"], ["150.5", "215.9"]], "Module_type": "GATE"}, {"Ports": [{"Location": [["281.1", "162.3"], ["285.6", "162.3"], ["285.6", "227.5"], ["281.1", "227.5"]], "Type": "SD"}, {"Location": [["407.5", "150.4"], ["407.5", "224.7"], ["407.1", "224.7"], ["407.1", "239.4"], ["288.4", "239.4"], ["288.4", "150.4"]], "Type": "GATE"}, {"Location": [["398.2", "155.8"], ["403.1", "155.8"], ["403.1", "219.3"], ["398.2", "219.3"]], "Type": "SD"}], "Module": "M5", "Boundary": [["407.5", "150.4"], ["407.5", "224.7"], ["407.1", "224.7"], ["407.1", "239.4"], ["281.1", "239.4"], ["281.1", "150.4"]], "Module_type": "GATE"}, {"Ports": [{"Location": [["10.0", "451.8"], ["15.7", "451.8"], ["15.7", "524.3"], ["10.0", "524.3"]], "Type": "SD"}, {"Location": [["122.1", "437.6"], ["122.1", "525.2"], ["122.1", "525.2"], ["122.1", "538.5"], ["18.2", "538.5"], ["18.2", "437.6"]], "Type": "GATE"}, {"Location": [["109.9", "444.6"], ["116.1", "444.6"], ["116.1", "518.2"], ["109.9", "518.2"]], "Type": "SD"}], "Module": "M11", "Boundary": [["122.1", "437.6"], ["122.1", "525.2"], ["122.1", "525.2"], ["122.1", "538.5"], ["10.0", "538.5"], ["10.0", "437.6"]], "Module_type": "GATE"}, {"Ports": [{"Location": [["420.9", "405.9"], ["425.4", "405.9"], ["425.4", "507.8"], ["420.9", "507.8"]], "Type": "SD"}, {"Location": [["631.7", "390.4"], ["631.7", "523.3"], ["426.8", "523.3"], ["426.8", "390.4"]], "Type": "GATE"}, {"Location": [["619.5", "396.9"], ["626.2", "396.9"], ["626.2", "516.8"], ["619.5", "516.8"]], "Type": "SD"}], "Module": "M1", "Boundary": [["631.7", "390.4"], ["631.7", "523.3"], ["420.9", "523.3"], ["420.9", "390.4"]], "Module_type": "GATE"}, {"Ports": [{"Location": [["22.8", "200.7"], ["66.7", "200.7"], ["66.7", "206.3"], ["22.8", "206.3"]], "Type": "SD"}, {"Location": [["10.0", "10.0"], ["62.5", "10.0"], ["62.5", "96.5"], ["79.5", "96.5"], ["79.5", "199.5"], ["10.0", "199.5"]], "Type": "GATE"}, {"Location": [["15.1", "14.1"], ["56.4", "14.1"], ["56.4", "19.6"], ["15.1", "19.6"]], "Type": "SD"}], "Module": "M6", "Boundary": [["10.0", "10.0"], ["62.5", "10.0"], ["62.5", "96.5"], ["79.5", "96.5"], ["79.5", "206.3"], ["10.0", "206.3"]], "Module_type": "GATE"}, {"Ports": [{"Location": [["547.7", "116.6"], ["622.5", "116.6"], ["622.5", "121.3"], ["547.7", "121.3"]], "Type": "SD"}, {"Location": [["533.6", "20.0"], ["620.7", "20.0"], ["620.7", "50.4"], ["636.6", "50.4"], ["636.6", "114.3"], ["533.6", "114.3"]], "Type": "GATE"}, {"Location": [["540.1", "25.5"], ["613.2", "25.5"], ["613.2", "30.8"], ["540.1", "30.8"]], "Type": "SD"}], "Module": "M2", "Boundary": [["533.6", "20.0"], ["620.7", "20.0"], ["620.7", "50.4"], ["636.6", "50.4"], ["636.6", "121.3"], ["533.6", "121.3"]], "Module_type": "GATE"}, {"Ports": [{"Location": [["99.5", "22.0"], ["104.4", "22.0"], ["104.4", "88.0"], ["99.5", "88.0"]], "Type": "SD"}, {"Location": [["222.3", "10.0"], ["222.3", "86.1"], ["182.7", "86.1"], ["182.7", "100.0"], ["106.8", "100.0"], ["106.8", "10.0"]], "Type": "GATE"}, {"Location": [["212.3", "15.5"], ["217.8", "15.5"], ["217.8", "79.6"], ["212.3", "79.6"]], "Type": "SD"}], "Module": "M16", "Boundary": [["222.3", "10.0"], ["222.3", "86.1"], ["182.7", "86.1"], ["182.7", "100.0"], ["99.5", "100.0"], ["99.5", "10.0"]], "Module_type": "GATE"}, {"Ports": [{"Location": [["256.3", "94.2"], ["325.8", "94.2"], ["325.8", "98.3"], ["256.3", "98.3"]], "Type": "SD"}, {"Location": [["242.3", "10.0"], ["324.3", "10.0"], ["324.3", "10.3"], ["339.8", "10.3"], ["339.8", "92.4"], ["242.3", "92.4"]], "Type": "GATE"}, {"Location": [["248.6", "15.3"], ["318.0", "15.3"], ["318.0", "22.4"], ["248.6", "22.4"]], "Type": "SD"}], "Module": "M13", "Boundary": [["242.3", "10.0"], ["324.3", "10.0"], ["324.3", "10.3"], ["339.8", "10.3"], ["339.8", "98.3"], ["242.3", "98.3"]], "Module_type": "GATE"}, {"Ports": [{"Location": [["150.5", "298.8"], ["155.4", "298.8"], ["155.4", "377.0"], ["150.5", "377.0"]], "Type": "SD"}, {"Location": [["321.6", "283.6"], ["321.6", "392.2"], ["156.6", "392.2"], ["156.6", "283.6"]], "Type": "GATE"}, {"Location": [["309.1", "290.3"], ["315.9", "290.3"], ["315.9", "385.5"], ["309.1", "385.5"]], "Type": "SD"}], "Module": "M10", "Boundary": [["321.6", "283.6"], ["321.6", "392.2"], ["150.5", "392.2"], ["150.5", "283.6"]], "Module_type": "GATE"}, {"Ports": [{"Location": [["20.0", "250.2"], ["25.4", "250.2"], ["25.4", "288.8"], ["20.0", "288.8"]], "Type": "SD"}, {"Location": [["120.5", "236.3"], ["120.5", "287.1"], ["120.4", "287.1"], ["120.4", "302.7"], ["27.6", "302.7"], ["27.6", "236.3"]], "Type": "GATE"}, {"Location": [["108.7", "242.6"], ["115.2", "242.6"], ["115.2", "280.8"], ["108.7", "280.8"]], "Type": "SD"}], "Module": "M7", "Boundary": [["120.5", "236.3"], ["120.5", "287.1"], ["120.4", "287.1"], ["120.4", "302.7"], ["20.0", "302.7"], ["20.0", "236.3"]], "Module_type": "GATE"}, {"Ports": [{"Location": [["341.6", "284.1"], ["346.2", "284.1"], ["346.2", "335.7"], ["341.6", "335.7"]], "Type": "SD"}, {"Location": [["464.5", "269.4"], ["464.5", "335.3"], ["464.2", "335.3"], ["464.2", "350.4"], ["348.5", "350.4"], ["348.5", "269.4"]], "Type": "GATE"}, {"Location": [["452.7", "276.4"], ["458.5", "276.4"], ["458.5", "328.3"], ["452.7", "328.3"]], "Type": "SD"}], "Module": "M3", "Boundary": [["464.5", "269.4"], ["464.5", "335.3"], ["464.2", "335.3"], ["464.2", "350.4"], ["341.6", "350.4"], ["341.6", "269.4"]], "Module_type": "GATE"}, {"Ports": [{"Location": [["99.5", "133.6"], ["105.2", "133.6"], ["105.2", "182.3"], ["99.5", "182.3"]], "Type": "SD"}, {"Location": [["251.1", "120.0"], ["251.1", "195.9"], ["107.0", "195.9"], ["107.0", "120.0"]], "Type": "GATE"}, {"Location": [["239.9", "126.0"], ["246.1", "126.0"], ["246.1", "189.9"], ["239.9", "189.9"]], "Type": "SD"}], "Module": "M15", "Boundary": [["251.1", "120.0"], ["251.1", "195.9"], ["99.5", "195.9"], ["99.5", "120.0"]], "Module_type": "GATE"}, {"Ports": [{"Location": [["10.0", "345.0"], ["15.8", "345.0"], ["15.8", "405.3"], ["10.0", "405.3"]], "Type": "SD"}, {"Location": [["123.4", "332.7"], ["123.4", "417.6"], ["18.1", "417.6"], ["18.1", "332.7"]], "Type": "GATE"}, {"Location": [["112.8", "339.3"], ["117.8", "339.3"], ["117.8", "411.0"], ["112.8", "411.0"]], "Type": "SD"}], "Module": "M12", "Boundary": [["123.4", "332.7"], ["123.4", "417.6"], ["10.0", "417.6"], ["10.0", "332.7"]], "Module_type": "GATE"}, {"Ports": [{"Location": [["369.8", "36.3"], ["374.1", "36.3"], ["374.1", "94.1"], ["369.8", "94.1"]], "Type": "SD"}, {"Location": [["493.6", "20.0"], ["493.6", "94.2"], ["445.8", "94.2"], ["445.8", "110.4"], ["376.9", "110.4"], ["376.9", "20.0"]], "Type": "GATE"}, {"Location": [["480.6", "26.7"], ["487.9", "26.7"], ["487.9", "86.5"], ["480.6", "86.5"]], "Type": "SD"}], "Module": "M8", "Boundary": [["493.6", "20.0"], ["493.6", "94.2"], ["445.8", "94.2"], ["445.8", "110.4"], ["369.8", "110.4"], ["369.8", "20.0"]], "Module_type": "GATE"}, {"Ports": [{"Location": [["160.5", "435.0"], ["166.2", "435.0"], ["166.2", "513.9"], ["160.5", "513.9"]], "Type": "SD"}, {"Location": [["370.9", "422.2"], ["370.9", "513.3"], ["333.6", "513.3"], ["333.6", "526.7"], ["168.2", "526.7"], ["168.2", "422.2"]], "Type": "GATE"}, {"Location": [["359.8", "428.8"], ["365.3", "428.8"], ["365.3", "505.7"], ["359.8", "505.7"]], "Type": "SD"}], "Module": "M4", "Boundary": [["370.9", "422.2"], ["370.9", "513.3"], ["333.6", "513.3"], ["333.6", "526.7"], ["160.5", "526.7"], ["160.5", "422.2"]], "Module_type": "GATE"}], "Area": [["-30.0", "-30.0"], ["676.6", "-30.0"], ["676.6", "578.5"], ["-30.0", "578.5"]], "Rules": ["GATE(5,5)", "SD(5,5)", "GATE_SD(0.5)", "GATE_ITO(0.5)", "SD_ITO(0.5)"]}