{"Modules": [{"Module": "M14", "Boundary": [["30.0", "529.5"], ["137.5", "529.5"], ["137.5", "563.4"], ["154.3", "563.4"], ["154.3", "621.5"], ["30.0", "621.5"]], "Module_type": "GATE", "Ports": [{"Location": [["44.5", "617.0"], ["139.8", "617.0"], ["139.8", "621.5"], ["44.5", "621.5"]], "Type": "SD"}, {"Location": [["30.0", "529.5"], ["137.5", "529.5"], ["137.5", "563.4"], ["154.3", "563.4"], ["154.3", "615.1"], ["30.0", "615.1"]], "Type": "GATE"}, {"Location": [["35.7", "534.2"], ["130.8", "534.2"], ["130.8", "540.6"], ["35.7", "540.6"]], "Type": "SD"}]}, {"Ports": [{"Location": [["235.7", "811.7"], ["241.5", "811.7"], ["241.5", "886.9"], ["235.7", "886.9"]], "Type": "SD"}, {"Location": [["351.2", "798.1"], ["351.2", "900.5"], ["243.0", "900.5"], ["243.0", "798.1"]], "Type": "GATE"}, {"Location": [["341.0", "803.4"], ["346.9", "803.4"], ["346.9", "895.2"], ["341.0", "895.2"]], "Type": "SD"}], "Module": "M9", "Boundary": [["351.2", "798.1"], ["351.2", "900.5"], ["235.7", "900.5"], ["235.7", "798.1"]], "Module_type": "GATE"}, {"Ports": [{"Location": [["32.8", "136.0"], ["71.8", "136.0"], ["71.8", "140.3"], ["32.8", "140.3"]], "Type": "SD"}, {"Location": [["20.0", "20.0"], ["84.6", "20.0"], ["84.6", "134.3"], ["20.0", "134.3"]], "Type": "GATE"}, {"Location": [["25.7", "24.7"], ["78.9", "24.7"], ["78.9", "29.8"], ["25.7", "29.8"]], "Type": "SD"}], "Module": "M5", "Boundary": [["20.0", "20.0"], ["84.6", "20.0"], ["84.6", "140.3"], ["20.0", "140.3"]], "Module_type": "GATE"}, {"Ports": [{"Location": [["10.0", "184.8"], ["16.0", "184.8"], ["16.0", "229.4"], ["10.0", "229.4"]], "Type": "SD"}, {"Location": [["87.8", "170.3"], ["87.8", "225.6"], ["87.8", "225.6"], ["87.8", "243.9"], ["17.6", "243.9"], ["17.6", "170.3"]], "Type": "GATE"}, {"Location": [["76.3", "176.9"], ["82.2", "176.9"], ["82.2", "219.0"], ["76.3", "219.0"]], "Type": "SD"}], "Module": "M11", "Boundary": [["87.8", "170.3"], ["87.8", "225.6"], ["87.8", "225.6"], ["87.8", "243.9"], ["10.0", "243.9"], ["10.0", "170.3"]], "Module_type": "GATE"}, {"Ports": [{"Location": [["260.3", "752.8"], ["322.7", "752.8"], ["322.7", "758.1"], ["260.3", "758.1"]], "Type": "SD"}, {"Location": [["246.2", "681.4"], ["336.8", "681.4"], ["336.8", "749.8"], ["246.2", "749.8"]], "Type": "GATE"}, {"Location": [["253.1", "687.3"], ["329.9", "687.3"], ["329.9", "693.7"], ["253.1", "693.7"]], "Type": "SD"}], "Module": "M1", "Boundary": [["246.2", "681.4"], ["336.8", "681.4"], ["336.8", "758.1"], ["246.2", "758.1"]], "Module_type": "GATE"}, {"Ports": [{"Location": [["10.0", "829.6"], ["14.9", "829.6"], ["14.9", "886.2"], ["10.0", "886.2"]], "Type": "SD"}, {"Location": [["105.5", "815.3"], ["105.5", "884.7"], ["71.1", "884.7"], ["71.1", "900.5"], ["17.7", "900.5"], ["17.7", "815.3"]], "Type": "GATE"}, {"Location": [["94.6", "821.9"], ["99.9", "821.9"], ["99.9", "877.1"], ["94.6", "877.1"]], "Type": "SD"}], "Module": "M6", "Boundary": [["105.5", "815.3"], ["105.5", "884.7"], ["71.1", "884.7"], ["71.1", "900.5"], ["10.0", "900.5"], ["10.0", "815.3"]], "Module_type": "GATE"}, {"Ports": [{"Location": [["20.0", "684.3"], ["25.7", "684.3"], ["25.7", "772.5"], ["20.0", "772.5"]], "Type": "SD"}, {"Location": [["196.2", "671.5"], ["196.2", "770.1"], ["106.1", "770.1"], ["106.1", "785.3"], ["28.4", "785.3"], ["28.4", "671.5"]], "Type": "GATE"}, {"Location": [["185.8", "677.3"], ["191.4", "677.3"], ["191.4", "763.3"], ["185.8", "763.3"]], "Type": "SD"}], "Module": "M2", "Boundary": [["196.2", "671.5"], ["196.2", "770.1"], ["106.1", "770.1"], ["106.1", "785.3"], ["20.0", "785.3"], ["20.0", "671.5"]], "Module_type": "GATE"}, {"Ports": [{"Location": [["196.8", "381.4"], ["236.2", "381.4"], ["236.2", "385.6"], ["196.8", "385.6"]], "Type": "SD"}, {"Location": [["183.6", "217.1"], ["234.3", "217.1"], ["234.3", "304.1"], ["249.4", "304.1"], ["249.4", "378.8"], ["183.6", "378.8"]], "Type": "GATE"}, {"Location": [["189.9", "222.4"], ["227.0", "222.4"], ["227.0", "227.4"], ["189.9", "227.4"]], "Type": "SD"}], "Module": "M16", "Boundary": [["183.6", "217.1"], ["234.3", "217.1"], ["234.3", "304.1"], ["249.4", "304.1"], ["249.4", "385.6"], ["183.6", "385.6"]], "Module_type": "GATE"}, {"Ports": [{"Location": [["209.1", "507.3"], ["272.1", "507.3"], ["272.1", "513.2"], ["209.1", "513.2"]], "Type": "SD"}, {"Location": [["194.3", "424.1"], ["268.5", "424.1"], ["268.5", "424.4"], ["286.9", "424.4"], ["286.9", "506.0"], ["194.3", "506.0"]], "Type": "GATE"}, {"Location": [["199.7", "428.5"], ["263.1", "428.5"], ["263.1", "435.8"], ["199.7", "435.8"]], "Type": "SD"}], "Module": "M13", "Boundary": [["194.3", "424.1"], ["268.5", "424.1"], ["268.5", "424.4"], ["286.9", "424.4"], ["286.9", "513.2"], ["194.3", "513.2"]], "Module_type": "GATE"}, {"Ports": [{"Location": [["291.1", "196.2"], ["345.8", "196.2"], ["345.8", "201.3"], ["291.1", "201.3"]], "Type": "SD"}, {"Location": [["279.0", "10.0"], ["343.0", "10.0"], ["343.0", "43.5"], ["357.9", "43.5"], ["357.9", "195.1"], ["279.0", "195.1"]], "Type": "GATE"}, {"Location": [["284.7", "14.7"], ["336.3", "14.7"], ["336.3", "19.5"], ["284.7", "19.5"]], "Type": "SD"}], "Module": "M10", "Boundary": [["279.0", "10.0"], ["343.0", "10.0"], ["343.0", "43.5"], ["357.9", "43.5"], ["357.9", "201.3"], ["279.0", "201.3"]], "Module_type": "GATE"}, {"Ports": [{"Location": [["208.2", "181.8"], ["234.4", "181.8"], ["234.4", "187.1"], ["208.2", "187.1"]], "Type": "SD"}, {"Location": [["193.6", "20.0"], ["249.0", "20.0"], ["249.0", "179.3"], ["193.6", "179.3"]], "Type": "GATE"}, {"Location": [["200.3", "25.7"], ["242.3", "25.7"], ["242.3", "31.2"], ["200.3", "31.2"]], "Type": "SD"}], "Module": "M7", "Boundary": [["193.6", "20.0"], ["249.0", "20.0"], ["249.0", "187.1"], ["193.6", "187.1"]], "Module_type": "GATE"}, {"Ports": [{"Location": [["194.3", "548.7"], ["198.3", "548.7"], ["198.3", "625.9"], ["194.3", "625.9"]], "Type": "SD"}, {"Location": [["358.8", "533.2"], ["358.8", "623.9"], ["358.7", "623.9"], ["358.7", "641.4"], ["199.7", "641.4"], ["199.7", "533.2"]], "Type": "GATE"}, {"Location": [["346.1", "540.2"], ["352.8", "540.2"], ["352.8", "616.9"], ["346.1", "616.9"]], "Type": "SD"}], "Module": "M3", "Boundary": [["358.8", "533.2"], ["358.8", "623.9"], ["358.7", "623.9"], ["358.7", "641.4"], ["194.3", "641.4"], ["194.3", "533.2"]], "Module_type": "GATE"}, {"Ports": [{"Location": [["127.7", "218.9"], ["150.5", "218.9"], ["150.5", "224.4"], ["127.7", "224.4"]], "Type": "SD"}, {"Location": [["114.6", "10.0"], ["147.6", "10.0"], ["147.6", "10.0"], ["163.6", "10.0"], ["163.6", "216.9"], ["114.6", "216.9"]], "Type": "GATE"}, {"Location": [["120.1", "14.5"], ["142.1", "14.5"], ["142.1", "20.5"], ["120.1", "20.5"]], "Type": "SD"}], "Module": "M15", "Boundary": [["114.6", "10.0"], ["147.6", "10.0"], ["147.6", "10.0"], ["163.6", "10.0"], ["163.6", "224.4"], ["114.6", "224.4"]], "Module_type": "GATE"}, {"Ports": [{"Location": [["139.8", "895.4"], ["201.4", "895.4"], ["201.4", "900.5"], ["139.8", "900.5"]], "Type": "SD"}, {"Location": [["125.5", "815.3"], ["198.7", "815.3"], ["198.7", "851.6"], ["215.7", "851.6"], ["215.7", "894.3"], ["125.5", "894.3"]], "Type": "GATE"}, {"Location": [["132.0", "820.8"], ["191.2", "820.8"], ["191.2", "826.2"], ["132.0", "826.2"]], "Type": "SD"}], "Module": "M12", "Boundary": [["125.5", "815.3"], ["198.7", "815.3"], ["198.7", "851.6"], ["215.7", "851.6"], ["215.7", "900.5"], ["125.5", "900.5"]], "Module_type": "GATE"}, {"Ports": [{"Location": [["293.5", "389.3"], ["332.8", "389.3"], ["332.8", "394.1"], ["293.5", "394.1"]], "Type": "SD"}, {"Location": [["279.4", "231.3"], ["332.0", "231.3"], ["332.0", "245.3"], ["346.9", "245.3"], ["346.9", "387.4"], ["279.4", "387.4"]], "Type": "GATE"}, {"Location": [["285.4", "236.3"], ["325.0", "236.3"], ["325.0", "243.2"], ["285.4", "243.2"]], "Type": "SD"}], "Module": "M8", "Boundary": [["279.4", "231.3"], ["332.0", "231.3"], ["332.0", "245.3"], ["346.9", "245.3"], ["346.9", "394.1"], ["279.4", "394.1"]], "Module_type": "GATE"}, {"Ports": [{"Location": [["34.4", "473.9"], ["131.4", "473.9"], ["131.4", "479.5"], ["34.4", "479.5"]], "Type": "SD"}, {"Location": [["20.0", "273.9"], ["128.9", "273.9"], ["128.9", "382.4"], ["145.8", "382.4"], ["145.8", "471.2"], ["20.0", "471.2"]], "Type": "GATE"}, {"Location": [["26.2", "279.1"], ["121.7", "279.1"], ["121.7", "285.3"], ["26.2", "285.3"]], "Type": "SD"}], "Module": "M4", "Boundary": [["20.0", "273.9"], ["128.9", "273.9"], ["128.9", "382.4"], ["145.8", "382.4"], ["145.8", "479.5"], ["20.0", "479.5"]], "Module_type": "GATE"}], "Area": [["-30.0", "-30.0"], ["398.8", "-30.0"], ["398.8", "940.5"], ["-30.0", "940.5"]], "Rules": ["GATE(5,5)", "SD(5,5)", "GATE_SD(0.5)", "GATE_ITO(0.5)", "SD_ITO(0.5)"]}