{"Modules": [{"Module": "M14", "Boundary": [["183.2", "202.0"], ["183.2", "278.1"], ["30.0", "278.1"], ["30.0", "202.0"]], "Module_type": "GATE", "Ports": [{"Location": [["30.0", "214.6"], ["35.8", "214.6"], ["35.8", "265.5"], ["30.0", "265.5"]], "Type": "SD"}, {"Location": [["183.2", "202.0"], ["183.2", "278.1"], ["38.2", "278.1"], ["38.2", "202.0"]], "Type": "GATE"}, {"Location": [["173.0", "207.8"], ["178.4", "207.8"], ["178.4", "272.3"], ["173.0", "272.3"]], "Type": "SD"}]}, {"Ports": [{"Location": [["417.1", "130.9"], ["422.6", "130.9"], ["422.6", "198.2"], ["417.1", "198.2"]], "Type": "SD"}, {"Location": [["599.4", "116.9"], ["599.4", "197.0"], ["599.2", "197.0"], ["599.2", "212.2"], ["423.7", "212.2"], ["423.7", "116.9"]], "Type": "GATE"}, {"Location": [["587.3", "122.7"], ["594.6", "122.7"], ["594.6", "191.2"], ["587.3", "191.2"]], "Type": "SD"}], "Module": "M9", "Boundary": [["599.4", "116.9"], ["599.4", "197.0"], ["599.2", "197.0"], ["599.2", "212.2"], ["417.1", "212.2"], ["417.1", "116.9"]], "Module_type": "GATE"}, {"Ports": [{"Location": [["263.4", "309.1"], ["268.3", "309.1"], ["268.3", "348.8"], ["263.4", "348.8"]], "Type": "SD"}, {"Location": [["415.5", "296.5"], ["415.5", "361.4"], ["271.2", "361.4"], ["271.2", "296.5"]], "Type": "GATE"}, {"Location": [["405.5", "302.5"], ["410.5", "302.5"], ["410.5", "355.4"], ["405.5", "355.4"]], "Type": "SD"}], "Module": "M5", "Boundary": [["415.5", "296.5"], ["415.5", "361.4"], ["263.4", "361.4"], ["263.4", "296.5"]], "Module_type": "GATE"}, {"Ports": [{"Location": [["549.1", "87.5"], ["612.9", "87.5"], ["612.9", "92.2"], ["549.1", "92.2"]], "Type": "SD"}, {"Location": [["535.0", "10.0"], ["627.0", "10.0"], ["627.0", "85.7"], ["535.0", "85.7"]], "Type": "GATE"}, {"Location": [["540.5", "14.5"], ["621.5", "14.5"], ["621.5", "21.2"], ["540.5", "21.2"]], "Type": "SD"}], "Module": "M11", "Boundary": [["535.0", "10.0"], ["627.0", "10.0"], ["627.0", "92.2"], ["535.0", "92.2"]], "Module_type": "GATE"}, {"Ports": [{"Location": [["465.5", "263.8"], ["470.0", "263.8"], ["470.0", "334.9"], ["465.5", "334.9"]], "Type": "SD"}, {"Location": [["587.8", "252.2"], ["587.8", "333.5"], ["587.4", "333.5"], ["587.4", "346.5"], ["471.8", "346.5"], ["471.8", "252.2"]], "Type": "GATE"}, {"Location": [["578.1", "257.8"], ["583.2", "257.8"], ["583.2", "327.9"], ["578.1", "327.9"]], "Type": "SD"}], "Module": "M1", "Boundary": [["587.8", "252.2"], ["587.8", "333.5"], ["587.4", "333.5"], ["587.4", "346.5"], ["465.5", "346.5"], ["465.5", "252.2"]], "Module_type": "GATE"}, {"Ports": [{"Location": [["640.8", "239.4"], ["698.3", "239.4"], ["698.3", "244.6"], ["640.8", "244.6"]], "Type": "SD"}, {"Location": [["627.8", "112.2"], ["694.6", "112.2"], ["694.6", "112.6"], ["711.3", "112.6"], ["711.3", "236.5"], ["627.8", "236.5"]], "Type": "GATE"}, {"Location": [["634.1", "117.5"], ["688.3", "117.5"], ["688.3", "122.2"], ["634.1", "122.2"]], "Type": "SD"}], "Module": "M6", "Boundary": [["627.8", "112.2"], ["694.6", "112.2"], ["694.6", "112.6"], ["711.3", "112.6"], ["711.3", "244.6"], ["627.8", "244.6"]], "Module_type": "GATE"}, {"Ports": [{"Location": [["263.4", "158.9"], ["268.1", "158.9"], ["268.1", "242.0"], ["263.4", "242.0"]], "Type": "SD"}, {"Location": [["387.1", "144.4"], ["387.1", "256.5"], ["270.5", "256.5"], ["270.5", "144.4"]], "Type": "GATE"}, {"Location": [["374.4", "151.3"], ["381.2", "151.3"], ["381.2", "249.6"], ["374.4", "249.6"]], "Type": "SD"}], "Module": "M2", "Boundary": [["387.1", "144.4"], ["387.1", "256.5"], ["263.4", "256.5"], ["263.4", "144.4"]], "Module_type": "GATE"}, {"Ports": [{"Location": [["10.0", "330.3"], ["15.9", "330.3"], ["15.9", "354.9"], ["10.0", "354.9"]], "Type": "SD"}, {"Location": [["233.4", "318.1"], ["233.4", "349.9"], ["233.3", "349.9"], ["233.3", "367.1"], ["18.3", "367.1"], ["18.3", "318.1"]], "Type": "GATE"}, {"Location": [["224.3", "323.2"], ["229.3", "323.2"], ["229.3", "344.8"], ["224.3", "344.8"]], "Type": "SD"}], "Module": "M16", "Boundary": [["233.4", "318.1"], ["233.4", "349.9"], ["233.3", "349.9"], ["233.3", "367.1"], ["10.0", "367.1"], ["10.0", "318.1"]], "Module_type": "GATE"}, {"Ports": [{"Location": [["627.8", "276.0"], ["632.2", "276.0"], ["632.2", "356.6"], ["627.8", "356.6"]], "Type": "SD"}, {"Location": [["815.8", "264.6"], ["815.8", "353.4"], ["815.6", "353.4"], ["815.6", "368.0"], ["633.8", "368.0"], ["633.8", "264.6"]], "Type": "GATE"}, {"Location": [["806.0", "270.5"], ["810.9", "270.5"], ["810.9", "347.5"], ["806.0", "347.5"]], "Type": "SD"}], "Module": "M13", "Boundary": [["815.8", "264.6"], ["815.8", "353.4"], ["815.6", "353.4"], ["815.6", "368.0"], ["627.8", "368.0"], ["627.8", "264.6"]], "Module_type": "GATE"}, {"Ports": [{"Location": [["22.5", "156.8"], ["113.6", "156.8"], ["113.6", "162.0"], ["22.5", "162.0"]], "Type": "SD"}, {"Location": [["10.0", "10.0"], ["110.4", "10.0"], ["110.4", "49.1"], ["126.1", "49.1"], ["126.1", "154.0"], ["10.0", "154.0"]], "Type": "GATE"}, {"Location": [["15.6", "14.6"], ["103.8", "14.6"], ["103.8", "19.7"], ["15.6", "19.7"]], "Type": "SD"}], "Module": "M10", "Boundary": [["10.0", "10.0"], ["110.4", "10.0"], ["110.4", "49.1"], ["126.1", "49.1"], ["126.1", "162.0"], ["10.0", "162.0"]], "Module_type": "GATE"}, {"Ports": [{"Location": [["890.2", "212.9"], ["933.4", "212.9"], ["933.4", "217.1"], ["890.2", "217.1"]], "Type": "SD"}, {"Location": [["876.3", "20.0"], ["929.6", "20.0"], ["929.6", "20.1"], ["947.3", "20.1"], ["947.3", "210.3"], ["876.3", "210.3"]], "Type": "GATE"}, {"Location": [["882.6", "25.3"], ["923.3", "25.3"], ["923.3", "30.6"], ["882.6", "30.6"]], "Type": "SD"}], "Module": "M7", "Boundary": [["876.3", "20.0"], ["929.6", "20.0"], ["929.6", "20.1"], ["947.3", "20.1"], ["947.3", "217.1"], ["876.3", "217.1"]], "Module_type": "GATE"}, {"Ports": [{"Location": [["146.1", "24.4"], ["150.3", "24.4"], ["150.3", "100.0"], ["146.1", "100.0"]], "Type": "SD"}, {"Location": [["341.3", "10.0"], ["341.3", "114.4"], ["153.1", "114.4"], ["153.1", "10.0"]], "Type": "GATE"}, {"Location": [["330.1", "16.3"], ["336.0", "16.3"], ["336.0", "108.1"], ["330.1", "108.1"]], "Type": "SD"}], "Module": "M3", "Boundary": [["341.3", "10.0"], ["341.3", "114.4"], ["146.1", "114.4"], ["146.1", "10.0"]], "Module_type": "GATE"}, {"Ports": [{"Location": [["647.0", "22.9"], ["652.0", "22.9"], ["652.0", "79.1"], ["647.0", "79.1"]], "Type": "SD"}, {"Location": [["837.7", "10.0"], ["837.7", "75.8"], ["837.6", "75.8"], ["837.6", "92.0"], ["653.7", "92.0"], ["653.7", "10.0"]], "Type": "GATE"}, {"Location": [["827.3", "15.3"], ["833.4", "15.3"], ["833.4", "70.5"], ["827.3", "70.5"]], "Type": "SD"}], "Module": "M15", "Boundary": [["837.7", "10.0"], ["837.7", "75.8"], ["837.6", "75.8"], ["837.6", "92.0"], ["647.0", "92.0"], ["647.0", "10.0"]], "Module_type": "GATE"}, {"Ports": [{"Location": [["851.9", "367.8"], ["944.7", "367.8"], ["944.7", "372.6"], ["851.9", "372.6"]], "Type": "SD"}, {"Location": [["835.8", "258.9"], ["943.5", "258.9"], ["943.5", "259.5"], ["960.8", "259.5"], ["960.8", "366.7"], ["835.8", "366.7"]], "Type": "GATE"}, {"Location": [["842.5", "264.6"], ["936.8", "264.6"], ["936.8", "271.8"], ["842.5", "271.8"]], "Type": "SD"}], "Module": "M12", "Boundary": [["835.8", "258.9"], ["943.5", "258.9"], ["943.5", "259.5"], ["960.8", "259.5"], ["960.8", "372.6"], ["835.8", "372.6"]], "Module_type": "GATE"}, {"Ports": [{"Location": [["754.7", "224.1"], ["822.9", "224.1"], ["822.9", "228.9"], ["754.7", "228.9"]], "Type": "SD"}, {"Location": [["741.3", "122.0"], ["836.3", "122.0"], ["836.3", "222.5"], ["741.3", "222.5"]], "Type": "GATE"}, {"Location": [["746.5", "126.2"], ["831.1", "126.2"], ["831.1", "133.6"], ["746.5", "133.6"]], "Type": "SD"}], "Module": "M8", "Boundary": [["741.3", "122.0"], ["836.3", "122.0"], ["836.3", "228.9"], ["741.3", "228.9"]], "Module_type": "GATE"}, {"Ports": [{"Location": [["371.3", "34.7"], ["376.9", "34.7"], ["376.9", "72.2"], ["371.3", "72.2"]], "Type": "SD"}, {"Location": [["505.0", "20.0"], ["505.0", "86.9"], ["379.1", "86.9"], ["379.1", "20.0"]], "Type": "GATE"}, {"Location": [["492.4", "27.0"], ["499.0", "27.0"], ["499.0", "79.9"], ["492.4", "79.9"]], "Type": "SD"}], "Module": "M4", "Boundary": [["505.0", "20.0"], ["505.0", "86.9"], ["371.3", "86.9"], ["371.3", "20.0"]], "Module_type": "GATE"}], "Area": [["-30.0", "-30.0"], ["1000.8", "-30.0"], ["1000.8", "412.6"], ["-30.0", "412.6"]], "Rules": ["GATE(5,5)", "SD(5,5)", "GATE_SD(0.5)", "GATE_ITO(0.5)", "SD_ITO(0.5)"]}