{"Modules": [{"Module": "M14", "Boundary": [["614.2", "30.0"], ["614.2", "109.2"], ["399.1", "109.2"], ["399.1", "30.0"]], "Module_type": "GATE", "Ports": [{"Location": [["399.1", "43.4"], ["403.7", "43.4"], ["403.7", "95.8"], ["399.1", "95.8"]], "Type": "SD"}, {"Location": [["614.2", "30.0"], ["614.2", "109.2"], ["405.5", "109.2"], ["405.5", "30.0"]], "Type": "GATE"}, {"Location": [["602.7", "36.7"], ["608.5", "36.7"], ["608.5", "102.5"], ["602.7", "102.5"]], "Type": "SD"}]}, {"Ports": [{"Location": [["147.6", "420.8"], ["173.3", "420.8"], ["173.3", "425.4"], ["147.6", "425.4"]], "Type": "SD"}, {"Location": [["134.1", "311.8"], ["186.8", "311.8"], ["186.8", "417.8"], ["134.1", "417.8"]], "Type": "GATE"}, {"Location": [["139.6", "316.3"], ["181.3", "316.3"], ["181.3", "321.9"], ["139.6", "321.9"]], "Type": "SD"}], "Module": "M9", "Boundary": [["134.1", "311.8"], ["186.8", "311.8"], ["186.8", "425.4"], ["134.1", "425.4"]], "Module_type": "GATE"}, {"Ports": [{"Location": [["676.1", "164.8"], ["741.8", "164.8"], ["741.8", "168.9"], ["676.1", "168.9"]], "Type": "SD"}, {"Location": [["664.2", "20.0"], ["753.7", "20.0"], ["753.7", "162.2"], ["664.2", "162.2"]], "Type": "GATE"}, {"Location": [["670.1", "24.9"], ["747.8", "24.9"], ["747.8", "29.5"], ["670.1", "29.5"]], "Type": "SD"}], "Module": "M5", "Boundary": [["664.2", "20.0"], ["753.7", "20.0"], ["753.7", "168.9"], ["664.2", "168.9"]], "Module_type": "GATE"}, {"Ports": [{"Location": [["10.0", "274.6"], ["15.7", "274.6"], ["15.7", "296.8"], ["10.0", "296.8"]], "Type": "SD"}, {"Location": [["105.5", "261.5"], ["105.5", "309.9"], ["18.7", "309.9"], ["18.7", "261.5"]], "Type": "GATE"}, {"Location": [["94.0", "267.7"], ["100.3", "267.7"], ["100.3", "303.7"], ["94.0", "303.7"]], "Type": "SD"}], "Module": "M11", "Boundary": [["105.5", "261.5"], ["105.5", "309.9"], ["10.0", "309.9"], ["10.0", "261.5"]], "Module_type": "GATE"}, {"Ports": [{"Location": [["629.0", "339.0"], ["633.4", "339.0"], ["633.4", "432.3"], ["629.0", "432.3"]], "Type": "SD"}, {"Location": [["743.4", "326.5"], ["743.4", "444.8"], ["635.7", "444.8"], ["635.7", "326.5"]], "Type": "GATE"}, {"Location": [["733.6", "332.0"], ["738.9", "332.0"], ["738.9", "439.3"], ["733.6", "439.3"]], "Type": "SD"}], "Module": "M1", "Boundary": [["743.4", "326.5"], ["743.4", "444.8"], ["629.0", "444.8"], ["629.0", "326.5"]], "Module_type": "GATE"}, {"Ports": [{"Location": [["138.4", "230.2"], ["143.0", "230.2"], ["143.0", "280.0"], ["138.4", "280.0"]], "Type": "SD"}, {"Location": [["350.3", "218.4"], ["350.3", "291.8"], ["145.0", "291.8"], ["145.0", "218.4"]], "Type": "GATE"}, {"Location": [["340.1", "225.1"], ["344.6", "225.1"], ["344.6", "285.1"], ["340.1", "285.1"]], "Type": "SD"}], "Module": "M6", "Boundary": [["350.3", "218.4"], ["350.3", "291.8"], ["138.4", "291.8"], ["138.4", "218.4"]], "Module_type": "GATE"}, {"Ports": [{"Location": [["231.4", "443.5"], ["321.9", "443.5"], ["321.9", "447.8"], ["231.4", "447.8"]], "Type": "SD"}, {"Location": [["216.8", "321.8"], ["319.9", "321.8"], ["319.9", "322.0"], ["336.5", "322.0"], ["336.5", "441.7"], ["216.8", "441.7"]], "Type": "GATE"}, {"Location": [["223.6", "327.6"], ["313.1", "327.6"], ["313.1", "333.7"], ["223.6", "333.7"]], "Type": "SD"}], "Module": "M2", "Boundary": [["216.8", "321.8"], ["319.9", "321.8"], ["319.9", "322.0"], ["336.5", "322.0"], ["336.5", "447.8"], ["216.8", "447.8"]], "Module_type": "GATE"}, {"Ports": [{"Location": [["24.3", "441.5"], ["99.8", "441.5"], ["99.8", "447.0"], ["24.3", "447.0"]], "Type": "SD"}, {"Location": [["10.0", "329.9"], ["100.2", "329.9"], ["100.2", "330.1"], ["114.1", "330.1"], ["114.1", "440.4"], ["10.0", "440.4"]], "Type": "GATE"}, {"Location": [["16.5", "335.4"], ["93.7", "335.4"], ["93.7", "342.6"], ["16.5", "342.6"]], "Type": "SD"}], "Module": "M16", "Boundary": [["10.0", "329.9"], ["100.2", "329.9"], ["100.2", "330.1"], ["114.1", "330.1"], ["114.1", "447.0"], ["10.0", "447.0"]], "Module_type": "GATE"}, {"Ports": [{"Location": [["393.2", "283.6"], ["465.8", "283.6"], ["465.8", "287.9"], ["393.2", "287.9"]], "Type": "SD"}, {"Location": [["379.1", "149.2"], ["479.9", "149.2"], ["479.9", "281.2"], ["379.1", "281.2"]], "Type": "GATE"}, {"Location": [["385.3", "154.4"], ["473.7", "154.4"], ["473.7", "161.1"], ["385.3", "161.1"]], "Type": "SD"}], "Module": "M13", "Boundary": [["379.1", "149.2"], ["479.9", "149.2"], ["479.9", "287.9"], ["379.1", "287.9"]], "Module_type": "GATE"}, {"Ports": [{"Location": [["153.6", "193.2"], ["229.4", "193.2"], ["229.4", "198.4"], ["153.6", "198.4"]], "Type": "SD"}, {"Location": [["138.4", "10.0"], ["244.6", "10.0"], ["244.6", "191.2"], ["138.4", "191.2"]], "Type": "GATE"}, {"Location": [["144.8", "15.4"], ["238.2", "15.4"], ["238.2", "22.2"], ["144.8", "22.2"]], "Type": "SD"}], "Module": "M10", "Boundary": [["138.4", "10.0"], ["244.6", "10.0"], ["244.6", "198.4"], ["138.4", "198.4"]], "Module_type": "GATE"}, {"Ports": [{"Location": [["290.3", "170.7"], ["333.4", "170.7"], ["333.4", "175.3"], ["290.3", "175.3"]], "Type": "SD"}, {"Location": [["274.6", "20.0"], ["331.3", "20.0"], ["331.3", "20.3"], ["349.1", "20.3"], ["349.1", "168.9"], ["274.6", "168.9"]], "Type": "GATE"}, {"Location": [["281.3", "25.7"], ["324.6", "25.7"], ["324.6", "32.7"], ["281.3", "32.7"]], "Type": "SD"}], "Module": "M7", "Boundary": [["274.6", "20.0"], ["331.3", "20.0"], ["331.3", "20.3"], ["349.1", "20.3"], ["349.1", "175.3"], ["274.6", "175.3"]], "Module_type": "GATE"}, {"Ports": [{"Location": [["366.5", "408.3"], ["372.4", "408.3"], ["372.4", "450.9"], ["366.5", "450.9"]], "Type": "SD"}, {"Location": [["575.6", "395.3"], ["575.6", "463.9"], ["375.0", "463.9"], ["375.0", "395.3"]], "Type": "GATE"}, {"Location": [["565.7", "401.6"], ["570.3", "401.6"], ["570.3", "457.6"], ["565.7", "457.6"]], "Type": "SD"}], "Module": "M3", "Boundary": [["575.6", "395.3"], ["575.6", "463.9"], ["366.5", "463.9"], ["366.5", "395.3"]], "Module_type": "GATE"}, {"Ports": [{"Location": [["370.3", "321.6"], ["374.6", "321.6"], ["374.6", "361.6"], ["370.3", "361.6"]], "Type": "SD"}, {"Location": [["589.0", "307.9"], ["589.0", "375.3"], ["377.5", "375.3"], ["377.5", "307.9"]], "Type": "GATE"}, {"Location": [["578.1", "314.2"], ["583.7", "314.2"], ["583.7", "369.0"], ["578.1", "369.0"]], "Type": "SD"}], "Module": "M15", "Boundary": [["589.0", "307.9"], ["589.0", "375.3"], ["370.3", "375.3"], ["370.3", "307.9"]], "Module_type": "GATE"}, {"Ports": [{"Location": [["624.7", "213.9"], ["628.8", "213.9"], ["628.8", "271.5"], ["624.7", "271.5"]], "Type": "SD"}, {"Location": [["742.2", "198.9"], ["742.2", "286.5"], ["630.9", "286.5"], ["630.9", "198.9"]], "Type": "GATE"}, {"Location": [["729.6", "205.8"], ["736.3", "205.8"], ["736.3", "279.6"], ["729.6", "279.6"]], "Type": "SD"}], "Module": "M12", "Boundary": [["742.2", "198.9"], ["742.2", "286.5"], ["624.7", "286.5"], ["624.7", "198.9"]], "Module_type": "GATE"}, {"Ports": [{"Location": [["522.5", "258.6"], ["582.1", "258.6"], ["582.1", "263.3"], ["522.5", "263.3"]], "Type": "SD"}, {"Location": [["509.9", "159.2"], ["581.3", "159.2"], ["581.3", "159.2"], ["594.7", "159.2"], ["594.7", "255.8"], ["509.9", "255.8"]], "Type": "GATE"}, {"Location": [["515.6", "163.9"], ["575.6", "163.9"], ["575.6", "170.0"], ["515.6", "170.0"]], "Type": "SD"}], "Module": "M8", "Boundary": [["509.9", "159.2"], ["581.3", "159.2"], ["581.3", "159.2"], ["594.7", "159.2"], ["594.7", "263.3"], ["509.9", "263.3"]], "Module_type": "GATE"}], "Area": [["-30.0", "-30.0"], ["793.7", "-30.0"], ["793.7", "503.9"], ["-30.0", "503.9"]], "Rules": ["GATE(5,5)", "SD(5,5)", "GATE_SD(0.5)", "GATE_ITO(0.5)", "SD_ITO(0.5)"]}