{"Modules": [{"Module": "M14", "Boundary": [["294.7", "209.8"], ["294.7", "296.1"], ["212.7", "296.1"], ["212.7", "312.4"], ["153.8", "312.4"], ["153.8", "209.8"]], "Module_type": "GATE", "Ports": [{"Location": [["153.8", "222.6"], ["158.7", "222.6"], ["158.7", "299.6"], ["153.8", "299.6"]], "Type": "SD"}, {"Location": [["294.7", "209.8"], ["294.7", "296.1"], ["212.7", "296.1"], ["212.7", "312.4"], ["159.7", "312.4"], ["159.7", "209.8"]], "Type": "GATE"}, {"Location": [["284.6", "215.6"], ["289.9", "215.6"], ["289.9", "289.3"], ["284.6", "289.3"]], "Type": "SD"}]}, {"Ports": [{"Location": [["182.7", "131.6"], ["186.9", "131.6"], ["186.9", "156.2"], ["182.7", "156.2"]], "Type": "SD"}, {"Location": [["297.8", "118.0"], ["297.8", "152.8"], ["297.7", "152.8"], ["297.7", "169.8"], ["188.9", "169.8"], ["188.9", "118.0"]], "Type": "GATE"}, {"Location": [["287.2", "124.9"], ["291.9", "124.9"], ["291.9", "145.9"], ["287.2", "145.9"]], "Type": "SD"}], "Module": "M9", "Boundary": [["297.8", "118.0"], ["297.8", "152.8"], ["297.7", "152.8"], ["297.7", "169.8"], ["182.7", "169.8"], ["182.7", "118.0"]], "Module_type": "GATE"}, {"Ports": [{"Location": [["192.7", "34.7"], ["197.5", "34.7"], ["197.5", "73.3"], ["192.7", "73.3"]], "Type": "SD"}, {"Location": [["288.1", "20.0"], ["288.1", "71.7"], ["287.9", "71.7"], ["287.9", "88.0"], ["198.9", "88.0"], ["198.9", "20.0"]], "Type": "GATE"}, {"Location": [["276.9", "26.0"], ["283.1", "26.0"], ["283.1", "65.7"], ["276.9", "65.7"]], "Type": "SD"}], "Module": "M5", "Boundary": [["288.1", "20.0"], ["288.1", "71.7"], ["287.9", "71.7"], ["287.9", "88.0"], ["192.7", "88.0"], ["192.7", "20.0"]], "Module_type": "GATE"}, {"Ports": [{"Location": [["249.2", "622.5"], ["254.7", "622.5"], ["254.7", "699.6"], ["249.2", "699.6"]], "Type": "SD"}, {"Location": [["375.0", "608.8"], ["375.0", "699.2"], ["374.6", "699.2"], ["374.6", "713.3"], ["256.2", "713.3"], ["256.2", "608.8"]], "Type": "GATE"}, {"Location": [["363.2", "614.9"], ["369.9", "614.9"], ["369.9", "693.1"], ["363.2", "693.1"]], "Type": "SD"}], "Module": "M11", "Boundary": [["375.0", "608.8"], ["375.0", "699.2"], ["374.6", "699.2"], ["374.6", "713.3"], ["249.2", "713.3"], ["249.2", "608.8"]], "Module_type": "GATE"}, {"Ports": [{"Location": [["338.1", "42.5"], ["343.0", "42.5"], ["343.0", "123.7"], ["338.1", "123.7"]], "Type": "SD"}, {"Location": [["449.5", "30.0"], ["449.5", "121.3"], ["449.2", "121.3"], ["449.2", "136.2"], ["345.3", "136.2"], ["345.3", "30.0"]], "Type": "GATE"}, {"Location": [["438.9", "35.5"], ["445.0", "35.5"], ["445.0", "115.8"], ["438.9", "115.8"]], "Type": "SD"}], "Module": "M1", "Boundary": [["449.5", "30.0"], ["449.5", "121.3"], ["449.2", "121.3"], ["449.2", "136.2"], ["338.1", "136.2"], ["338.1", "30.0"]], "Module_type": "GATE"}, {"Ports": [{"Location": [["249.2", "508.0"], ["254.0", "508.0"], ["254.0", "575.2"], ["249.2", "575.2"]], "Type": "SD"}, {"Location": [["366.6", "494.4"], ["366.6", "574.6"], ["347.8", "574.6"], ["347.8", "588.8"], ["255.6", "588.8"], ["255.6", "494.4"]], "Type": "GATE"}, {"Location": [["355.1", "500.1"], ["361.9", "500.1"], ["361.9", "567.9"], ["355.1", "567.9"]], "Type": "SD"}], "Module": "M6", "Boundary": [["366.6", "494.4"], ["366.6", "574.6"], ["347.8", "574.6"], ["347.8", "588.8"], ["249.2", "588.8"], ["249.2", "494.4"]], "Module_type": "GATE"}, {"Ports": [{"Location": [["20.0", "513.5"], ["25.1", "513.5"], ["25.1", "590.5"], ["20.0", "590.5"]], "Type": "SD"}, {"Location": [["219.2", "500.2"], ["219.2", "587.5"], ["202.1", "587.5"], ["202.1", "603.8"], ["27.3", "603.8"], ["27.3", "500.2"]], "Type": "GATE"}, {"Location": [["208.7", "506.6"], ["213.8", "506.6"], ["213.8", "580.1"], ["208.7", "580.1"]], "Type": "SD"}], "Module": "M2", "Boundary": [["219.2", "500.2"], ["219.2", "587.5"], ["202.1", "587.5"], ["202.1", "603.8"], ["20.0", "603.8"], ["20.0", "500.2"]], "Module_type": "GATE"}, {"Ports": [{"Location": [["26.7", "464.6"], ["84.6", "464.6"], ["84.6", "470.2"], ["26.7", "470.2"]], "Type": "SD"}, {"Location": [["10.0", "311.7"], ["85.0", "311.7"], ["85.0", "402.7"], ["101.3", "402.7"], ["101.3", "461.9"], ["10.0", "461.9"]], "Type": "GATE"}, {"Location": [["16.9", "317.6"], ["77.1", "317.6"], ["77.1", "325.1"], ["16.9", "325.1"]], "Type": "SD"}], "Module": "M16", "Boundary": [["10.0", "311.7"], ["85.0", "311.7"], ["85.0", "402.7"], ["101.3", "402.7"], ["101.3", "470.2"], ["10.0", "470.2"]], "Module_type": "GATE"}, {"Ports": [{"Location": [["25.1", "175.8"], ["64.4", "175.8"], ["64.4", "181.0"], ["25.1", "181.0"]], "Type": "SD"}, {"Location": [["10.0", "10.0"], ["79.5", "10.0"], ["79.5", "173.3"], ["10.0", "173.3"]], "Type": "GATE"}, {"Location": [["16.8", "15.8"], ["72.7", "15.8"], ["72.7", "22.3"], ["16.8", "22.3"]], "Type": "SD"}], "Module": "M13", "Boundary": [["10.0", "10.0"], ["79.5", "10.0"], ["79.5", "181.0"], ["10.0", "181.0"]], "Module_type": "GATE"}, {"Ports": [{"Location": [["409.4", "707.6"], ["451.3", "707.6"], ["451.3", "712.8"], ["409.4", "712.8"]], "Type": "SD"}, {"Location": [["395.0", "494.4"], ["449.5", "494.4"], ["449.5", "590.9"], ["465.7", "590.9"], ["465.7", "705.0"], ["395.0", "705.0"]], "Type": "GATE"}, {"Location": [["400.5", "498.9"], ["443.0", "498.9"], ["443.0", "506.2"], ["400.5", "506.2"]], "Type": "SD"}], "Module": "M10", "Boundary": [["395.0", "494.4"], ["449.5", "494.4"], ["449.5", "590.9"], ["465.7", "590.9"], ["465.7", "712.8"], ["395.0", "712.8"]], "Module_type": "GATE"}, {"Ports": [{"Location": [["344.7", "198.7"], ["348.8", "198.7"], ["348.8", "284.2"], ["344.7", "284.2"]], "Type": "SD"}, {"Location": [["453.4", "186.2"], ["453.4", "280.9"], ["453.2", "280.9"], ["453.2", "296.7"], ["351.2", "296.7"], ["351.2", "186.2"]], "Type": "GATE"}, {"Location": [["444.0", "191.7"], ["448.9", "191.7"], ["448.9", "275.4"], ["444.0", "275.4"]], "Type": "SD"}], "Module": "M7", "Boundary": [["453.4", "186.2"], ["453.4", "280.9"], ["453.2", "280.9"], ["453.2", "296.7"], ["344.7", "296.7"], ["344.7", "186.2"]], "Module_type": "GATE"}, {"Ports": [{"Location": [["24.0", "287.2"], ["99.8", "287.2"], ["99.8", "291.7"], ["24.0", "291.7"]], "Type": "SD"}, {"Location": [["10.0", "201.0"], ["96.4", "201.0"], ["96.4", "201.1"], ["113.8", "201.1"], ["113.8", "285.5"], ["10.0", "285.5"]], "Type": "GATE"}, {"Location": [["16.0", "206.0"], ["90.4", "206.0"], ["90.4", "211.7"], ["16.0", "211.7"]], "Type": "SD"}], "Module": "M3", "Boundary": [["10.0", "201.0"], ["96.4", "201.0"], ["96.4", "201.1"], ["113.8", "201.1"], ["113.8", "291.7"], ["10.0", "291.7"]], "Module_type": "GATE"}, {"Ports": [{"Location": [["112.0", "100.3"], ["150.2", "100.3"], ["150.2", "105.8"], ["112.0", "105.8"]], "Type": "SD"}, {"Location": [["99.5", "10.0"], ["162.7", "10.0"], ["162.7", "99.1"], ["99.5", "99.1"]], "Type": "GATE"}, {"Location": [["105.2", "14.7"], ["157.0", "14.7"], ["157.0", "19.8"], ["105.2", "19.8"]], "Type": "SD"}], "Module": "M15", "Boundary": [["99.5", "10.0"], ["162.7", "10.0"], ["162.7", "105.8"], ["99.5", "105.8"]], "Module_type": "GATE"}, {"Ports": [{"Location": [["371.3", "469.6"], ["453.5", "469.6"], ["453.5", "474.4"], ["371.3", "474.4"]], "Type": "SD"}, {"Location": [["356.6", "326.7"], ["450.5", "326.7"], ["450.5", "388.4"], ["468.2", "388.4"], ["468.2", "468.3"], ["356.6", "468.3"]], "Type": "GATE"}, {"Location": [["362.5", "331.6"], ["443.6", "331.6"], ["443.6", "338.0"], ["362.5", "338.0"]], "Type": "SD"}], "Module": "M12", "Boundary": [["356.6", "326.7"], ["450.5", "326.7"], ["450.5", "388.4"], ["468.2", "388.4"], ["468.2", "474.4"], ["356.6", "474.4"]], "Module_type": "GATE"}, {"Ports": [{"Location": [["131.3", "376.6"], ["136.5", "376.6"], ["136.5", "444.8"], ["131.3", "444.8"]], "Type": "SD"}, {"Location": [["326.6", "362.4"], ["326.6", "444.8"], ["310.0", "444.8"], ["310.0", "459.0"], ["138.6", "459.0"], ["138.6", "362.4"]], "Type": "GATE"}, {"Location": [["314.0", "369.3"], ["320.7", "369.3"], ["320.7", "436.9"], ["314.0", "436.9"]], "Type": "SD"}], "Module": "M8", "Boundary": [["326.6", "362.4"], ["326.6", "444.8"], ["310.0", "444.8"], ["310.0", "459.0"], ["131.3", "459.0"], ["131.3", "362.4"]], "Module_type": "GATE"}, {"Ports": [{"Location": [["20.0", "654.7"], ["25.6", "654.7"], ["25.6", "693.1"], ["20.0", "693.1"]], "Type": "SD"}, {"Location": [["207.1", "643.8"], ["207.1", "689.7"], ["108.3", "689.7"], ["108.3", "704.0"], ["27.2", "704.0"], ["27.2", "643.8"]], "Type": "GATE"}, {"Location": [["198.2", "648.8"], ["203.1", "648.8"], ["203.1", "683.7"], ["198.2", "683.7"]], "Type": "SD"}], "Module": "M4", "Boundary": [["207.1", "643.8"], ["207.1", "689.7"], ["108.3", "689.7"], ["108.3", "704.0"], ["20.0", "704.0"], ["20.0", "643.8"]], "Module_type": "GATE"}], "Area": [["-30.0", "-30.0"], ["508.2", "-30.0"], ["508.2", "753.3"], ["-30.0", "753.3"]], "Rules": ["GATE(5,5)", "SD(5,5)", "GATE_SD(0.5)", "GATE_ITO(0.5)", "SD_ITO(0.5)"]}