{"Modules": [{"Module": "M14", "Boundary": [["217.0", "292.6"], ["217.0", "374.9"], ["104.1", "374.9"], ["104.1", "389.9"], ["30.0", "389.9"], ["30.0", "292.6"]], "Module_type": "GATE", "Ports": [{"Location": [["30.0", "306.1"], ["35.2", "306.1"], ["35.2", "376.4"], ["30.0", "376.4"]], "Type": "SD"}, {"Location": [["217.0", "292.6"], ["217.0", "374.9"], ["104.1", "374.9"], ["104.1", "389.9"], ["37.2", "389.9"], ["37.2", "292.6"]], "Type": "GATE"}, {"Location": [["206.0", "297.8"], ["212.8", "297.8"], ["212.8", "368.7"], ["206.0", "368.7"]], "Type": "SD"}]}, {"Ports": [{"Location": [["173.2", "805.2"], ["179.1", "805.2"], ["179.1", "866.7"], ["173.2", "866.7"]], "Type": "SD"}, {"Location": [["390.8", "792.0"], ["390.8", "879.9"], ["182.0", "879.9"], ["182.0", "792.0"]], "Type": "GATE"}, {"Location": [["381.0", "798.3"], ["385.5", "798.3"], ["385.5", "873.6"], ["381.0", "873.6"]], "Type": "SD"}], "Module": "M9", "Boundary": [["390.8", "792.0"], ["390.8", "879.9"], ["173.2", "879.9"], ["173.2", "792.0"]], "Module_type": "GATE"}, {"Ports": [{"Location": [["332.8", "163.2"], ["407.2", "163.2"], ["407.2", "167.6"], ["332.8", "167.6"]], "Type": "SD"}, {"Location": [["318.7", "20.0"], ["421.3", "20.0"], ["421.3", "160.2"], ["318.7", "160.2"]], "Type": "GATE"}, {"Location": [["325.5", "25.8"], ["414.5", "25.8"], ["414.5", "31.1"], ["325.5", "31.1"]], "Type": "SD"}], "Module": "M5", "Boundary": [["318.7", "20.0"], ["421.3", "20.0"], ["421.3", "167.6"], ["318.7", "167.6"]], "Module_type": "GATE"}, {"Ports": [{"Location": [["308.7", "211.9"], ["313.8", "211.9"], ["313.8", "257.8"], ["308.7", "257.8"]], "Type": "SD"}, {"Location": [["436.7", "197.6"], ["436.7", "253.0"], ["436.6", "253.0"], ["436.6", "272.1"], ["315.6", "272.1"], ["315.6", "197.6"]], "Type": "GATE"}, {"Location": [["425.6", "203.1"], ["432.2", "203.1"], ["432.2", "247.5"], ["425.6", "247.5"]], "Type": "SD"}], "Module": "M11", "Boundary": [["436.7", "197.6"], ["436.7", "253.0"], ["436.6", "253.0"], ["436.6", "272.1"], ["308.7", "272.1"], ["308.7", "197.6"]], "Module_type": "GATE"}, {"Ports": [{"Location": [["174.8", "206.8"], ["254.3", "206.8"], ["254.3", "211.9"], ["174.8", "211.9"]], "Type": "SD"}, {"Location": [["160.4", "30.0"], ["268.7", "30.0"], ["268.7", "205.4"], ["160.4", "205.4"]], "Type": "GATE"}, {"Location": [["165.9", "34.5"], ["263.2", "34.5"], ["263.2", "41.6"], ["165.9", "41.6"]], "Type": "SD"}], "Module": "M1", "Boundary": [["160.4", "30.0"], ["268.7", "30.0"], ["268.7", "211.9"], ["160.4", "211.9"]], "Module_type": "GATE"}, {"Ports": [{"Location": [["378.8", "587.1"], ["420.2", "587.1"], ["420.2", "591.9"], ["378.8", "591.9"]], "Type": "SD"}, {"Location": [["365.4", "401.6"], ["417.2", "401.6"], ["417.2", "468.8"], ["433.6", "468.8"], ["433.6", "585.8"], ["365.4", "585.8"]], "Type": "GATE"}, {"Location": [["371.3", "406.5"], ["410.3", "406.5"], ["410.3", "411.7"], ["371.3", "411.7"]], "Type": "SD"}], "Module": "M6", "Boundary": [["365.4", "401.6"], ["417.2", "401.6"], ["417.2", "468.8"], ["433.6", "468.8"], ["433.6", "591.9"], ["365.4", "591.9"]], "Module_type": "GATE"}, {"Ports": [{"Location": [["183.2", "686.7"], ["188.6", "686.7"], ["188.6", "747.5"], ["183.2", "747.5"]], "Type": "SD"}, {"Location": [["331.4", "672.2"], ["331.4", "745.2"], ["294.6", "745.2"], ["294.6", "762.0"], ["190.3", "762.0"], ["190.3", "672.2"]], "Type": "GATE"}, {"Location": [["320.1", "679.0"], ["325.6", "679.0"], ["325.6", "737.4"], ["320.1", "737.4"]], "Type": "SD"}], "Module": "M2", "Boundary": [["331.4", "672.2"], ["331.4", "745.2"], ["294.6", "745.2"], ["294.6", "762.0"], ["183.2", "762.0"], ["183.2", "672.2"]], "Module_type": "GATE"}, {"Ports": [{"Location": [["10.0", "607.6"], ["15.6", "607.6"], ["15.6", "649.5"], ["10.0", "649.5"]], "Type": "SD"}, {"Location": [["121.3", "592.3"], ["121.3", "648.5"], ["79.4", "648.5"], ["79.4", "664.8"], ["17.3", "664.8"], ["17.3", "592.3"]], "Type": "GATE"}, {"Location": [["108.6", "598.4"], ["116.2", "598.4"], ["116.2", "641.4"], ["108.6", "641.4"]], "Type": "SD"}], "Module": "M16", "Boundary": [["121.3", "592.3"], ["121.3", "648.5"], ["79.4", "648.5"], ["79.4", "664.8"], ["10.0", "664.8"], ["10.0", "592.3"]], "Module_type": "GATE"}, {"Ports": [{"Location": [["373.4", "764.1"], ["421.0", "764.1"], ["421.0", "769.5"], ["373.4", "769.5"]], "Type": "SD"}, {"Location": [["361.4", "611.9"], ["419.2", "611.9"], ["419.2", "612.1"], ["433.0", "612.1"], ["433.0", "762.4"], ["361.4", "762.4"]], "Type": "GATE"}, {"Location": [["366.6", "616.1"], ["414.0", "616.1"], ["414.0", "621.8"], ["366.6", "621.8"]], "Type": "SD"}], "Module": "M13", "Boundary": [["361.4", "611.9"], ["419.2", "611.9"], ["419.2", "612.1"], ["433.0", "612.1"], ["433.0", "769.5"], ["361.4", "769.5"]], "Module_type": "GATE"}, {"Ports": [{"Location": [["270.9", "398.4"], ["325.3", "398.4"], ["325.3", "403.0"], ["270.9", "403.0"]], "Type": "SD"}, {"Location": [["257.0", "292.1"], ["324.1", "292.1"], ["324.1", "334.7"], ["339.2", "334.7"], ["339.2", "395.5"], ["257.0", "395.5"]], "Type": "GATE"}, {"Location": [["262.4", "296.5"], ["317.7", "296.5"], ["317.7", "303.2"], ["262.4", "303.2"]], "Type": "SD"}], "Module": "M10", "Boundary": [["257.0", "292.1"], ["324.1", "292.1"], ["324.1", "334.7"], ["339.2", "334.7"], ["339.2", "403.0"], ["257.0", "403.0"]], "Module_type": "GATE"}, {"Ports": [{"Location": [["133.7", "454.5"], ["139.5", "454.5"], ["139.5", "497.6"], ["133.7", "497.6"]], "Type": "SD"}, {"Location": [["335.4", "439.9"], ["335.4", "494.5"], ["335.3", "494.5"], ["335.3", "512.2"], ["142.0", "512.2"], ["142.0", "439.9"]], "Type": "GATE"}, {"Location": [["323.9", "446.7"], ["329.6", "446.7"], ["329.6", "487.7"], ["323.9", "487.7"]], "Type": "SD"}], "Module": "M7", "Boundary": [["335.4", "439.9"], ["335.4", "494.5"], ["335.3", "494.5"], ["335.3", "512.2"], ["133.7", "512.2"], ["133.7", "439.9"]], "Module_type": "GATE"}, {"Ports": [{"Location": [["21.7", "567.7"], ["92.0", "567.7"], ["92.0", "572.3"], ["21.7", "572.3"]], "Type": "SD"}, {"Location": [["10.0", "429.9"], ["88.0", "429.9"], ["88.0", "430.3"], ["103.7", "430.3"], ["103.7", "565.1"], ["10.0", "565.1"]], "Type": "GATE"}, {"Location": [["15.4", "434.3"], ["82.6", "434.3"], ["82.6", "439.2"], ["15.4", "439.2"]], "Type": "SD"}], "Module": "M3", "Boundary": [["10.0", "429.9"], ["88.0", "429.9"], ["88.0", "430.3"], ["103.7", "430.3"], ["103.7", "572.3"], ["10.0", "572.3"]], "Module_type": "GATE"}, {"Ports": [{"Location": [["371.2", "376.9"], ["425.3", "376.9"], ["425.3", "381.6"], ["371.2", "381.6"]], "Type": "SD"}, {"Location": [["359.2", "292.1"], ["421.5", "292.1"], ["421.5", "292.4"], ["437.3", "292.4"], ["437.3", "374.4"], ["359.2", "374.4"]], "Type": "GATE"}, {"Location": [["364.5", "296.4"], ["416.2", "296.4"], ["416.2", "301.5"], ["364.5", "301.5"]], "Type": "SD"}], "Module": "M15", "Boundary": [["359.2", "292.1"], ["421.5", "292.1"], ["421.5", "292.4"], ["437.3", "292.4"], ["437.3", "381.6"], ["359.2", "381.6"]], "Module_type": "GATE"}, {"Ports": [{"Location": [["141.3", "556.3"], ["145.5", "556.3"], ["145.5", "628.1"], ["141.3", "628.1"]], "Type": "SD"}, {"Location": [["339.4", "542.2"], ["339.4", "627.0"], ["236.5", "627.0"], ["236.5", "642.2"], ["148.5", "642.2"], ["148.5", "542.2"]], "Type": "GATE"}, {"Location": [["328.3", "549.0"], ["333.6", "549.0"], ["333.6", "619.2"], ["328.3", "619.2"]], "Type": "SD"}], "Module": "M12", "Boundary": [["339.4", "542.2"], ["339.4", "627.0"], ["236.5", "627.0"], ["236.5", "642.2"], ["141.3", "642.2"], ["141.3", "542.2"]], "Module_type": "GATE"}, {"Ports": [{"Location": [["33.8", "237.9"], ["96.6", "237.9"], ["96.6", "242.6"], ["33.8", "242.6"]], "Type": "SD"}, {"Location": [["20.0", "20.0"], ["97.3", "20.0"], ["97.3", "118.0"], ["110.4", "118.0"], ["110.4", "235.0"], ["20.0", "235.0"]], "Type": "GATE"}, {"Location": [["26.1", "25.1"], ["90.2", "25.1"], ["90.2", "31.9"], ["26.1", "31.9"]], "Type": "SD"}], "Module": "M8", "Boundary": [["20.0", "20.0"], ["97.3", "20.0"], ["97.3", "118.0"], ["110.4", "118.0"], ["110.4", "242.6"], ["20.0", "242.6"]], "Module_type": "GATE"}], "Area": [["-30.0", "-20.0"], ["477.3", "-20.0"], ["477.3", "919.9"], ["-30.0", "919.9"]], "Rules": ["GATE(5,5)", "SD(5,5)", "GATE_SD(0.5)", "GATE_ITO(0.5)", "SD_ITO(0.5)"]}