{"Modules": [{"Module": "M14", "Boundary": [["166.5", "302.1"], ["166.5", "399.8"], ["111.1", "399.8"], ["111.1", "414.5"], ["30.0", "414.5"], ["30.0", "302.1"]], "Module_type": "GATE", "Ports": [{"Location": [["30.0", "316.0"], ["34.3", "316.0"], ["34.3", "400.6"], ["30.0", "400.6"]], "Type": "SD"}, {"Location": [["166.5", "302.1"], ["166.5", "399.8"], ["111.1", "399.8"], ["111.1", "414.5"], ["36.4", "414.5"], ["36.4", "302.1"]], "Type": "GATE"}, {"Location": [["155.4", "307.4"], ["162.2", "307.4"], ["162.2", "393.5"], ["155.4", "393.5"]], "Type": "SD"}]}, {"Ports": [{"Location": [["10.0", "209.9"], ["15.6", "209.9"], ["15.6", "249.3"], ["10.0", "249.3"]], "Type": "SD"}, {"Location": [["182.0", "197.1"], ["182.0", "246.3"], ["182.0", "246.3"], ["182.0", "262.1"], ["17.2", "262.1"], ["17.2", "197.1"]], "Type": "GATE"}, {"Location": [["170.9", "202.9"], ["177.2", "202.9"], ["177.2", "240.5"], ["170.9", "240.5"]], "Type": "SD"}], "Module": "M9", "Boundary": [["182.0", "197.1"], ["182.0", "246.3"], ["182.0", "246.3"], ["182.0", "262.1"], ["10.0", "262.1"], ["10.0", "197.1"]], "Module_type": "GATE"}, {"Ports": [{"Location": [["31.7", "823.5"], ["70.1", "823.5"], ["70.1", "828.9"], ["31.7", "828.9"]], "Type": "SD"}, {"Location": [["20.0", "631.6"], ["81.8", "631.6"], ["81.8", "820.6"], ["20.0", "820.6"]], "Type": "GATE"}, {"Location": [["25.6", "636.2"], ["76.2", "636.2"], ["76.2", "640.8"], ["25.6", "640.8"]], "Type": "SD"}], "Module": "M5", "Boundary": [["20.0", "631.6"], ["81.8", "631.6"], ["81.8", "828.9"], ["20.0", "828.9"]], "Module_type": "GATE"}, {"Ports": [{"Location": [["225.6", "513.7"], ["319.8", "513.7"], ["319.8", "519.4"], ["225.6", "519.4"]], "Type": "SD"}, {"Location": [["212.7", "432.0"], ["332.7", "432.0"], ["332.7", "511.7"], ["212.7", "511.7"]], "Type": "GATE"}, {"Location": [["218.0", "436.3"], ["327.4", "436.3"], ["327.4", "441.5"], ["218.0", "441.5"]], "Type": "SD"}], "Module": "M11", "Boundary": [["212.7", "432.0"], ["332.7", "432.0"], ["332.7", "519.4"], ["212.7", "519.4"]], "Module_type": "GATE"}, {"Ports": [{"Location": [["149.4", "152.5"], ["186.1", "152.5"], ["186.1", "157.1"], ["149.4", "157.1"]], "Type": "SD"}, {"Location": [["136.8", "30.0"], ["198.7", "30.0"], ["198.7", "150.1"], ["136.8", "150.1"]], "Type": "GATE"}, {"Location": [["141.8", "34.0"], ["193.7", "34.0"], ["193.7", "39.8"], ["141.8", "39.8"]], "Type": "SD"}], "Module": "M1", "Boundary": [["136.8", "30.0"], ["198.7", "30.0"], ["198.7", "157.1"], ["136.8", "157.1"]], "Module_type": "GATE"}, {"Ports": [{"Location": [["280.9", "988.1"], ["321.8", "988.1"], ["321.8", "993.2"], ["280.9", "993.2"]], "Type": "SD"}, {"Location": [["267.3", "768.5"], ["319.5", "768.5"], ["319.5", "868.7"], ["335.4", "868.7"], ["335.4", "986.5"], ["267.3", "986.5"]], "Type": "GATE"}, {"Location": [["272.7", "772.9"], ["313.1", "772.9"], ["313.1", "778.9"], ["272.7", "778.9"]], "Type": "SD"}], "Module": "M6", "Boundary": [["267.3", "768.5"], ["319.5", "768.5"], ["319.5", "868.7"], ["335.4", "868.7"], ["335.4", "993.2"], ["267.3", "993.2"]], "Module_type": "GATE"}, {"Ports": [{"Location": [["216.5", "324.9"], ["221.2", "324.9"], ["221.2", "386.0"], ["216.5", "386.0"]], "Type": "SD"}, {"Location": [["320.1", "308.9"], ["320.1", "385.0"], ["312.4", "385.0"], ["312.4", "402.0"], ["222.6", "402.0"], ["222.6", "308.9"]], "Type": "GATE"}, {"Location": [["307.4", "315.7"], ["314.3", "315.7"], ["314.3", "377.2"], ["307.4", "377.2"]], "Type": "SD"}], "Module": "M2", "Boundary": [["320.1", "308.9"], ["320.1", "385.0"], ["312.4", "385.0"], ["312.4", "402.0"], ["216.5", "402.0"], ["216.5", "308.9"]], "Module_type": "GATE"}, {"Ports": [{"Location": [["131.2", "608.1"], ["177.3", "608.1"], ["177.3", "612.2"], ["131.2", "612.2"]], "Type": "SD"}, {"Location": [["115.8", "454.5"], ["174.5", "454.5"], ["174.5", "481.0"], ["192.7", "481.0"], ["192.7", "606.0"], ["115.8", "606.0"]], "Type": "GATE"}, {"Location": [["122.0", "459.7"], ["167.3", "459.7"], ["167.3", "466.6"], ["122.0", "466.6"]], "Type": "SD"}], "Module": "M16", "Boundary": [["115.8", "454.5"], ["174.5", "454.5"], ["174.5", "481.0"], ["192.7", "481.0"], ["192.7", "612.2"], ["115.8", "612.2"]], "Module_type": "GATE"}, {"Ports": [{"Location": [["22.6", "165.4"], ["84.2", "165.4"], ["84.2", "171.2"], ["22.6", "171.2"]], "Type": "SD"}, {"Location": [["10.0", "10.0"], ["96.8", "10.0"], ["96.8", "163.9"], ["10.0", "163.9"]], "Type": "GATE"}, {"Location": [["16.3", "15.3"], ["90.5", "15.3"], ["90.5", "21.1"], ["16.3", "21.1"]], "Type": "SD"}], "Module": "M13", "Boundary": [["10.0", "10.0"], ["96.8", "10.0"], ["96.8", "171.2"], ["10.0", "171.2"]], "Module_type": "GATE"}, {"Ports": [{"Location": [["115.8", "782.4"], ["120.9", "782.4"], ["120.9", "833.5"], ["115.8", "833.5"]], "Type": "SD"}, {"Location": [["245.6", "768.5"], ["245.6", "833.5"], ["172.3", "833.5"], ["172.3", "847.4"], ["122.9", "847.4"], ["122.9", "768.5"]], "Type": "GATE"}, {"Location": [["233.5", "775.1"], ["240.0", "775.1"], ["240.0", "825.9"], ["233.5", "825.9"]], "Type": "SD"}], "Module": "M10", "Boundary": [["245.6", "768.5"], ["245.6", "833.5"], ["172.3", "833.5"], ["172.3", "847.4"], ["115.8", "847.4"], ["115.8", "768.5"]], "Module_type": "GATE"}, {"Ports": [{"Location": [["20.0", "893.4"], ["25.3", "893.4"], ["25.3", "968.6"], ["20.0", "968.6"]], "Type": "SD"}, {"Location": [["237.3", "877.4"], ["237.3", "984.6"], ["26.3", "984.6"], ["26.3", "877.4"]], "Type": "GATE"}, {"Location": [["224.3", "884.2"], ["231.5", "884.2"], ["231.5", "977.8"], ["224.3", "977.8"]], "Type": "SD"}], "Module": "M7", "Boundary": [["237.3", "877.4"], ["237.3", "984.6"], ["20.0", "984.6"], ["20.0", "877.4"]], "Module_type": "GATE"}, {"Ports": [{"Location": [["227.5", "606.0"], ["318.4", "606.0"], ["318.4", "610.6"], ["227.5", "610.6"]], "Type": "SD"}, {"Location": [["212.7", "539.4"], ["316.5", "539.4"], ["316.5", "540.0"], ["333.2", "540.0"], ["333.2", "603.8"], ["212.7", "603.8"]], "Type": "GATE"}, {"Location": [["219.2", "544.9"], ["310.0", "544.9"], ["310.0", "551.4"], ["219.2", "551.4"]], "Type": "SD"}], "Module": "M3", "Boundary": [["212.7", "539.4"], ["316.5", "539.4"], ["316.5", "540.0"], ["333.2", "540.0"], ["333.2", "610.6"], ["212.7", "610.6"]], "Module_type": "GATE"}, {"Ports": [{"Location": [["221.1", "274.0"], ["269.6", "274.0"], ["269.6", "278.9"], ["221.1", "278.9"]], "Type": "SD"}, {"Location": [["206.5", "208.8"], ["270.1", "208.8"], ["270.1", "209.1"], ["284.2", "209.1"], ["284.2", "272.9"], ["206.5", "272.9"]], "Type": "GATE"}, {"Location": [["213.3", "214.6"], ["263.3", "214.6"], ["263.3", "221.8"], ["213.3", "221.8"]], "Type": "SD"}], "Module": "M15", "Boundary": [["206.5", "208.8"], ["270.1", "208.8"], ["270.1", "209.1"], ["284.2", "209.1"], ["284.2", "278.9"], ["206.5", "278.9"]], "Module_type": "GATE"}, {"Ports": [{"Location": [["21.1", "597.1"], ["84.7", "597.1"], ["84.7", "601.6"], ["21.1", "601.6"]], "Type": "SD"}, {"Location": [["10.0", "454.5"], ["82.6", "454.5"], ["82.6", "516.2"], ["95.8", "516.2"], ["95.8", "595.1"], ["10.0", "595.1"]], "Type": "GATE"}, {"Location": [["15.5", "459.0"], ["76.1", "459.0"], ["76.1", "463.4"], ["15.5", "463.4"]], "Type": "SD"}], "Module": "M12", "Boundary": [["10.0", "454.5"], ["82.6", "454.5"], ["82.6", "516.2"], ["95.8", "516.2"], ["95.8", "601.6"], ["10.0", "601.6"]], "Module_type": "GATE"}, {"Ports": [{"Location": [["125.8", "656.1"], ["130.9", "656.1"], ["130.9", "724.6"], ["125.8", "724.6"]], "Type": "SD"}, {"Location": [["322.5", "642.2"], ["322.5", "724.1"], ["254.1", "724.1"], ["254.1", "738.5"], ["133.4", "738.5"], ["133.4", "642.2"]], "Type": "GATE"}, {"Location": [["310.8", "647.9"], ["317.8", "647.9"], ["317.8", "717.4"], ["310.8", "717.4"]], "Type": "SD"}], "Module": "M8", "Boundary": [["322.5", "642.2"], ["322.5", "724.1"], ["254.1", "724.1"], ["254.1", "738.5"], ["125.8", "738.5"], ["125.8", "642.2"]], "Module_type": "GATE"}, {"Ports": [{"Location": [["263.1", "174.8"], ["302.8", "174.8"], ["302.8", "178.8"], ["263.1", "178.8"]], "Type": "SD"}, {"Location": [["248.7", "20.0"], ["301.7", "20.0"], ["301.7", "100.3"], ["317.2", "100.3"], ["317.2", "172.8"], ["248.7", "172.8"]], "Type": "GATE"}, {"Location": [["254.9", "25.2"], ["294.5", "25.2"], ["294.5", "31.6"], ["254.9", "31.6"]], "Type": "SD"}], "Module": "M4", "Boundary": [["248.7", "20.0"], ["301.7", "20.0"], ["301.7", "100.3"], ["317.2", "100.3"], ["317.2", "178.8"], ["248.7", "178.8"]], "Module_type": "GATE"}], "Area": [["-30.0", "-30.0"], ["375.4", "-30.0"], ["375.4", "1033.2"], ["-30.0", "1033.2"]], "Rules": ["GATE(5,5)", "SD(5,5)", "GATE_SD(0.5)", "GATE_ITO(0.5)", "SD_ITO(0.5)"]}