{"Modules": [{"Module": "M14", "Boundary": [["592.1", "30.0"], ["685.6", "30.0"], ["685.6", "242.8"], ["592.1", "242.8"]], "Module_type": "GATE", "Ports": [{"Location": [["603.3", "237.9"], ["674.4", "237.9"], ["674.4", "242.8"], ["603.3", "242.8"]], "Type": "SD"}, {"Location": [["592.1", "30.0"], ["685.6", "30.0"], ["685.6", "235.4"], ["592.1", "235.4"]], "Type": "GATE"}, {"Location": [["597.7", "34.6"], ["680.0", "34.6"], ["680.0", "38.8"], ["597.7", "38.8"]], "Type": "SD"}]}, {"Ports": [{"Location": [["300.4", "195.2"], ["391.6", "195.2"], ["391.6", "200.2"], ["300.4", "200.2"]], "Type": "SD"}, {"Location": [["285.6", "10.0"], ["406.4", "10.0"], ["406.4", "192.6"], ["285.6", "192.6"]], "Type": "GATE"}, {"Location": [["291.4", "14.8"], ["400.6", "14.8"], ["400.6", "22.0"], ["291.4", "22.0"]], "Type": "SD"}], "Module": "M9", "Boundary": [["285.6", "10.0"], ["406.4", "10.0"], ["406.4", "200.2"], ["285.6", "200.2"]], "Module_type": "GATE"}, {"Ports": [{"Location": [["140.1", "466.0"], ["175.2", "466.0"], ["175.2", "471.7"], ["140.1", "471.7"]], "Type": "SD"}, {"Location": [["126.5", "273.5"], ["174.4", "273.5"], ["174.4", "273.6"], ["188.8", "273.6"], ["188.8", "464.1"], ["126.5", "464.1"]], "Type": "GATE"}, {"Location": [["132.1", "278.1"], ["168.8", "278.1"], ["168.8", "285.4"], ["132.1", "285.4"]], "Type": "SD"}], "Module": "M5", "Boundary": [["126.5", "273.5"], ["174.4", "273.5"], ["174.4", "273.6"], ["188.8", "273.6"], ["188.8", "471.7"], ["126.5", "471.7"]], "Module_type": "GATE"}, {"Ports": [{"Location": [["10.0", "420.7"], ["15.6", "420.7"], ["15.6", "471.7"], ["10.0", "471.7"]], "Type": "SD"}, {"Location": [["86.9", "406.4"], ["86.9", "471.1"], ["86.8", "471.1"], ["86.8", "486.0"], ["17.0", "486.0"], ["17.0", "406.4"]], "Type": "GATE"}, {"Location": [["74.8", "413.1"], ["81.2", "413.1"], ["81.2", "464.4"], ["74.8", "464.4"]], "Type": "SD"}], "Module": "M11", "Boundary": [["86.9", "406.4"], ["86.9", "471.1"], ["86.8", "471.1"], ["86.8", "486.0"], ["10.0", "486.0"], ["10.0", "406.4"]], "Module_type": "GATE"}, {"Ports": [{"Location": [["362.3", "434.5"], ["368.1", "434.5"], ["368.1", "456.7"], ["362.3", "456.7"]], "Type": "SD"}, {"Location": [["505.4", "421.7"], ["505.4", "454.2"], ["505.3", "454.2"], ["505.3", "469.5"], ["369.7", "469.5"], ["369.7", "421.7"]], "Type": "GATE"}, {"Location": [["494.5", "427.2"], ["500.9", "427.2"], ["500.9", "448.7"], ["494.5", "448.7"]], "Type": "SD"}], "Module": "M1", "Boundary": [["505.4", "421.7"], ["505.4", "454.2"], ["505.3", "454.2"], ["505.3", "469.5"], ["362.3", "469.5"], ["362.3", "421.7"]], "Module_type": "GATE"}, {"Ports": [{"Location": [["233.3", "479.4"], ["307.8", "479.4"], ["307.8", "484.5"], ["233.3", "484.5"]], "Type": "SD"}, {"Location": [["218.8", "322.6"], ["305.3", "322.6"], ["305.3", "322.7"], ["322.3", "322.7"], ["322.3", "477.6"], ["218.8", "477.6"]], "Type": "GATE"}, {"Location": [["225.1", "327.9"], ["299.0", "327.9"], ["299.0", "334.1"], ["225.1", "334.1"]], "Type": "SD"}], "Module": "M6", "Boundary": [["218.8", "322.6"], ["305.3", "322.6"], ["305.3", "322.7"], ["322.3", "322.7"], ["322.3", "484.5"], ["218.8", "484.5"]], "Module_type": "GATE"}, {"Ports": [{"Location": [["448.5", "279.6"], ["526.4", "279.6"], ["526.4", "284.4"], ["448.5", "284.4"]], "Type": "SD"}, {"Location": [["436.4", "177.5"], ["538.5", "177.5"], ["538.5", "277.9"], ["436.4", "277.9"]], "Type": "GATE"}, {"Location": [["441.7", "181.8"], ["533.2", "181.8"], ["533.2", "187.6"], ["441.7", "187.6"]], "Type": "SD"}], "Module": "M2", "Boundary": [["436.4", "177.5"], ["538.5", "177.5"], ["538.5", "284.4"], ["436.4", "284.4"]], "Module_type": "GATE"}, {"Ports": [{"Location": [["280.3", "235.2"], ["285.3", "235.2"], ["285.3", "287.6"], ["280.3", "287.6"]], "Type": "SD"}, {"Location": [["392.1", "220.2"], ["392.1", "302.6"], ["286.5", "302.6"], ["286.5", "220.2"]], "Type": "GATE"}, {"Location": [["379.3", "227.0"], ["386.3", "227.0"], ["386.3", "295.8"], ["379.3", "295.8"]], "Type": "SD"}], "Module": "M16", "Boundary": [["392.1", "220.2"], ["392.1", "302.6"], ["280.3", "302.6"], ["280.3", "220.2"]], "Module_type": "GATE"}, {"Ports": [{"Location": [["545.4", "402.2"], ["550.8", "402.2"], ["550.8", "475.4"], ["545.4", "475.4"]], "Type": "SD"}, {"Location": [["701.1", "388.2"], ["701.1", "472.7"], ["700.5", "472.7"], ["700.5", "489.4"], ["552.7", "489.4"], ["552.7", "388.2"]], "Type": "GATE"}, {"Location": [["690.5", "394.0"], ["696.3", "394.0"], ["696.3", "466.9"], ["690.5", "466.9"]], "Type": "SD"}], "Module": "M13", "Boundary": [["701.1", "388.2"], ["701.1", "472.7"], ["700.5", "472.7"], ["700.5", "489.4"], ["545.4", "489.4"], ["545.4", "388.2"]], "Module_type": "GATE"}, {"Ports": [{"Location": [["116.5", "23.3"], ["122.2", "23.3"], ["122.2", "98.3"], ["116.5", "98.3"]], "Type": "SD"}, {"Location": [["265.6", "10.0"], ["265.6", "111.6"], ["124.9", "111.6"], ["124.9", "10.0"]], "Type": "GATE"}, {"Location": [["255.5", "16.2"], ["260.4", "16.2"], ["260.4", "105.4"], ["255.5", "105.4"]], "Type": "SD"}], "Module": "M10", "Boundary": [["265.6", "10.0"], ["265.6", "111.6"], ["116.5", "111.6"], ["116.5", "10.0"]], "Module_type": "GATE"}, {"Ports": [{"Location": [["436.4", "32.6"], ["442.1", "32.6"], ["442.1", "124.9"], ["436.4", "124.9"]], "Type": "SD"}, {"Location": [["542.1", "20.0"], ["542.1", "120.4"], ["541.9", "120.4"], ["541.9", "137.5"], ["444.2", "137.5"], ["444.2", "20.0"]], "Type": "GATE"}, {"Location": [["532.9", "25.2"], ["537.9", "25.2"], ["537.9", "115.2"], ["532.9", "115.2"]], "Type": "SD"}], "Module": "M7", "Boundary": [["542.1", "20.0"], ["542.1", "120.4"], ["541.9", "120.4"], ["541.9", "137.5"], ["436.4", "137.5"], ["436.4", "20.0"]], "Module_type": "GATE"}, {"Ports": [{"Location": [["568.5", "295.9"], ["574.0", "295.9"], ["574.0", "355.1"], ["568.5", "355.1"]], "Type": "SD"}, {"Location": [["697.7", "282.8"], ["697.7", "368.2"], ["576.6", "368.2"], ["576.6", "282.8"]], "Type": "GATE"}, {"Location": [["687.4", "289.0"], ["692.5", "289.0"], ["692.5", "362.0"], ["687.4", "362.0"]], "Type": "SD"}], "Module": "M3", "Boundary": [["697.7", "282.8"], ["697.7", "368.2"], ["568.5", "368.2"], ["568.5", "282.8"]], "Module_type": "GATE"}, {"Ports": [{"Location": [["412.1", "328.9"], ["417.7", "328.9"], ["417.7", "367.2"], ["412.1", "367.2"]], "Type": "SD"}, {"Location": [["511.9", "314.4"], ["511.9", "381.7"], ["420.2", "381.7"], ["420.2", "314.4"]], "Type": "GATE"}, {"Location": [["499.7", "321.3"], ["506.0", "321.3"], ["506.0", "374.8"], ["499.7", "374.8"]], "Type": "SD"}], "Module": "M15", "Boundary": [["511.9", "314.4"], ["511.9", "381.7"], ["412.1", "381.7"], ["412.1", "314.4"]], "Module_type": "GATE"}, {"Ports": [{"Location": [["22.8", "380.7"], ["72.8", "380.7"], ["72.8", "386.4"], ["22.8", "386.4"]], "Type": "SD"}, {"Location": [["10.0", "214.5"], ["71.0", "214.5"], ["71.0", "214.7"], ["85.6", "214.7"], ["85.6", "377.8"], ["10.0", "377.8"]], "Type": "GATE"}, {"Location": [["15.2", "218.7"], ["65.8", "218.7"], ["65.8", "225.0"], ["15.2", "225.0"]], "Type": "SD"}], "Module": "M12", "Boundary": [["10.0", "214.5"], ["71.0", "214.5"], ["71.0", "214.7"], ["85.6", "214.7"], ["85.6", "386.4"], ["10.0", "386.4"]], "Module_type": "GATE"}, {"Ports": [{"Location": [["126.5", "154.4"], ["132.0", "154.4"], ["132.0", "220.7"], ["126.5", "220.7"]], "Type": "SD"}, {"Location": [["250.3", "141.6"], ["250.3", "218.5"], ["250.2", "218.5"], ["250.2", "233.5"], ["133.3", "233.5"], ["133.3", "141.6"]], "Type": "GATE"}, {"Location": [["239.8", "146.7"], ["246.2", "146.7"], ["246.2", "213.4"], ["239.8", "213.4"]], "Type": "SD"}], "Module": "M8", "Boundary": [["250.3", "141.6"], ["250.3", "218.5"], ["250.2", "218.5"], ["250.2", "233.5"], ["126.5", "233.5"], ["126.5", "141.6"]], "Module_type": "GATE"}, {"Ports": [{"Location": [["34.8", "180.3"], ["71.7", "180.3"], ["71.7", "184.5"], ["34.8", "184.5"]], "Type": "SD"}, {"Location": [["20.0", "20.0"], ["71.2", "20.0"], ["71.2", "20.3"], ["86.5", "20.3"], ["86.5", "178.1"], ["20.0", "178.1"]], "Type": "GATE"}, {"Location": [["26.8", "25.8"], ["64.4", "25.8"], ["64.4", "32.5"], ["26.8", "32.5"]], "Type": "SD"}], "Module": "M4", "Boundary": [["20.0", "20.0"], ["71.2", "20.0"], ["71.2", "20.3"], ["86.5", "20.3"], ["86.5", "184.5"], ["20.0", "184.5"]], "Module_type": "GATE"}], "Area": [["-30.0", "-30.0"], ["741.1", "-30.0"], ["741.1", "529.4"], ["-30.0", "529.4"]], "Rules": ["GATE(5,5)", "SD(5,5)", "GATE_SD(0.5)", "GATE_ITO(0.5)", "SD_ITO(0.5)"]}