{"Modules": [{"Module": "M14", "Boundary": [["192.9", "771.5"], ["192.9", "827.0"], ["30.0", "827.0"], ["30.0", "771.5"]], "Module_type": "GATE", "Ports": [{"Location": [["30.0", "785.7"], ["34.3", "785.7"], ["34.3", "812.8"], ["30.0", "812.8"]], "Type": "SD"}, {"Location": [["192.9", "771.5"], ["192.9", "827.0"], ["35.3", "827.0"], ["35.3", "771.5"]], "Type": "GATE"}, {"Location": [["182.0", "777.0"], ["188.4", "777.0"], ["188.4", "821.5"], ["182.0", "821.5"]], "Type": "SD"}]}, {"Ports": [{"Location": [["210.9", "160.0"], ["216.3", "160.0"], ["216.3", "203.6"], ["210.9", "203.6"]], "Type": "SD"}, {"Location": [["366.0", "146.1"], ["366.0", "199.1"], ["365.8", "199.1"], ["365.8", "217.5"], ["218.7", "217.5"], ["218.7", "146.1"]], "Type": "GATE"}, {"Location": [["355.4", "151.6"], ["361.5", "151.6"], ["361.5", "193.6"], ["355.4", "193.6"]], "Type": "SD"}], "Module": "M9", "Boundary": [["366.0", "146.1"], ["366.0", "199.1"], ["365.8", "199.1"], ["365.8", "217.5"], ["210.9", "217.5"], ["210.9", "146.1"]], "Module_type": "GATE"}, {"Ports": [{"Location": [["188.4", "262.7"], ["192.7", "262.7"], ["192.7", "315.5"], ["188.4", "315.5"]], "Type": "SD"}, {"Location": [["312.6", "247.5"], ["312.6", "315.5"], ["312.5", "315.5"], ["312.5", "330.7"], ["195.5", "330.7"], ["195.5", "247.5"]], "Type": "GATE"}, {"Location": [["299.1", "254.5"], ["306.6", "254.5"], ["306.6", "308.5"], ["299.1", "308.5"]], "Type": "SD"}], "Module": "M5", "Boundary": [["312.6", "247.5"], ["312.6", "315.5"], ["312.5", "315.5"], ["312.5", "330.7"], ["188.4", "330.7"], ["188.4", "247.5"]], "Module_type": "GATE"}, {"Ports": [{"Location": [["156.7", "374.2"], ["162.1", "374.2"], ["162.1", "395.8"], ["156.7", "395.8"]], "Type": "SD"}, {"Location": [["288.6", "360.7"], ["288.6", "394.2"], ["288.5", "394.2"], ["288.5", "409.3"], ["165.1", "409.3"], ["165.1", "360.7"]], "Type": "GATE"}, {"Location": [["277.5", "367.3"], ["283.0", "367.3"], ["283.0", "387.6"], ["277.5", "387.6"]], "Type": "SD"}], "Module": "M11", "Boundary": [["288.6", "360.7"], ["288.6", "394.2"], ["288.5", "394.2"], ["288.5", "409.3"], ["156.7", "409.3"], ["156.7", "360.7"]], "Module_type": "GATE"}, {"Ports": [{"Location": [["267.6", "779.0"], ["338.5", "779.0"], ["338.5", "784.3"], ["267.6", "784.3"]], "Type": "SD"}, {"Location": [["253.9", "592.9"], ["352.2", "592.9"], ["352.2", "776.8"], ["253.9", "776.8"]], "Type": "GATE"}, {"Location": [["259.7", "597.7"], ["346.4", "597.7"], ["346.4", "603.5"], ["259.7", "603.5"]], "Type": "SD"}], "Module": "M1", "Boundary": [["253.9", "592.9"], ["352.2", "592.9"], ["352.2", "784.3"], ["253.9", "784.3"]], "Module_type": "GATE"}, {"Ports": [{"Location": [["10.0", "236.4"], ["14.1", "236.4"], ["14.1", "305.8"], ["10.0", "305.8"]], "Type": "SD"}, {"Location": [["158.4", "222.8"], ["158.4", "319.4"], ["15.2", "319.4"], ["15.2", "222.8"]], "Type": "GATE"}, {"Location": [["147.5", "229.4"], ["152.8", "229.4"], ["152.8", "312.8"], ["147.5", "312.8"]], "Type": "SD"}], "Module": "M6", "Boundary": [["158.4", "222.8"], ["158.4", "319.4"], ["10.0", "319.4"], ["10.0", "222.8"]], "Module_type": "GATE"}, {"Ports": [{"Location": [["20.0", "888.9"], ["24.1", "888.9"], ["24.1", "927.9"], ["20.0", "927.9"]], "Type": "SD"}, {"Location": [["214.8", "877.0"], ["214.8", "939.8"], ["26.7", "939.8"], ["26.7", "877.0"]], "Type": "GATE"}, {"Location": [["206.1", "882.2"], ["210.6", "882.2"], ["210.6", "934.6"], ["206.1", "934.6"]], "Type": "SD"}], "Module": "M2", "Boundary": [["214.8", "877.0"], ["214.8", "939.8"], ["20.0", "939.8"], ["20.0", "877.0"]], "Module_type": "GATE"}, {"Ports": [{"Location": [["92.7", "25.6"], ["96.9", "25.6"], ["96.9", "87.5"], ["92.7", "87.5"]], "Type": "SD"}, {"Location": [["200.1", "10.0"], ["200.1", "103.1"], ["98.9", "103.1"], ["98.9", "10.0"]], "Type": "GATE"}, {"Location": [["188.0", "16.1"], ["195.0", "16.1"], ["195.0", "97.0"], ["188.0", "97.0"]], "Type": "SD"}], "Module": "M16", "Boundary": [["200.1", "10.0"], ["200.1", "103.1"], ["92.7", "103.1"], ["92.7", "10.0"]], "Module_type": "GATE"}, {"Ports": [{"Location": [["106.0", "198.6"], ["177.6", "198.6"], ["177.6", "202.8"], ["106.0", "202.8"]], "Type": "SD"}, {"Location": [["92.7", "123.1"], ["174.8", "123.1"], ["174.8", "123.4"], ["190.9", "123.4"], ["190.9", "197.5"], ["92.7", "197.5"]], "Type": "GATE"}, {"Location": [["98.5", "127.9"], ["169.0", "127.9"], ["169.0", "133.6"], ["98.5", "133.6"]], "Type": "SD"}], "Module": "M13", "Boundary": [["92.7", "123.1"], ["174.8", "123.1"], ["174.8", "123.4"], ["190.9", "123.4"], ["190.9", "202.8"], ["92.7", "202.8"]], "Module_type": "GATE"}, {"Ports": [{"Location": [["220.1", "22.5"], ["225.3", "22.5"], ["225.3", "113.6"], ["220.1", "113.6"]], "Type": "SD"}, {"Location": [["372.1", "10.0"], ["372.1", "110.4"], ["333.0", "110.4"], ["333.0", "126.1"], ["228.1", "126.1"], ["228.1", "10.0"]], "Type": "GATE"}, {"Location": [["362.4", "15.6"], ["367.5", "15.6"], ["367.5", "103.8"], ["362.4", "103.8"]], "Type": "SD"}], "Module": "M10", "Boundary": [["372.1", "10.0"], ["372.1", "110.4"], ["333.0", "110.4"], ["333.0", "126.1"], ["220.1", "126.1"], ["220.1", "10.0"]], "Module_type": "GATE"}, {"Ports": [{"Location": [["268.1", "928.8"], ["346.7", "928.8"], ["346.7", "933.1"], ["268.1", "933.1"]], "Type": "SD"}, {"Location": [["254.8", "834.3"], ["360.0", "834.3"], ["360.0", "927.4"], ["254.8", "927.4"]], "Type": "GATE"}, {"Location": [["260.0", "838.5"], ["354.8", "838.5"], ["354.8", "845.9"], ["260.0", "845.9"]], "Type": "SD"}], "Module": "M7", "Boundary": [["254.8", "834.3"], ["360.0", "834.3"], ["360.0", "933.1"], ["254.8", "933.1"]], "Module_type": "GATE"}, {"Ports": [{"Location": [["23.0", "195.0"], ["59.7", "195.0"], ["59.7", "201.0"], ["23.0", "201.0"]], "Type": "SD"}, {"Location": [["10.0", "10.0"], ["72.7", "10.0"], ["72.7", "192.9"], ["10.0", "192.9"]], "Type": "GATE"}, {"Location": [["16.0", "15.0"], ["66.7", "15.0"], ["66.7", "20.0"], ["16.0", "20.0"]], "Type": "SD"}], "Module": "M3", "Boundary": [["10.0", "10.0"], ["72.7", "10.0"], ["72.7", "201.0"], ["10.0", "201.0"]], "Module_type": "GATE"}, {"Ports": [{"Location": [["21.6", "725.8"], ["85.1", "725.8"], ["85.1", "731.5"], ["21.6", "731.5"]], "Type": "SD"}, {"Location": [["10.0", "506.3"], ["96.7", "506.3"], ["96.7", "723.6"], ["10.0", "723.6"]], "Type": "GATE"}, {"Location": [["15.5", "510.8"], ["91.2", "510.8"], ["91.2", "516.0"], ["15.5", "516.0"]], "Type": "SD"}], "Module": "M15", "Boundary": [["10.0", "506.3"], ["96.7", "506.3"], ["96.7", "731.5"], ["10.0", "731.5"]], "Module_type": "GATE"}, {"Ports": [{"Location": [["128.0", "723.4"], ["202.6", "723.4"], ["202.6", "728.5"], ["128.0", "728.5"]], "Type": "SD"}, {"Location": [["116.7", "572.9"], ["213.9", "572.9"], ["213.9", "721.4"], ["116.7", "721.4"]], "Type": "GATE"}, {"Location": [["122.5", "577.7"], ["208.1", "577.7"], ["208.1", "582.3"], ["122.5", "582.3"]], "Type": "SD"}], "Module": "M12", "Boundary": [["116.7", "572.9"], ["213.9", "572.9"], ["213.9", "728.5"], ["116.7", "728.5"]], "Module_type": "GATE"}, {"Ports": [{"Location": [["166.7", "453.1"], ["171.3", "453.1"], ["171.3", "529.1"], ["166.7", "529.1"]], "Type": "SD"}, {"Location": [["360.0", "439.3"], ["360.0", "525.8"], ["359.6", "525.8"], ["359.6", "542.9"], ["172.5", "542.9"], ["172.5", "439.3"]], "Type": "GATE"}, {"Location": [["349.0", "445.3"], ["355.0", "445.3"], ["355.0", "519.8"], ["349.0", "519.8"]], "Type": "SD"}], "Module": "M8", "Boundary": [["360.0", "439.3"], ["360.0", "525.8"], ["359.6", "525.8"], ["359.6", "542.9"], ["166.7", "542.9"], ["166.7", "439.3"]], "Module_type": "GATE"}], "Area": [["-30.0", "-30.0"], ["412.1", "-30.0"], ["412.1", "979.8"], ["-30.0", "979.8"]], "Rules": ["GATE(5,5)", "SD(5,5)", "GATE_SD(0.5)", "GATE_ITO(0.5)", "SD_ITO(0.5)"]}