{"Modules": [{"Module": "M14", "Boundary": [["449.0", "331.9"], ["449.0", "423.2"], ["382.6", "423.2"], ["382.6", "436.6"], ["291.7", "436.6"], ["291.7", "331.9"]], "Module_type": "GATE", "Ports": [{"Location": [["291.7", "344.7"], ["297.0", "344.7"], ["297.0", "423.8"], ["291.7", "423.8"]], "Type": "SD"}, {"Location": [["449.0", "331.9"], ["449.0", "423.2"], ["382.6", "423.2"], ["382.6", "436.6"], ["299.8", "436.6"], ["299.8", "331.9"]], "Type": "GATE"}, {"Location": [["438.2", "338.0"], ["443.9", "338.0"], ["443.9", "416.1"], ["438.2", "416.1"]], "Type": "SD"}]}, {"Ports": [{"Location": [["410.5", "124.2"], ["415.6", "124.2"], ["415.6", "165.2"], ["410.5", "165.2"]], "Type": "SD"}, {"Location": [["568.7", "110.9"], ["568.7", "178.5"], ["416.7", "178.5"], ["416.7", "110.9"]], "Type": "GATE"}, {"Location": [["557.9", "116.6"], ["564.0", "116.6"], ["564.0", "172.8"], ["557.9", "172.8"]], "Type": "SD"}], "Module": "M9", "Boundary": [["568.7", "110.9"], ["568.7", "178.5"], ["410.5", "178.5"], ["410.5", "110.9"]], "Module_type": "GATE"}, {"Ports": [{"Location": [["345.3", "499.1"], ["350.0", "499.1"], ["350.0", "539.0"], ["345.3", "539.0"]], "Type": "SD"}, {"Location": [["416.1", "486.6"], ["416.1", "535.2"], ["415.9", "535.2"], ["415.9", "551.5"], ["352.5", "551.5"], ["352.5", "486.6"]], "Type": "GATE"}, {"Location": [["406.5", "492.4"], ["411.3", "492.4"], ["411.3", "529.4"], ["406.5", "529.4"]], "Type": "SD"}], "Module": "M5", "Boundary": [["416.1", "486.6"], ["416.1", "535.2"], ["415.9", "535.2"], ["415.9", "551.5"], ["345.3", "551.5"], ["345.3", "486.6"]], "Module_type": "GATE"}, {"Ports": [{"Location": [["502.3", "550.2"], ["558.1", "550.2"], ["558.1", "555.9"], ["502.3", "555.9"]], "Type": "SD"}, {"Location": [["489.0", "358.8"], ["555.3", "358.8"], ["555.3", "359.2"], ["571.4", "359.2"], ["571.4", "548.2"], ["489.0", "548.2"]], "Type": "GATE"}, {"Location": [["495.0", "363.8"], ["549.3", "363.8"], ["549.3", "369.4"], ["495.0", "369.4"]], "Type": "SD"}], "Module": "M11", "Boundary": [["489.0", "358.8"], ["555.3", "358.8"], ["555.3", "359.2"], ["571.4", "359.2"], ["571.4", "555.9"], ["489.0", "555.9"]], "Module_type": "GATE"}, {"Ports": [{"Location": [["30.0", "44.0"], ["34.8", "44.0"], ["34.8", "78.4"], ["30.0", "78.4"]], "Type": "SD"}, {"Location": [["205.0", "30.0"], ["205.0", "78.3"], ["204.8", "78.3"], ["204.8", "92.4"], ["36.7", "92.4"], ["36.7", "30.0"]], "Type": "GATE"}, {"Location": [["193.4", "36.7"], ["199.3", "36.7"], ["199.3", "71.6"], ["193.4", "71.6"]], "Type": "SD"}], "Module": "M1", "Boundary": [["205.0", "30.0"], ["205.0", "78.3"], ["204.8", "78.3"], ["204.8", "92.4"], ["30.0", "92.4"], ["30.0", "30.0"]], "Module_type": "GATE"}, {"Ports": [{"Location": [["410.5", "22.3"], ["415.9", "22.3"], ["415.9", "78.6"], ["410.5", "78.6"]], "Type": "SD"}, {"Location": [["572.6", "10.0"], ["572.6", "75.6"], ["490.5", "75.6"], ["490.5", "90.9"], ["418.3", "90.9"], ["418.3", "10.0"]], "Type": "GATE"}, {"Location": [["563.0", "15.6"], ["568.0", "15.6"], ["568.0", "69.0"], ["563.0", "69.0"]], "Type": "SD"}], "Module": "M6", "Boundary": [["572.6", "10.0"], ["572.6", "75.6"], ["490.5", "75.6"], ["490.5", "90.9"], ["410.5", "90.9"], ["410.5", "10.0"]], "Module_type": "GATE"}, {"Ports": [{"Location": [["129.8", "348.6"], ["135.7", "348.6"], ["135.7", "432.0"], ["129.8", "432.0"]], "Type": "SD"}, {"Location": [["241.7", "337.5"], ["241.7", "429.0"], ["206.5", "429.0"], ["206.5", "443.1"], ["137.4", "443.1"], ["137.4", "337.5"]], "Type": "GATE"}, {"Location": [["232.6", "343.0"], ["237.2", "343.0"], ["237.2", "422.5"], ["232.6", "422.5"]], "Type": "SD"}], "Module": "M2", "Boundary": [["241.7", "337.5"], ["241.7", "429.0"], ["206.5", "429.0"], ["206.5", "443.1"], ["129.8", "443.1"], ["129.8", "337.5"]], "Module_type": "GATE"}, {"Ports": [{"Location": [["364.6", "286.4"], ["463.1", "286.4"], ["463.1", "291.9"], ["364.6", "291.9"]], "Type": "SD"}, {"Location": [["350.8", "198.5"], ["459.7", "198.5"], ["459.7", "218.2"], ["476.9", "218.2"], ["476.9", "284.0"], ["350.8", "284.0"]], "Type": "GATE"}, {"Location": [["356.1", "202.8"], ["453.4", "202.8"], ["453.4", "208.9"], ["356.1", "208.9"]], "Type": "SD"}], "Module": "M16", "Boundary": [["350.8", "198.5"], ["459.7", "198.5"], ["459.7", "218.2"], ["476.9", "218.2"], ["476.9", "291.9"], ["350.8", "291.9"]], "Module_type": "GATE"}, {"Ports": [{"Location": [["10.0", "495.8"], ["15.1", "495.8"], ["15.1", "549.7"], ["10.0", "549.7"]], "Type": "SD"}, {"Location": [["103.4", "482.7"], ["103.4", "562.8"], ["16.6", "562.8"], ["16.6", "482.7"]], "Type": "GATE"}, {"Location": [["92.2", "489.2"], ["97.9", "489.2"], ["97.9", "556.3"], ["92.2", "556.3"]], "Type": "SD"}], "Module": "M13", "Boundary": [["103.4", "482.7"], ["103.4", "562.8"], ["10.0", "562.8"], ["10.0", "482.7"]], "Module_type": "GATE"}, {"Ports": [{"Location": [["21.9", "458.4"], ["75.6", "458.4"], ["75.6", "462.7"], ["21.9", "462.7"]], "Type": "SD"}, {"Location": [["10.0", "292.3"], ["72.9", "292.3"], ["72.9", "351.1"], ["87.5", "351.1"], ["87.5", "455.7"], ["10.0", "455.7"]], "Type": "GATE"}, {"Location": [["15.1", "296.4"], ["66.8", "296.4"], ["66.8", "301.4"], ["15.1", "301.4"]], "Type": "SD"}], "Module": "M10", "Boundary": [["10.0", "292.3"], ["72.9", "292.3"], ["72.9", "351.1"], ["87.5", "351.1"], ["87.5", "462.7"], ["10.0", "462.7"]], "Module_type": "GATE"}, {"Ports": [{"Location": [["255.0", "34.4"], ["259.6", "34.4"], ["259.6", "90.5"], ["255.0", "90.5"]], "Type": "SD"}, {"Location": [["380.5", "20.0"], ["380.5", "88.6"], ["380.3", "88.6"], ["380.3", "104.9"], ["261.7", "104.9"], ["261.7", "20.0"]], "Type": "GATE"}, {"Location": [["368.3", "26.1"], ["375.4", "26.1"], ["375.4", "82.5"], ["368.3", "82.5"]], "Type": "SD"}], "Module": "M7", "Boundary": [["380.5", "20.0"], ["380.5", "88.6"], ["380.3", "88.6"], ["380.3", "104.9"], ["255.0", "104.9"], ["255.0", "20.0"]], "Module_type": "GATE"}, {"Ports": [{"Location": [["253.6", "285.2"], ["319.4", "285.2"], ["319.4", "290.4"], ["253.6", "290.4"]], "Type": "SD"}, {"Location": [["242.2", "134.9"], ["316.1", "134.9"], ["316.1", "135.3"], ["330.8", "135.3"], ["330.8", "282.7"], ["242.2", "282.7"]], "Type": "GATE"}, {"Location": [["247.4", "139.1"], ["310.9", "139.1"], ["310.9", "144.2"], ["247.4", "144.2"]], "Type": "SD"}], "Module": "M3", "Boundary": [["242.2", "134.9"], ["316.1", "134.9"], ["316.1", "135.3"], ["330.8", "135.3"], ["330.8", "290.4"], ["242.2", "290.4"]], "Module_type": "GATE"}, {"Ports": [{"Location": [["509.3", "334.2"], ["558.5", "334.2"], ["558.5", "338.8"], ["509.3", "338.8"]], "Type": "SD"}, {"Location": [["496.9", "198.5"], ["556.8", "198.5"], ["556.8", "198.5"], ["570.9", "198.5"], ["570.9", "332.1"], ["496.9", "332.1"]], "Type": "GATE"}, {"Location": [["502.7", "203.3"], ["551.0", "203.3"], ["551.0", "209.1"], ["502.7", "209.1"]], "Type": "SD"}], "Module": "M15", "Boundary": [["496.9", "198.5"], ["556.8", "198.5"], ["556.8", "198.5"], ["570.9", "198.5"], ["570.9", "338.8"], ["496.9", "338.8"]], "Module_type": "GATE"}, {"Ports": [{"Location": [["123.4", "490.5"], ["127.6", "490.5"], ["127.6", "546.6"], ["123.4", "546.6"]], "Type": "SD"}, {"Location": [["315.3", "476.6"], ["315.3", "545.1"], ["215.5", "545.1"], ["215.5", "560.5"], ["130.2", "560.5"], ["130.2", "476.6"]], "Type": "GATE"}, {"Location": [["304.6", "482.9"], ["310.0", "482.9"], ["310.0", "537.8"], ["304.6", "537.8"]], "Type": "SD"}], "Module": "M12", "Boundary": [["315.3", "476.6"], ["315.3", "545.1"], ["215.5", "545.1"], ["215.5", "560.5"], ["123.4", "560.5"], ["123.4", "476.6"]], "Module_type": "GATE"}, {"Ports": [{"Location": [["31.5", "258.1"], ["78.3", "258.1"], ["78.3", "262.3"], ["31.5", "262.3"]], "Type": "SD"}, {"Location": [["20.0", "142.4"], ["77.3", "142.4"], ["77.3", "211.3"], ["89.8", "211.3"], ["89.8", "256.0"], ["20.0", "256.0"]], "Type": "GATE"}, {"Location": [["25.5", "146.9"], ["70.8", "146.9"], ["70.8", "152.3"], ["25.5", "152.3"]], "Type": "SD"}], "Module": "M8", "Boundary": [["20.0", "142.4"], ["77.3", "142.4"], ["77.3", "211.3"], ["89.8", "211.3"], ["89.8", "262.3"], ["20.0", "262.3"]], "Module_type": "GATE"}], "Area": [["-30.0", "-30.0"], ["612.6", "-30.0"], ["612.6", "602.8"], ["-30.0", "602.8"]], "Rules": ["GATE(5,5)", "SD(5,5)", "GATE_SD(0.5)", "GATE_ITO(0.5)", "SD_ITO(0.5)"]}