{"Modules": [{"Module": "M14", "Boundary": [["394.7", "30.0"], ["394.7", "127.2"], ["394.3", "127.2"], ["394.3", "143.0"], ["229.8", "143.0"], ["229.8", "30.0"]], "Module_type": "GATE", "Ports": [{"Location": [["229.8", "43.4"], ["234.8", "43.4"], ["234.8", "129.6"], ["229.8", "129.6"]], "Type": "SD"}, {"Location": [["394.7", "30.0"], ["394.7", "127.2"], ["394.3", "127.2"], ["394.3", "143.0"], ["236.2", "143.0"], ["236.2", "30.0"]], "Type": "GATE"}, {"Location": [["383.2", "36.2"], ["389.5", "36.2"], ["389.5", "121.0"], ["383.2", "121.0"]], "Type": "SD"}]}, {"Ports": [{"Location": [["10.0", "421.2"], ["15.8", "421.2"], ["15.8", "477.7"], ["10.0", "477.7"]], "Type": "SD"}, {"Location": [["163.3", "408.2"], ["163.3", "474.0"], ["162.9", "474.0"], ["162.9", "490.7"], ["17.6", "490.7"], ["17.6", "408.2"]], "Type": "GATE"}, {"Location": [["153.2", "413.5"], ["159.0", "413.5"], ["159.0", "468.7"], ["153.2", "468.7"]], "Type": "SD"}], "Module": "M9", "Boundary": [["163.3", "408.2"], ["163.3", "474.0"], ["162.9", "474.0"], ["162.9", "490.7"], ["10.0", "490.7"], ["10.0", "408.2"]], "Module_type": "GATE"}, {"Ports": [{"Location": [["20.0", "199.6"], ["25.0", "199.6"], ["25.0", "267.9"], ["20.0", "267.9"]], "Type": "SD"}, {"Location": [["130.9", "187.6"], ["130.9", "264.8"], ["130.6", "264.8"], ["130.6", "279.9"], ["27.7", "279.9"], ["27.7", "187.6"]], "Type": "GATE"}, {"Location": [["120.8", "193.6"], ["125.9", "193.6"], ["125.9", "258.8"], ["120.8", "258.8"]], "Type": "SD"}], "Module": "M5", "Boundary": [["130.9", "187.6"], ["130.9", "264.8"], ["130.6", "264.8"], ["130.6", "279.9"], ["20.0", "279.9"], ["20.0", "187.6"]], "Module_type": "GATE"}, {"Ports": [{"Location": [["23.5", "127.7"], ["44.8", "127.7"], ["44.8", "132.6"], ["23.5", "132.6"]], "Type": "SD"}, {"Location": [["10.0", "10.0"], ["58.3", "10.0"], ["58.3", "126.6"], ["10.0", "126.6"]], "Type": "GATE"}, {"Location": [["16.6", "15.6"], ["51.7", "15.6"], ["51.7", "21.2"], ["16.6", "21.2"]], "Type": "SD"}], "Module": "M11", "Boundary": [["10.0", "10.0"], ["58.3", "10.0"], ["58.3", "132.6"], ["10.0", "132.6"]], "Module_type": "GATE"}, {"Ports": [{"Location": [["440.7", "463.6"], ["532.5", "463.6"], ["532.5", "467.8"], ["440.7", "467.8"]], "Type": "SD"}, {"Location": [["426.5", "326.6"], ["546.7", "326.6"], ["546.7", "461.8"], ["426.5", "461.8"]], "Type": "GATE"}, {"Location": [["433.1", "332.2"], ["540.1", "332.2"], ["540.1", "338.7"], ["433.1", "338.7"]], "Type": "SD"}], "Module": "M1", "Boundary": [["426.5", "326.6"], ["546.7", "326.6"], ["546.7", "467.8"], ["426.5", "467.8"]], "Module_type": "GATE"}, {"Ports": [{"Location": [["434.7", "109.8"], ["440.7", "109.8"], ["440.7", "168.4"], ["434.7", "168.4"]], "Type": "SD"}, {"Location": [["545.8", "96.1"], ["545.8", "165.7"], ["485.7", "165.7"], ["485.7", "182.1"], ["443.6", "182.1"], ["443.6", "96.1"]], "Type": "GATE"}, {"Location": [["535.3", "101.3"], ["541.6", "101.3"], ["541.6", "159.5"], ["535.3", "159.5"]], "Type": "SD"}], "Module": "M6", "Boundary": [["545.8", "96.1"], ["545.8", "165.7"], ["485.7", "165.7"], ["485.7", "182.1"], ["434.7", "182.1"], ["434.7", "96.1"]], "Module_type": "GATE"}, {"Ports": [{"Location": [["267.7", "329.8"], ["272.2", "329.8"], ["272.2", "402.1"], ["267.7", "402.1"]], "Type": "SD"}, {"Location": [["376.5", "316.6"], ["376.5", "400.1"], ["341.9", "400.1"], ["341.9", "415.3"], ["273.2", "415.3"], ["273.2", "316.6"]], "Type": "GATE"}, {"Location": [["365.4", "321.8"], ["372.3", "321.8"], ["372.3", "393.9"], ["365.4", "393.9"]], "Type": "SD"}], "Module": "M2", "Boundary": [["376.5", "316.6"], ["376.5", "400.1"], ["341.9", "400.1"], ["341.9", "415.3"], ["267.7", "415.3"], ["267.7", "316.6"]], "Module_type": "GATE"}, {"Ports": [{"Location": [["10.0", "323.6"], ["14.5", "323.6"], ["14.5", "374.5"], ["10.0", "374.5"]], "Type": "SD"}, {"Location": [["128.4", "309.9"], ["128.4", "374.5"], ["119.3", "374.5"], ["119.3", "388.2"], ["16.7", "388.2"], ["16.7", "309.9"]], "Type": "GATE"}, {"Location": [["116.5", "315.8"], ["123.5", "315.8"], ["123.5", "367.6"], ["116.5", "367.6"]], "Type": "SD"}], "Module": "M16", "Boundary": [["128.4", "309.9"], ["128.4", "374.5"], ["119.3", "374.5"], ["119.3", "388.2"], ["10.0", "388.2"], ["10.0", "309.9"]], "Module_type": "GATE"}, {"Ports": [{"Location": [["183.3", "458.8"], ["189.2", "458.8"], ["189.2", "480.9"], ["183.3", "480.9"]], "Type": "SD"}, {"Location": [["383.1", "445.3"], ["383.1", "494.4"], ["192.0", "494.4"], ["192.0", "445.3"]], "Type": "GATE"}, {"Location": [["371.2", "450.8"], ["378.6", "450.8"], ["378.6", "488.9"], ["371.2", "488.9"]], "Type": "SD"}], "Module": "M13", "Boundary": [["383.1", "445.3"], ["383.1", "494.4"], ["183.3", "494.4"], ["183.3", "445.3"]], "Module_type": "GATE"}, {"Ports": [{"Location": [["385.1", "216.1"], ["390.8", "216.1"], ["390.8", "272.6"], ["385.1", "272.6"]], "Type": "SD"}, {"Location": [["551.9", "202.1"], ["551.9", "271.4"], ["509.8", "271.4"], ["509.8", "286.6"], ["391.9", "286.6"], ["391.9", "202.1"]], "Type": "GATE"}, {"Location": [["540.1", "208.4"], ["546.6", "208.4"], ["546.6", "264.1"], ["540.1", "264.1"]], "Type": "SD"}], "Module": "M10", "Boundary": [["551.9", "202.1"], ["551.9", "271.4"], ["509.8", "271.4"], ["509.8", "286.6"], ["385.1", "286.6"], ["385.1", "202.1"]], "Module_type": "GATE"}, {"Ports": [{"Location": [["613.5", "185.4"], ["674.8", "185.4"], ["674.8", "191.2"], ["613.5", "191.2"]], "Type": "SD"}, {"Location": [["598.2", "20.0"], ["672.0", "20.0"], ["672.0", "20.4"], ["690.1", "20.4"], ["690.1", "183.8"], ["598.2", "183.8"]], "Type": "GATE"}, {"Location": [["603.9", "24.7"], ["666.3", "24.7"], ["666.3", "32.2"], ["603.9", "32.2"]], "Type": "SD"}], "Module": "M7", "Boundary": [["598.2", "20.0"], ["672.0", "20.0"], ["672.0", "20.4"], ["690.1", "20.4"], ["690.1", "191.2"], ["598.2", "191.2"]], "Module_type": "GATE"}, {"Ports": [{"Location": [["434.7", "24.2"], ["439.4", "24.2"], ["439.4", "61.9"], ["434.7", "61.9"]], "Type": "SD"}, {"Location": [["568.2", "10.0"], ["568.2", "60.8"], ["568.1", "60.8"], ["568.1", "76.1"], ["441.0", "76.1"], ["441.0", "10.0"]], "Type": "GATE"}, {"Location": [["555.8", "16.8"], ["562.4", "16.8"], ["562.4", "54.0"], ["555.8", "54.0"]], "Type": "SD"}], "Module": "M3", "Boundary": [["568.2", "10.0"], ["568.2", "60.8"], ["568.1", "60.8"], ["568.1", "76.1"], ["434.7", "76.1"], ["434.7", "10.0"]], "Module_type": "GATE"}, {"Ports": [{"Location": [["148.4", "323.7"], ["153.5", "323.7"], ["153.5", "346.9"], ["148.4", "346.9"]], "Type": "SD"}, {"Location": [["237.7", "309.9"], ["237.7", "360.7"], ["154.8", "360.7"], ["154.8", "309.9"]], "Type": "GATE"}, {"Location": [["226.1", "315.8"], ["232.8", "315.8"], ["232.8", "354.8"], ["226.1", "354.8"]], "Type": "SD"}], "Module": "M15", "Boundary": [["237.7", "309.9"], ["237.7", "360.7"], ["148.4", "360.7"], ["148.4", "309.9"]], "Module_type": "GATE"}, {"Ports": [{"Location": [["160.9", "196.2"], ["165.0", "196.2"], ["165.0", "266.2"], ["160.9", "266.2"]], "Type": "SD"}, {"Location": [["365.1", "183.0"], ["365.1", "264.9"], ["257.3", "264.9"], ["257.3", "279.4"], ["167.1", "279.4"], ["167.1", "183.0"]], "Type": "GATE"}, {"Location": [["353.8", "189.2"], ["359.9", "189.2"], ["359.9", "257.7"], ["353.8", "257.7"]], "Type": "SD"}], "Module": "M12", "Boundary": [["365.1", "183.0"], ["365.1", "264.9"], ["257.3", "264.9"], ["257.3", "279.4"], ["160.9", "279.4"], ["160.9", "183.0"]], "Module_type": "GATE"}, {"Ports": [{"Location": [["104.0", "143.0"], ["164.1", "143.0"], ["164.1", "147.6"], ["104.0", "147.6"]], "Type": "SD"}, {"Location": [["88.3", "20.0"], ["163.2", "20.0"], ["163.2", "61.1"], ["179.8", "61.1"], ["179.8", "141.5"], ["88.3", "141.5"]], "Type": "GATE"}, {"Location": [["95.2", "25.9"], ["155.3", "25.9"], ["155.3", "32.8"], ["95.2", "32.8"]], "Type": "SD"}], "Module": "M8", "Boundary": [["88.3", "20.0"], ["163.2", "20.0"], ["163.2", "61.1"], ["179.8", "61.1"], ["179.8", "147.6"], ["88.3", "147.6"]], "Module_type": "GATE"}], "Area": [["-30.0", "-30.0"], ["741.5", "-30.0"], ["741.5", "534.4"], ["-30.0", "534.4"]], "Rules": ["GATE(5,5)", "SD(5,5)", "GATE_SD(0.5)", "GATE_ITO(0.5)", "SD_ITO(0.5)"]}