{"Modules": [{"Module": "M14", "Boundary": [["388.1", "116.5"], ["388.1", "200.0"], ["387.8", "200.0"], ["387.8", "213.3"], ["268.9", "213.3"], ["268.9", "116.5"]], "Module_type": "GATE", "Ports": [{"Location": [["268.9", "128.6"], ["273.7", "128.6"], ["273.7", "201.2"], ["268.9", "201.2"]], "Type": "SD"}, {"Location": [["388.1", "116.5"], ["388.1", "200.0"], ["387.8", "200.0"], ["387.8", "213.3"], ["276.6", "213.3"], ["276.6", "116.5"]], "Type": "GATE"}, {"Location": [["378.0", "121.8"], ["383.8", "121.8"], ["383.8", "194.7"], ["378.0", "194.7"]], "Type": "SD"}]}, {"Ports": [{"Location": [["518.3", "371.9"], ["542.3", "371.9"], ["542.3", "377.8"], ["518.3", "377.8"]], "Type": "SD"}, {"Location": [["503.7", "221.4"], ["539.0", "221.4"], ["539.0", "221.6"], ["556.9", "221.6"], ["556.9", "370.2"], ["503.7", "370.2"]], "Type": "GATE"}, {"Location": [["509.4", "226.1"], ["533.3", "226.1"], ["533.3", "232.6"], ["509.4", "232.6"]], "Type": "SD"}], "Module": "M9", "Boundary": [["503.7", "221.4"], ["539.0", "221.4"], ["539.0", "221.6"], ["556.9", "221.6"], ["556.9", "377.8"], ["503.7", "377.8"]], "Module_type": "GATE"}, {"Ports": [{"Location": [["134.8", "138.4"], ["139.9", "138.4"], ["139.9", "181.6"], ["134.8", "181.6"]], "Type": "SD"}, {"Location": [["218.9", "124.3"], ["218.9", "177.6"], ["218.7", "177.6"], ["218.7", "195.7"], ["142.3", "195.7"], ["142.3", "124.3"]], "Type": "GATE"}, {"Location": [["207.9", "130.3"], ["213.9", "130.3"], ["213.9", "171.6"], ["207.9", "171.6"]], "Type": "SD"}], "Module": "M5", "Boundary": [["218.9", "124.3"], ["218.9", "177.6"], ["218.7", "177.6"], ["218.7", "195.7"], ["134.8", "195.7"], ["134.8", "124.3"]], "Module_type": "GATE"}, {"Ports": [{"Location": [["246.3", "391.8"], ["286.5", "391.8"], ["286.5", "396.8"], ["246.3", "396.8"]], "Type": "SD"}, {"Location": [["233.3", "322.9"], ["282.8", "322.9"], ["282.8", "323.0"], ["299.5", "323.0"], ["299.5", "389.6"], ["233.3", "389.6"]], "Type": "GATE"}, {"Location": [["239.0", "327.6"], ["277.1", "327.6"], ["277.1", "333.3"], ["239.0", "333.3"]], "Type": "SD"}], "Module": "M11", "Boundary": [["233.3", "322.9"], ["282.8", "322.9"], ["282.8", "323.0"], ["299.5", "323.0"], ["299.5", "396.8"], ["233.3", "396.8"]], "Module_type": "GATE"}, {"Ports": [{"Location": [["626.8", "237.2"], ["696.7", "237.2"], ["696.7", "242.7"], ["626.8", "242.7"]], "Type": "SD"}, {"Location": [["611.3", "30.0"], ["696.3", "30.0"], ["696.3", "30.0"], ["712.2", "30.0"], ["712.2", "235.4"], ["611.3", "235.4"]], "Type": "GATE"}, {"Location": [["618.2", "35.9"], ["689.4", "35.9"], ["689.4", "43.2"], ["618.2", "43.2"]], "Type": "SD"}], "Module": "M1", "Boundary": [["611.3", "30.0"], ["696.3", "30.0"], ["696.3", "30.0"], ["712.2", "30.0"], ["712.2", "242.7"], ["611.3", "242.7"]], "Module_type": "GATE"}, {"Ports": [{"Location": [["10.0", "344.2"], ["14.4", "344.2"], ["14.4", "395.1"], ["10.0", "395.1"]], "Type": "SD"}, {"Location": [["213.3", "331.3"], ["213.3", "408.0"], ["17.4", "408.0"], ["17.4", "331.3"]], "Type": "GATE"}, {"Location": [["202.4", "336.9"], ["208.7", "336.9"], ["208.7", "402.4"], ["202.4", "402.4"]], "Type": "SD"}], "Module": "M6", "Boundary": [["213.3", "331.3"], ["213.3", "408.0"], ["10.0", "408.0"], ["10.0", "331.3"]], "Module_type": "GATE"}, {"Ports": [{"Location": [["586.9", "307.6"], ["592.0", "307.6"], ["592.0", "347.8"], ["586.9", "347.8"]], "Type": "SD"}, {"Location": [["722.5", "292.7"], ["722.5", "362.7"], ["594.5", "362.7"], ["594.5", "292.7"]], "Type": "GATE"}, {"Location": [["711.0", "299.3"], ["716.9", "299.3"], ["716.9", "356.1"], ["711.0", "356.1"]], "Type": "SD"}], "Module": "M2", "Boundary": [["722.5", "292.7"], ["722.5", "362.7"], ["586.9", "362.7"], ["586.9", "292.7"]], "Module_type": "GATE"}, {"Ports": [{"Location": [["23.1", "190.0"], ["91.7", "190.0"], ["91.7", "194.8"], ["23.1", "194.8"]], "Type": "SD"}, {"Location": [["10.0", "114.3"], ["104.8", "114.3"], ["104.8", "187.3"], ["10.0", "187.3"]], "Type": "GATE"}, {"Location": [["15.6", "118.9"], ["99.2", "118.9"], ["99.2", "125.1"], ["15.6", "125.1"]], "Type": "SD"}], "Module": "M16", "Boundary": [["10.0", "114.3"], ["104.8", "114.3"], ["104.8", "194.8"], ["10.0", "194.8"]], "Module_type": "GATE"}, {"Ports": [{"Location": [["441.6", "296.4"], ["468.0", "296.4"], ["468.0", "302.1"], ["441.6", "302.1"]], "Type": "SD"}, {"Location": [["428.4", "158.6"], ["462.8", "158.6"], ["462.8", "158.8"], ["481.2", "158.8"], ["481.2", "293.8"], ["428.4", "293.8"]], "Type": "GATE"}, {"Location": [["433.5", "162.7"], ["457.7", "162.7"], ["457.7", "168.4"], ["433.5", "168.4"]], "Type": "SD"}], "Module": "M13", "Boundary": [["428.4", "158.6"], ["462.8", "158.6"], ["462.8", "158.8"], ["481.2", "158.8"], ["481.2", "302.1"], ["428.4", "302.1"]], "Module_type": "GATE"}, {"Ports": [{"Location": [["525.6", "196.6"], ["558.7", "196.6"], ["558.7", "201.4"], ["525.6", "201.4"]], "Type": "SD"}, {"Location": [["513.0", "10.0"], ["571.3", "10.0"], ["571.3", "195.3"], ["513.0", "195.3"]], "Type": "GATE"}, {"Location": [["520.0", "16.0"], ["564.3", "16.0"], ["564.3", "20.7"], ["520.0", "20.7"]], "Type": "SD"}], "Module": "M10", "Boundary": [["513.0", "10.0"], ["571.3", "10.0"], ["571.3", "201.4"], ["513.0", "201.4"]], "Module_type": "GATE"}, {"Ports": [{"Location": [["20.0", "249.0"], ["25.4", "249.0"], ["25.4", "288.0"], ["20.0", "288.0"]], "Type": "SD"}, {"Location": [["187.7", "235.7"], ["187.7", "285.2"], ["187.7", "285.2"], ["187.7", "301.3"], ["26.9", "301.3"], ["26.9", "235.7"]], "Type": "GATE"}, {"Location": [["176.8", "241.0"], ["183.4", "241.0"], ["183.4", "279.9"], ["176.8", "279.9"]], "Type": "SD"}], "Module": "M7", "Boundary": [["187.7", "235.7"], ["187.7", "285.2"], ["187.7", "285.2"], ["187.7", "301.3"], ["20.0", "301.3"], ["20.0", "235.7"]], "Module_type": "GATE"}, {"Ports": [{"Location": [["319.5", "335.6"], ["325.2", "335.6"], ["325.2", "391.8"], ["319.5", "391.8"]], "Type": "SD"}, {"Location": [["483.7", "322.9"], ["483.7", "404.5"], ["328.1", "404.5"], ["328.1", "322.9"]], "Type": "GATE"}, {"Location": [["474.0", "328.7"], ["478.9", "328.7"], ["478.9", "398.7"], ["474.0", "398.7"]], "Type": "SD"}], "Module": "M3", "Boundary": [["483.7", "322.9"], ["483.7", "404.5"], ["319.5", "404.5"], ["319.5", "322.9"]], "Module_type": "GATE"}, {"Ports": [{"Location": [["217.7", "266.8"], ["222.1", "266.8"], ["222.1", "289.4"], ["217.7", "289.4"]], "Type": "SD"}, {"Location": [["387.0", "253.3"], ["387.0", "302.9"], ["224.3", "302.9"], ["224.3", "253.3"]], "Type": "GATE"}, {"Location": [["376.3", "258.8"], ["382.5", "258.8"], ["382.5", "297.4"], ["376.3", "297.4"]], "Type": "SD"}], "Module": "M15", "Boundary": [["387.0", "253.3"], ["387.0", "302.9"], ["217.7", "302.9"], ["217.7", "253.3"]], "Module_type": "GATE"}, {"Ports": [{"Location": [["10.0", "22.8"], ["15.2", "22.8"], ["15.2", "81.5"], ["10.0", "81.5"]], "Type": "SD"}, {"Location": [["201.3", "10.0"], ["201.3", "94.3"], ["16.8", "94.3"], ["16.8", "10.0"]], "Type": "GATE"}, {"Location": [["191.4", "15.6"], ["196.7", "15.6"], ["196.7", "88.7"], ["191.4", "88.7"]], "Type": "SD"}], "Module": "M12", "Boundary": [["201.3", "10.0"], ["201.3", "94.3"], ["10.0", "94.3"], ["10.0", "10.0"]], "Module_type": "GATE"}, {"Ports": [{"Location": [["231.3", "32.1"], ["235.7", "32.1"], ["235.7", "54.4"], ["231.3", "54.4"]], "Type": "SD"}, {"Location": [["398.4", "20.0"], ["398.4", "66.5"], ["237.3", "66.5"], ["237.3", "20.0"]], "Type": "GATE"}, {"Location": [["388.6", "25.4"], ["394.0", "25.4"], ["394.0", "61.1"], ["388.6", "61.1"]], "Type": "SD"}], "Module": "M8", "Boundary": [["398.4", "20.0"], ["398.4", "66.5"], ["231.3", "66.5"], ["231.3", "20.0"]], "Module_type": "GATE"}], "Area": [["-30.0", "-30.0"], ["762.5", "-30.0"], ["762.5", "448.0"], ["-30.0", "448.0"]], "Rules": ["GATE(5,5)", "SD(5,5)", "GATE_SD(0.5)", "GATE_ITO(0.5)", "SD_ITO(0.5)"]}