{"Modules": [{"Module": "M14", "Boundary": [["105.7", "258.1"], ["105.7", "308.7"], ["105.4", "308.7"], ["105.4", "325.7"], ["30.0", "325.7"], ["30.0", "258.1"]], "Module_type": "GATE", "Ports": [{"Location": [["30.0", "271.2"], ["34.4", "271.2"], ["34.4", "312.6"], ["30.0", "312.6"]], "Type": "SD"}, {"Location": [["105.7", "258.1"], ["105.7", "308.7"], ["105.4", "308.7"], ["105.4", "325.7"], ["35.6", "325.7"], ["35.6", "258.1"]], "Type": "GATE"}, {"Location": [["95.7", "263.7"], ["101.1", "263.7"], ["101.1", "303.1"], ["95.7", "303.1"]], "Type": "SD"}]}, {"Ports": [{"Location": [["613.0", "23.4"], ["617.3", "23.4"], ["617.3", "91.5"], ["613.0", "91.5"]], "Type": "SD"}, {"Location": [["720.4", "10.0"], ["720.4", "104.9"], ["618.7", "104.9"], ["618.7", "10.0"]], "Type": "GATE"}, {"Location": [["708.7", "16.8"], ["714.6", "16.8"], ["714.6", "98.1"], ["708.7", "98.1"]], "Type": "SD"}], "Module": "M9", "Boundary": [["720.4", "10.0"], ["720.4", "104.9"], ["613.0", "104.9"], ["613.0", "10.0"]], "Module_type": "GATE"}, {"Ports": [{"Location": [["752.1", "246.4"], ["757.6", "246.4"], ["757.6", "327.8"], ["752.1", "327.8"]], "Type": "SD"}, {"Location": [["921.2", "234.0"], ["921.2", "340.2"], ["759.6", "340.2"], ["759.6", "234.0"]], "Type": "GATE"}, {"Location": [["910.9", "240.3"], ["915.9", "240.3"], ["915.9", "333.9"], ["910.9", "333.9"]], "Type": "SD"}], "Module": "M5", "Boundary": [["921.2", "234.0"], ["921.2", "340.2"], ["752.1", "340.2"], ["752.1", "234.0"]], "Module_type": "GATE"}, {"Ports": [{"Location": [["612.4", "139.1"], ["617.3", "139.1"], ["617.3", "224.7"], ["612.4", "224.7"]], "Type": "SD"}, {"Location": [["719.0", "124.9"], ["719.0", "223.0"], ["718.5", "223.0"], ["718.5", "238.9"], ["618.3", "238.9"], ["618.3", "124.9"]], "Type": "GATE"}, {"Location": [["707.2", "131.7"], ["713.2", "131.7"], ["713.2", "216.2"], ["707.2", "216.2"]], "Type": "SD"}], "Module": "M11", "Boundary": [["719.0", "124.9"], ["719.0", "223.0"], ["718.5", "223.0"], ["718.5", "238.9"], ["612.4", "238.9"], ["612.4", "124.9"]], "Module_type": "GATE"}, {"Ports": [{"Location": [["391.3", "229.6"], ["395.9", "229.6"], ["395.9", "315.0"], ["391.3", "315.0"]], "Type": "SD"}, {"Location": [["493.9", "217.1"], ["493.9", "312.0"], ["493.5", "312.0"], ["493.5", "327.5"], ["398.1", "327.5"], ["398.1", "217.1"]], "Type": "GATE"}, {"Location": [["483.0", "222.8"], ["489.2", "222.8"], ["489.2", "306.3"], ["483.0", "306.3"]], "Type": "SD"}], "Module": "M1", "Boundary": [["493.9", "217.1"], ["493.9", "312.0"], ["493.5", "312.0"], ["493.5", "327.5"], ["391.3", "327.5"], ["391.3", "217.1"]], "Module_type": "GATE"}, {"Ports": [{"Location": [["448.2", "136.0"], ["452.3", "136.0"], ["452.3", "161.8"], ["448.2", "161.8"]], "Type": "SD"}, {"Location": [["592.4", "120.7"], ["592.4", "159.1"], ["592.3", "159.1"], ["592.3", "177.1"], ["454.3", "177.1"], ["454.3", "120.7"]], "Type": "GATE"}, {"Location": [["579.9", "127.6"], ["586.5", "127.6"], ["586.5", "152.2"], ["579.9", "152.2"]], "Type": "SD"}], "Module": "M6", "Boundary": [["592.4", "120.7"], ["592.4", "159.1"], ["592.3", "159.1"], ["592.3", "177.1"], ["448.2", "177.1"], ["448.2", "120.7"]], "Module_type": "GATE"}, {"Ports": [{"Location": [["34.3", "202.9"], ["90.5", "202.9"], ["90.5", "208.1"], ["34.3", "208.1"]], "Type": "SD"}, {"Location": [["20.0", "20.0"], ["104.8", "20.0"], ["104.8", "200.1"], ["20.0", "200.1"]], "Type": "GATE"}, {"Location": [["26.2", "25.2"], ["98.6", "25.2"], ["98.6", "31.7"], ["26.2", "31.7"]], "Type": "SD"}], "Module": "M2", "Boundary": [["20.0", "20.0"], ["104.8", "20.0"], ["104.8", "208.1"], ["20.0", "208.1"]], "Module_type": "GATE"}, {"Ports": [{"Location": [["160.5", "326.9"], ["214.3", "326.9"], ["214.3", "332.0"], ["160.5", "332.0"]], "Type": "SD"}, {"Location": [["145.7", "161.6"], ["229.1", "161.6"], ["229.1", "325.1"], ["145.7", "325.1"]], "Type": "GATE"}, {"Location": [["151.9", "166.8"], ["222.9", "166.8"], ["222.9", "174.3"], ["151.9", "174.3"]], "Type": "SD"}], "Module": "M16", "Boundary": [["145.7", "161.6"], ["229.1", "161.6"], ["229.1", "332.0"], ["145.7", "332.0"]], "Module_type": "GATE"}, {"Ports": [{"Location": [["906.8", "198.4"], ["954.5", "198.4"], ["954.5", "204.0"], ["906.8", "204.0"]], "Type": "SD"}, {"Location": [["893.6", "10.0"], ["954.0", "10.0"], ["954.0", "10.1"], ["967.7", "10.1"], ["967.7", "197.2"], ["893.6", "197.2"]], "Type": "GATE"}, {"Location": [["900.0", "15.4"], ["947.6", "15.4"], ["947.6", "21.7"], ["900.0", "21.7"]], "Type": "SD"}], "Module": "M13", "Boundary": [["893.6", "10.0"], ["954.0", "10.0"], ["954.0", "10.1"], ["967.7", "10.1"], ["967.7", "204.0"], ["893.6", "204.0"]], "Module_type": "GATE"}, {"Ports": [{"Location": [["276.9", "325.5"], ["336.3", "325.5"], ["336.3", "331.5"], ["276.9", "331.5"]], "Type": "SD"}, {"Location": [["261.9", "175.3"], ["333.8", "175.3"], ["333.8", "175.6"], ["351.3", "175.6"], ["351.3", "323.3"], ["261.9", "323.3"]], "Type": "GATE"}, {"Location": [["267.8", "180.2"], ["327.9", "180.2"], ["327.9", "187.1"], ["267.8", "187.1"]], "Type": "SD"}], "Module": "M10", "Boundary": [["261.9", "175.3"], ["333.8", "175.3"], ["333.8", "175.6"], ["351.3", "175.6"], ["351.3", "331.5"], ["261.9", "331.5"]], "Module_type": "GATE"}, {"Ports": [{"Location": [["766.1", "189.4"], ["849.6", "189.4"], ["849.6", "193.5"], ["766.1", "193.5"]], "Type": "SD"}, {"Location": [["752.1", "20.0"], ["848.4", "20.0"], ["848.4", "20.1"], ["863.6", "20.1"], ["863.6", "188.2"], ["752.1", "188.2"]], "Type": "GATE"}, {"Location": [["758.9", "25.8"], ["841.6", "25.8"], ["841.6", "31.9"], ["758.9", "31.9"]], "Type": "SD"}], "Module": "M7", "Boundary": [["752.1", "20.0"], ["848.4", "20.0"], ["848.4", "20.1"], ["863.6", "20.1"], ["863.6", "193.5"], ["752.1", "193.5"]], "Module_type": "GATE"}, {"Ports": [{"Location": [["261.9", "23.6"], ["266.5", "23.6"], ["266.5", "66.5"], ["261.9", "66.5"]], "Type": "SD"}, {"Location": [["468.6", "10.0"], ["468.6", "80.1"], ["268.7", "80.1"], ["268.7", "10.0"]], "Type": "GATE"}, {"Location": [["458.1", "15.5"], ["464.1", "15.5"], ["464.1", "74.6"], ["458.1", "74.6"]], "Type": "SD"}], "Module": "M3", "Boundary": [["468.6", "10.0"], ["468.6", "80.1"], ["261.9", "80.1"], ["261.9", "10.0"]], "Module_type": "GATE"}, {"Ports": [{"Location": [["488.6", "23.2"], ["494.1", "23.2"], ["494.1", "87.5"], ["488.6", "87.5"]], "Type": "SD"}, {"Location": [["593.0", "10.0"], ["593.0", "86.4"], ["592.7", "86.4"], ["592.7", "100.7"], ["495.5", "100.7"], ["495.5", "10.0"]], "Type": "GATE"}, {"Location": [["581.6", "16.9"], ["587.1", "16.9"], ["587.1", "79.5"], ["581.6", "79.5"]], "Type": "SD"}], "Module": "M15", "Boundary": [["593.0", "10.0"], ["593.0", "86.4"], ["592.7", "86.4"], ["592.7", "100.7"], ["488.6", "100.7"], ["488.6", "10.0"]], "Module_type": "GATE"}, {"Ports": [{"Location": [["261.9", "115.0"], ["267.8", "115.0"], ["267.8", "140.4"], ["261.9", "140.4"]], "Type": "SD"}, {"Location": [["428.2", "100.1"], ["428.2", "155.3"], ["269.5", "155.3"], ["269.5", "100.1"]], "Type": "GATE"}, {"Location": [["416.3", "106.4"], ["422.9", "106.4"], ["422.9", "149.0"], ["416.3", "149.0"]], "Type": "SD"}], "Module": "M12", "Boundary": [["428.2", "100.1"], ["428.2", "155.3"], ["261.9", "155.3"], ["261.9", "100.1"]], "Module_type": "GATE"}, {"Ports": [{"Location": [["543.9", "283.9"], ["549.2", "283.9"], ["549.2", "324.7"], ["543.9", "324.7"]], "Type": "SD"}, {"Location": [["712.1", "268.9"], ["712.1", "323.0"], ["712.1", "323.0"], ["712.1", "339.7"], ["550.9", "339.7"], ["550.9", "268.9"]], "Type": "GATE"}, {"Location": [["699.4", "275.0"], ["707.0", "275.0"], ["707.0", "316.9"], ["699.4", "316.9"]], "Type": "SD"}], "Module": "M8", "Boundary": [["712.1", "268.9"], ["712.1", "323.0"], ["712.1", "323.0"], ["712.1", "339.7"], ["543.9", "339.7"], ["543.9", "268.9"]], "Module_type": "GATE"}], "Area": [["-20.0", "-30.0"], ["1007.7", "-30.0"], ["1007.7", "380.2"], ["-20.0", "380.2"]], "Rules": ["GATE(5,5)", "SD(5,5)", "GATE_SD(0.5)", "GATE_ITO(0.5)", "SD_ITO(0.5)"]}