{"Modules": [{"Module": "M14", "Boundary": [["663.4", "30.0"], ["663.4", "121.4"], ["546.4", "121.4"], ["546.4", "138.0"], ["441.5", "138.0"], ["441.5", "30.0"]], "Module_type": "GATE", "Ports": [{"Location": [["441.5", "45.6"], ["446.4", "45.6"], ["446.4", "122.4"], ["441.5", "122.4"]], "Type": "SD"}, {"Location": [["663.4", "30.0"], ["663.4", "121.4"], ["546.4", "121.4"], ["546.4", "138.0"], ["448.6", "138.0"], ["448.6", "30.0"]], "Type": "GATE"}, {"Location": [["651.2", "36.9"], ["657.5", "36.9"], ["657.5", "113.5"], ["651.2", "113.5"]], "Type": "SD"}]}, {"Ports": [{"Location": [["315.6", "194.6"], ["319.9", "194.6"], ["319.9", "236.9"], ["315.6", "236.9"]], "Type": "SD"}, {"Location": [["440.8", "180.9"], ["440.8", "250.6"], ["321.8", "250.6"], ["321.8", "180.9"]], "Type": "GATE"}, {"Location": [["429.6", "187.1"], ["435.6", "187.1"], ["435.6", "244.4"], ["429.6", "244.4"]], "Type": "SD"}], "Module": "M9", "Boundary": [["440.8", "180.9"], ["440.8", "250.6"], ["315.6", "250.6"], ["315.6", "180.9"]], "Module_type": "GATE"}, {"Ports": [{"Location": [["178.5", "543.9"], ["234.5", "543.9"], ["234.5", "548.9"], ["178.5", "548.9"]], "Type": "SD"}, {"Location": [["165.7", "424.7"], ["231.0", "424.7"], ["231.0", "424.9"], ["247.3", "424.9"], ["247.3", "541.0"], ["165.7", "541.0"]], "Type": "GATE"}, {"Location": [["171.0", "429.0"], ["225.7", "429.0"], ["225.7", "434.8"], ["171.0", "434.8"]], "Type": "SD"}], "Module": "M5", "Boundary": [["165.7", "424.7"], ["231.0", "424.7"], ["231.0", "424.9"], ["247.3", "424.9"], ["247.3", "548.9"], ["165.7", "548.9"]], "Module_type": "GATE"}, {"Ports": [{"Location": [["169.2", "389.5"], ["193.3", "389.5"], ["193.3", "394.7"], ["169.2", "394.7"]], "Type": "SD"}, {"Location": [["155.7", "227.3"], ["206.8", "227.3"], ["206.8", "386.8"], ["155.7", "386.8"]], "Type": "GATE"}, {"Location": [["161.8", "232.4"], ["200.7", "232.4"], ["200.7", "238.0"], ["161.8", "238.0"]], "Type": "SD"}], "Module": "M11", "Boundary": [["155.7", "227.3"], ["206.8", "227.3"], ["206.8", "394.7"], ["155.7", "394.7"]], "Module_type": "GATE"}, {"Ports": [{"Location": [["41.2", "366.8"], ["104.5", "366.8"], ["104.5", "372.2"], ["41.2", "372.2"]], "Type": "SD"}, {"Location": [["30.0", "231.5"], ["101.6", "231.5"], ["101.6", "231.8"], ["115.7", "231.8"], ["115.7", "365.0"], ["30.0", "365.0"]], "Type": "GATE"}, {"Location": [["35.6", "236.1"], ["96.0", "236.1"], ["96.0", "240.7"], ["35.6", "240.7"]], "Type": "SD"}], "Module": "M1", "Boundary": [["30.0", "231.5"], ["101.6", "231.5"], ["101.6", "231.8"], ["115.7", "231.8"], ["115.7", "372.2"], ["30.0", "372.2"]], "Module_type": "GATE"}, {"Ports": [{"Location": [["193.2", "203.0"], ["283.7", "203.0"], ["283.7", "207.3"], ["193.2", "207.3"]], "Type": "SD"}, {"Location": [["181.3", "10.0"], ["280.1", "10.0"], ["280.1", "27.1"], ["295.6", "27.1"], ["295.6", "201.3"], ["181.3", "201.3"]], "Type": "GATE"}, {"Location": [["187.0", "14.7"], ["273.4", "14.7"], ["273.4", "19.2"], ["187.0", "19.2"]], "Type": "SD"}], "Module": "M6", "Boundary": [["181.3", "10.0"], ["280.1", "10.0"], ["280.1", "27.1"], ["295.6", "27.1"], ["295.6", "207.3"], ["181.3", "207.3"]], "Module_type": "GATE"}, {"Ports": [{"Location": [["470.8", "201.0"], ["476.5", "201.0"], ["476.5", "256.2"], ["470.8", "256.2"]], "Type": "SD"}, {"Location": [["672.8", "188.0"], ["672.8", "254.3"], ["549.6", "254.3"], ["549.6", "269.2"], ["478.2", "269.2"], ["478.2", "188.0"]], "Type": "GATE"}, {"Location": [["661.6", "193.3"], ["668.5", "193.3"], ["668.5", "248.0"], ["661.6", "248.0"]], "Type": "SD"}], "Module": "M2", "Boundary": [["672.8", "188.0"], ["672.8", "254.3"], ["549.6", "254.3"], ["549.6", "269.2"], ["470.8", "269.2"], ["470.8", "188.0"]], "Module_type": "GATE"}, {"Ports": [{"Location": [["362.7", "313.6"], ["367.2", "313.6"], ["367.2", "392.2"], ["362.7", "392.2"]], "Type": "SD"}, {"Location": [["563.2", "299.2"], ["563.2", "393.1"], ["439.8", "393.1"], ["439.8", "406.6"], ["368.4", "406.6"], ["368.4", "299.2"]], "Type": "GATE"}, {"Location": [["550.9", "305.5"], ["557.9", "305.5"], ["557.9", "385.8"], ["550.9", "385.8"]], "Type": "SD"}], "Module": "M16", "Boundary": [["563.2", "299.2"], ["563.2", "393.1"], ["439.8", "393.1"], ["439.8", "406.6"], ["362.7", "406.6"], ["362.7", "299.2"]], "Module_type": "GATE"}, {"Ports": [{"Location": [["327.9", "155.2"], ["389.2", "155.2"], ["389.2", "160.9"], ["327.9", "160.9"]], "Type": "SD"}, {"Location": [["315.6", "10.0"], ["401.5", "10.0"], ["401.5", "152.8"], ["315.6", "152.8"]], "Type": "GATE"}, {"Location": [["321.4", "14.8"], ["395.7", "14.8"], ["395.7", "20.5"], ["321.4", "20.5"]], "Type": "SD"}], "Module": "M13", "Boundary": [["315.6", "10.0"], ["401.5", "10.0"], ["401.5", "160.9"], ["315.6", "160.9"]], "Module_type": "GATE"}, {"Ports": [{"Location": [["10.0", "93.7"], ["15.5", "93.7"], ["15.5", "178.3"], ["10.0", "178.3"]], "Type": "SD"}, {"Location": [["149.4", "80.5"], ["149.4", "177.1"], ["126.4", "177.1"], ["126.4", "191.5"], ["17.9", "191.5"], ["17.9", "80.5"]], "Type": "GATE"}, {"Location": [["137.9", "86.5"], ["144.4", "86.5"], ["144.4", "170.1"], ["137.9", "170.1"]], "Type": "SD"}], "Module": "M10", "Boundary": [["149.4", "80.5"], ["149.4", "177.1"], ["126.4", "177.1"], ["126.4", "191.5"], ["10.0", "191.5"], ["10.0", "80.5"]], "Module_type": "GATE"}, {"Ports": [{"Location": [["287.3", "450.8"], ["292.4", "450.8"], ["292.4", "544.4"], ["287.3", "544.4"]], "Type": "SD"}, {"Location": [["483.7", "436.6"], ["483.7", "541.4"], ["483.5", "541.4"], ["483.5", "558.6"], ["295.1", "558.6"], ["295.1", "436.6"]], "Type": "GATE"}, {"Location": [["472.0", "442.0"], ["479.3", "442.0"], ["479.3", "536.0"], ["472.0", "536.0"]], "Type": "SD"}], "Module": "M7", "Boundary": [["483.7", "436.6"], ["483.7", "541.4"], ["483.5", "541.4"], ["483.5", "558.6"], ["287.3", "558.6"], ["287.3", "436.6"]], "Module_type": "GATE"}, {"Ports": [{"Location": [["10.0", "24.6"], ["16.0", "24.6"], ["16.0", "45.9"], ["10.0", "45.9"]], "Type": "SD"}, {"Location": [["161.3", "10.0"], ["161.3", "45.9"], ["161.2", "45.9"], ["161.2", "60.5"], ["18.7", "60.5"], ["18.7", "10.0"]], "Type": "GATE"}, {"Location": [["148.5", "16.7"], ["155.6", "16.7"], ["155.6", "39.2"], ["148.5", "39.2"]], "Type": "SD"}], "Module": "M3", "Boundary": [["161.3", "10.0"], ["161.3", "45.9"], ["161.2", "45.9"], ["161.2", "60.5"], ["10.0", "60.5"], ["10.0", "10.0"]], "Module_type": "GATE"}, {"Ports": [{"Location": [["583.2", "312.1"], ["588.6", "312.1"], ["588.6", "396.6"], ["583.2", "396.6"]], "Type": "SD"}, {"Location": [["676.2", "299.2"], ["676.2", "394.1"], ["675.8", "394.1"], ["675.8", "409.5"], ["590.7", "409.5"], ["590.7", "299.2"]], "Type": "GATE"}, {"Location": [["665.7", "304.7"], ["671.7", "304.7"], ["671.7", "388.6"], ["665.7", "388.6"]], "Type": "SD"}], "Module": "M15", "Boundary": [["676.2", "299.2"], ["676.2", "394.1"], ["675.8", "394.1"], ["675.8", "409.5"], ["583.2", "409.5"], ["583.2", "299.2"]], "Module_type": "GATE"}, {"Ports": [{"Location": [["513.7", "444.1"], ["519.1", "444.1"], ["519.1", "531.4"], ["513.7", "531.4"]], "Type": "SD"}, {"Location": [["678.0", "429.5"], ["678.0", "530.9"], ["608.6", "530.9"], ["608.6", "546.0"], ["521.4", "546.0"], ["521.4", "429.5"]], "Type": "GATE"}, {"Location": [["665.8", "435.7"], ["672.8", "435.7"], ["672.8", "523.7"], ["665.8", "523.7"]], "Type": "SD"}], "Module": "M12", "Boundary": [["678.0", "429.5"], ["678.0", "530.9"], ["608.6", "530.9"], ["608.6", "546.0"], ["513.7", "546.0"], ["513.7", "429.5"]], "Module_type": "GATE"}, {"Ports": [{"Location": [["249.0", "370.2"], ["320.5", "370.2"], ["320.5", "376.1"], ["249.0", "376.1"]], "Type": "SD"}, {"Location": [["236.8", "280.6"], ["320.6", "280.6"], ["320.6", "301.8"], ["332.7", "301.8"], ["332.7", "367.9"], ["236.8", "367.9"]], "Type": "GATE"}, {"Location": [["243.3", "286.1"], ["313.1", "286.1"], ["313.1", "290.9"], ["243.3", "290.9"]], "Type": "SD"}], "Module": "M8", "Boundary": [["236.8", "280.6"], ["320.6", "280.6"], ["320.6", "301.8"], ["332.7", "301.8"], ["332.7", "376.1"], ["236.8", "376.1"]], "Module_type": "GATE"}], "Area": [["-30.0", "-30.0"], ["718.0", "-30.0"], ["718.0", "598.6"], ["-30.0", "598.6"]], "Rules": ["GATE(5,5)", "SD(5,5)", "GATE_SD(0.5)", "GATE_ITO(0.5)", "SD_ITO(0.5)"]}