{"Modules": [{"Module": "M14", "Boundary": [["104.6", "458.9"], ["104.6", "492.6"], ["104.6", "492.6"], ["104.6", "507.3"], ["30.0", "507.3"], ["30.0", "458.9"]], "Module_type": "GATE", "Ports": [{"Location": [["30.0", "472.7"], ["36.0", "472.7"], ["36.0", "493.5"], ["30.0", "493.5"]], "Type": "SD"}, {"Location": [["104.6", "458.9"], ["104.6", "492.6"], ["104.6", "492.6"], ["104.6", "507.3"], ["37.1", "507.3"], ["37.1", "458.9"]], "Type": "GATE"}, {"Location": [["93.0", "464.4"], ["100.1", "464.4"], ["100.1", "487.1"], ["93.0", "487.1"]], "Type": "SD"}]}, {"Ports": [{"Location": [["10.0", "167.1"], ["14.5", "167.1"], ["14.5", "263.7"], ["10.0", "263.7"]], "Type": "SD"}, {"Location": [["159.7", "151.9"], ["159.7", "260.9"], ["159.5", "260.9"], ["159.5", "278.9"], ["16.7", "278.9"], ["16.7", "151.9"]], "Type": "GATE"}, {"Location": [["147.7", "157.4"], ["155.2", "157.4"], ["155.2", "255.4"], ["147.7", "255.4"]], "Type": "SD"}], "Module": "M9", "Boundary": [["159.7", "151.9"], ["159.7", "260.9"], ["159.5", "260.9"], ["159.5", "278.9"], ["10.0", "278.9"], ["10.0", "151.9"]], "Module_type": "GATE"}, {"Ports": [{"Location": [["337.6", "336.1"], ["421.7", "336.1"], ["421.7", "340.5"], ["337.6", "340.5"]], "Type": "SD"}, {"Location": [["322.7", "167.0"], ["421.1", "167.0"], ["421.1", "167.3"], ["436.6", "167.3"], ["436.6", "333.8"], ["322.7", "333.8"]], "Type": "GATE"}, {"Location": [["329.4", "172.7"], ["414.4", "172.7"], ["414.4", "179.4"], ["329.4", "179.4"]], "Type": "SD"}], "Module": "M5", "Boundary": [["322.7", "167.0"], ["421.1", "167.0"], ["421.1", "167.3"], ["436.6", "167.3"], ["436.6", "340.5"], ["322.7", "340.5"]], "Module_type": "GATE"}, {"Ports": [{"Location": [["216.4", "257.6"], ["277.4", "257.6"], ["277.4", "262.3"], ["216.4", "262.3"]], "Type": "SD"}, {"Location": [["201.1", "157.0"], ["274.8", "157.0"], ["274.8", "157.0"], ["292.7", "157.0"], ["292.7", "255.5"], ["201.1", "255.5"]], "Type": "GATE"}, {"Location": [["207.6", "162.5"], ["268.3", "162.5"], ["268.3", "169.5"], ["207.6", "169.5"]], "Type": "SD"}], "Module": "M11", "Boundary": [["201.1", "157.0"], ["274.8", "157.0"], ["274.8", "157.0"], ["292.7", "157.0"], ["292.7", "262.3"], ["201.1", "262.3"]], "Module_type": "GATE"}, {"Ports": [{"Location": [["377.4", "610.8"], ["402.0", "610.8"], ["402.0", "615.0"], ["377.4", "615.0"]], "Type": "SD"}, {"Location": [["363.3", "390.5"], ["416.1", "390.5"], ["416.1", "609.0"], ["363.3", "609.0"]], "Type": "GATE"}, {"Location": [["369.2", "395.4"], ["410.2", "395.4"], ["410.2", "402.5"], ["369.2", "402.5"]], "Type": "SD"}], "Module": "M1", "Boundary": [["363.3", "390.5"], ["416.1", "390.5"], ["416.1", "615.0"], ["363.3", "615.0"]], "Module_type": "GATE"}, {"Ports": [{"Location": [["246.2", "649.3"], ["312.1", "649.3"], ["312.1", "654.3"], ["246.2", "654.3"]], "Type": "SD"}, {"Location": [["235.0", "546.7"], ["323.3", "546.7"], ["323.3", "647.4"], ["235.0", "647.4"]], "Type": "GATE"}, {"Location": [["240.0", "550.7"], ["318.3", "550.7"], ["318.3", "555.6"], ["240.0", "555.6"]], "Type": "SD"}], "Module": "M6", "Boundary": [["235.0", "546.7"], ["323.3", "546.7"], ["323.3", "654.3"], ["235.0", "654.3"]], "Module_type": "GATE"}, {"Ports": [{"Location": [["479.9", "570.0"], ["519.7", "570.0"], ["519.7", "574.7"], ["479.9", "574.7"]], "Type": "SD"}, {"Location": [["466.1", "430.1"], ["517.0", "430.1"], ["517.0", "430.2"], ["533.5", "430.2"], ["533.5", "567.4"], ["466.1", "567.4"]], "Type": "GATE"}, {"Location": [["473.1", "436.1"], ["510.0", "436.1"], ["510.0", "440.7"], ["473.1", "440.7"]], "Type": "SD"}], "Module": "M2", "Boundary": [["466.1", "430.1"], ["517.0", "430.1"], ["517.0", "430.2"], ["533.5", "430.2"], ["533.5", "574.7"], ["466.1", "574.7"]], "Module_type": "GATE"}, {"Ports": [{"Location": [["10.0", "561.8"], ["14.2", "561.8"], ["14.2", "639.1"], ["10.0", "639.1"]], "Type": "SD"}, {"Location": [["215.0", "547.3"], ["215.0", "653.6"], ["16.2", "653.6"], ["16.2", "547.3"]], "Type": "GATE"}, {"Location": [["203.9", "553.6"], ["209.7", "553.6"], ["209.7", "647.3"], ["203.9", "647.3"]], "Type": "SD"}], "Module": "M16", "Boundary": [["215.0", "547.3"], ["215.0", "653.6"], ["10.0", "653.6"], ["10.0", "547.3"]], "Module_type": "GATE"}, {"Ports": [{"Location": [["148.0", "473.2"], ["152.2", "473.2"], ["152.2", "513.6"], ["148.0", "513.6"]], "Type": "SD"}, {"Location": [["310.0", "460.1"], ["310.0", "526.7"], ["153.5", "526.7"], ["153.5", "460.1"]], "Type": "GATE"}, {"Location": [["299.8", "466.4"], ["304.7", "466.4"], ["304.7", "520.4"], ["299.8", "520.4"]], "Type": "SD"}], "Module": "M13", "Boundary": [["310.0", "460.1"], ["310.0", "526.7"], ["148.0", "526.7"], ["148.0", "460.1"]], "Module_type": "GATE"}, {"Ports": [{"Location": [["477.9", "394.3"], ["531.7", "394.3"], ["531.7", "400.1"], ["477.9", "400.1"]], "Type": "SD"}, {"Location": [["466.6", "184.4"], ["543.0", "184.4"], ["543.0", "392.7"], ["466.6", "392.7"]], "Type": "GATE"}, {"Location": [["472.2", "189.0"], ["537.4", "189.0"], ["537.4", "193.4"], ["472.2", "193.4"]], "Type": "SD"}], "Module": "M10", "Boundary": [["466.6", "184.4"], ["543.0", "184.4"], ["543.0", "400.1"], ["466.6", "400.1"]], "Module_type": "GATE"}, {"Ports": [{"Location": [["20.0", "34.0"], ["25.7", "34.0"], ["25.7", "107.9"], ["20.0", "107.9"]], "Type": "SD"}, {"Location": [["171.1", "20.0"], ["171.1", "121.9"], ["26.9", "121.9"], ["26.9", "20.0"]], "Type": "GATE"}, {"Location": [["159.0", "26.9"], ["165.2", "26.9"], ["165.2", "115.0"], ["159.0", "115.0"]], "Type": "SD"}], "Module": "M7", "Boundary": [["171.1", "20.0"], ["171.1", "121.9"], ["20.0", "121.9"], ["20.0", "20.0"]], "Module_type": "GATE"}, {"Ports": [{"Location": [["357.8", "130.7"], ["437.6", "130.7"], ["437.6", "135.3"], ["357.8", "135.3"]], "Type": "SD"}, {"Location": [["342.5", "10.0"], ["452.9", "10.0"], ["452.9", "128.7"], ["342.5", "128.7"]], "Type": "GATE"}, {"Location": [["349.2", "15.7"], ["446.2", "15.7"], ["446.2", "22.3"], ["349.2", "22.3"]], "Type": "SD"}], "Module": "M3", "Boundary": [["342.5", "10.0"], ["452.9", "10.0"], ["452.9", "135.3"], ["342.5", "135.3"]], "Module_type": "GATE"}, {"Ports": [{"Location": [["215.5", "132.8"], ["308.1", "132.8"], ["308.1", "137.0"], ["215.5", "137.0"]], "Type": "SD"}, {"Location": [["201.1", "10.0"], ["305.4", "10.0"], ["305.4", "10.3"], ["322.5", "10.3"], ["322.5", "129.9"], ["201.1", "129.9"]], "Type": "GATE"}, {"Location": [["207.5", "15.4"], ["299.0", "15.4"], ["299.0", "21.8"], ["207.5", "21.8"]], "Type": "SD"}], "Module": "M15", "Boundary": [["201.1", "10.0"], ["305.4", "10.0"], ["305.4", "10.3"], ["322.5", "10.3"], ["322.5", "137.0"], ["201.1", "137.0"]], "Module_type": "GATE"}, {"Ports": [{"Location": [["486.7", "160.3"], ["525.5", "160.3"], ["525.5", "164.4"], ["486.7", "164.4"]], "Type": "SD"}, {"Location": [["472.9", "10.0"], ["523.3", "10.0"], ["523.3", "10.0"], ["539.3", "10.0"], ["539.3", "158.8"], ["472.9", "158.8"]], "Type": "GATE"}, {"Location": [["479.1", "15.2"], ["517.1", "15.2"], ["517.1", "21.3"], ["479.1", "21.3"]], "Type": "SD"}], "Module": "M12", "Boundary": [["472.9", "10.0"], ["523.3", "10.0"], ["523.3", "10.0"], ["539.3", "10.0"], ["539.3", "164.4"], ["472.9", "164.4"]], "Module_type": "GATE"}, {"Ports": [{"Location": [["32.9", "403.2"], ["105.1", "403.2"], ["105.1", "408.9"], ["32.9", "408.9"]], "Type": "SD"}, {"Location": [["20.0", "308.9"], ["118.0", "308.9"], ["118.0", "401.5"], ["20.0", "401.5"]], "Type": "GATE"}, {"Location": [["25.8", "313.7"], ["112.2", "313.7"], ["112.2", "319.5"], ["25.8", "319.5"]], "Type": "SD"}], "Module": "M8", "Boundary": [["20.0", "308.9"], ["118.0", "308.9"], ["118.0", "408.9"], ["20.0", "408.9"]], "Module_type": "GATE"}, {"Ports": [{"Location": [["173.1", "425.0"], ["267.0", "425.0"], ["267.0", "430.1"], ["173.1", "430.1"]], "Type": "SD"}, {"Location": [["158.0", "308.9"], ["264.6", "308.9"], ["264.6", "309.6"], ["282.1", "309.6"], ["282.1", "423.9"], ["158.0", "423.9"]], "Type": "GATE"}, {"Location": [["164.3", "314.2"], ["258.3", "314.2"], ["258.3", "320.7"], ["164.3", "320.7"]], "Type": "SD"}], "Module": "M4", "Boundary": [["158.0", "308.9"], ["264.6", "308.9"], ["264.6", "309.6"], ["282.1", "309.6"], ["282.1", "430.1"], ["158.0", "430.1"]], "Module_type": "GATE"}], "Area": [["-30.0", "-30.0"], ["583.0", "-30.0"], ["583.0", "694.3"], ["-30.0", "694.3"]], "Rules": ["GATE(5,5)", "SD(5,5)", "GATE_SD(0.5)", "GATE_ITO(0.5)", "SD_ITO(0.5)"]}