{"Modules": [{"Module": "M14", "Boundary": [["268.0", "163.8"], ["359.3", "163.8"], ["359.3", "163.9"], ["374.1", "163.9"], ["374.1", "269.7"], ["268.0", "269.7"]], "Module_type": "GATE", "Ports": [{"Location": [["280.4", "264.8"], ["361.7", "264.8"], ["361.7", "269.7"], ["280.4", "269.7"]], "Type": "SD"}, {"Location": [["268.0", "163.8"], ["359.3", "163.8"], ["359.3", "163.9"], ["374.1", "163.9"], ["374.1", "262.7"], ["268.0", "262.7"]], "Type": "GATE"}, {"Location": [["273.9", "168.7"], ["353.4", "168.7"], ["353.4", "174.7"], ["273.9", "174.7"]], "Type": "SD"}]}, {"Ports": [{"Location": [["218.6", "441.9"], ["224.2", "441.9"], ["224.2", "501.5"], ["218.6", "501.5"]], "Type": "SD"}, {"Location": [["389.9", "427.1"], ["389.9", "516.3"], ["226.8", "516.3"], ["226.8", "427.1"]], "Type": "GATE"}, {"Location": [["377.8", "434.0"], ["384.0", "434.0"], ["384.0", "509.4"], ["377.8", "509.4"]], "Type": "SD"}], "Module": "M9", "Boundary": [["389.9", "427.1"], ["389.9", "516.3"], ["218.6", "516.3"], ["218.6", "427.1"]], "Module_type": "GATE"}, {"Ports": [{"Location": [["424.1", "412.5"], ["430.1", "412.5"], ["430.1", "491.1"], ["424.1", "491.1"]], "Type": "SD"}, {"Location": [["646.5", "397.3"], ["646.5", "506.3"], ["433.0", "506.3"], ["433.0", "397.3"]], "Type": "GATE"}, {"Location": [["634.8", "403.5"], ["641.3", "403.5"], ["641.3", "500.1"], ["634.8", "500.1"]], "Type": "SD"}], "Module": "M5", "Boundary": [["646.5", "397.3"], ["646.5", "506.3"], ["424.1", "506.3"], ["424.1", "397.3"]], "Module_type": "GATE"}, {"Ports": [{"Location": [["10.0", "428.2"], ["15.9", "428.2"], ["15.9", "494.0"], ["10.0", "494.0"]], "Type": "SD"}, {"Location": [["198.6", "416.4"], ["198.6", "491.0"], ["198.4", "491.0"], ["198.4", "505.8"], ["18.2", "505.8"], ["18.2", "416.4"]], "Type": "GATE"}, {"Location": [["189.4", "421.5"], ["194.5", "421.5"], ["194.5", "485.9"], ["189.4", "485.9"]], "Type": "SD"}], "Module": "M11", "Boundary": [["198.6", "416.4"], ["198.6", "491.0"], ["198.4", "491.0"], ["198.4", "505.8"], ["10.0", "505.8"], ["10.0", "416.4"]], "Module_type": "GATE"}, {"Ports": [{"Location": [["537.8", "288.0"], ["543.6", "288.0"], ["543.6", "335.0"], ["537.8", "335.0"]], "Type": "SD"}, {"Location": [["632.6", "275.7"], ["632.6", "333.7"], ["632.5", "333.7"], ["632.5", "347.3"], ["545.8", "347.3"], ["545.8", "275.7"]], "Type": "GATE"}, {"Location": [["622.2", "281.0"], ["628.3", "281.0"], ["628.3", "328.4"], ["622.2", "328.4"]], "Type": "SD"}], "Module": "M1", "Boundary": [["632.6", "275.7"], ["632.6", "333.7"], ["632.5", "333.7"], ["632.5", "347.3"], ["537.8", "347.3"], ["537.8", "275.7"]], "Module_type": "GATE"}, {"Ports": [{"Location": [["10.0", "297.3"], ["15.8", "297.3"], ["15.8", "359.5"], ["10.0", "359.5"]], "Type": "SD"}, {"Location": [["117.6", "285.0"], ["117.6", "357.8"], ["117.3", "357.8"], ["117.3", "371.8"], ["18.5", "371.8"], ["18.5", "285.0"]], "Type": "GATE"}, {"Location": [["107.1", "290.9"], ["112.7", "290.9"], ["112.7", "351.9"], ["107.1", "351.9"]], "Type": "SD"}], "Module": "M6", "Boundary": [["117.6", "285.0"], ["117.6", "357.8"], ["117.3", "357.8"], ["117.3", "371.8"], ["10.0", "371.8"], ["10.0", "285.0"]], "Module_type": "GATE"}, {"Ports": [{"Location": [["161.6", "279.6"], ["204.0", "279.6"], ["204.0", "285.2"], ["161.6", "285.2"]], "Type": "SD"}, {"Location": [["147.6", "103.2"], ["200.7", "103.2"], ["200.7", "103.2"], ["218.0", "103.2"], ["218.0", "277.4"], ["147.6", "277.4"]], "Type": "GATE"}, {"Location": [["153.9", "108.5"], ["194.4", "108.5"], ["194.4", "114.1"], ["153.9", "114.1"]], "Type": "SD"}], "Module": "M2", "Boundary": [["147.6", "103.2"], ["200.7", "103.2"], ["200.7", "103.2"], ["218.0", "103.2"], ["218.0", "285.2"], ["147.6", "285.2"]], "Module_type": "GATE"}, {"Ports": [{"Location": [["267.3", "119.6"], ["337.1", "119.6"], ["337.1", "123.8"], ["267.3", "123.8"]], "Type": "SD"}, {"Location": [["256.0", "10.0"], ["348.4", "10.0"], ["348.4", "117.9"], ["256.0", "117.9"]], "Type": "GATE"}, {"Location": [["261.1", "14.1"], ["343.3", "14.1"], ["343.3", "19.0"], ["261.1", "19.0"]], "Type": "SD"}], "Module": "M16", "Boundary": [["256.0", "10.0"], ["348.4", "10.0"], ["348.4", "123.8"], ["256.0", "123.8"]], "Module_type": "GATE"}, {"Ports": [{"Location": [["414.1", "135.1"], ["418.8", "135.1"], ["418.8", "201.4"], ["414.1", "201.4"]], "Type": "SD"}, {"Location": [["542.6", "121.0"], ["542.6", "200.6"], ["542.4", "200.6"], ["542.4", "215.5"], ["421.1", "215.5"], ["421.1", "121.0"]], "Type": "GATE"}, {"Location": [["530.7", "127.9"], ["536.7", "127.9"], ["536.7", "193.7"], ["530.7", "193.7"]], "Type": "SD"}], "Module": "M13", "Boundary": [["542.6", "121.0"], ["542.6", "200.6"], ["542.4", "200.6"], ["542.4", "215.5"], ["414.1", "215.5"], ["414.1", "121.0"]], "Module_type": "GATE"}, {"Ports": [{"Location": [["10.0", "22.8"], ["14.6", "22.8"], ["14.6", "60.4"], ["10.0", "60.4"]], "Type": "SD"}, {"Location": [["236.0", "10.0"], ["236.0", "58.4"], ["236.0", "58.4"], ["236.0", "73.2"], ["17.3", "73.2"], ["17.3", "10.0"]], "Type": "GATE"}, {"Location": [["225.0", "16.1"], ["230.9", "16.1"], ["230.9", "52.3"], ["225.0", "52.3"]], "Type": "SD"}], "Module": "M10", "Boundary": [["236.0", "10.0"], ["236.0", "58.4"], ["236.0", "58.4"], ["236.0", "73.2"], ["10.0", "73.2"], ["10.0", "10.0"]], "Module_type": "GATE"}, {"Ports": [{"Location": [["284.4", "392.7"], ["362.9", "392.7"], ["362.9", "397.1"], ["284.4", "397.1"]], "Type": "SD"}, {"Location": [["269.0", "319.7"], ["378.3", "319.7"], ["378.3", "391.7"], ["269.0", "391.7"]], "Type": "GATE"}, {"Location": [["276.0", "325.7"], ["371.3", "325.7"], ["371.3", "332.1"], ["276.0", "332.1"]], "Type": "SD"}], "Module": "M7", "Boundary": [["269.0", "319.7"], ["378.3", "319.7"], ["378.3", "397.1"], ["269.0", "397.1"]], "Module_type": "GATE"}, {"Ports": [{"Location": [["137.6", "327.9"], ["142.5", "327.9"], ["142.5", "383.7"], ["137.6", "383.7"]], "Type": "SD"}, {"Location": [["239.0", "315.2"], ["239.0", "380.0"], ["238.9", "380.0"], ["238.9", "396.4"], ["144.0", "396.4"], ["144.0", "315.2"]], "Type": "GATE"}, {"Location": [["229.6", "320.4"], ["234.8", "320.4"], ["234.8", "374.8"], ["229.6", "374.8"]], "Type": "SD"}], "Module": "M3", "Boundary": [["239.0", "315.2"], ["239.0", "380.0"], ["238.9", "380.0"], ["238.9", "396.4"], ["137.6", "396.4"], ["137.6", "315.2"]], "Module_type": "GATE"}, {"Ports": [{"Location": [["426.2", "359.4"], ["485.7", "359.4"], ["485.7", "363.8"], ["426.2", "363.8"]], "Type": "SD"}, {"Location": [["414.1", "235.5"], ["480.4", "235.5"], ["480.4", "235.8"], ["497.8", "235.8"], ["497.8", "356.7"], ["414.1", "356.7"]], "Type": "GATE"}, {"Location": [["419.3", "239.7"], ["475.2", "239.7"], ["475.2", "244.3"], ["419.3", "244.3"]], "Type": "SD"}], "Module": "M15", "Boundary": [["414.1", "235.5"], ["480.4", "235.5"], ["480.4", "235.8"], ["497.8", "235.8"], ["497.8", "363.8"], ["414.1", "363.8"]], "Module_type": "GATE"}, {"Ports": [{"Location": [["575.5", "230.4"], ["655.8", "230.4"], ["655.8", "235.7"], ["575.5", "235.7"]], "Type": "SD"}, {"Location": [["562.6", "10.0"], ["668.7", "10.0"], ["668.7", "228.4"], ["562.6", "228.4"]], "Type": "GATE"}, {"Location": [["568.1", "14.5"], ["663.2", "14.5"], ["663.2", "20.7"], ["568.1", "20.7"]], "Type": "SD"}], "Module": "M12", "Boundary": [["562.6", "10.0"], ["668.7", "10.0"], ["668.7", "235.7"], ["562.6", "235.7"]], "Module_type": "GATE"}, {"Ports": [{"Location": [["378.4", "35.1"], ["383.2", "35.1"], ["383.2", "75.9"], ["378.4", "75.9"]], "Type": "SD"}, {"Location": [["525.7", "20.0"], ["525.7", "73.9"], ["525.5", "73.9"], ["525.5", "91.0"], ["384.8", "91.0"], ["384.8", "20.0"]], "Type": "GATE"}, {"Location": [["513.5", "26.6"], ["520.1", "26.6"], ["520.1", "67.3"], ["513.5", "67.3"]], "Type": "SD"}], "Module": "M8", "Boundary": [["525.7", "20.0"], ["525.7", "73.9"], ["525.5", "73.9"], ["525.5", "91.0"], ["378.4", "91.0"], ["378.4", "20.0"]], "Module_type": "GATE"}], "Area": [["-30.0", "-30.0"], ["708.7", "-30.0"], ["708.7", "556.3"], ["-30.0", "556.3"]], "Rules": ["GATE(5,5)", "SD(5,5)", "GATE_SD(0.5)", "GATE_ITO(0.5)", "SD_ITO(0.5)"]}