{"Modules": [{"Module": "M14", "Boundary": [["238.4", "201.1"], ["238.4", "286.1"], ["115.4", "286.1"], ["115.4", "201.1"]], "Module_type": "GATE", "Ports": [{"Location": [["115.4", "215.5"], ["119.5", "215.5"], ["119.5", "271.7"], ["115.4", "271.7"]], "Type": "SD"}, {"Location": [["238.4", "201.1"], ["238.4", "286.1"], ["121.0", "286.1"], ["121.0", "201.1"]], "Type": "GATE"}, {"Location": [["226.2", "207.9"], ["232.6", "207.9"], ["232.6", "279.3"], ["226.2", "279.3"]], "Type": "SD"}]}, {"Ports": [{"Location": [["10.0", "607.2"], ["14.2", "607.2"], ["14.2", "646.2"], ["10.0", "646.2"]], "Type": "SD"}, {"Location": [["208.7", "594.6"], ["208.7", "642.9"], ["208.6", "642.9"], ["208.6", "658.8"], ["15.8", "658.8"], ["15.8", "594.6"]], "Type": "GATE"}, {"Location": [["198.8", "601.0"], ["203.3", "601.0"], ["203.3", "636.5"], ["198.8", "636.5"]], "Type": "SD"}], "Module": "M9", "Boundary": [["208.7", "594.6"], ["208.7", "642.9"], ["208.6", "642.9"], ["208.6", "658.8"], ["10.0", "658.8"], ["10.0", "594.6"]], "Module_type": "GATE"}, {"Ports": [{"Location": [["442.3", "538.7"], ["503.8", "538.7"], ["503.8", "543.7"], ["442.3", "543.7"]], "Type": "SD"}, {"Location": [["427.1", "463.6"], ["519.0", "463.6"], ["519.0", "537.4"], ["427.1", "537.4"]], "Type": "GATE"}, {"Location": [["433.8", "469.3"], ["512.3", "469.3"], ["512.3", "475.5"], ["433.8", "475.5"]], "Type": "SD"}], "Module": "M5", "Boundary": [["427.1", "463.6"], ["519.0", "463.6"], ["519.0", "543.7"], ["427.1", "543.7"]], "Module_type": "GATE"}, {"Ports": [{"Location": [["223.4", "25.7"], ["229.2", "25.7"], ["229.2", "117.9"], ["223.4", "117.9"]], "Type": "SD"}, {"Location": [["399.5", "10.0"], ["399.5", "133.6"], ["231.7", "133.6"], ["231.7", "10.0"]], "Type": "GATE"}, {"Location": [["386.5", "16.9"], ["393.6", "16.9"], ["393.6", "126.7"], ["386.5", "126.7"]], "Type": "SD"}], "Module": "M11", "Boundary": [["399.5", "10.0"], ["399.5", "133.6"], ["223.4", "133.6"], ["223.4", "10.0"]], "Module_type": "GATE"}, {"Ports": [{"Location": [["30.0", "44.4"], ["35.5", "44.4"], ["35.5", "126.7"], ["30.0", "126.7"]], "Type": "SD"}, {"Location": [["183.4", "30.0"], ["183.4", "141.1"], ["38.2", "141.1"], ["38.2", "30.0"]], "Type": "GATE"}, {"Location": [["172.4", "35.6"], ["178.8", "35.6"], ["178.8", "135.5"], ["172.4", "135.5"]], "Type": "SD"}], "Module": "M1", "Boundary": [["183.4", "30.0"], ["183.4", "141.1"], ["30.0", "141.1"], ["30.0", "30.0"]], "Module_type": "GATE"}, {"Ports": [{"Location": [["436.8", "192.5"], ["513.4", "192.5"], ["513.4", "197.1"], ["436.8", "197.1"]], "Type": "SD"}, {"Location": [["423.9", "10.0"], ["509.0", "10.0"], ["509.0", "10.1"], ["526.3", "10.1"], ["526.3", "191.0"], ["423.9", "191.0"]], "Type": "GATE"}, {"Location": [["429.4", "14.5"], ["503.5", "14.5"], ["503.5", "20.0"], ["429.4", "20.0"]], "Type": "SD"}], "Module": "M6", "Boundary": [["423.9", "10.0"], ["509.0", "10.0"], ["509.0", "10.1"], ["526.3", "10.1"], ["526.3", "197.1"], ["423.9", "197.1"]], "Module_type": "GATE"}, {"Ports": [{"Location": [["267.4", "463.7"], ["272.2", "463.7"], ["272.2", "521.8"], ["267.4", "521.8"]], "Type": "SD"}, {"Location": [["387.1", "448.5"], ["387.1", "519.9"], ["386.7", "519.9"], ["386.7", "537.0"], ["273.6", "537.0"], ["273.6", "448.5"]], "Type": "GATE"}, {"Location": [["374.9", "455.0"], ["381.6", "455.0"], ["381.6", "513.4"], ["374.9", "513.4"]], "Type": "SD"}], "Module": "M2", "Boundary": [["387.1", "448.5"], ["387.1", "519.9"], ["386.7", "519.9"], ["386.7", "537.0"], ["267.4", "537.0"], ["267.4", "448.5"]], "Module_type": "GATE"}, {"Ports": [{"Location": [["257.4", "579.3"], ["262.3", "579.3"], ["262.3", "645.5"], ["257.4", "645.5"]], "Type": "SD"}, {"Location": [["365.9", "567.0"], ["365.9", "643.0"], ["365.6", "643.0"], ["365.6", "657.8"], ["264.6", "657.8"], ["264.6", "567.0"]], "Type": "GATE"}, {"Location": [["355.6", "573.1"], ["360.8", "573.1"], ["360.8", "636.9"], ["355.6", "636.9"]], "Type": "SD"}], "Module": "M16", "Boundary": [["365.9", "567.0"], ["365.9", "643.0"], ["365.6", "643.0"], ["365.6", "657.8"], ["257.4", "657.8"], ["257.4", "567.0"]], "Module_type": "GATE"}, {"Ports": [{"Location": [["23.7", "533.6"], ["61.7", "533.6"], ["61.7", "538.7"], ["23.7", "538.7"]], "Type": "SD"}, {"Location": [["10.0", "369.0"], ["59.9", "369.0"], ["59.9", "369.1"], ["75.4", "369.1"], ["75.4", "532.5"], ["10.0", "532.5"]], "Type": "GATE"}, {"Location": [["16.5", "374.5"], ["53.4", "374.5"], ["53.4", "380.6"], ["16.5", "380.6"]], "Type": "SD"}], "Module": "M13", "Boundary": [["10.0", "369.0"], ["59.9", "369.0"], ["59.9", "369.1"], ["75.4", "369.1"], ["75.4", "538.7"], ["10.0", "538.7"]], "Module_type": "GATE"}, {"Ports": [{"Location": [["292.6", "285.9"], ["389.7", "285.9"], ["389.7", "289.9"], ["292.6", "289.9"]], "Type": "SD"}, {"Location": [["278.4", "153.6"], ["403.9", "153.6"], ["403.9", "284.7"], ["278.4", "284.7"]], "Type": "GATE"}, {"Location": [["283.8", "158.0"], ["398.5", "158.0"], ["398.5", "165.0"], ["283.8", "165.0"]], "Type": "SD"}], "Module": "M10", "Boundary": [["278.4", "153.6"], ["403.9", "153.6"], ["403.9", "289.9"], ["278.4", "289.9"]], "Module_type": "GATE"}, {"Ports": [{"Location": [["447.8", "418.0"], ["488.4", "418.0"], ["488.4", "423.6"], ["447.8", "423.6"]], "Type": "SD"}, {"Location": [["433.9", "227.1"], ["502.3", "227.1"], ["502.3", "415.8"], ["433.9", "415.8"]], "Type": "GATE"}, {"Location": [["440.0", "232.2"], ["496.2", "232.2"], ["496.2", "238.7"], ["440.0", "238.7"]], "Type": "SD"}], "Module": "M7", "Boundary": [["433.9", "227.1"], ["502.3", "227.1"], ["502.3", "423.6"], ["433.9", "423.6"]], "Module_type": "GATE"}, {"Ports": [{"Location": [["95.4", "340.4"], ["100.3", "340.4"], ["100.3", "413.2"], ["95.4", "413.2"]], "Type": "SD"}, {"Location": [["237.4", "326.1"], ["237.4", "427.5"], ["101.3", "427.5"], ["101.3", "326.1"]], "Type": "GATE"}, {"Location": [["225.0", "332.6"], ["231.9", "332.6"], ["231.9", "421.0"], ["225.0", "421.0"]], "Type": "SD"}], "Module": "M3", "Boundary": [["237.4", "326.1"], ["237.4", "427.5"], ["95.4", "427.5"], ["95.4", "326.1"]], "Module_type": "GATE"}, {"Ports": [{"Location": [["385.9", "587.8"], ["391.6", "587.8"], ["391.6", "641.4"], ["385.9", "641.4"]], "Type": "SD"}, {"Location": [["517.2", "573.7"], ["517.2", "655.5"], ["393.1", "655.5"], ["393.1", "573.7"]], "Type": "GATE"}, {"Location": [["505.7", "580.4"], ["511.5", "580.4"], ["511.5", "648.8"], ["505.7", "648.8"]], "Type": "SD"}], "Module": "M15", "Boundary": [["517.2", "573.7"], ["517.2", "655.5"], ["385.9", "655.5"], ["385.9", "573.7"]], "Module_type": "GATE"}, {"Ports": [{"Location": [["23.2", "344.0"], ["59.9", "344.0"], ["59.9", "349.0"], ["23.2", "349.0"]], "Type": "SD"}, {"Location": [["10.0", "181.1"], ["73.1", "181.1"], ["73.1", "341.7"], ["10.0", "341.7"]], "Type": "GATE"}, {"Location": [["16.5", "186.6"], ["66.6", "186.6"], ["66.6", "192.5"], ["16.5", "192.5"]], "Type": "SD"}], "Module": "M12", "Boundary": [["10.0", "181.1"], ["73.1", "181.1"], ["73.1", "349.0"], ["10.0", "349.0"]], "Module_type": "GATE"}, {"Ports": [{"Location": [["105.4", "469.4"], ["110.6", "469.4"], ["110.6", "552.7"], ["105.4", "552.7"]], "Type": "SD"}, {"Location": [["218.7", "457.5"], ["218.7", "564.6"], ["112.0", "564.6"], ["112.0", "457.5"]], "Type": "GATE"}, {"Location": [["208.5", "463.1"], ["214.1", "463.1"], ["214.1", "559.0"], ["208.5", "559.0"]], "Type": "SD"}], "Module": "M8", "Boundary": [["218.7", "457.5"], ["218.7", "564.6"], ["105.4", "564.6"], ["105.4", "457.5"]], "Module_type": "GATE"}, {"Ports": [{"Location": [["302.4", "403.5"], ["371.0", "403.5"], ["371.0", "408.5"], ["302.4", "408.5"]], "Type": "SD"}, {"Location": [["288.4", "319.9"], ["385.0", "319.9"], ["385.0", "401.7"], ["288.4", "401.7"]], "Type": "GATE"}, {"Location": [["295.2", "325.7"], ["378.2", "325.7"], ["378.2", "332.4"], ["295.2", "332.4"]], "Type": "SD"}], "Module": "M4", "Boundary": [["288.4", "319.9"], ["385.0", "319.9"], ["385.0", "408.5"], ["288.4", "408.5"]], "Module_type": "GATE"}], "Area": [["-30.0", "-30.0"], ["566.3", "-30.0"], ["566.3", "698.8"], ["-30.0", "698.8"]], "Rules": ["GATE(5,5)", "SD(5,5)", "GATE_SD(0.5)", "GATE_ITO(0.5)", "SD_ITO(0.5)"]}