{"Modules": [{"Module": "M14", "Boundary": [["30.0", "30.0"], ["128.0", "30.0"], ["128.0", "142.2"], ["30.0", "142.2"]], "Module_type": "GATE", "Ports": [{"Location": [["44.3", "136.8"], ["113.7", "136.8"], ["113.7", "142.2"], ["44.3", "142.2"]], "Type": "SD"}, {"Location": [["30.0", "30.0"], ["128.0", "30.0"], ["128.0", "134.1"], ["30.0", "134.1"]], "Type": "GATE"}, {"Location": [["36.6", "35.6"], ["121.4", "35.6"], ["121.4", "41.5"], ["36.6", "41.5"]], "Type": "SD"}]}, {"Ports": [{"Location": [["542.9", "522.7"], ["621.6", "522.7"], ["621.6", "528.0"], ["542.9", "528.0"]], "Type": "SD"}, {"Location": [["530.3", "333.0"], ["634.2", "333.0"], ["634.2", "521.6"], ["530.3", "521.6"]], "Type": "GATE"}, {"Location": [["536.1", "337.8"], ["628.4", "337.8"], ["628.4", "343.4"], ["536.1", "343.4"]], "Type": "SD"}], "Module": "M9", "Boundary": [["530.3", "333.0"], ["634.2", "333.0"], ["634.2", "528.0"], ["530.3", "528.0"]], "Module_type": "GATE"}, {"Ports": [{"Location": [["333.8", "401.3"], ["339.3", "401.3"], ["339.3", "440.4"], ["333.8", "440.4"]], "Type": "SD"}, {"Location": [["492.2", "388.7"], ["492.2", "437.1"], ["492.0", "437.1"], ["492.0", "453.0"], ["340.8", "453.0"], ["340.8", "388.7"]], "Type": "GATE"}, {"Location": [["481.8", "393.8"], ["488.1", "393.8"], ["488.1", "432.0"], ["481.8", "432.0"]], "Type": "SD"}], "Module": "M5", "Boundary": [["492.2", "388.7"], ["492.2", "437.1"], ["492.0", "437.1"], ["492.0", "453.0"], ["333.8", "453.0"], ["333.8", "388.7"]], "Module_type": "GATE"}, {"Ports": [{"Location": [["209.0", "169.9"], ["214.1", "169.9"], ["214.1", "241.8"], ["209.0", "241.8"]], "Type": "SD"}, {"Location": [["298.3", "158.0"], ["298.3", "237.5"], ["298.3", "237.5"], ["298.3", "253.7"], ["215.6", "253.7"], ["215.6", "158.0"]], "Type": "GATE"}, {"Location": [["289.3", "163.6"], ["293.7", "163.6"], ["293.7", "231.9"], ["289.3", "231.9"]], "Type": "SD"}], "Module": "M11", "Boundary": [["298.3", "158.0"], ["298.3", "237.5"], ["298.3", "237.5"], ["298.3", "253.7"], ["209.0", "253.7"], ["209.0", "158.0"]], "Module_type": "GATE"}, {"Ports": [{"Location": [["184.0", "459.6"], ["271.3", "459.6"], ["271.3", "463.7"], ["184.0", "463.7"]], "Type": "SD"}, {"Location": [["171.5", "293.7"], ["283.8", "293.7"], ["283.8", "458.2"], ["171.5", "458.2"]], "Type": "GATE"}, {"Location": [["176.5", "297.7"], ["278.8", "297.7"], ["278.8", "304.2"], ["176.5", "304.2"]], "Type": "SD"}], "Module": "M1", "Boundary": [["171.5", "293.7"], ["283.8", "293.7"], ["283.8", "463.7"], ["171.5", "463.7"]], "Module_type": "GATE"}, {"Ports": [{"Location": [["323.8", "308.6"], ["328.3", "308.6"], ["328.3", "345.5"], ["323.8", "345.5"]], "Type": "SD"}, {"Location": [["510.3", "295.4"], ["510.3", "343.4"], ["510.0", "343.4"], ["510.0", "358.7"], ["329.5", "358.7"], ["329.5", "295.4"]], "Type": "GATE"}, {"Location": [["500.0", "302.2"], ["504.5", "302.2"], ["504.5", "336.6"], ["500.0", "336.6"]], "Type": "SD"}], "Module": "M6", "Boundary": [["510.3", "295.4"], ["510.3", "343.4"], ["510.0", "343.4"], ["510.0", "358.7"], ["323.8", "358.7"], ["323.8", "295.4"]], "Module_type": "GATE"}, {"Ports": [{"Location": [["346.0", "177.4"], ["350.2", "177.4"], ["350.2", "252.3"], ["346.0", "252.3"]], "Type": "SD"}, {"Location": [["515.1", "164.3"], ["515.1", "248.4"], ["514.6", "248.4"], ["514.6", "265.4"], ["351.4", "265.4"], ["351.4", "164.3"]], "Type": "GATE"}, {"Location": [["505.0", "169.5"], ["510.9", "169.5"], ["510.9", "243.2"], ["505.0", "243.2"]], "Type": "SD"}], "Module": "M2", "Boundary": [["515.1", "164.3"], ["515.1", "248.4"], ["514.6", "248.4"], ["514.6", "265.4"], ["346.0", "265.4"], ["346.0", "164.3"]], "Module_type": "GATE"}, {"Ports": [{"Location": [["137.1", "515.1"], ["142.0", "515.1"], ["142.0", "537.0"], ["137.1", "537.0"]], "Type": "SD"}, {"Location": [["298.1", "503.7"], ["298.1", "533.9"], ["298.0", "533.9"], ["298.0", "548.4"], ["144.9", "548.4"], ["144.9", "503.7"]], "Type": "GATE"}, {"Location": [["288.7", "508.8"], ["294.0", "508.8"], ["294.0", "528.8"], ["288.7", "528.8"]], "Type": "SD"}], "Module": "M16", "Boundary": [["298.1", "503.7"], ["298.1", "533.9"], ["298.0", "533.9"], ["298.0", "548.4"], ["137.1", "548.4"], ["137.1", "503.7"]], "Module_type": "GATE"}, {"Ports": [{"Location": [["23.8", "543.4"], ["103.3", "543.4"], ["103.3", "548.7"], ["23.8", "548.7"]], "Type": "SD"}, {"Location": [["10.0", "378.1"], ["99.1", "378.1"], ["99.1", "378.3"], ["117.1", "378.3"], ["117.1", "541.0"], ["10.0", "541.0"]], "Type": "GATE"}, {"Location": [["15.7", "382.8"], ["93.4", "382.8"], ["93.4", "388.7"], ["15.7", "388.7"]], "Type": "SD"}], "Module": "M13", "Boundary": [["10.0", "378.1"], ["99.1", "378.1"], ["99.1", "378.3"], ["117.1", "378.3"], ["117.1", "548.7"], ["10.0", "548.7"]], "Module_type": "GATE"}, {"Ports": [{"Location": [["323.8", "496.8"], ["328.3", "496.8"], ["328.3", "534.4"], ["323.8", "534.4"]], "Type": "SD"}, {"Location": [["499.9", "483.0"], ["499.9", "532.8"], ["499.7", "532.8"], ["499.7", "548.2"], ["331.2", "548.2"], ["331.2", "483.0"]], "Type": "GATE"}, {"Location": [["488.3", "489.5"], ["494.4", "489.5"], ["494.4", "526.3"], ["488.3", "526.3"]], "Type": "SD"}], "Module": "M10", "Boundary": [["499.9", "483.0"], ["499.9", "532.8"], ["499.7", "532.8"], ["499.7", "548.2"], ["323.8", "548.2"], ["323.8", "483.0"]], "Module_type": "GATE"}, {"Ports": [{"Location": [["20.0", "285.4"], ["24.6", "285.4"], ["24.6", "335.8"], ["20.0", "335.8"]], "Type": "SD"}, {"Location": [["121.5", "273.1"], ["121.5", "333.6"], ["121.3", "333.6"], ["121.3", "348.1"], ["25.7", "348.1"], ["25.7", "273.1"]], "Type": "GATE"}, {"Location": [["110.9", "278.9"], ["116.7", "278.9"], ["116.7", "327.8"], ["110.9", "327.8"]], "Type": "SD"}], "Module": "M7", "Boundary": [["121.5", "273.1"], ["121.5", "333.6"], ["121.3", "333.6"], ["121.3", "348.1"], ["20.0", "348.1"], ["20.0", "273.1"]], "Module_type": "GATE"}, {"Ports": [{"Location": [["498.9", "25.1"], ["503.6", "25.1"], ["503.6", "97.5"], ["498.9", "97.5"]], "Type": "SD"}, {"Location": [["636.8", "10.0"], ["636.8", "112.6"], ["505.9", "112.6"], ["505.9", "10.0"]], "Type": "GATE"}, {"Location": [["624.4", "16.4"], ["631.4", "16.4"], ["631.4", "106.2"], ["624.4", "106.2"]], "Type": "SD"}], "Module": "M3", "Boundary": [["636.8", "10.0"], ["636.8", "112.6"], ["498.9", "112.6"], ["498.9", "10.0"]], "Module_type": "GATE"}, {"Ports": [{"Location": [["10.0", "195.9"], ["15.9", "195.9"], ["15.9", "229.4"], ["10.0", "229.4"]], "Type": "SD"}, {"Location": [["189.0", "182.2"], ["189.0", "243.1"], ["17.7", "243.1"], ["17.7", "182.2"]], "Type": "GATE"}, {"Location": [["176.9", "188.5"], ["183.7", "188.5"], ["183.7", "236.8"], ["176.9", "236.8"]], "Type": "SD"}], "Module": "M15", "Boundary": [["189.0", "182.2"], ["189.0", "243.1"], ["10.0", "243.1"], ["10.0", "182.2"]], "Module_type": "GATE"}, {"Ports": [{"Location": [["168.0", "25.6"], ["173.1", "25.6"], ["173.1", "122.4"], ["168.0", "122.4"]], "Type": "SD"}, {"Location": [["316.0", "10.0"], ["316.0", "138.0"], ["175.7", "138.0"], ["175.7", "10.0"]], "Type": "GATE"}, {"Location": [["303.6", "16.4"], ["310.6", "16.4"], ["310.6", "131.6"], ["303.6", "131.6"]], "Type": "SD"}], "Module": "M12", "Boundary": [["316.0", "10.0"], ["316.0", "138.0"], ["168.0", "138.0"], ["168.0", "10.0"]], "Module_type": "GATE"}, {"Ports": [{"Location": [["346.0", "32.1"], ["351.6", "32.1"], ["351.6", "112.2"], ["346.0", "112.2"]], "Type": "SD"}, {"Location": [["468.9", "20.0"], ["468.9", "124.3"], ["354.1", "124.3"], ["354.1", "20.0"]], "Type": "GATE"}, {"Location": [["458.5", "26.0"], ["463.9", "26.0"], ["463.9", "118.3"], ["458.5", "118.3"]], "Type": "SD"}], "Module": "M8", "Boundary": [["468.9", "20.0"], ["468.9", "124.3"], ["346.0", "124.3"], ["346.0", "20.0"]], "Module_type": "GATE"}], "Area": [["-30.0", "-30.0"], ["676.8", "-30.0"], ["676.8", "588.7"], ["-30.0", "588.7"]], "Rules": ["GATE(5,5)", "SD(5,5)", "GATE_SD(0.5)", "GATE_ITO(0.5)", "SD_ITO(0.5)"]}