{"Modules": [{"Module": "M14", "Boundary": [["234.8", "634.4"], ["234.8", "685.2"], ["199.5", "685.2"], ["199.5", "700.5"], ["30.0", "700.5"], ["30.0", "634.4"]], "Module_type": "GATE", "Ports": [{"Location": [["30.0", "647.7"], ["35.9", "647.7"], ["35.9", "687.2"], ["30.0", "687.2"]], "Type": "SD"}, {"Location": [["234.8", "634.4"], ["234.8", "685.2"], ["199.5", "685.2"], ["199.5", "700.5"], ["38.6", "700.5"], ["38.6", "634.4"]], "Type": "GATE"}, {"Location": [["224.6", "641.3"], ["228.9", "641.3"], ["228.9", "677.3"], ["224.6", "677.3"]], "Type": "SD"}]}, {"Ports": [{"Location": [["288.1", "611.2"], ["327.5", "611.2"], ["327.5", "617.0"], ["288.1", "617.0"]], "Type": "SD"}, {"Location": [["275.6", "481.1"], ["323.9", "481.1"], ["323.9", "481.3"], ["340.0", "481.3"], ["340.0", "608.5"], ["275.6", "608.5"]], "Type": "GATE"}, {"Location": [["281.2", "485.7"], ["318.3", "485.7"], ["318.3", "491.0"], ["281.2", "491.0"]], "Type": "SD"}], "Module": "M9", "Boundary": [["275.6", "481.1"], ["323.9", "481.1"], ["323.9", "481.3"], ["340.0", "481.3"], ["340.0", "617.0"], ["275.6", "617.0"]], "Module_type": "GATE"}, {"Ports": [{"Location": [["31.5", "295.2"], ["64.5", "295.2"], ["64.5", "299.3"], ["31.5", "299.3"]], "Type": "SD"}, {"Location": [["20.0", "223.5"], ["76.0", "223.5"], ["76.0", "294.1"], ["20.0", "294.1"]], "Type": "GATE"}, {"Location": [["25.7", "228.2"], ["70.3", "228.2"], ["70.3", "232.8"], ["25.7", "232.8"]], "Type": "SD"}], "Module": "M5", "Boundary": [["20.0", "223.5"], ["76.0", "223.5"], ["76.0", "299.3"], ["20.0", "299.3"]], "Module_type": "GATE"}, {"Ports": [{"Location": [["23.6", "447.3"], ["77.8", "447.3"], ["77.8", "453.1"], ["23.6", "453.1"]], "Type": "SD"}, {"Location": [["10.0", "365.7"], ["91.4", "365.7"], ["91.4", "445.9"], ["10.0", "445.9"]], "Type": "GATE"}, {"Location": [["15.1", "369.8"], ["86.3", "369.8"], ["86.3", "376.6"], ["15.1", "376.6"]], "Type": "SD"}], "Module": "M11", "Boundary": [["10.0", "365.7"], ["91.4", "365.7"], ["91.4", "453.1"], ["10.0", "453.1"]], "Module_type": "GATE"}, {"Ports": [{"Location": [["156.5", "569.5"], ["223.6", "569.5"], ["223.6", "574.4"], ["156.5", "574.4"]], "Type": "SD"}, {"Location": [["144.5", "385.7"], ["235.6", "385.7"], ["235.6", "566.5"], ["144.5", "566.5"]], "Type": "GATE"}, {"Location": [["150.2", "390.4"], ["229.9", "390.4"], ["229.9", "396.1"], ["150.2", "396.1"]], "Type": "SD"}], "Module": "M1", "Boundary": [["144.5", "385.7"], ["235.6", "385.7"], ["235.6", "574.4"], ["144.5", "574.4"]], "Module_type": "GATE"}, {"Ports": [{"Location": [["288.6", "455.7"], ["324.8", "455.7"], ["324.8", "461.1"], ["288.6", "461.1"]], "Type": "SD"}, {"Location": [["275.6", "302.6"], ["325.2", "302.6"], ["325.2", "342.7"], ["337.8", "342.7"], ["337.8", "453.0"], ["275.6", "453.0"]], "Type": "GATE"}, {"Location": [["281.7", "307.7"], ["317.1", "307.7"], ["317.1", "313.6"], ["281.7", "313.6"]], "Type": "SD"}], "Module": "M6", "Boundary": [["275.6", "302.6"], ["325.2", "302.6"], ["325.2", "342.7"], ["337.8", "342.7"], ["337.8", "461.1"], ["275.6", "461.1"]], "Module_type": "GATE"}, {"Ports": [{"Location": [["282.1", "133.1"], ["320.5", "133.1"], ["320.5", "139.0"], ["282.1", "139.0"]], "Type": "SD"}, {"Location": [["268.9", "20.0"], ["318.6", "20.0"], ["318.6", "66.6"], ["333.7", "66.6"], ["333.7", "130.8"], ["268.9", "130.8"]], "Type": "GATE"}, {"Location": [["274.4", "24.5"], ["312.1", "24.5"], ["312.1", "30.4"], ["274.4", "30.4"]], "Type": "SD"}], "Module": "M2", "Boundary": [["268.9", "20.0"], ["318.6", "20.0"], ["318.6", "66.6"], ["333.7", "66.6"], ["333.7", "139.0"], ["268.9", "139.0"]], "Module_type": "GATE"}, {"Ports": [{"Location": [["23.7", "188.5"], ["75.2", "188.5"], ["75.2", "193.5"], ["23.7", "193.5"]], "Type": "SD"}, {"Location": [["10.0", "10.0"], ["75.2", "10.0"], ["75.2", "89.5"], ["88.9", "89.5"], ["88.9", "187.2"], ["10.0", "187.2"]], "Type": "GATE"}, {"Location": [["16.8", "15.8"], ["67.4", "15.8"], ["67.4", "21.9"], ["16.8", "21.9"]], "Type": "SD"}], "Module": "M16", "Boundary": [["10.0", "10.0"], ["75.2", "10.0"], ["75.2", "89.5"], ["88.9", "89.5"], ["88.9", "193.5"], ["10.0", "193.5"]], "Module_type": "GATE"}, {"Ports": [{"Location": [["272.7", "277.9"], ["295.5", "277.9"], ["295.5", "282.6"], ["272.7", "282.6"]], "Type": "SD"}, {"Location": [["258.9", "169.0"], ["309.3", "169.0"], ["309.3", "276.4"], ["258.9", "276.4"]], "Type": "GATE"}, {"Location": [["265.0", "174.1"], ["303.2", "174.1"], ["303.2", "180.8"], ["265.0", "180.8"]], "Type": "SD"}], "Module": "M13", "Boundary": [["258.9", "169.0"], ["309.3", "169.0"], ["309.3", "282.6"], ["258.9", "282.6"]], "Module_type": "GATE"}, {"Ports": [{"Location": [["10.0", "484.8"], ["15.4", "484.8"], ["15.4", "572.2"], ["10.0", "572.2"]], "Type": "SD"}, {"Location": [["104.5", "473.1"], ["104.5", "568.0"], ["104.3", "568.0"], ["104.3", "583.9"], ["18.4", "583.9"], ["18.4", "473.1"]], "Type": "GATE"}, {"Location": [["94.9", "478.7"], ["99.9", "478.7"], ["99.9", "562.4"], ["94.9", "562.4"]], "Type": "SD"}], "Module": "M10", "Boundary": [["104.5", "473.1"], ["104.5", "568.0"], ["104.3", "568.0"], ["104.3", "583.9"], ["10.0", "583.9"], ["10.0", "473.1"]], "Module_type": "GATE"}, {"Ports": [{"Location": [["116.0", "281.1"], ["120.2", "281.1"], ["120.2", "320.8"], ["116.0", "320.8"]], "Type": "SD"}, {"Location": [["227.6", "266.2"], ["227.6", "319.7"], ["227.4", "319.7"], ["227.4", "335.7"], ["122.5", "335.7"], ["122.5", "266.2"]], "Type": "GATE"}, {"Location": [["214.8", "273.0"], ["221.8", "273.0"], ["221.8", "312.9"], ["214.8", "312.9"]], "Type": "SD"}], "Module": "M7", "Boundary": [["227.6", "266.2"], ["227.6", "319.7"], ["227.4", "319.7"], ["227.4", "335.7"], ["116.0", "335.7"], ["116.0", "266.2"]], "Module_type": "GATE"}, {"Ports": [{"Location": [["378.3", "167.4"], ["436.8", "167.4"], ["436.8", "171.9"], ["378.3", "171.9"]], "Type": "SD"}, {"Location": [["363.7", "10.0"], ["434.2", "10.0"], ["434.2", "10.3"], ["451.4", "10.3"], ["451.4", "165.1"], ["363.7", "165.1"]], "Type": "GATE"}, {"Location": [["370.6", "15.9"], ["427.3", "15.9"], ["427.3", "21.3"], ["370.6", "21.3"]], "Type": "SD"}], "Module": "M3", "Boundary": [["363.7", "10.0"], ["434.2", "10.0"], ["434.2", "10.3"], ["451.4", "10.3"], ["451.4", "171.9"], ["363.7", "171.9"]], "Module_type": "GATE"}, {"Ports": [{"Location": [["372.0", "369.9"], ["439.5", "369.9"], ["439.5", "374.4"], ["372.0", "374.4"]], "Type": "SD"}, {"Location": [["357.8", "191.9"], ["453.7", "191.9"], ["453.7", "368.9"], ["357.8", "368.9"]], "Type": "GATE"}, {"Location": [["364.1", "197.2"], ["447.4", "197.2"], ["447.4", "204.5"], ["364.1", "204.5"]], "Type": "SD"}], "Module": "M15", "Boundary": [["357.8", "191.9"], ["453.7", "191.9"], ["453.7", "374.4"], ["357.8", "374.4"]], "Module_type": "GATE"}, {"Ports": [{"Location": [["371.5", "594.9"], ["443.2", "594.9"], ["443.2", "599.1"], ["371.5", "599.1"]], "Type": "SD"}, {"Location": [["360.0", "394.4"], ["439.5", "394.4"], ["439.5", "431.1"], ["454.7", "431.1"], ["454.7", "592.8"], ["360.0", "592.8"]], "Type": "GATE"}, {"Location": [["365.2", "398.6"], ["433.3", "398.6"], ["433.3", "402.8"], ["365.2", "402.8"]], "Type": "SD"}], "Module": "M12", "Boundary": [["360.0", "394.4"], ["439.5", "394.4"], ["439.5", "431.1"], ["454.7", "431.1"], ["454.7", "599.1"], ["360.0", "599.1"]], "Module_type": "GATE"}, {"Ports": [{"Location": [["285.6", "659.6"], ["290.6", "659.6"], ["290.6", "696.1"], ["285.6", "696.1"]], "Type": "SD"}, {"Location": [["432.6", "647.0"], ["432.6", "695.1"], ["346.3", "695.1"], ["346.3", "708.7"], ["293.3", "708.7"], ["293.3", "647.0"]], "Type": "GATE"}, {"Location": [["421.9", "653.5"], ["427.1", "653.5"], ["427.1", "687.6"], ["421.9", "687.6"]], "Type": "SD"}], "Module": "M8", "Boundary": [["432.6", "647.0"], ["432.6", "695.1"], ["346.3", "695.1"], ["346.3", "708.7"], ["285.6", "708.7"], ["285.6", "647.0"]], "Module_type": "GATE"}, {"Ports": [{"Location": [["134.2", "220.2"], ["213.6", "220.2"], ["213.6", "226.2"], ["134.2", "226.2"]], "Type": "SD"}, {"Location": [["118.9", "20.0"], ["211.7", "20.0"], ["211.7", "109.5"], ["228.9", "109.5"], ["228.9", "217.8"], ["118.9", "217.8"]], "Type": "GATE"}, {"Location": [["125.2", "25.3"], ["204.4", "25.3"], ["204.4", "32.0"], ["125.2", "32.0"]], "Type": "SD"}], "Module": "M4", "Boundary": [["118.9", "20.0"], ["211.7", "20.0"], ["211.7", "109.5"], ["228.9", "109.5"], ["228.9", "226.2"], ["118.9", "226.2"]], "Module_type": "GATE"}], "Area": [["-30.0", "-30.0"], ["494.7", "-30.0"], ["494.7", "748.7"], ["-30.0", "748.7"]], "Rules": ["GATE(5,5)", "SD(5,5)", "GATE_SD(0.5)", "GATE_ITO(0.5)", "SD_ITO(0.5)"]}