{"Modules": [{"Module": "M14", "Boundary": [["30.0", "30.0"], ["82.0", "30.0"], ["82.0", "30.1"], ["99.1", "30.1"], ["99.1", "233.3"], ["30.0", "233.3"]], "Module_type": "GATE", "Ports": [{"Location": [["43.7", "228.7"], ["85.4", "228.7"], ["85.4", "233.3"], ["43.7", "233.3"]], "Type": "SD"}, {"Location": [["30.0", "30.0"], ["82.0", "30.0"], ["82.0", "30.1"], ["99.1", "30.1"], ["99.1", "226.8"], ["30.0", "226.8"]], "Type": "GATE"}, {"Location": [["36.8", "35.8"], ["75.2", "35.8"], ["75.2", "40.7"], ["36.8", "40.7"]], "Type": "SD"}]}, {"Ports": [{"Location": [["150.8", "204.8"], ["213.3", "204.8"], ["213.3", "209.3"], ["150.8", "209.3"]], "Type": "SD"}, {"Location": [["139.1", "10.0"], ["225.0", "10.0"], ["225.0", "203.6"], ["139.1", "203.6"]], "Type": "GATE"}, {"Location": [["145.0", "14.9"], ["219.1", "14.9"], ["219.1", "20.0"], ["145.0", "20.0"]], "Type": "SD"}], "Module": "M9", "Boundary": [["139.1", "10.0"], ["225.0", "10.0"], ["225.0", "209.3"], ["139.1", "209.3"]], "Module_type": "GATE"}, {"Ports": [{"Location": [["248.5", "572.5"], ["305.4", "572.5"], ["305.4", "578.4"], ["248.5", "578.4"]], "Type": "SD"}, {"Location": [["234.5", "414.2"], ["319.4", "414.2"], ["319.4", "570.7"], ["234.5", "570.7"]], "Type": "GATE"}, {"Location": [["239.8", "418.5"], ["314.1", "418.5"], ["314.1", "425.2"], ["239.8", "425.2"]], "Type": "SD"}], "Module": "M5", "Boundary": [["234.5", "414.2"], ["319.4", "414.2"], ["319.4", "578.4"], ["234.5", "578.4"]], "Module_type": "GATE"}, {"Ports": [{"Location": [["177.5", "377.8"], ["214.1", "377.8"], ["214.1", "382.1"], ["177.5", "382.1"]], "Type": "SD"}, {"Location": [["165.8", "229.3"], ["211.1", "229.3"], ["211.1", "229.4"], ["225.8", "229.4"], ["225.8", "375.1"], ["165.8", "375.1"]], "Type": "GATE"}, {"Location": [["171.9", "234.4"], ["205.0", "234.4"], ["205.0", "239.1"], ["171.9", "239.1"]], "Type": "SD"}], "Module": "M11", "Boundary": [["165.8", "229.3"], ["211.1", "229.3"], ["211.1", "229.4"], ["225.8", "229.4"], ["225.8", "382.1"], ["165.8", "382.1"]], "Module_type": "GATE"}, {"Ports": [{"Location": [["30.0", "907.5"], ["34.2", "907.5"], ["34.2", "951.0"], ["30.0", "951.0"]], "Type": "SD"}, {"Location": [["208.9", "893.2"], ["208.9", "965.3"], ["36.6", "965.3"], ["36.6", "893.2"]], "Type": "GATE"}, {"Location": [["198.0", "899.2"], ["203.9", "899.2"], ["203.9", "959.3"], ["198.0", "959.3"]], "Type": "SD"}], "Module": "M1", "Boundary": [["208.9", "893.2"], ["208.9", "965.3"], ["30.0", "965.3"], ["30.0", "893.2"]], "Module_type": "GATE"}, {"Ports": [{"Location": [["10.0", "285.8"], ["15.5", "285.8"], ["15.5", "324.3"], ["10.0", "324.3"]], "Type": "SD"}, {"Location": [["145.8", "273.3"], ["145.8", "336.8"], ["16.9", "336.8"], ["16.9", "273.3"]], "Type": "GATE"}, {"Location": [["135.7", "279.0"], ["141.1", "279.0"], ["141.1", "331.1"], ["135.7", "331.1"]], "Type": "SD"}], "Module": "M6", "Boundary": [["145.8", "273.3"], ["145.8", "336.8"], ["10.0", "336.8"], ["10.0", "273.3"]], "Module_type": "GATE"}, {"Ports": [{"Location": [["20.0", "764.0"], ["24.8", "764.0"], ["24.8", "829.4"], ["20.0", "829.4"]], "Type": "SD"}, {"Location": [["176.7", "750.2"], ["176.7", "828.4"], ["176.6", "828.4"], ["176.6", "843.2"], ["26.9", "843.2"], ["26.9", "750.2"]], "Type": "GATE"}, {"Location": [["165.2", "756.2"], ["171.7", "756.2"], ["171.7", "822.4"], ["165.2", "822.4"]], "Type": "SD"}], "Module": "M2", "Boundary": [["176.7", "750.2"], ["176.7", "828.4"], ["176.6", "828.4"], ["176.6", "843.2"], ["20.0", "843.2"], ["20.0", "750.2"]], "Module_type": "GATE"}, {"Ports": [{"Location": [["257.3", "173.0"], ["295.4", "173.0"], ["295.4", "178.6"], ["257.3", "178.6"]], "Type": "SD"}, {"Location": [["245.0", "10.0"], ["292.6", "10.0"], ["292.6", "10.1"], ["307.7", "10.1"], ["307.7", "170.4"], ["245.0", "170.4"]], "Type": "GATE"}, {"Location": [["251.4", "15.4"], ["286.2", "15.4"], ["286.2", "20.5"], ["251.4", "20.5"]], "Type": "SD"}], "Module": "M16", "Boundary": [["245.0", "10.0"], ["292.6", "10.0"], ["292.6", "10.1"], ["307.7", "10.1"], ["307.7", "178.6"], ["245.0", "178.6"]], "Module_type": "GATE"}, {"Ports": [{"Location": [["183.7", "622.2"], ["188.2", "622.2"], ["188.2", "667.3"], ["183.7", "667.3"]], "Type": "SD"}, {"Location": [["259.0", "608.4"], ["259.0", "681.1"], ["191.0", "681.1"], ["191.0", "608.4"]], "Type": "GATE"}, {"Location": [["248.2", "613.5"], ["254.9", "613.5"], ["254.9", "676.0"], ["248.2", "676.0"]], "Type": "SD"}], "Module": "M13", "Boundary": [["259.0", "608.4"], ["259.0", "681.1"], ["183.7", "681.1"], ["183.7", "608.4"]], "Module_type": "GATE"}, {"Ports": [{"Location": [["257.9", "379.8"], ["311.7", "379.8"], ["311.7", "384.2"], ["257.9", "384.2"]], "Type": "SD"}, {"Location": [["245.8", "198.6"], ["323.8", "198.6"], ["323.8", "377.9"], ["245.8", "377.9"]], "Type": "GATE"}, {"Location": [["251.6", "203.4"], ["318.0", "203.4"], ["318.0", "207.9"], ["251.6", "207.9"]], "Type": "SD"}], "Module": "M10", "Boundary": [["245.8", "198.6"], ["323.8", "198.6"], ["323.8", "384.2"], ["245.8", "384.2"]], "Module_type": "GATE"}, {"Ports": [{"Location": [["271.9", "965.9"], ["308.4", "965.9"], ["308.4", "970.9"], ["271.9", "970.9"]], "Type": "SD"}, {"Location": [["258.9", "860.7"], ["306.4", "860.7"], ["306.4", "860.7"], ["321.4", "860.7"], ["321.4", "964.1"], ["258.9", "964.1"]], "Type": "GATE"}, {"Location": [["265.8", "866.6"], ["299.5", "866.6"], ["299.5", "871.0"], ["265.8", "871.0"]], "Type": "SD"}], "Module": "M7", "Boundary": [["258.9", "860.7"], ["306.4", "860.7"], ["306.4", "860.7"], ["321.4", "860.7"], ["321.4", "970.9"], ["258.9", "970.9"]], "Module_type": "GATE"}, {"Ports": [{"Location": [["295.2", "803.2"], ["318.0", "803.2"], ["318.0", "807.4"], ["295.2", "807.4"]], "Type": "SD"}, {"Location": [["280.9", "608.4"], ["316.3", "608.4"], ["316.3", "608.5"], ["332.3", "608.5"], ["332.3", "801.2"], ["280.9", "801.2"]], "Type": "GATE"}, {"Location": [["287.1", "613.6"], ["310.1", "613.6"], ["310.1", "620.6"], ["287.1", "620.6"]], "Type": "SD"}], "Module": "M3", "Boundary": [["280.9", "608.4"], ["316.3", "608.4"], ["316.3", "608.5"], ["332.3", "608.5"], ["332.3", "807.4"], ["280.9", "807.4"]], "Module_type": "GATE"}, {"Ports": [{"Location": [["217.6", "826.7"], ["250.0", "826.7"], ["250.0", "830.7"], ["217.6", "830.7"]], "Type": "SD"}, {"Location": [["206.7", "701.1"], ["248.0", "701.1"], ["248.0", "701.1"], ["260.9", "701.1"], ["260.9", "823.7"], ["206.7", "823.7"]], "Type": "GATE"}, {"Location": [["212.0", "705.4"], ["242.7", "705.4"], ["242.7", "710.4"], ["212.0", "710.4"]], "Type": "SD"}], "Module": "M15", "Boundary": [["206.7", "701.1"], ["248.0", "701.1"], ["248.0", "701.1"], ["260.9", "701.1"], ["260.9", "830.7"], ["206.7", "830.7"]], "Module_type": "GATE"}, {"Ports": [{"Location": [["10.0", "614.3"], ["15.6", "614.3"], ["15.6", "707.0"], ["10.0", "707.0"]], "Type": "SD"}, {"Location": [["163.7", "601.1"], ["163.7", "703.2"], ["163.2", "703.2"], ["163.2", "720.2"], ["17.4", "720.2"], ["17.4", "601.1"]], "Type": "GATE"}, {"Location": [["152.9", "606.1"], ["159.7", "606.1"], ["159.7", "698.2"], ["152.9", "698.2"]], "Type": "SD"}], "Module": "M12", "Boundary": [["163.7", "601.1"], ["163.7", "703.2"], ["163.2", "703.2"], ["163.2", "720.2"], ["10.0", "720.2"], ["10.0", "601.1"]], "Module_type": "GATE"}, {"Ports": [{"Location": [["20.0", "378.3"], ["24.8", "378.3"], ["24.8", "416.3"], ["20.0", "416.3"]], "Type": "SD"}, {"Location": [["128.8", "366.8"], ["128.8", "412.6"], ["128.7", "412.6"], ["128.7", "427.8"], ["26.5", "427.8"], ["26.5", "366.8"]], "Type": "GATE"}, {"Location": [["119.3", "372.2"], ["124.4", "372.2"], ["124.4", "407.2"], ["119.3", "407.2"]], "Type": "SD"}], "Module": "M8", "Boundary": [["128.8", "366.8"], ["128.8", "412.6"], ["128.7", "412.6"], ["128.7", "427.8"], ["20.0", "427.8"], ["20.0", "366.8"]], "Module_type": "GATE"}], "Area": [["-30.0", "-30.0"], ["372.3", "-30.0"], ["372.3", "1010.9"], ["-30.0", "1010.9"]], "Rules": ["GATE(5,5)", "SD(5,5)", "GATE_SD(0.5)", "GATE_ITO(0.5)", "SD_ITO(0.5)"]}