{"Modules": [{"Module": "M14", "Boundary": [["849.9", "116.8"], ["849.9", "219.9"], ["849.3", "219.9"], ["849.3", "237.3"], ["641.8", "237.3"], ["641.8", "116.8"]], "Module_type": "GATE", "Ports": [{"Location": [["641.8", "130.0"], ["647.3", "130.0"], ["647.3", "224.1"], ["641.8", "224.1"]], "Type": "SD"}, {"Location": [["849.9", "116.8"], ["849.9", "219.9"], ["849.3", "219.9"], ["849.3", "237.3"], ["649.5", "237.3"], ["649.5", "116.8"]], "Type": "GATE"}, {"Location": [["840.0", "122.0"], ["845.7", "122.0"], ["845.7", "214.7"], ["840.0", "214.7"]], "Type": "SD"}]}, {"Ports": [{"Location": [["613.4", "24.1"], ["617.6", "24.1"], ["617.6", "62.7"], ["613.4", "62.7"]], "Type": "SD"}, {"Location": [["706.0", "10.0"], ["706.0", "76.8"], ["619.1", "76.8"], ["619.1", "10.0"]], "Type": "GATE"}, {"Location": [["694.7", "16.0"], ["701.0", "16.0"], ["701.0", "70.8"], ["694.7", "70.8"]], "Type": "SD"}], "Module": "M9", "Boundary": [["706.0", "10.0"], ["706.0", "76.8"], ["613.4", "76.8"], ["613.4", "10.0"]], "Module_type": "GATE"}, {"Ports": [{"Location": [["249.2", "122.6"], ["327.0", "122.6"], ["327.0", "128.2"], ["249.2", "128.2"]], "Type": "SD"}, {"Location": [["234.2", "20.0"], ["342.0", "20.0"], ["342.0", "120.7"], ["234.2", "120.7"]], "Type": "GATE"}, {"Location": [["240.8", "25.6"], ["335.4", "25.6"], ["335.4", "31.5"], ["240.8", "31.5"]], "Type": "SD"}], "Module": "M5", "Boundary": [["234.2", "20.0"], ["342.0", "20.0"], ["342.0", "128.2"], ["234.2", "128.2"]], "Module_type": "GATE"}, {"Ports": [{"Location": [["10.0", "170.6"], ["14.7", "170.6"], ["14.7", "193.0"], ["10.0", "193.0"]], "Type": "SD"}, {"Location": [["150.7", "156.7"], ["150.7", "206.9"], ["16.0", "206.9"], ["16.0", "156.7"]], "Type": "GATE"}, {"Location": [["139.2", "163.5"], ["144.9", "163.5"], ["144.9", "200.1"], ["139.2", "200.1"]], "Type": "SD"}], "Module": "M11", "Boundary": [["150.7", "156.7"], ["150.7", "206.9"], ["10.0", "206.9"], ["10.0", "156.7"]], "Module_type": "GATE"}, {"Ports": [{"Location": [["30.0", "259.2"], ["35.2", "259.2"], ["35.2", "316.1"], ["30.0", "316.1"]], "Type": "SD"}, {"Location": [["123.3", "246.9"], ["123.3", "328.4"], ["37.9", "328.4"], ["37.9", "246.9"]], "Type": "GATE"}, {"Location": [["114.0", "252.0"], ["119.2", "252.0"], ["119.2", "323.3"], ["114.0", "323.3"]], "Type": "SD"}], "Module": "M1", "Boundary": [["123.3", "246.9"], ["123.3", "328.4"], ["30.0", "328.4"], ["30.0", "246.9"]], "Module_type": "GATE"}, {"Ports": [{"Location": [["170.7", "169.6"], ["175.4", "169.6"], ["175.4", "204.1"], ["170.7", "204.1"]], "Type": "SD"}, {"Location": [["345.9", "158.2"], ["345.9", "215.5"], ["176.9", "215.5"], ["176.9", "158.2"]], "Type": "GATE"}, {"Location": [["336.9", "163.7"], ["341.4", "163.7"], ["341.4", "210.0"], ["336.9", "210.0"]], "Type": "SD"}], "Module": "M6", "Boundary": [["345.9", "158.2"], ["345.9", "215.5"], ["170.7", "215.5"], ["170.7", "158.2"]], "Module_type": "GATE"}, {"Ports": [{"Location": [["98.8", "32.0"], ["104.1", "32.0"], ["104.1", "114.7"], ["98.8", "114.7"]], "Type": "SD"}, {"Location": [["194.2", "20.0"], ["194.2", "126.7"], ["106.0", "126.7"], ["106.0", "20.0"]], "Type": "GATE"}, {"Location": [["183.9", "25.7"], ["189.5", "25.7"], ["189.5", "121.0"], ["183.9", "121.0"]], "Type": "SD"}], "Module": "M2", "Boundary": [["194.2", "20.0"], ["194.2", "126.7"], ["98.8", "126.7"], ["98.8", "20.0"]], "Module_type": "GATE"}, {"Ports": [{"Location": [["362.8", "281.9"], ["367.3", "281.9"], ["367.3", "335.3"], ["362.8", "335.3"]], "Type": "SD"}, {"Location": [["563.1", "270.4"], ["563.1", "346.8"], ["370.2", "346.8"], ["370.2", "270.4"]], "Type": "GATE"}, {"Location": [["554.0", "276.0"], ["558.5", "276.0"], ["558.5", "341.2"], ["554.0", "341.2"]], "Type": "SD"}], "Module": "M16", "Boundary": [["563.1", "270.4"], ["563.1", "346.8"], ["362.8", "346.8"], ["362.8", "270.4"]], "Module_type": "GATE"}, {"Ports": [{"Location": [["726.0", "23.0"], ["731.5", "23.0"], ["731.5", "43.5"], ["726.0", "43.5"]], "Type": "SD"}, {"Location": [["850.1", "10.0"], ["850.1", "42.5"], ["850.0", "42.5"], ["850.0", "56.5"], ["732.7", "56.5"], ["732.7", "10.0"]], "Type": "GATE"}, {"Location": [["838.8", "15.3"], ["845.8", "15.3"], ["845.8", "37.2"], ["838.8", "37.2"]], "Type": "SD"}], "Module": "M13", "Boundary": [["850.1", "10.0"], ["850.1", "42.5"], ["850.0", "42.5"], ["850.0", "56.5"], ["726.0", "56.5"], ["726.0", "10.0"]], "Module_type": "GATE"}, {"Ports": [{"Location": [["596.1", "343.3"], ["684.1", "343.3"], ["684.1", "349.1"], ["596.1", "349.1"]], "Type": "SD"}, {"Location": [["583.1", "277.3"], ["697.1", "277.3"], ["697.1", "341.4"], ["583.1", "341.4"]], "Type": "GATE"}, {"Location": [["589.3", "282.5"], ["690.9", "282.5"], ["690.9", "288.1"], ["589.3", "288.1"]], "Type": "SD"}], "Module": "M10", "Boundary": [["583.1", "277.3"], ["697.1", "277.3"], ["697.1", "349.1"], ["583.1", "349.1"]], "Module_type": "GATE"}, {"Ports": [{"Location": [["173.3", "257.5"], ["178.5", "257.5"], ["178.5", "321.3"], ["173.3", "321.3"]], "Type": "SD"}, {"Location": [["332.8", "245.5"], ["332.8", "333.3"], ["180.9", "333.3"], ["180.9", "245.5"]], "Type": "GATE"}, {"Location": [["322.4", "251.4"], ["327.9", "251.4"], ["327.9", "327.4"], ["322.4", "327.4"]], "Type": "SD"}], "Module": "M7", "Boundary": [["332.8", "245.5"], ["332.8", "333.3"], ["173.3", "333.3"], ["173.3", "245.5"]], "Module_type": "GATE"}, {"Ports": [{"Location": [["22.0", "125.1"], ["56.8", "125.1"], ["56.8", "130.6"], ["22.0", "130.6"]], "Type": "SD"}, {"Location": [["10.0", "10.0"], ["54.8", "10.0"], ["54.8", "10.2"], ["68.8", "10.2"], ["68.8", "123.4"], ["10.0", "123.4"]], "Type": "GATE"}, {"Location": [["16.3", "15.3"], ["48.5", "15.3"], ["48.5", "19.9"], ["16.3", "19.9"]], "Type": "SD"}], "Module": "M3", "Boundary": [["10.0", "10.0"], ["54.8", "10.0"], ["54.8", "10.2"], ["68.8", "10.2"], ["68.8", "130.6"], ["10.0", "130.6"]], "Module_type": "GATE"}, {"Ports": [{"Location": [["372.0", "23.6"], ["376.8", "23.6"], ["376.8", "85.5"], ["372.0", "85.5"]], "Type": "SD"}, {"Location": [["593.4", "10.0"], ["593.4", "81.1"], ["593.1", "81.1"], ["593.1", "99.1"], ["378.1", "99.1"], ["378.1", "10.0"]], "Type": "GATE"}, {"Location": [["582.9", "15.5"], ["588.9", "15.5"], ["588.9", "75.6"], ["582.9", "75.6"]], "Type": "SD"}], "Module": "M15", "Boundary": [["593.4", "10.0"], ["593.4", "81.1"], ["593.1", "81.1"], ["593.1", "99.1"], ["372.0", "99.1"], ["372.0", "10.0"]], "Module_type": "GATE"}, {"Ports": [{"Location": [["546.7", "212.9"], ["586.4", "212.9"], ["586.4", "217.5"], ["546.7", "217.5"]], "Type": "SD"}, {"Location": [["531.3", "119.1"], ["585.2", "119.1"], ["585.2", "119.3"], ["601.8", "119.3"], ["601.8", "210.5"], ["531.3", "210.5"]], "Type": "GATE"}, {"Location": [["537.9", "124.7"], ["578.6", "124.7"], ["578.6", "131.3"], ["537.9", "131.3"]], "Type": "SD"}], "Module": "M12", "Boundary": [["531.3", "119.1"], ["585.2", "119.1"], ["585.2", "119.3"], ["601.8", "119.3"], ["601.8", "217.5"], ["531.3", "217.5"]], "Module_type": "GATE"}, {"Ports": [{"Location": [["727.1", "300.7"], ["731.1", "300.7"], ["731.1", "321.9"], ["727.1", "321.9"]], "Type": "SD"}, {"Location": [["842.5", "287.3"], ["842.5", "335.3"], ["733.8", "335.3"], ["733.8", "287.3"]], "Type": "GATE"}, {"Location": [["831.6", "293.5"], ["837.3", "293.5"], ["837.3", "329.1"], ["831.6", "329.1"]], "Type": "SD"}], "Module": "M8", "Boundary": [["842.5", "287.3"], ["842.5", "335.3"], ["727.1", "335.3"], ["727.1", "287.3"]], "Module_type": "GATE"}, {"Ports": [{"Location": [["382.0", "142.6"], ["387.0", "142.6"], ["387.0", "226.9"], ["382.0", "226.9"]], "Type": "SD"}, {"Location": [["501.3", "129.1"], ["501.3", "240.4"], ["389.0", "240.4"], ["389.0", "129.1"]], "Type": "GATE"}, {"Location": [["489.8", "135.4"], ["496.0", "135.4"], ["496.0", "234.1"], ["489.8", "234.1"]], "Type": "SD"}], "Module": "M4", "Boundary": [["501.3", "129.1"], ["501.3", "240.4"], ["382.0", "240.4"], ["382.0", "129.1"]], "Module_type": "GATE"}], "Area": [["-30.0", "-30.0"], ["890.1", "-30.0"], ["890.1", "389.1"], ["-30.0", "389.1"]], "Rules": ["GATE(5,5)", "SD(5,5)", "GATE_SD(0.5)", "GATE_ITO(0.5)", "SD_ITO(0.5)"]}