{"Modules": [{"Module": "M14", "Boundary": [["279.9", "302.8"], ["279.9", "367.1"], ["279.9", "367.1"], ["279.9", "382.0"], ["108.8", "382.0"], ["108.8", "302.8"]], "Module_type": "GATE", "Ports": [{"Location": [["108.8", "316.6"], ["113.0", "316.6"], ["113.0", "368.2"], ["108.8", "368.2"]], "Type": "SD"}, {"Location": [["279.9", "302.8"], ["279.9", "367.1"], ["279.9", "367.1"], ["279.9", "382.0"], ["115.0", "382.0"], ["115.0", "302.8"]], "Type": "GATE"}, {"Location": [["268.3", "309.0"], ["274.7", "309.0"], ["274.7", "360.9"], ["268.3", "360.9"]], "Type": "SD"}]}, {"Ports": [{"Location": [["240.4", "1014.7"], ["283.6", "1014.7"], ["283.6", "1020.2"], ["240.4", "1020.2"]], "Type": "SD"}, {"Location": [["224.0", "864.1"], ["300.0", "864.1"], ["300.0", "1012.4"], ["224.0", "1012.4"]], "Type": "GATE"}, {"Location": [["230.7", "869.8"], ["293.3", "869.8"], ["293.3", "877.1"], ["230.7", "877.1"]], "Type": "SD"}], "Module": "M9", "Boundary": [["224.0", "864.1"], ["300.0", "864.1"], ["300.0", "1020.2"], ["224.0", "1020.2"]], "Module_type": "GATE"}, {"Ports": [{"Location": [["141.3", "1005.4"], ["180.3", "1005.4"], ["180.3", "1009.7"], ["141.3", "1009.7"]], "Type": "SD"}, {"Location": [["127.6", "803.1"], ["194.0", "803.1"], ["194.0", "1003.7"], ["127.6", "1003.7"]], "Type": "GATE"}, {"Location": [["134.1", "808.6"], ["187.5", "808.6"], ["187.5", "813.5"], ["134.1", "813.5"]], "Type": "SD"}], "Module": "M5", "Boundary": [["127.6", "803.1"], ["194.0", "803.1"], ["194.0", "1009.7"], ["127.6", "1009.7"]], "Module_type": "GATE"}, {"Ports": [{"Location": [["10.0", "209.0"], ["14.7", "209.0"], ["14.7", "229.8"], ["10.0", "229.8"]], "Type": "SD"}, {"Location": [["141.7", "194.8"], ["141.7", "229.3"], ["141.6", "229.3"], ["141.6", "244.0"], ["15.8", "244.0"], ["15.8", "194.8"]], "Type": "GATE"}, {"Location": [["129.4", "200.5"], ["137.0", "200.5"], ["137.0", "223.6"], ["129.4", "223.6"]], "Type": "SD"}], "Module": "M11", "Boundary": [["141.7", "194.8"], ["141.7", "229.3"], ["141.6", "229.3"], ["141.6", "244.0"], ["10.0", "244.0"], ["10.0", "194.8"]], "Module_type": "GATE"}, {"Ports": [{"Location": [["43.6", "584.9"], ["83.3", "584.9"], ["83.3", "589.5"], ["43.6", "589.5"]], "Type": "SD"}, {"Location": [["30.0", "444.5"], ["96.9", "444.5"], ["96.9", "583.0"], ["30.0", "583.0"]], "Type": "GATE"}, {"Location": [["36.5", "450.0"], ["90.4", "450.0"], ["90.4", "456.1"], ["36.5", "456.1"]], "Type": "SD"}], "Module": "M1", "Boundary": [["30.0", "444.5"], ["96.9", "444.5"], ["96.9", "589.5"], ["30.0", "589.5"]], "Module_type": "GATE"}, {"Ports": [{"Location": [["161.7", "212.3"], ["167.6", "212.3"], ["167.6", "250.0"], ["161.7", "250.0"]], "Type": "SD"}, {"Location": [["254.8", "199.5"], ["254.8", "262.8"], ["169.5", "262.8"], ["169.5", "199.5"]], "Type": "GATE"}, {"Location": [["244.1", "205.8"], ["249.5", "205.8"], ["249.5", "256.5"], ["244.1", "256.5"]], "Type": "SD"}], "Module": "M6", "Boundary": [["254.8", "199.5"], ["254.8", "262.8"], ["161.7", "262.8"], ["161.7", "199.5"]], "Module_type": "GATE"}, {"Ports": [{"Location": [["259.5", "164.1"], ["298.2", "164.1"], ["298.2", "169.5"], ["259.5", "169.5"]], "Type": "SD"}, {"Location": [["247.1", "20.0"], ["310.6", "20.0"], ["310.6", "162.9"], ["247.1", "162.9"]], "Type": "GATE"}, {"Location": [["252.1", "24.0"], ["305.6", "24.0"], ["305.6", "30.2"], ["252.1", "30.2"]], "Type": "SD"}], "Module": "M2", "Boundary": [["247.1", "20.0"], ["310.6", "20.0"], ["310.6", "169.5"], ["247.1", "169.5"]], "Module_type": "GATE"}, {"Ports": [{"Location": [["264.1", "838.5"], ["299.6", "838.5"], ["299.6", "844.1"], ["264.1", "844.1"]], "Type": "SD"}, {"Location": [["251.2", "666.3"], ["298.2", "666.3"], ["298.2", "666.4"], ["312.5", "666.4"], ["312.5", "836.8"], ["251.2", "836.8"]], "Type": "GATE"}, {"Location": [["258.1", "672.2"], ["291.3", "672.2"], ["291.3", "677.3"], ["258.1", "677.3"]], "Type": "SD"}], "Module": "M16", "Boundary": [["251.2", "666.3"], ["298.2", "666.3"], ["298.2", "666.4"], ["312.5", "666.4"], ["312.5", "844.1"], ["251.2", "844.1"]], "Module_type": "GATE"}, {"Ports": [{"Location": [["131.4", "768.0"], ["217.4", "768.0"], ["217.4", "773.1"], ["131.4", "773.1"]], "Type": "SD"}, {"Location": [["117.6", "629.5"], ["231.2", "629.5"], ["231.2", "765.1"], ["117.6", "765.1"]], "Type": "GATE"}, {"Location": [["123.4", "634.3"], ["225.4", "634.3"], ["225.4", "641.0"], ["123.4", "641.0"]], "Type": "SD"}], "Module": "M13", "Boundary": [["117.6", "629.5"], ["231.2", "629.5"], ["231.2", "773.1"], ["117.6", "773.1"]], "Module_type": "GATE"}, {"Ports": [{"Location": [["21.6", "399.8"], ["57.2", "399.8"], ["57.2", "404.5"], ["21.6", "404.5"]], "Type": "SD"}, {"Location": [["10.0", "264.0"], ["68.8", "264.0"], ["68.8", "397.7"], ["10.0", "397.7"]], "Type": "GATE"}, {"Location": [["15.9", "268.9"], ["62.9", "268.9"], ["62.9", "273.9"], ["15.9", "273.9"]], "Type": "SD"}], "Module": "M10", "Boundary": [["10.0", "264.0"], ["68.8", "264.0"], ["68.8", "404.5"], ["10.0", "404.5"]], "Module_type": "GATE"}, {"Ports": [{"Location": [["32.3", "1004.0"], ["75.3", "1004.0"], ["75.3", "1009.5"], ["32.3", "1009.5"]], "Type": "SD"}, {"Location": [["20.0", "786.0"], ["70.0", "786.0"], ["70.0", "786.1"], ["87.6", "786.1"], ["87.6", "1001.3"], ["20.0", "1001.3"]], "Type": "GATE"}, {"Location": [["25.0", "790.0"], ["65.0", "790.0"], ["65.0", "795.3"], ["25.0", "795.3"]], "Type": "SD"}], "Module": "M7", "Boundary": [["20.0", "786.0"], ["70.0", "786.0"], ["70.0", "786.1"], ["87.6", "786.1"], ["87.6", "1009.5"], ["20.0", "1009.5"]], "Module_type": "GATE"}, {"Ports": [{"Location": [["24.0", "751.5"], ["66.2", "751.5"], ["66.2", "756.0"], ["24.0", "756.0"]], "Type": "SD"}, {"Location": [["10.0", "629.5"], ["80.2", "629.5"], ["80.2", "748.9"], ["10.0", "748.9"]], "Type": "GATE"}, {"Location": [["15.6", "634.1"], ["74.6", "634.1"], ["74.6", "640.7"], ["15.6", "640.7"]], "Type": "SD"}], "Module": "M3", "Boundary": [["10.0", "629.5"], ["80.2", "629.5"], ["80.2", "756.0"], ["10.0", "756.0"]], "Module_type": "GATE"}, {"Ports": [{"Location": [["280.8", "641.7"], ["303.3", "641.7"], ["303.3", "646.3"], ["280.8", "646.3"]], "Type": "SD"}, {"Location": [["266.7", "422.0"], ["301.7", "422.0"], ["301.7", "422.1"], ["317.4", "422.1"], ["317.4", "639.0"], ["266.7", "639.0"]], "Type": "GATE"}, {"Location": [["273.2", "427.5"], ["295.2", "427.5"], ["295.2", "433.5"], ["273.2", "433.5"]], "Type": "SD"}], "Module": "M15", "Boundary": [["266.7", "422.0"], ["301.7", "422.0"], ["301.7", "422.1"], ["317.4", "422.1"], ["317.4", "646.3"], ["266.7", "646.3"]], "Module_type": "GATE"}, {"Ports": [{"Location": [["23.8", "169.4"], ["80.5", "169.4"], ["80.5", "174.8"], ["23.8", "174.8"]], "Type": "SD"}, {"Location": [["10.0", "10.0"], ["94.3", "10.0"], ["94.3", "168.2"], ["10.0", "168.2"]], "Type": "GATE"}, {"Location": [["15.7", "14.7"], ["88.6", "14.7"], ["88.6", "21.4"], ["15.7", "21.4"]], "Type": "SD"}], "Module": "M12", "Boundary": [["10.0", "10.0"], ["94.3", "10.0"], ["94.3", "174.8"], ["10.0", "174.8"]], "Module_type": "GATE"}, {"Ports": [{"Location": [["136.4", "151.1"], ["195.0", "151.1"], ["195.0", "156.1"], ["136.4", "156.1"]], "Type": "SD"}, {"Location": [["124.3", "20.0"], ["194.1", "20.0"], ["194.1", "20.3"], ["207.1", "20.3"], ["207.1", "149.7"], ["124.3", "149.7"]], "Type": "GATE"}, {"Location": [["130.9", "25.6"], ["187.5", "25.6"], ["187.5", "30.6"], ["130.9", "30.6"]], "Type": "SD"}], "Module": "M8", "Boundary": [["124.3", "20.0"], ["194.1", "20.0"], ["194.1", "20.3"], ["207.1", "20.3"], ["207.1", "156.1"], ["124.3", "156.1"]], "Module_type": "GATE"}], "Area": [["-30.0", "-30.0"], ["357.4", "-30.0"], ["357.4", "1060.2"], ["-30.0", "1060.2"]], "Rules": ["GATE(5,5)", "SD(5,5)", "GATE_SD(0.5)", "GATE_ITO(0.5)", "SD_ITO(0.5)"]}