{"Modules": [{"Module": "M14", "Boundary": [["410.1", "30.0"], ["410.1", "110.3"], ["367.1", "110.3"], ["367.1", "125.3"], ["245.3", "125.3"], ["245.3", "30.0"]], "Module_type": "GATE", "Ports": [{"Location": [["245.3", "41.7"], ["250.1", "41.7"], ["250.1", "113.6"], ["245.3", "113.6"]], "Type": "SD"}, {"Location": [["410.1", "30.0"], ["410.1", "110.3"], ["367.1", "110.3"], ["367.1", "125.3"], ["251.9", "125.3"], ["251.9", "30.0"]], "Type": "GATE"}, {"Location": [["400.7", "35.8"], ["405.3", "35.8"], ["405.3", "103.5"], ["400.7", "103.5"]], "Type": "SD"}]}, {"Ports": [{"Location": [["352.3", "326.7"], ["356.9", "326.7"], ["356.9", "405.5"], ["352.3", "405.5"]], "Type": "SD"}, {"Location": [["545.8", "312.1"], ["545.8", "402.3"], ["545.4", "402.3"], ["545.4", "420.1"], ["358.1", "420.1"], ["358.1", "312.1"]], "Type": "GATE"}, {"Location": [["534.3", "318.1"], ["540.8", "318.1"], ["540.8", "396.3"], ["534.3", "396.3"]], "Type": "SD"}], "Module": "M9", "Boundary": [["545.8", "312.1"], ["545.8", "402.3"], ["545.4", "402.3"], ["545.4", "420.1"], ["352.3", "420.1"], ["352.3", "312.1"]], "Module_type": "GATE"}, {"Ports": [{"Location": [["126.1", "134.9"], ["183.4", "134.9"], ["183.4", "140.8"], ["126.1", "140.8"]], "Type": "SD"}, {"Location": [["114.2", "20.0"], ["182.5", "20.0"], ["182.5", "20.4"], ["195.3", "20.4"], ["195.3", "133.3"], ["114.2", "133.3"]], "Type": "GATE"}, {"Location": [["119.9", "24.7"], ["176.8", "24.7"], ["176.8", "30.1"], ["119.9", "30.1"]], "Type": "SD"}], "Module": "M5", "Boundary": [["114.2", "20.0"], ["182.5", "20.0"], ["182.5", "20.4"], ["195.3", "20.4"], ["195.3", "140.8"], ["114.2", "140.8"]], "Module_type": "GATE"}, {"Ports": [{"Location": [["171.0", "326.2"], ["176.2", "326.2"], ["176.2", "388.2"], ["171.0", "388.2"]], "Type": "SD"}, {"Location": [["332.3", "312.1"], ["332.3", "388.5"], ["332.0", "388.5"], ["332.0", "402.3"], ["177.9", "402.3"], ["177.9", "312.1"]], "Type": "GATE"}, {"Location": [["319.8", "319.1"], ["326.3", "319.1"], ["326.3", "381.5"], ["319.8", "381.5"]], "Type": "SD"}], "Module": "M11", "Boundary": [["332.3", "312.1"], ["332.3", "388.5"], ["332.0", "388.5"], ["332.0", "402.3"], ["171.0", "402.3"], ["171.0", "312.1"]], "Module_type": "GATE"}, {"Ports": [{"Location": [["424.6", "266.1"], ["465.2", "266.1"], ["465.2", "270.3"], ["424.6", "270.3"]], "Type": "SD"}, {"Location": [["411.3", "185.3"], ["461.8", "185.3"], ["461.8", "185.5"], ["478.5", "185.5"], ["478.5", "263.1"], ["411.3", "263.1"]], "Type": "GATE"}, {"Location": [["416.5", "189.5"], ["456.6", "189.5"], ["456.6", "195.9"], ["416.5", "195.9"]], "Type": "SD"}], "Module": "M1", "Boundary": [["411.3", "185.3"], ["461.8", "185.3"], ["461.8", "185.5"], ["478.5", "185.5"], ["478.5", "270.3"], ["411.3", "270.3"]], "Module_type": "GATE"}, {"Ports": [{"Location": [["554.8", "23.0"], ["560.1", "23.0"], ["560.1", "90.8"], ["554.8", "90.8"]], "Type": "SD"}, {"Location": [["646.9", "10.0"], ["646.9", "89.6"], ["620.3", "89.6"], ["620.3", "103.8"], ["563.0", "103.8"], ["563.0", "10.0"]], "Type": "GATE"}, {"Location": [["635.9", "16.2"], ["641.7", "16.2"], ["641.7", "82.4"], ["635.9", "82.4"]], "Type": "SD"}], "Module": "M6", "Boundary": [["646.9", "10.0"], ["646.9", "89.6"], ["620.3", "89.6"], ["620.3", "103.8"], ["554.8", "103.8"], ["554.8", "10.0"]], "Module_type": "GATE"}, {"Ports": [{"Location": [["20.0", "437.8"], ["24.6", "437.8"], ["24.6", "480.7"], ["20.0", "480.7"]], "Type": "SD"}, {"Location": [["118.2", "421.6"], ["118.2", "480.0"], ["90.4", "480.0"], ["90.4", "496.9"], ["26.4", "496.9"], ["26.4", "421.6"]], "Type": "GATE"}, {"Location": [["105.4", "428.5"], ["112.3", "428.5"], ["112.3", "472.1"], ["105.4", "472.1"]], "Type": "SD"}], "Module": "M2", "Boundary": [["118.2", "421.6"], ["118.2", "480.0"], ["90.4", "480.0"], ["90.4", "496.9"], ["20.0", "496.9"], ["20.0", "421.6"]], "Module_type": "GATE"}, {"Ports": [{"Location": [["580.8", "483.5"], ["634.6", "483.5"], ["634.6", "488.5"], ["580.8", "488.5"]], "Type": "SD"}, {"Location": [["565.8", "298.7"], ["634.9", "298.7"], ["634.9", "413.1"], ["649.6", "413.1"], ["649.6", "481.8"], ["565.8", "481.8"]], "Type": "GATE"}, {"Location": [["572.7", "304.6"], ["627.0", "304.6"], ["627.0", "311.7"], ["572.7", "311.7"]], "Type": "SD"}], "Module": "M16", "Boundary": [["565.8", "298.7"], ["634.9", "298.7"], ["634.9", "413.1"], ["649.6", "413.1"], ["649.6", "488.5"], ["565.8", "488.5"]], "Module_type": "GATE"}, {"Ports": [{"Location": [["148.2", "436.0"], ["154.0", "436.0"], ["154.0", "492.2"], ["148.2", "492.2"]], "Type": "SD"}, {"Location": [["322.2", "422.3"], ["322.2", "489.2"], ["321.9", "489.2"], ["321.9", "505.9"], ["156.2", "505.9"], ["156.2", "422.3"]], "Type": "GATE"}, {"Location": [["311.5", "427.6"], ["317.9", "427.6"], ["317.9", "483.9"], ["311.5", "483.9"]], "Type": "SD"}], "Module": "M13", "Boundary": [["322.2", "422.3"], ["322.2", "489.2"], ["321.9", "489.2"], ["321.9", "505.9"], ["148.2", "505.9"], ["148.2", "422.3"]], "Module_type": "GATE"}, {"Ports": [{"Location": [["464.7", "110.0"], ["520.2", "110.0"], ["520.2", "115.1"], ["464.7", "115.1"]], "Type": "SD"}, {"Location": [["450.1", "10.0"], ["519.6", "10.0"], ["519.6", "64.8"], ["534.8", "64.8"], ["534.8", "107.2"], ["450.1", "107.2"]], "Type": "GATE"}, {"Location": [["457.1", "16.0"], ["511.6", "16.0"], ["511.6", "21.6"], ["457.1", "21.6"]], "Type": "SD"}], "Module": "M10", "Boundary": [["450.1", "10.0"], ["519.6", "10.0"], ["519.6", "64.8"], ["534.8", "64.8"], ["534.8", "115.1"], ["450.1", "115.1"]], "Module_type": "GATE"}, {"Ports": [{"Location": [["184.1", "194.9"], ["188.3", "194.9"], ["188.3", "268.0"], ["184.1", "268.0"]], "Type": "SD"}, {"Location": [["361.3", "180.8"], ["361.3", "282.1"], ["190.3", "282.1"], ["190.3", "180.8"]], "Type": "GATE"}, {"Location": [["350.1", "186.6"], ["356.5", "186.6"], ["356.5", "276.3"], ["350.1", "276.3"]], "Type": "SD"}], "Module": "M7", "Boundary": [["361.3", "180.8"], ["361.3", "282.1"], ["184.1", "282.1"], ["184.1", "180.8"]], "Module_type": "GATE"}, {"Ports": [{"Location": [["21.9", "148.5"], ["72.3", "148.5"], ["72.3", "153.4"], ["21.9", "153.4"]], "Type": "SD"}, {"Location": [["10.0", "10.0"], ["69.8", "10.0"], ["69.8", "10.3"], ["84.2", "10.3"], ["84.2", "146.1"], ["10.0", "146.1"]], "Type": "GATE"}, {"Location": [["15.1", "14.1"], ["64.7", "14.1"], ["64.7", "20.0"], ["15.1", "20.0"]], "Type": "SD"}], "Module": "M3", "Boundary": [["10.0", "10.0"], ["69.8", "10.0"], ["69.8", "10.3"], ["84.2", "10.3"], ["84.2", "153.4"], ["10.0", "153.4"]], "Module_type": "GATE"}, {"Ports": [{"Location": [["342.2", "455.3"], ["347.1", "455.3"], ["347.1", "479.6"], ["342.2", "479.6"]], "Type": "SD"}, {"Location": [["520.4", "440.1"], ["520.4", "477.3"], ["520.4", "477.3"], ["520.4", "494.8"], ["349.3", "494.8"], ["349.3", "440.1"]], "Type": "GATE"}, {"Location": [["508.1", "447.1"], ["514.4", "447.1"], ["514.4", "470.3"], ["508.1", "470.3"]], "Type": "SD"}], "Module": "M15", "Boundary": [["520.4", "440.1"], ["520.4", "477.3"], ["520.4", "477.3"], ["520.4", "494.8"], ["342.2", "494.8"], ["342.2", "440.1"]], "Module_type": "GATE"}, {"Ports": [{"Location": [["10.0", "188.3"], ["15.9", "188.3"], ["15.9", "245.1"], ["10.0", "245.1"]], "Type": "SD"}, {"Location": [["154.1", "173.4"], ["154.1", "244.2"], ["83.8", "244.2"], ["83.8", "260.0"], ["18.2", "260.0"], ["18.2", "173.4"]], "Type": "GATE"}, {"Location": [["142.1", "180.2"], ["148.3", "180.2"], ["148.3", "236.4"], ["142.1", "236.4"]], "Type": "SD"}], "Module": "M12", "Boundary": [["154.1", "173.4"], ["154.1", "244.2"], ["83.8", "244.2"], ["83.8", "260.0"], ["10.0", "260.0"], ["10.0", "173.4"]], "Module_type": "GATE"}, {"Ports": [{"Location": [["541.9", "263.0"], ["607.3", "263.0"], ["607.3", "268.7"], ["541.9", "268.7"]], "Type": "SD"}, {"Location": [["528.5", "145.1"], ["606.9", "145.1"], ["606.9", "204.1"], ["620.7", "204.1"], ["620.7", "261.3"], ["528.5", "261.3"]], "Type": "GATE"}, {"Location": [["535.1", "150.7"], ["599.3", "150.7"], ["599.3", "155.8"], ["535.1", "155.8"]], "Type": "SD"}], "Module": "M8", "Boundary": [["528.5", "145.1"], ["606.9", "145.1"], ["606.9", "204.1"], ["620.7", "204.1"], ["620.7", "268.7"], ["528.5", "268.7"]], "Module_type": "GATE"}, {"Ports": [{"Location": [["20.0", "302.6"], ["24.9", "302.6"], ["24.9", "369.0"], ["20.0", "369.0"]], "Type": "SD"}, {"Location": [["141.0", "290.0"], ["141.0", "367.5"], ["72.7", "367.5"], ["72.7", "381.6"], ["26.3", "381.6"], ["26.3", "290.0"]], "Type": "GATE"}, {"Location": [["130.6", "295.2"], ["136.8", "295.2"], ["136.8", "361.3"], ["130.6", "361.3"]], "Type": "SD"}], "Module": "M4", "Boundary": [["141.0", "290.0"], ["141.0", "367.5"], ["72.7", "367.5"], ["72.7", "381.6"], ["20.0", "381.6"], ["20.0", "290.0"]], "Module_type": "GATE"}], "Area": [["-30.0", "-30.0"], ["689.6", "-30.0"], ["689.6", "545.9"], ["-30.0", "545.9"]], "Rules": ["GATE(5,5)", "SD(5,5)", "GATE_SD(0.5)", "GATE_ITO(0.5)", "SD_ITO(0.5)"]}