{"Modules": [{"Module": "M14", "Boundary": [["216.8", "356.1"], ["307.4", "356.1"], ["307.4", "446.2"], ["324.0", "446.2"], ["324.0", "564.0"], ["216.8", "564.0"]], "Module_type": "GATE", "Ports": [{"Location": [["231.9", "559.8"], ["308.9", "559.8"], ["308.9", "564.0"], ["231.9", "564.0"]], "Type": "SD"}, {"Location": [["216.8", "356.1"], ["307.4", "356.1"], ["307.4", "446.2"], ["324.0", "446.2"], ["324.0", "556.9"], ["216.8", "556.9"]], "Type": "GATE"}, {"Location": [["223.2", "361.5"], ["300.0", "361.5"], ["300.0", "368.1"], ["223.2", "368.1"]], "Type": "SD"}]}, {"Ports": [{"Location": [["10.0", "540.5"], ["15.5", "540.5"], ["15.5", "562.5"], ["10.0", "562.5"]], "Type": "SD"}, {"Location": [["149.3", "528.0"], ["149.3", "575.0"], ["18.1", "575.0"], ["18.1", "528.0"]], "Type": "GATE"}, {"Location": [["138.5", "533.0"], ["145.3", "533.0"], ["145.3", "570.0"], ["138.5", "570.0"]], "Type": "SD"}], "Module": "M9", "Boundary": [["149.3", "528.0"], ["149.3", "575.0"], ["10.0", "575.0"], ["10.0", "528.0"]], "Module_type": "GATE"}, {"Ports": [{"Location": [["374.0", "378.6"], ["379.2", "378.6"], ["379.2", "433.4"], ["374.0", "433.4"]], "Type": "SD"}, {"Location": [["476.5", "365.8"], ["476.5", "430.5"], ["476.3", "430.5"], ["476.3", "446.2"], ["381.4", "446.2"], ["381.4", "365.8"]], "Type": "GATE"}, {"Location": [["465.7", "371.8"], ["471.5", "371.8"], ["471.5", "424.5"], ["465.7", "424.5"]], "Type": "SD"}], "Module": "M5", "Boundary": [["476.5", "365.8"], ["476.5", "430.5"], ["476.3", "430.5"], ["476.3", "446.2"], ["374.0", "446.2"], ["374.0", "365.8"]], "Module_type": "GATE"}, {"Ports": [{"Location": [["520.6", "426.2"], ["591.4", "426.2"], ["591.4", "431.7"], ["520.6", "431.7"]], "Type": "SD"}, {"Location": [["506.5", "325.8"], ["605.5", "325.8"], ["605.5", "425.1"], ["506.5", "425.1"]], "Type": "GATE"}, {"Location": [["512.7", "331.0"], ["599.3", "331.0"], ["599.3", "337.0"], ["512.7", "337.0"]], "Type": "SD"}], "Module": "M11", "Boundary": [["506.5", "325.8"], ["605.5", "325.8"], ["605.5", "431.7"], ["506.5", "431.7"]], "Module_type": "GATE"}, {"Ports": [{"Location": [["44.0", "483.8"], ["142.8", "483.8"], ["142.8", "488.0"], ["44.0", "488.0"]], "Type": "SD"}, {"Location": [["30.0", "296.5"], ["138.6", "296.5"], ["138.6", "296.8"], ["156.8", "296.8"], ["156.8", "481.5"], ["30.0", "481.5"]], "Type": "GATE"}, {"Location": [["36.9", "302.4"], ["131.7", "302.4"], ["131.7", "307.2"], ["36.9", "307.2"]], "Type": "SD"}], "Module": "M1", "Boundary": [["30.0", "296.5"], ["138.6", "296.5"], ["138.6", "296.8"], ["156.8", "296.8"], ["156.8", "488.0"], ["30.0", "488.0"]], "Module_type": "GATE"}, {"Ports": [{"Location": [["10.0", "179.9"], ["15.1", "179.9"], ["15.1", "242.2"], ["10.0", "242.2"]], "Type": "SD"}, {"Location": [["213.1", "165.6"], ["213.1", "239.3"], ["124.2", "239.3"], ["124.2", "256.5"], ["16.4", "256.5"], ["16.4", "165.6"]], "Type": "GATE"}, {"Location": [["201.8", "170.9"], ["208.8", "170.9"], ["208.8", "233.0"], ["201.8", "233.0"]], "Type": "SD"}], "Module": "M6", "Boundary": [["213.1", "165.6"], ["213.1", "239.3"], ["124.2", "239.3"], ["124.2", "256.5"], ["10.0", "256.5"], ["10.0", "165.6"]], "Module_type": "GATE"}, {"Ports": [{"Location": [["393.3", "321.3"], ["443.5", "321.3"], ["443.5", "325.8"], ["393.3", "325.8"]], "Type": "SD"}, {"Location": [["380.9", "233.0"], ["442.2", "233.0"], ["442.2", "267.7"], ["455.9", "267.7"], ["455.9", "319.9"], ["380.9", "319.9"]], "Type": "GATE"}, {"Location": [["385.9", "237.0"], ["436.2", "237.0"], ["436.2", "243.1"], ["385.9", "243.1"]], "Type": "SD"}], "Module": "M2", "Boundary": [["380.9", "233.0"], ["442.2", "233.0"], ["442.2", "267.7"], ["455.9", "267.7"], ["455.9", "325.8"], ["380.9", "325.8"]], "Module_type": "GATE"}, {"Ports": [{"Location": [["520.5", "584.4"], ["583.3", "584.4"], ["583.3", "589.2"], ["520.5", "589.2"]], "Type": "SD"}, {"Location": [["506.5", "451.7"], ["584.1", "451.7"], ["584.1", "507.6"], ["597.3", "507.6"], ["597.3", "581.7"], ["506.5", "581.7"]], "Type": "GATE"}, {"Location": [["513.1", "457.3"], ["576.5", "457.3"], ["576.5", "463.8"], ["513.1", "463.8"]], "Type": "SD"}], "Module": "M16", "Boundary": [["506.5", "451.7"], ["584.1", "451.7"], ["584.1", "507.6"], ["597.3", "507.6"], ["597.3", "589.2"], ["506.5", "589.2"]], "Module_type": "GATE"}, {"Ports": [{"Location": [["242.3", "22.3"], ["246.3", "22.3"], ["246.3", "100.5"], ["242.3", "100.5"]], "Type": "SD"}, {"Location": [["408.1", "10.0"], ["408.1", "98.5"], ["407.6", "98.5"], ["407.6", "112.8"], ["248.4", "112.8"], ["248.4", "10.0"]], "Type": "GATE"}, {"Location": [["398.1", "15.4"], ["403.7", "15.4"], ["403.7", "93.1"], ["398.1", "93.1"]], "Type": "SD"}], "Module": "M13", "Boundary": [["408.1", "10.0"], ["408.1", "98.5"], ["407.6", "98.5"], ["407.6", "112.8"], ["242.3", "112.8"], ["242.3", "10.0"]], "Module_type": "GATE"}, {"Ports": [{"Location": [["376.3", "147.4"], ["381.0", "147.4"], ["381.0", "186.3"], ["376.3", "186.3"]], "Type": "SD"}, {"Location": [["466.1", "132.8"], ["466.1", "185.6"], ["459.8", "185.6"], ["459.8", "200.9"], ["383.0", "200.9"], ["383.0", "132.8"]], "Type": "GATE"}, {"Location": [["454.4", "139.5"], ["460.4", "139.5"], ["460.4", "177.9"], ["454.4", "177.9"]], "Type": "SD"}], "Module": "M10", "Boundary": [["466.1", "132.8"], ["466.1", "185.6"], ["459.8", "185.6"], ["459.8", "200.9"], ["376.3", "200.9"], ["376.3", "132.8"]], "Module_type": "GATE"}, {"Ports": [{"Location": [["511.1", "290.7"], ["583.2", "290.7"], ["583.2", "295.8"], ["511.1", "295.8"]], "Type": "SD"}, {"Location": [["496.1", "125.0"], ["581.7", "125.0"], ["581.7", "125.1"], ["598.2", "125.1"], ["598.2", "287.7"], ["496.1", "287.7"]], "Type": "GATE"}, {"Location": [["502.4", "130.3"], ["575.4", "130.3"], ["575.4", "136.7"], ["502.4", "136.7"]], "Type": "SD"}], "Module": "M7", "Boundary": [["496.1", "125.0"], ["581.7", "125.0"], ["581.7", "125.1"], ["598.2", "125.1"], ["598.2", "295.8"], ["496.1", "295.8"]], "Module_type": "GATE"}, {"Ports": [{"Location": [["242.3", "146.7"], ["247.8", "146.7"], ["247.8", "189.1"], ["242.3", "189.1"]], "Type": "SD"}, {"Location": [["356.3", "132.8"], ["356.3", "185.3"], ["356.0", "185.3"], ["356.0", "203.0"], ["249.7", "203.0"], ["249.7", "132.8"]], "Type": "GATE"}, {"Location": [["345.8", "138.5"], ["351.6", "138.5"], ["351.6", "179.6"], ["345.8", "179.6"]], "Type": "SD"}], "Module": "M3", "Boundary": [["356.3", "132.8"], ["356.3", "185.3"], ["356.0", "185.3"], ["356.0", "203.0"], ["242.3", "203.0"], ["242.3", "132.8"]], "Module_type": "GATE"}, {"Ports": [{"Location": [["428.1", "24.6"], ["432.4", "24.6"], ["432.4", "80.4"], ["428.1", "80.4"]], "Type": "SD"}, {"Location": [["608.7", "10.0"], ["608.7", "95.0"], ["434.4", "95.0"], ["434.4", "10.0"]], "Type": "GATE"}, {"Location": [["596.3", "16.0"], ["603.7", "16.0"], ["603.7", "89.0"], ["596.3", "89.0"]], "Type": "SD"}], "Module": "M15", "Boundary": [["608.7", "10.0"], ["608.7", "95.0"], ["428.1", "95.0"], ["428.1", "10.0"]], "Module_type": "GATE"}, {"Ports": [{"Location": [["364.0", "490.3"], ["368.9", "490.3"], ["368.9", "575.5"], ["364.0", "575.5"]], "Type": "SD"}, {"Location": [["477.6", "476.2"], ["477.6", "574.9"], ["451.1", "574.9"], ["451.1", "589.6"], ["371.3", "589.6"], ["371.3", "476.2"]], "Type": "GATE"}, {"Location": [["466.2", "482.5"], ["472.3", "482.5"], ["472.3", "567.6"], ["466.2", "567.6"]], "Type": "SD"}], "Module": "M12", "Boundary": [["477.6", "476.2"], ["477.6", "574.9"], ["451.1", "574.9"], ["451.1", "589.6"], ["364.0", "589.6"], ["364.0", "476.2"]], "Module_type": "GATE"}, {"Ports": [{"Location": [["20.0", "35.9"], ["24.9", "35.9"], ["24.9", "119.7"], ["20.0", "119.7"]], "Type": "SD"}, {"Location": [["212.3", "20.0"], ["212.3", "117.6"], ["130.3", "117.6"], ["130.3", "135.6"], ["27.3", "135.6"], ["27.3", "20.0"]], "Type": "GATE"}, {"Location": [["199.8", "26.3"], ["207.0", "26.3"], ["207.0", "110.3"], ["199.8", "110.3"]], "Type": "SD"}], "Module": "M8", "Boundary": [["212.3", "20.0"], ["212.3", "117.6"], ["130.3", "117.6"], ["130.3", "135.6"], ["20.0", "135.6"], ["20.0", "20.0"]], "Module_type": "GATE"}, {"Ports": [{"Location": [["243.1", "246.3"], ["248.9", "246.3"], ["248.9", "292.8"], ["243.1", "292.8"]], "Type": "SD"}, {"Location": [["340.9", "233.0"], ["340.9", "293.6"], ["290.0", "293.6"], ["290.0", "306.1"], ["250.5", "306.1"], ["250.5", "233.0"]], "Type": "GATE"}, {"Location": [["329.3", "239.7"], ["335.2", "239.7"], ["335.2", "285.9"], ["329.3", "285.9"]], "Type": "SD"}], "Module": "M4", "Boundary": [["340.9", "233.0"], ["340.9", "293.6"], ["290.0", "293.6"], ["290.0", "306.1"], ["243.1", "306.1"], ["243.1", "233.0"]], "Module_type": "GATE"}], "Area": [["-30.0", "-30.0"], ["648.7", "-30.0"], ["648.7", "629.6"], ["-30.0", "629.6"]], "Rules": ["GATE(5,5)", "SD(5,5)", "GATE_SD(0.5)", "GATE_ITO(0.5)", "SD_ITO(0.5)"]}