{"Modules": [{"Module": "M14", "Boundary": [["452.4", "330.5"], ["452.4", "377.9"], ["441.2", "377.9"], ["441.2", "392.1"], ["371.5", "392.1"], ["371.5", "330.5"]], "Module_type": "GATE", "Ports": [{"Location": [["371.5", "342.5"], ["376.3", "342.5"], ["376.3", "380.1"], ["371.5", "380.1"]], "Type": "SD"}, {"Location": [["452.4", "330.5"], ["452.4", "377.9"], ["441.2", "377.9"], ["441.2", "392.1"], ["377.3", "392.1"], ["377.3", "330.5"]], "Type": "GATE"}, {"Location": [["442.2", "336.1"], ["447.8", "336.1"], ["447.8", "371.3"], ["442.2", "371.3"]], "Type": "SD"}]}, {"Ports": [{"Location": [["448.3", "24.1"], ["454.0", "24.1"], ["454.0", "86.1"], ["448.3", "86.1"]], "Type": "SD"}, {"Location": [["589.4", "10.0"], ["589.4", "100.2"], ["455.2", "100.2"], ["455.2", "10.0"]], "Type": "GATE"}, {"Location": [["578.4", "16.1"], ["584.3", "16.1"], ["584.3", "94.1"], ["578.4", "94.1"]], "Type": "SD"}], "Module": "M9", "Boundary": [["589.4", "10.0"], ["589.4", "100.2"], ["448.3", "100.2"], ["448.3", "10.0"]], "Module_type": "GATE"}, {"Ports": [{"Location": [["503.8", "276.1"], ["561.6", "276.1"], ["561.6", "280.5"], ["503.8", "280.5"]], "Type": "SD"}, {"Location": [["492.6", "130.2"], ["572.8", "130.2"], ["572.8", "273.3"], ["492.6", "273.3"]], "Type": "GATE"}, {"Location": [["497.7", "134.3"], ["567.7", "134.3"], ["567.7", "138.8"], ["497.7", "138.8"]], "Type": "SD"}], "Module": "M5", "Boundary": [["492.6", "130.2"], ["572.8", "130.2"], ["572.8", "280.5"], ["492.6", "280.5"]], "Module_type": "GATE"}, {"Ports": [{"Location": [["269.8", "22.7"], ["274.3", "22.7"], ["274.3", "90.6"], ["269.8", "90.6"]], "Type": "SD"}, {"Location": [["428.3", "10.0"], ["428.3", "103.3"], ["276.5", "103.3"], ["276.5", "10.0"]], "Type": "GATE"}, {"Location": [["417.3", "16.6"], ["422.7", "16.6"], ["422.7", "96.7"], ["417.3", "96.7"]], "Type": "SD"}], "Module": "M11", "Boundary": [["428.3", "10.0"], ["428.3", "103.3"], ["269.8", "103.3"], ["269.8", "10.0"]], "Module_type": "GATE"}, {"Ports": [{"Location": [["371.5", "468.1"], ["377.1", "468.1"], ["377.1", "529.4"], ["371.5", "529.4"]], "Type": "SD"}, {"Location": [["565.6", "452.1"], ["565.6", "527.4"], ["565.3", "527.4"], ["565.3", "545.4"], ["378.9", "545.4"], ["378.9", "452.1"]], "Type": "GATE"}, {"Location": [["552.6", "458.8"], ["559.9", "458.8"], ["559.9", "520.7"], ["552.6", "520.7"]], "Type": "SD"}], "Module": "M1", "Boundary": [["565.6", "452.1"], ["565.6", "527.4"], ["565.3", "527.4"], ["565.3", "545.4"], ["371.5", "545.4"], ["371.5", "452.1"]], "Module_type": "GATE"}, {"Ports": [{"Location": [["492.4", "324.4"], ["497.5", "324.4"], ["497.5", "390.0"], ["492.4", "390.0"]], "Type": "SD"}, {"Location": [["579.0", "310.5"], ["579.0", "391.2"], ["541.9", "391.2"], ["541.9", "403.9"], ["499.0", "403.9"], ["499.0", "310.5"]], "Type": "GATE"}, {"Location": [["567.5", "317.4"], ["573.1", "317.4"], ["573.1", "382.3"], ["567.5", "382.3"]], "Type": "SD"}], "Module": "M6", "Boundary": [["579.0", "310.5"], ["579.0", "391.2"], ["541.9", "391.2"], ["541.9", "403.9"], ["492.4", "403.9"], ["492.4", "310.5"]], "Module_type": "GATE"}, {"Ports": [{"Location": [["150.2", "459.1"], ["154.8", "459.1"], ["154.8", "541.0"], ["150.2", "541.0"]], "Type": "SD"}, {"Location": [["313.3", "444.9"], ["313.3", "537.7"], ["271.8", "537.7"], ["271.8", "555.2"], ["157.4", "555.2"], ["157.4", "444.9"]], "Type": "GATE"}, {"Location": [["302.2", "450.1"], ["309.1", "450.1"], ["309.1", "531.5"], ["302.2", "531.5"]], "Type": "SD"}], "Module": "M2", "Boundary": [["313.3", "444.9"], ["313.3", "537.7"], ["271.8", "537.7"], ["271.8", "555.2"], ["150.2", "555.2"], ["150.2", "444.9"]], "Module_type": "GATE"}, {"Ports": [{"Location": [["22.7", "315.4"], ["73.9", "315.4"], ["73.9", "319.5"], ["22.7", "319.5"]], "Type": "SD"}, {"Location": [["10.0", "182.2"], ["72.9", "182.2"], ["72.9", "228.2"], ["86.6", "228.2"], ["86.6", "313.7"], ["10.0", "313.7"]], "Type": "GATE"}, {"Location": [["15.4", "186.6"], ["66.5", "186.6"], ["66.5", "193.0"], ["15.4", "193.0"]], "Type": "SD"}], "Module": "M16", "Boundary": [["10.0", "182.2"], ["72.9", "182.2"], ["72.9", "228.2"], ["86.6", "228.2"], ["86.6", "319.5"], ["10.0", "319.5"]], "Module_type": "GATE"}, {"Ports": [{"Location": [["251.6", "209.7"], ["255.6", "209.7"], ["255.6", "275.1"], ["251.6", "275.1"]], "Type": "SD"}, {"Location": [["450.0", "196.4"], ["450.0", "288.4"], ["258.0", "288.4"], ["258.0", "196.4"]], "Type": "GATE"}, {"Location": [["438.3", "202.8"], ["444.6", "202.8"], ["444.6", "282.0"], ["438.3", "282.0"]], "Type": "SD"}], "Module": "M13", "Boundary": [["450.0", "196.4"], ["450.0", "288.4"], ["251.6", "288.4"], ["251.6", "196.4"]], "Module_type": "GATE"}, {"Ports": [{"Location": [["25.7", "157.7"], ["114.3", "157.7"], ["114.3", "162.2"], ["25.7", "162.2"]], "Type": "SD"}, {"Location": [["10.0", "10.0"], ["114.5", "10.0"], ["114.5", "97.6"], ["130.0", "97.6"], ["130.0", "156.3"], ["10.0", "156.3"]], "Type": "GATE"}, {"Location": [["16.6", "15.6"], ["106.9", "15.6"], ["106.9", "22.5"], ["16.6", "22.5"]], "Type": "SD"}], "Module": "M10", "Boundary": [["10.0", "10.0"], ["114.5", "10.0"], ["114.5", "97.6"], ["130.0", "97.6"], ["130.0", "162.2"], ["10.0", "162.2"]], "Module_type": "GATE"}, {"Ports": [{"Location": [["173.6", "132.1"], ["226.2", "132.1"], ["226.2", "136.7"], ["173.6", "136.7"]], "Type": "SD"}, {"Location": [["160.0", "20.0"], ["224.6", "20.0"], ["224.6", "20.2"], ["239.8", "20.2"], ["239.8", "130.2"], ["160.0", "130.2"]], "Type": "GATE"}, {"Location": [["165.8", "24.8"], ["218.8", "24.8"], ["218.8", "31.7"], ["165.8", "31.7"]], "Type": "SD"}], "Module": "M7", "Boundary": [["160.0", "20.0"], ["224.6", "20.0"], ["224.6", "20.2"], ["239.8", "20.2"], ["239.8", "136.7"], ["160.0", "136.7"]], "Module_type": "GATE"}, {"Ports": [{"Location": [["269.8", "136.8"], ["273.9", "136.8"], ["273.9", "162.9"], ["269.8", "162.9"]], "Type": "SD"}, {"Location": [["462.6", "123.3"], ["462.6", "176.4"], ["275.3", "176.4"], ["275.3", "123.3"]], "Type": "GATE"}, {"Location": [["452.2", "128.9"], ["458.0", "128.9"], ["458.0", "170.8"], ["452.2", "170.8"]], "Type": "SD"}], "Module": "M3", "Boundary": [["462.6", "123.3"], ["462.6", "176.4"], ["269.8", "176.4"], ["269.8", "123.3"]], "Module_type": "GATE"}, {"Ports": [{"Location": [["106.6", "322.7"], ["110.8", "322.7"], ["110.8", "400.8"], ["106.6", "400.8"]], "Type": "SD"}, {"Location": [["331.5", "308.6"], ["331.5", "397.3"], ["331.5", "397.3"], ["331.5", "414.9"], ["113.3", "414.9"], ["113.3", "308.6"]], "Type": "GATE"}, {"Location": [["320.1", "314.3"], ["326.8", "314.3"], ["326.8", "391.6"], ["320.1", "391.6"]], "Type": "SD"}], "Module": "M15", "Boundary": [["331.5", "308.6"], ["331.5", "397.3"], ["331.5", "397.3"], ["331.5", "414.9"], ["106.6", "414.9"], ["106.6", "308.6"]], "Module_type": "GATE"}, {"Ports": [{"Location": [["10.0", "463.8"], ["15.0", "463.8"], ["15.0", "545.7"], ["10.0", "545.7"]], "Type": "SD"}, {"Location": [["120.2", "449.1"], ["120.2", "546.3"], ["69.9", "546.3"], ["69.9", "560.4"], ["16.6", "560.4"], ["16.6", "449.1"]], "Type": "GATE"}, {"Location": [["107.5", "455.8"], ["114.5", "455.8"], ["114.5", "538.6"], ["107.5", "538.6"]], "Type": "SD"}], "Module": "M12", "Boundary": [["120.2", "449.1"], ["120.2", "546.3"], ["69.9", "546.3"], ["69.9", "560.4"], ["10.0", "560.4"], ["10.0", "449.1"]], "Module_type": "GATE"}, {"Ports": [{"Location": [["30.8", "413.4"], ["64.7", "413.4"], ["64.7", "419.1"], ["30.8", "419.1"]], "Type": "SD"}, {"Location": [["20.0", "349.5"], ["62.9", "349.5"], ["62.9", "376.9"], ["75.5", "376.9"], ["75.5", "411.3"], ["20.0", "411.3"]], "Type": "GATE"}, {"Location": [["25.5", "354.0"], ["56.4", "354.0"], ["56.4", "358.6"], ["25.5", "358.6"]], "Type": "SD"}], "Module": "M8", "Boundary": [["20.0", "349.5"], ["62.9", "349.5"], ["62.9", "376.9"], ["75.5", "376.9"], ["75.5", "419.1"], ["20.0", "419.1"]], "Module_type": "GATE"}, {"Ports": [{"Location": [["116.6", "205.1"], ["121.4", "205.1"], ["121.4", "265.7"], ["116.6", "265.7"]], "Type": "SD"}, {"Location": [["221.6", "192.2"], ["221.6", "260.9"], ["221.2", "260.9"], ["221.2", "278.6"], ["124.4", "278.6"], ["124.4", "192.2"]], "Type": "GATE"}, {"Location": [["212.2", "198.3"], ["216.5", "198.3"], ["216.5", "254.8"], ["212.2", "254.8"]], "Type": "SD"}], "Module": "M4", "Boundary": [["221.6", "192.2"], ["221.6", "260.9"], ["221.2", "260.9"], ["221.2", "278.6"], ["116.6", "278.6"], ["116.6", "192.2"]], "Module_type": "GATE"}], "Area": [["-30.0", "-30.0"], ["629.4", "-30.0"], ["629.4", "600.4"], ["-30.0", "600.4"]], "Rules": ["GATE(5,5)", "SD(5,5)", "GATE_SD(0.5)", "GATE_ITO(0.5)", "SD_ITO(0.5)"]}