{"Modules": [{"Module": "M14", "Boundary": [["363.9", "398.4"], ["363.9", "457.6"], ["363.6", "457.6"], ["363.6", "472.3"], ["188.9", "472.3"], ["188.9", "398.4"]], "Module_type": "GATE", "Ports": [{"Location": [["188.9", "409.9"], ["193.3", "409.9"], ["193.3", "460.8"], ["188.9", "460.8"]], "Type": "SD"}, {"Location": [["363.9", "398.4"], ["363.9", "457.6"], ["363.6", "457.6"], ["363.6", "472.3"], ["194.7", "472.3"], ["194.7", "398.4"]], "Type": "GATE"}, {"Location": [["354.6", "403.7"], ["359.6", "403.7"], ["359.6", "452.3"], ["354.6", "452.3"]], "Type": "SD"}]}, {"Ports": [{"Location": [["89.0", "196.1"], ["136.8", "196.1"], ["136.8", "201.4"], ["89.0", "201.4"]], "Type": "SD"}, {"Location": [["76.9", "10.0"], ["135.1", "10.0"], ["135.1", "10.1"], ["148.9", "10.1"], ["148.9", "194.8"], ["76.9", "194.8"]], "Type": "GATE"}, {"Location": [["82.9", "15.0"], ["129.1", "15.0"], ["129.1", "20.5"], ["82.9", "20.5"]], "Type": "SD"}], "Module": "M9", "Boundary": [["76.9", "10.0"], ["135.1", "10.0"], ["135.1", "10.1"], ["148.9", "10.1"], ["148.9", "201.4"], ["76.9", "201.4"]], "Module_type": "GATE"}, {"Ports": [{"Location": [["178.9", "123.0"], ["183.2", "123.0"], ["183.2", "159.9"], ["178.9", "159.9"]], "Type": "SD"}, {"Location": [["297.2", "111.5"], ["297.2", "171.4"], ["184.8", "171.4"], ["184.8", "111.5"]], "Type": "GATE"}, {"Location": [["288.2", "117.0"], ["292.7", "117.0"], ["292.7", "165.9"], ["288.2", "165.9"]], "Type": "SD"}], "Module": "M5", "Boundary": [["297.2", "111.5"], ["297.2", "171.4"], ["178.9", "171.4"], ["178.9", "111.5"]], "Module_type": "GATE"}, {"Ports": [{"Location": [["448.2", "25.3"], ["452.5", "25.3"], ["452.5", "97.3"], ["448.2", "97.3"]], "Type": "SD"}, {"Location": [["629.9", "10.0"], ["629.9", "96.2"], ["629.4", "96.2"], ["629.4", "112.6"], ["453.9", "112.6"], ["453.9", "10.0"]], "Type": "GATE"}, {"Location": [["617.4", "16.8"], ["624.1", "16.8"], ["624.1", "89.4"], ["617.4", "89.4"]], "Type": "SD"}], "Module": "M11", "Boundary": [["629.9", "10.0"], ["629.9", "96.2"], ["629.4", "96.2"], ["629.4", "112.6"], ["448.2", "112.6"], ["448.2", "10.0"]], "Module_type": "GATE"}, {"Ports": [{"Location": [["30.0", "433.2"], ["35.8", "433.2"], ["35.8", "456.3"], ["30.0", "456.3"]], "Type": "SD"}, {"Location": [["128.4", "420.1"], ["128.4", "469.4"], ["37.3", "469.4"], ["37.3", "420.1"]], "Type": "GATE"}, {"Location": [["117.6", "425.2"], ["124.3", "425.2"], ["124.3", "464.3"], ["117.6", "464.3"]], "Type": "SD"}], "Module": "M1", "Boundary": [["128.4", "420.1"], ["128.4", "469.4"], ["30.0", "469.4"], ["30.0", "420.1"]], "Module_type": "GATE"}, {"Ports": [{"Location": [["24.9", "376.0"], ["120.6", "376.0"], ["120.6", "380.1"], ["24.9", "380.1"]], "Type": "SD"}, {"Location": [["10.0", "222.7"], ["117.8", "222.7"], ["117.8", "223.0"], ["135.5", "223.0"], ["135.5", "374.5"], ["10.0", "374.5"]], "Type": "GATE"}, {"Location": [["16.2", "227.9"], ["111.6", "227.9"], ["111.6", "234.3"], ["16.2", "234.3"]], "Type": "SD"}], "Module": "M6", "Boundary": [["10.0", "222.7"], ["117.8", "222.7"], ["117.8", "223.0"], ["135.5", "223.0"], ["135.5", "380.1"], ["10.0", "380.1"]], "Module_type": "GATE"}, {"Ports": [{"Location": [["317.1", "331.8"], ["355.6", "331.8"], ["355.6", "337.3"], ["317.1", "337.3"]], "Type": "SD"}, {"Location": [["303.3", "211.4"], ["369.4", "211.4"], ["369.4", "329.3"], ["303.3", "329.3"]], "Type": "GATE"}, {"Location": [["309.6", "216.7"], ["363.1", "216.7"], ["363.1", "222.4"], ["309.6", "222.4"]], "Type": "SD"}], "Module": "M2", "Boundary": [["303.3", "211.4"], ["369.4", "211.4"], ["369.4", "337.3"], ["303.3", "337.3"]], "Module_type": "GATE"}, {"Ports": [{"Location": [["343.6", "83.1"], ["414.8", "83.1"], ["414.8", "87.8"], ["343.6", "87.8"]], "Type": "SD"}, {"Location": [["330.2", "10.0"], ["412.1", "10.0"], ["412.1", "10.5"], ["428.2", "10.5"], ["428.2", "81.7"], ["330.2", "81.7"]], "Type": "GATE"}, {"Location": [["336.9", "15.7"], ["405.4", "15.7"], ["405.4", "20.4"], ["336.9", "20.4"]], "Type": "SD"}], "Module": "M16", "Boundary": [["330.2", "10.0"], ["412.1", "10.0"], ["412.1", "10.5"], ["428.2", "10.5"], ["428.2", "87.8"], ["330.2", "87.8"]], "Module_type": "GATE"}, {"Ports": [{"Location": [["590.7", "421.9"], ["643.2", "421.9"], ["643.2", "425.9"], ["590.7", "425.9"]], "Type": "SD"}, {"Location": [["577.6", "260.0"], ["656.3", "260.0"], ["656.3", "419.6"], ["577.6", "419.6"]], "Type": "GATE"}, {"Location": [["582.9", "264.3"], ["651.0", "264.3"], ["651.0", "270.1"], ["582.9", "270.1"]], "Type": "SD"}], "Module": "M13", "Boundary": [["577.6", "260.0"], ["656.3", "260.0"], ["656.3", "425.9"], ["577.6", "425.9"]], "Module_type": "GATE"}, {"Ports": [{"Location": [["438.6", "144.8"], ["442.9", "144.8"], ["442.9", "227.8"], ["438.6", "227.8"]], "Type": "SD"}, {"Location": [["658.4", "132.6"], ["658.4", "224.8"], ["658.0", "224.8"], ["658.0", "240.0"], ["444.9", "240.0"], ["444.9", "132.6"]], "Type": "GATE"}, {"Location": [["648.1", "138.0"], ["654.0", "138.0"], ["654.0", "219.4"], ["648.1", "219.4"]], "Type": "SD"}], "Module": "M10", "Boundary": [["658.4", "132.6"], ["658.4", "224.8"], ["658.0", "224.8"], ["658.0", "240.0"], ["438.6", "240.0"], ["438.6", "132.6"]], "Module_type": "GATE"}, {"Ports": [{"Location": [["192.8", "344.2"], ["249.4", "344.2"], ["249.4", "348.4"], ["192.8", "348.4"]], "Type": "SD"}, {"Location": [["178.9", "211.4"], ["246.8", "211.4"], ["246.8", "211.7"], ["263.3", "211.7"], ["263.3", "342.0"], ["178.9", "342.0"]], "Type": "GATE"}, {"Location": [["185.9", "217.4"], ["239.8", "217.4"], ["239.8", "222.2"], ["185.9", "222.2"]], "Type": "SD"}], "Module": "M7", "Boundary": [["178.9", "211.4"], ["246.8", "211.4"], ["246.8", "211.7"], ["263.3", "211.7"], ["263.3", "348.4"], ["178.9", "348.4"]], "Module_type": "GATE"}, {"Ports": [{"Location": [["168.9", "24.5"], ["173.3", "24.5"], ["173.3", "67.0"], ["168.9", "67.0"]], "Type": "SD"}, {"Location": [["310.2", "10.0"], ["310.2", "81.5"], ["174.5", "81.5"], ["174.5", "10.0"]], "Type": "GATE"}, {"Location": [["298.8", "16.7"], ["304.5", "16.7"], ["304.5", "74.8"], ["298.8", "74.8"]], "Type": "SD"}], "Module": "M3", "Boundary": [["310.2", "10.0"], ["310.2", "81.5"], ["168.9", "81.5"], ["168.9", "10.0"]], "Module_type": "GATE"}, {"Ports": [{"Location": [["340.7", "174.9"], ["405.1", "174.9"], ["405.1", "179.0"], ["340.7", "179.0"]], "Type": "SD"}, {"Location": [["327.2", "107.8"], ["404.3", "107.8"], ["404.3", "108.0"], ["418.6", "108.0"], ["418.6", "173.4"], ["327.2", "173.4"]], "Type": "GATE"}, {"Location": [["333.6", "113.2"], ["397.9", "113.2"], ["397.9", "119.7"], ["333.6", "119.7"]], "Type": "SD"}], "Module": "M15", "Boundary": [["327.2", "107.8"], ["404.3", "107.8"], ["404.3", "108.0"], ["418.6", "108.0"], ["418.6", "179.0"], ["327.2", "179.0"]], "Module_type": "GATE"}, {"Ports": [{"Location": [["23.4", "198.4"], ["43.5", "198.4"], ["43.5", "202.7"], ["23.4", "202.7"]], "Type": "SD"}, {"Location": [["10.0", "10.0"], ["43.0", "10.0"], ["43.0", "10.1"], ["56.9", "10.1"], ["56.9", "196.7"], ["10.0", "196.7"]], "Type": "GATE"}, {"Location": [["16.1", "15.1"], ["36.9", "15.1"], ["36.9", "21.3"], ["16.1", "21.3"]], "Type": "SD"}], "Module": "M12", "Boundary": [["10.0", "10.0"], ["43.0", "10.0"], ["43.0", "10.1"], ["56.9", "10.1"], ["56.9", "202.7"], ["10.0", "202.7"]], "Module_type": "GATE"}, {"Ports": [{"Location": [["426.4", "476.3"], ["447.8", "476.3"], ["447.8", "481.0"], ["426.4", "481.0"]], "Type": "SD"}, {"Location": [["413.9", "270.0"], ["446.0", "270.0"], ["446.0", "270.1"], ["460.3", "270.1"], ["460.3", "474.6"], ["413.9", "474.6"]], "Type": "GATE"}, {"Location": [["420.0", "275.1"], ["439.9", "275.1"], ["439.9", "280.6"], ["420.0", "280.6"]], "Type": "SD"}], "Module": "M8", "Boundary": [["413.9", "270.0"], ["446.0", "270.0"], ["446.0", "270.1"], ["460.3", "270.1"], ["460.3", "481.0"], ["413.9", "481.0"]], "Module_type": "GATE"}], "Area": [["-30.0", "-30.0"], ["698.4", "-30.0"], ["698.4", "521.0"], ["-30.0", "521.0"]], "Rules": ["GATE(5,5)", "SD(5,5)", "GATE_SD(0.5)", "GATE_ITO(0.5)", "SD_ITO(0.5)"]}