{"Modules": [{"Module": "M14", "Boundary": [["251.0", "30.0"], ["300.0", "30.0"], ["300.0", "56.0"], ["314.6", "56.0"], ["314.6", "106.3"], ["251.0", "106.3"]], "Module_type": "GATE", "Ports": [{"Location": [["264.2", "101.5"], ["301.4", "101.5"], ["301.4", "106.3"], ["264.2", "106.3"]], "Type": "SD"}, {"Location": [["251.0", "30.0"], ["300.0", "30.0"], ["300.0", "56.0"], ["314.6", "56.0"], ["314.6", "99.3"], ["251.0", "99.3"]], "Type": "GATE"}, {"Location": [["257.3", "35.3"], ["292.7", "35.3"], ["292.7", "40.0"], ["257.3", "40.0"]], "Type": "SD"}]}, {"Ports": [{"Location": [["612.1", "317.1"], ["631.8", "317.1"], ["631.8", "321.6"], ["612.1", "321.6"]], "Type": "SD"}, {"Location": [["600.0", "190.8"], ["630.3", "190.8"], ["630.3", "190.8"], ["643.9", "190.8"], ["643.9", "314.5"], ["600.0", "314.5"]], "Type": "GATE"}, {"Location": [["605.4", "195.2"], ["624.9", "195.2"], ["624.9", "201.4"], ["605.4", "201.4"]], "Type": "SD"}], "Module": "M9", "Boundary": [["600.0", "190.8"], ["630.3", "190.8"], ["630.3", "190.8"], ["643.9", "190.8"], ["643.9", "321.6"], ["600.0", "321.6"]], "Module_type": "GATE"}, {"Ports": [{"Location": [["673.9", "152.4"], ["679.3", "152.4"], ["679.3", "215.8"], ["673.9", "215.8"]], "Type": "SD"}, {"Location": [["868.1", "137.0"], ["868.1", "212.6"], ["867.7", "212.6"], ["867.7", "231.2"], ["681.0", "231.2"], ["681.0", "137.0"]], "Type": "GATE"}, {"Location": [["856.0", "143.7"], ["862.4", "143.7"], ["862.4", "205.9"], ["856.0", "205.9"]], "Type": "SD"}], "Module": "M5", "Boundary": [["868.1", "137.0"], ["868.1", "212.6"], ["867.7", "212.6"], ["867.7", "231.2"], ["673.9", "231.2"], ["673.9", "137.0"]], "Module_type": "GATE"}, {"Ports": [{"Location": [["537.7", "352.8"], ["542.8", "352.8"], ["542.8", "373.5"], ["537.7", "373.5"]], "Type": "SD"}, {"Location": [["692.4", "341.6"], ["692.4", "384.7"], ["544.6", "384.7"], ["544.6", "341.6"]], "Type": "GATE"}, {"Location": [["682.8", "347.2"], ["687.8", "347.2"], ["687.8", "379.1"], ["682.8", "379.1"]], "Type": "SD"}], "Module": "M11", "Boundary": [["692.4", "341.6"], ["692.4", "384.7"], ["537.7", "384.7"], ["537.7", "341.6"]], "Module_type": "GATE"}, {"Ports": [{"Location": [["30.0", "287.3"], ["34.9", "287.3"], ["34.9", "358.1"], ["30.0", "358.1"]], "Type": "SD"}, {"Location": [["173.2", "274.8"], ["173.2", "370.6"], ["37.4", "370.6"], ["37.4", "274.8"]], "Type": "GATE"}, {"Location": [["163.5", "280.6"], ["168.4", "280.6"], ["168.4", "364.8"], ["163.5", "364.8"]], "Type": "SD"}], "Module": "M1", "Boundary": [["173.2", "274.8"], ["173.2", "370.6"], ["30.0", "370.6"], ["30.0", "274.8"]], "Module_type": "GATE"}, {"Ports": [{"Location": [["354.6", "339.1"], ["359.9", "339.1"], ["359.9", "375.3"], ["354.6", "375.3"]], "Type": "SD"}, {"Location": [["517.7", "327.2"], ["517.7", "373.8"], ["434.4", "373.8"], ["434.4", "387.2"], ["362.3", "387.2"], ["362.3", "327.2"]], "Type": "GATE"}, {"Location": [["507.8", "332.8"], ["513.1", "332.8"], ["513.1", "367.2"], ["507.8", "367.2"]], "Type": "SD"}], "Module": "M6", "Boundary": [["517.7", "327.2"], ["517.7", "373.8"], ["434.4", "373.8"], ["434.4", "387.2"], ["354.6", "387.2"], ["354.6", "327.2"]], "Module_type": "GATE"}, {"Ports": [{"Location": [["20.0", "34.2"], ["24.7", "34.2"], ["24.7", "75.8"], ["20.0", "75.8"]], "Type": "SD"}, {"Location": [["201.0", "20.0"], ["201.0", "73.9"], ["91.4", "73.9"], ["91.4", "90.0"], ["26.2", "90.0"], ["26.2", "20.0"]], "Type": "GATE"}, {"Location": [["190.1", "26.0"], ["196.0", "26.0"], ["196.0", "66.9"], ["190.1", "66.9"]], "Type": "SD"}], "Module": "M2", "Boundary": [["201.0", "20.0"], ["201.0", "73.9"], ["91.4", "73.9"], ["91.4", "90.0"], ["20.0", "90.0"], ["20.0", "20.0"]], "Module_type": "GATE"}, {"Ports": [{"Location": [["10.0", "133.6"], ["15.2", "133.6"], ["15.2", "221.2"], ["10.0", "221.2"]], "Type": "SD"}, {"Location": [["202.1", "120.0"], ["202.1", "219.6"], ["101.2", "219.6"], ["101.2", "234.8"], ["16.9", "234.8"], ["16.9", "120.0"]], "Type": "GATE"}, {"Location": [["191.1", "125.4"], ["197.7", "125.4"], ["197.7", "213.2"], ["191.1", "213.2"]], "Type": "SD"}], "Module": "M16", "Boundary": [["202.1", "120.0"], ["202.1", "219.6"], ["101.2", "219.6"], ["101.2", "234.8"], ["10.0", "234.8"], ["10.0", "120.0"]], "Module_type": "GATE"}, {"Ports": [{"Location": [["367.9", "192.0"], ["438.6", "192.0"], ["438.6", "196.7"], ["367.9", "196.7"]], "Type": "SD"}, {"Location": [["354.6", "10.0"], ["451.9", "10.0"], ["451.9", "190.5"], ["354.6", "190.5"]], "Type": "GATE"}, {"Location": [["360.2", "14.6"], ["446.3", "14.6"], ["446.3", "21.2"], ["360.2", "21.2"]], "Type": "SD"}], "Module": "M13", "Boundary": [["354.6", "10.0"], ["451.9", "10.0"], ["451.9", "196.7"], ["354.6", "196.7"]], "Module_type": "GATE"}, {"Ports": [{"Location": [["664.3", "23.0"], ["668.7", "23.0"], ["668.7", "94.0"], ["664.3", "94.0"]], "Type": "SD"}, {"Location": [["872.3", "10.0"], ["872.3", "92.1"], ["853.4", "92.1"], ["853.4", "107.0"], ["670.0", "107.0"], ["670.0", "10.0"]], "Type": "GATE"}, {"Location": [["861.8", "16.5"], ["866.8", "16.5"], ["866.8", "84.6"], ["861.8", "84.6"]], "Type": "SD"}], "Module": "M10", "Boundary": [["872.3", "10.0"], ["872.3", "92.1"], ["853.4", "92.1"], ["853.4", "107.0"], ["664.3", "107.0"], ["664.3", "10.0"]], "Module_type": "GATE"}, {"Ports": [{"Location": [["481.9", "33.3"], ["486.3", "33.3"], ["486.3", "58.4"], ["481.9", "58.4"]], "Type": "SD"}, {"Location": [["634.3", "20.0"], ["634.3", "54.3"], ["634.2", "54.3"], ["634.2", "71.7"], ["488.5", "71.7"], ["488.5", "20.0"]], "Type": "GATE"}, {"Location": [["623.9", "26.1"], ["629.2", "26.1"], ["629.2", "48.2"], ["623.9", "48.2"]], "Type": "SD"}], "Module": "M7", "Boundary": [["634.3", "20.0"], ["634.3", "54.3"], ["634.2", "54.3"], ["634.2", "71.7"], ["481.9", "71.7"], ["481.9", "20.0"]], "Module_type": "GATE"}, {"Ports": [{"Location": [["471.9", "115.2"], ["476.3", "115.2"], ["476.3", "157.3"], ["471.9", "157.3"]], "Type": "SD"}, {"Location": [["608.8", "101.7"], ["608.8", "170.8"], ["477.7", "170.8"], ["477.7", "101.7"]], "Type": "GATE"}, {"Location": [["597.7", "107.7"], ["603.8", "107.7"], ["603.8", "164.8"], ["597.7", "164.8"]], "Type": "SD"}], "Module": "M3", "Boundary": [["608.8", "101.7"], ["608.8", "170.8"], ["471.9", "170.8"], ["471.9", "101.7"]], "Module_type": "GATE"}, {"Ports": [{"Location": [["236.4", "279.6"], ["317.0", "279.6"], ["317.0", "284.3"], ["236.4", "284.3"]], "Type": "SD"}, {"Location": [["222.1", "146.3"], ["316.5", "146.3"], ["316.5", "146.7"], ["331.3", "146.7"], ["331.3", "278.1"], ["222.1", "278.1"]], "Type": "GATE"}, {"Location": [["228.6", "151.8"], ["310.0", "151.8"], ["310.0", "158.5"], ["228.6", "158.5"]], "Type": "SD"}], "Module": "M15", "Boundary": [["222.1", "146.3"], ["316.5", "146.3"], ["316.5", "146.7"], ["331.3", "146.7"], ["331.3", "284.3"], ["222.1", "284.3"]], "Module_type": "GATE"}, {"Ports": [{"Location": [["712.4", "272.9"], ["718.2", "272.9"], ["718.2", "340.0"], ["712.4", "340.0"]], "Type": "SD"}, {"Location": [["872.5", "261.2"], ["872.5", "337.5"], ["845.1", "337.5"], ["845.1", "351.7"], ["719.6", "351.7"], ["719.6", "261.2"]], "Type": "GATE"}, {"Location": [["863.2", "266.2"], ["868.5", "266.2"], ["868.5", "331.5"], ["863.2", "331.5"]], "Type": "SD"}], "Module": "M12", "Boundary": [["872.5", "261.2"], ["872.5", "337.5"], ["845.1", "337.5"], ["845.1", "351.7"], ["712.4", "351.7"], ["712.4", "261.2"]], "Module_type": "GATE"}, {"Ports": [{"Location": [["223.2", "326.5"], ["228.5", "326.5"], ["228.5", "364.8"], ["223.2", "364.8"]], "Type": "SD"}, {"Location": [["319.3", "314.3"], ["319.3", "362.8"], ["283.3", "362.8"], ["283.3", "377.0"], ["229.9", "377.0"], ["229.9", "314.3"]], "Type": "GATE"}, {"Location": [["308.7", "320.4"], ["314.2", "320.4"], ["314.2", "355.7"], ["308.7", "355.7"]], "Type": "SD"}], "Module": "M8", "Boundary": [["319.3", "314.3"], ["319.3", "362.8"], ["283.3", "362.8"], ["283.3", "377.0"], ["223.2", "377.0"], ["223.2", "314.3"]], "Module_type": "GATE"}], "Area": [["-30.0", "-30.0"], ["912.5", "-30.0"], ["912.5", "427.2"], ["-30.0", "427.2"]], "Rules": ["GATE(5,5)", "SD(5,5)", "GATE_SD(0.5)", "GATE_ITO(0.5)", "SD_ITO(0.5)"]}