{"Modules": [{"Module": "M14", "Boundary": [["197.4", "195.6"], ["268.1", "195.6"], ["268.1", "195.8"], ["286.0", "195.8"], ["286.0", "292.8"], ["197.4", "292.8"]], "Module_type": "GATE", "Ports": [{"Location": [["211.5", "287.4"], ["271.9", "287.4"], ["271.9", "292.8"], ["211.5", "292.8"]], "Type": "SD"}, {"Location": [["197.4", "195.6"], ["268.1", "195.6"], ["268.1", "195.8"], ["286.0", "195.8"], ["286.0", "285.1"], ["197.4", "285.1"]], "Type": "GATE"}, {"Location": [["202.9", "200.1"], ["262.6", "200.1"], ["262.6", "206.6"], ["202.9", "206.6"]], "Type": "SD"}]}, {"Ports": [{"Location": [["234.2", "577.5"], ["239.7", "577.5"], ["239.7", "626.9"], ["234.2", "626.9"]], "Type": "SD"}, {"Location": [["305.9", "565.1"], ["305.9", "625.2"], ["305.8", "625.2"], ["305.8", "639.3"], ["241.5", "639.3"], ["241.5", "565.1"]], "Type": "GATE"}, {"Location": [["295.3", "570.4"], ["301.6", "570.4"], ["301.6", "619.9"], ["295.3", "619.9"]], "Type": "SD"}], "Module": "M9", "Boundary": [["305.9", "565.1"], ["305.9", "625.2"], ["305.8", "625.2"], ["305.8", "639.3"], ["234.2", "639.3"], ["234.2", "565.1"]], "Module_type": "GATE"}, {"Ports": [{"Location": [["253.9", "529.5"], ["290.3", "529.5"], ["290.3", "535.1"], ["253.9", "535.1"]], "Type": "SD"}, {"Location": [["241.6", "342.8"], ["288.0", "342.8"], ["288.0", "343.0"], ["302.6", "343.0"], ["302.6", "528.0"], ["241.6", "528.0"]], "Type": "GATE"}, {"Location": [["247.0", "347.2"], ["282.6", "347.2"], ["282.6", "353.4"], ["247.0", "353.4"]], "Type": "SD"}], "Module": "M5", "Boundary": [["241.6", "342.8"], ["288.0", "342.8"], ["288.0", "343.0"], ["302.6", "343.0"], ["302.6", "535.1"], ["241.6", "535.1"]], "Module_type": "GATE"}, {"Ports": [{"Location": [["10.0", "907.3"], ["14.7", "907.3"], ["14.7", "952.5"], ["10.0", "952.5"]], "Type": "SD"}, {"Location": [["166.4", "891.4"], ["166.4", "949.5"], ["166.3", "949.5"], ["166.3", "968.4"], ["15.7", "968.4"], ["15.7", "891.4"]], "Type": "GATE"}, {"Location": [["154.0", "898.4"], ["160.4", "898.4"], ["160.4", "942.5"], ["154.0", "942.5"]], "Type": "SD"}], "Module": "M11", "Boundary": [["166.4", "891.4"], ["166.4", "949.5"], ["166.3", "949.5"], ["166.3", "968.4"], ["10.0", "968.4"], ["10.0", "891.4"]], "Module_type": "GATE"}, {"Ports": [{"Location": [["45.7", "297.8"], ["121.7", "297.8"], ["121.7", "302.9"], ["45.7", "302.9"]], "Type": "SD"}, {"Location": [["30.0", "185.0"], ["137.4", "185.0"], ["137.4", "295.7"], ["30.0", "295.7"]], "Type": "GATE"}, {"Location": [["36.6", "190.6"], ["130.8", "190.6"], ["130.8", "197.5"], ["36.6", "197.5"]], "Type": "SD"}], "Module": "M1", "Boundary": [["30.0", "185.0"], ["137.4", "185.0"], ["137.4", "302.9"], ["30.0", "302.9"]], "Module_type": "GATE"}, {"Ports": [{"Location": [["250.2", "149.8"], ["291.4", "149.8"], ["291.4", "155.6"], ["250.2", "155.6"]], "Type": "SD"}, {"Location": [["236.9", "10.0"], ["304.7", "10.0"], ["304.7", "148.8"], ["236.9", "148.8"]], "Type": "GATE"}, {"Location": [["242.7", "14.8"], ["298.9", "14.8"], ["298.9", "20.0"], ["242.7", "20.0"]], "Type": "SD"}], "Module": "M6", "Boundary": [["236.9", "10.0"], ["304.7", "10.0"], ["304.7", "155.6"], ["236.9", "155.6"]], "Module_type": "GATE"}, {"Ports": [{"Location": [["151.0", "697.6"], ["157.0", "697.6"], ["157.0", "734.0"], ["151.0", "734.0"]], "Type": "SD"}, {"Location": [["281.1", "685.6"], ["281.1", "746.0"], ["158.1", "746.0"], ["158.1", "685.6"]], "Type": "GATE"}, {"Location": [["270.6", "692.5"], ["275.2", "692.5"], ["275.2", "739.1"], ["270.6", "739.1"]], "Type": "SD"}], "Module": "M2", "Boundary": [["281.1", "685.6"], ["281.1", "746.0"], ["151.0", "746.0"], ["151.0", "685.6"]], "Module_type": "GATE"}, {"Ports": [{"Location": [["160.5", "512.1"], ["197.9", "512.1"], ["197.9", "517.9"], ["160.5", "517.9"]], "Type": "SD"}, {"Location": [["146.8", "342.9"], ["211.6", "342.9"], ["211.6", "510.8"], ["146.8", "510.8"]], "Type": "GATE"}, {"Location": [["153.6", "348.7"], ["204.8", "348.7"], ["204.8", "354.2"], ["153.6", "354.2"]], "Type": "SD"}], "Module": "M16", "Boundary": [["146.8", "342.9"], ["211.6", "342.9"], ["211.6", "517.9"], ["146.8", "517.9"]], "Module_type": "GATE"}, {"Ports": [{"Location": [["141.0", "580.4"], ["145.3", "580.4"], ["145.3", "640.3"], ["141.0", "640.3"]], "Type": "SD"}, {"Location": [["214.2", "565.1"], ["214.2", "637.9"], ["214.0", "637.9"], ["214.0", "655.6"], ["146.6", "655.6"], ["146.6", "565.1"]], "Type": "GATE"}, {"Location": [["202.0", "571.2"], ["209.1", "571.2"], ["209.1", "631.8"], ["202.0", "631.8"]], "Type": "SD"}], "Module": "M13", "Boundary": [["214.2", "565.1"], ["214.2", "637.9"], ["214.0", "637.9"], ["214.0", "655.6"], ["141.0", "655.6"], ["141.0", "565.1"]], "Module_type": "GATE"}, {"Ports": [{"Location": [["23.9", "140.9"], ["109.5", "140.9"], ["109.5", "145.0"], ["23.9", "145.0"]], "Type": "SD"}, {"Location": [["10.0", "10.0"], ["107.7", "10.0"], ["107.7", "10.1"], ["123.4", "10.1"], ["123.4", "138.1"], ["10.0", "138.1"]], "Type": "GATE"}, {"Location": [["16.7", "15.7"], ["101.0", "15.7"], ["101.0", "21.6"], ["16.7", "21.6"]], "Type": "SD"}], "Module": "M10", "Boundary": [["10.0", "10.0"], ["107.7", "10.0"], ["107.7", "10.1"], ["123.4", "10.1"], ["123.4", "145.0"], ["10.0", "145.0"]], "Module_type": "GATE"}, {"Ports": [{"Location": [["196.4", "888.0"], ["201.7", "888.0"], ["201.7", "943.6"], ["196.4", "943.6"]], "Type": "SD"}, {"Location": [["288.3", "875.0"], ["288.3", "940.4"], ["287.9", "940.4"], ["287.9", "956.6"], ["204.0", "956.6"], ["204.0", "875.0"]], "Type": "GATE"}, {"Location": [["277.9", "880.5"], ["283.8", "880.5"], ["283.8", "934.9"], ["277.9", "934.9"]], "Type": "SD"}], "Module": "M7", "Boundary": [["288.3", "875.0"], ["288.3", "940.4"], ["287.9", "940.4"], ["287.9", "956.6"], ["196.4", "956.6"], ["196.4", "875.0"]], "Module_type": "GATE"}, {"Ports": [{"Location": [["158.9", "137.2"], ["201.4", "137.2"], ["201.4", "142.7"], ["158.9", "142.7"]], "Type": "SD"}, {"Location": [["143.4", "10.0"], ["216.9", "10.0"], ["216.9", "134.9"], ["143.4", "134.9"]], "Type": "GATE"}, {"Location": [["150.1", "15.7"], ["210.2", "15.7"], ["210.2", "22.4"], ["150.1", "22.4"]], "Type": "SD"}], "Module": "M3", "Boundary": [["143.4", "10.0"], ["216.9", "10.0"], ["216.9", "142.7"], ["143.4", "142.7"]], "Module_type": "GATE"}, {"Ports": [{"Location": [["138.3", "789.6"], ["143.9", "789.6"], ["143.9", "831.4"], ["138.3", "831.4"]], "Type": "SD"}, {"Location": [["312.5", "776.0"], ["312.5", "827.5"], ["312.3", "827.5"], ["312.3", "845.0"], ["146.5", "845.0"], ["146.5", "776.0"]], "Type": "GATE"}, {"Location": [["302.0", "781.8"], ["307.7", "781.8"], ["307.7", "821.7"], ["302.0", "821.7"]], "Type": "SD"}], "Module": "M15", "Boundary": [["312.5", "776.0"], ["312.5", "827.5"], ["312.3", "827.5"], ["312.3", "845.0"], ["138.3", "845.0"], ["138.3", "776.0"]], "Module_type": "GATE"}, {"Ports": [{"Location": [["25.7", "712.3"], ["105.3", "712.3"], ["105.3", "716.9"], ["25.7", "716.9"]], "Type": "SD"}, {"Location": [["10.0", "562.2"], ["102.9", "562.2"], ["102.9", "562.6"], ["121.0", "562.6"], ["121.0", "709.9"], ["10.0", "709.9"]], "Type": "GATE"}, {"Location": [["16.7", "567.9"], ["96.2", "567.9"], ["96.2", "574.7"], ["16.7", "574.7"]], "Type": "SD"}], "Module": "M12", "Boundary": [["10.0", "562.2"], ["102.9", "562.2"], ["102.9", "562.6"], ["121.0", "562.6"], ["121.0", "716.9"], ["10.0", "716.9"]], "Module_type": "GATE"}, {"Ports": [{"Location": [["32.7", "527.4"], ["104.1", "527.4"], ["104.1", "532.2"], ["32.7", "532.2"]], "Type": "SD"}, {"Location": [["20.0", "352.9"], ["116.8", "352.9"], ["116.8", "524.9"], ["20.0", "524.9"]], "Type": "GATE"}, {"Location": [["26.0", "357.9"], ["110.8", "357.9"], ["110.8", "362.1"], ["26.0", "362.1"]], "Type": "SD"}], "Module": "M8", "Boundary": [["20.0", "352.9"], ["116.8", "352.9"], ["116.8", "532.2"], ["20.0", "532.2"]], "Module_type": "GATE"}], "Area": [["-30.0", "-30.0"], ["352.5", "-30.0"], ["352.5", "1008.4"], ["-30.0", "1008.4"]], "Rules": ["GATE(5,5)", "SD(5,5)", "GATE_SD(0.5)", "GATE_ITO(0.5)", "SD_ITO(0.5)"]}