{"Modules": [{"Module": "M14", "Boundary": [["461.7", "414.7"], ["461.7", "489.8"], ["318.4", "489.8"], ["318.4", "414.7"]], "Module_type": "GATE", "Ports": [{"Location": [["318.4", "430.9"], ["322.5", "430.9"], ["322.5", "473.6"], ["318.4", "473.6"]], "Type": "SD"}, {"Location": [["461.7", "414.7"], ["461.7", "489.8"], ["325.2", "489.8"], ["325.2", "414.7"]], "Type": "GATE"}, {"Location": [["448.1", "421.5"], ["455.9", "421.5"], ["455.9", "483.0"], ["448.1", "483.0"]], "Type": "SD"}]}, {"Ports": [{"Location": [["261.1", "233.1"], ["302.5", "233.1"], ["302.5", "238.5"], ["261.1", "238.5"]], "Type": "SD"}, {"Location": [["246.2", "134.8"], ["300.1", "134.8"], ["300.1", "134.8"], ["317.4", "134.8"], ["317.4", "230.2"], ["246.2", "230.2"]], "Type": "GATE"}, {"Location": [["251.9", "139.5"], ["294.4", "139.5"], ["294.4", "146.8"], ["251.9", "146.8"]], "Type": "SD"}], "Module": "M9", "Boundary": [["246.2", "134.8"], ["300.1", "134.8"], ["300.1", "134.8"], ["317.4", "134.8"], ["317.4", "238.5"], ["246.2", "238.5"]], "Module_type": "GATE"}, {"Ports": [{"Location": [["32.7", "359.3"], ["86.2", "359.3"], ["86.2", "364.4"], ["32.7", "364.4"]], "Type": "SD"}, {"Location": [["20.0", "273.6"], ["83.4", "273.6"], ["83.4", "273.8"], ["98.9", "273.8"], ["98.9", "358.0"], ["20.0", "358.0"]], "Type": "GATE"}, {"Location": [["26.5", "279.1"], ["76.9", "279.1"], ["76.9", "283.7"], ["26.5", "283.7"]], "Type": "SD"}], "Module": "M5", "Boundary": [["20.0", "273.6"], ["83.4", "273.6"], ["83.4", "273.8"], ["98.9", "273.8"], ["98.9", "364.4"], ["20.0", "364.4"]], "Module_type": "GATE"}, {"Ports": [{"Location": [["23.4", "481.0"], ["86.1", "481.0"], ["86.1", "486.0"], ["23.4", "486.0"]], "Type": "SD"}, {"Location": [["10.0", "394.4"], ["99.5", "394.4"], ["99.5", "480.0"], ["10.0", "480.0"]], "Type": "GATE"}, {"Location": [["16.5", "399.9"], ["93.0", "399.9"], ["93.0", "406.1"], ["16.5", "406.1"]], "Type": "SD"}], "Module": "M11", "Boundary": [["10.0", "394.4"], ["99.5", "394.4"], ["99.5", "486.0"], ["10.0", "486.0"]], "Module_type": "GATE"}, {"Ports": [{"Location": [["139.5", "615.5"], ["144.2", "615.5"], ["144.2", "673.0"], ["139.5", "673.0"]], "Type": "SD"}, {"Location": [["333.4", "600.0"], ["333.4", "671.4"], ["333.0", "671.4"], ["333.0", "688.5"], ["146.8", "688.5"], ["146.8", "600.0"]], "Type": "GATE"}, {"Location": [["321.3", "606.8"], ["327.6", "606.8"], ["327.6", "664.6"], ["321.3", "664.6"]], "Type": "SD"}], "Module": "M1", "Boundary": [["333.4", "600.0"], ["333.4", "671.4"], ["333.0", "671.4"], ["333.0", "688.5"], ["139.5", "688.5"], ["139.5", "600.0"]], "Module_type": "GATE"}, {"Ports": [{"Location": [["161.1", "247.0"], ["209.9", "247.0"], ["209.9", "251.3"], ["161.1", "251.3"]], "Type": "SD"}, {"Location": [["148.5", "156.6"], ["222.5", "156.6"], ["222.5", "245.5"], ["148.5", "245.5"]], "Type": "GATE"}, {"Location": [["154.8", "161.9"], ["216.2", "161.9"], ["216.2", "167.3"], ["154.8", "167.3"]], "Type": "SD"}], "Module": "M6", "Boundary": [["148.5", "156.6"], ["222.5", "156.6"], ["222.5", "251.3"], ["148.5", "251.3"]], "Module_type": "GATE"}, {"Ports": [{"Location": [["363.2", "358.7"], ["440.2", "358.7"], ["440.2", "364.7"], ["363.2", "364.7"]], "Type": "SD"}, {"Location": [["347.4", "162.8"], ["456.0", "162.8"], ["456.0", "356.1"], ["347.4", "356.1"]], "Type": "GATE"}, {"Location": [["354.2", "168.6"], ["449.2", "168.6"], ["449.2", "176.0"], ["354.2", "176.0"]], "Type": "SD"}], "Module": "M2", "Boundary": [["347.4", "162.8"], ["456.0", "162.8"], ["456.0", "364.7"], ["347.4", "364.7"]], "Module_type": "GATE"}, {"Ports": [{"Location": [["161.4", "132.4"], ["213.3", "132.4"], ["213.3", "136.6"], ["161.4", "136.6"]], "Type": "SD"}, {"Location": [["148.5", "10.0"], ["211.2", "10.0"], ["211.2", "10.4"], ["226.2", "10.4"], ["226.2", "130.2"], ["148.5", "130.2"]], "Type": "GATE"}, {"Location": [["154.9", "15.4"], ["204.8", "15.4"], ["204.8", "20.6"], ["154.9", "20.6"]], "Type": "SD"}], "Module": "M16", "Boundary": [["148.5", "10.0"], ["211.2", "10.0"], ["211.2", "10.4"], ["226.2", "10.4"], ["226.2", "136.6"], ["148.5", "136.6"]], "Module_type": "GATE"}, {"Ports": [{"Location": [["128.9", "400.2"], ["134.6", "400.2"], ["134.6", "437.6"], ["128.9", "437.6"]], "Type": "SD"}, {"Location": [["266.6", "386.4"], ["266.6", "435.8"], ["266.4", "435.8"], ["266.4", "451.4"], ["136.3", "451.4"], ["136.3", "386.4"]], "Type": "GATE"}, {"Location": [["255.4", "393.2"], ["260.8", "393.2"], ["260.8", "429.0"], ["255.4", "429.0"]], "Type": "SD"}], "Module": "M13", "Boundary": [["266.6", "386.4"], ["266.6", "435.8"], ["266.4", "435.8"], ["266.4", "451.4"], ["128.9", "451.4"], ["128.9", "386.4"]], "Module_type": "GATE"}, {"Ports": [{"Location": [["119.5", "485.2"], ["125.4", "485.2"], ["125.4", "546.2"], ["119.5", "546.2"]], "Type": "SD"}, {"Location": [["278.4", "471.4"], ["278.4", "560.0"], ["127.4", "560.0"], ["127.4", "471.4"]], "Type": "GATE"}, {"Location": [["268.0", "476.6"], ["274.2", "476.6"], ["274.2", "554.8"], ["268.0", "554.8"]], "Type": "SD"}], "Module": "M10", "Boundary": [["278.4", "471.4"], ["278.4", "560.0"], ["119.5", "560.0"], ["119.5", "471.4"]], "Module_type": "GATE"}, {"Ports": [{"Location": [["371.2", "35.2"], ["375.9", "35.2"], ["375.9", "107.6"], ["371.2", "107.6"]], "Type": "SD"}, {"Location": [["470.9", "20.0"], ["470.9", "122.8"], ["378.1", "122.8"], ["378.1", "20.0"]], "Type": "GATE"}, {"Location": [["458.4", "26.9"], ["465.0", "26.9"], ["465.0", "115.9"], ["458.4", "115.9"]], "Type": "SD"}], "Module": "M7", "Boundary": [["470.9", "20.0"], ["470.9", "122.8"], ["371.2", "122.8"], ["371.2", "20.0"]], "Module_type": "GATE"}, {"Ports": [{"Location": [["22.1", "704.5"], ["60.6", "704.5"], ["60.6", "709.3"], ["22.1", "709.3"]], "Type": "SD"}, {"Location": [["10.0", "506.0"], ["56.5", "506.0"], ["56.5", "506.1"], ["72.7", "506.1"], ["72.7", "702.5"], ["10.0", "702.5"]], "Type": "GATE"}, {"Location": [["15.2", "510.2"], ["51.3", "510.2"], ["51.3", "514.7"], ["15.2", "514.7"]], "Type": "SD"}], "Module": "M3", "Boundary": [["10.0", "506.0"], ["56.5", "506.0"], ["56.5", "506.1"], ["72.7", "506.1"], ["72.7", "709.3"], ["10.0", "709.3"]], "Module_type": "GATE"}, {"Ports": [{"Location": [["259.5", "110.3"], ["327.9", "110.3"], ["327.9", "114.8"], ["259.5", "114.8"]], "Type": "SD"}, {"Location": [["246.2", "10.0"], ["325.6", "10.0"], ["325.6", "10.5"], ["341.2", "10.5"], ["341.2", "107.6"], ["246.2", "107.6"]], "Type": "GATE"}, {"Location": [["252.1", "14.9"], ["319.7", "14.9"], ["319.7", "20.5"], ["252.1", "20.5"]], "Type": "SD"}], "Module": "M15", "Boundary": [["246.2", "10.0"], ["325.6", "10.0"], ["325.6", "10.5"], ["341.2", "10.5"], ["341.2", "114.8"], ["246.2", "114.8"]], "Module_type": "GATE"}, {"Ports": [{"Location": [["128.9", "283.3"], ["133.7", "283.3"], ["133.7", "354.4"], ["128.9", "354.4"]], "Type": "SD"}, {"Location": [["317.3", "271.3"], ["317.3", "350.4"], ["317.1", "350.4"], ["317.1", "366.4"], ["135.0", "366.4"], ["135.0", "271.3"]], "Type": "GATE"}, {"Location": [["308.2", "276.6"], ["313.0", "276.6"], ["313.0", "345.1"], ["308.2", "345.1"]], "Type": "SD"}], "Module": "M12", "Boundary": [["317.3", "271.3"], ["317.3", "350.4"], ["317.1", "350.4"], ["317.1", "366.4"], ["128.9", "366.4"], ["128.9", "271.3"]], "Module_type": "GATE"}, {"Ports": [{"Location": [["33.8", "228.9"], ["104.7", "228.9"], ["104.7", "233.6"], ["33.8", "233.6"]], "Type": "SD"}, {"Location": [["20.0", "20.0"], ["102.7", "20.0"], ["102.7", "20.4"], ["118.5", "20.4"], ["118.5", "226.0"], ["20.0", "226.0"]], "Type": "GATE"}, {"Location": [["26.3", "25.3"], ["96.4", "25.3"], ["96.4", "31.5"], ["26.3", "31.5"]], "Type": "SD"}], "Module": "M8", "Boundary": [["20.0", "20.0"], ["102.7", "20.0"], ["102.7", "20.4"], ["118.5", "20.4"], ["118.5", "233.6"], ["20.0", "233.6"]], "Module_type": "GATE"}], "Area": [["-30.0", "-30.0"], ["510.9", "-30.0"], ["510.9", "749.3"], ["-30.0", "749.3"]], "Rules": ["GATE(5,5)", "SD(5,5)", "GATE_SD(0.5)", "GATE_ITO(0.5)", "SD_ITO(0.5)"]}