{"Modules": [{"Module": "M14", "Boundary": [["522.2", "353.2"], ["612.9", "353.2"], ["612.9", "387.7"], ["626.5", "387.7"], ["626.5", "492.3"], ["522.2", "492.3"]], "Module_type": "GATE", "Ports": [{"Location": [["534.5", "487.5"], ["614.2", "487.5"], ["614.2", "492.3"], ["534.5", "492.3"]], "Type": "SD"}, {"Location": [["522.2", "353.2"], ["612.9", "353.2"], ["612.9", "387.7"], ["626.5", "387.7"], ["626.5", "486.3"], ["522.2", "486.3"]], "Type": "GATE"}, {"Location": [["527.9", "357.9"], ["606.2", "357.9"], ["606.2", "363.4"], ["527.9", "363.4"]], "Type": "SD"}]}, {"Ports": [{"Location": [["601.2", "142.3"], ["641.9", "142.3"], ["641.9", "146.9"], ["601.2", "146.9"]], "Type": "SD"}, {"Location": [["587.3", "10.0"], ["639.0", "10.0"], ["639.0", "10.0"], ["655.8", "10.0"], ["655.8", "139.5"], ["587.3", "139.5"]], "Type": "GATE"}, {"Location": [["594.1", "15.8"], ["632.2", "15.8"], ["632.2", "20.7"], ["594.1", "20.7"]], "Type": "SD"}], "Module": "M9", "Boundary": [["587.3", "10.0"], ["639.0", "10.0"], ["639.0", "10.0"], ["655.8", "10.0"], ["655.8", "146.9"], ["587.3", "146.9"]], "Module_type": "GATE"}, {"Ports": [{"Location": [["550.5", "298.8"], ["617.5", "298.8"], ["617.5", "303.2"], ["550.5", "303.2"]], "Type": "SD"}, {"Location": [["538.7", "176.9"], ["629.3", "176.9"], ["629.3", "296.8"], ["538.7", "296.8"]], "Type": "GATE"}, {"Location": [["543.7", "180.9"], ["624.3", "180.9"], ["624.3", "186.6"], ["543.7", "186.6"]], "Type": "SD"}], "Module": "M5", "Boundary": [["538.7", "176.9"], ["629.3", "176.9"], ["629.3", "303.2"], ["538.7", "303.2"]], "Module_type": "GATE"}, {"Ports": [{"Location": [["387.9", "23.8"], ["392.3", "23.8"], ["392.3", "111.8"], ["387.9", "111.8"]], "Type": "SD"}, {"Location": [["567.3", "10.0"], ["567.3", "109.2"], ["566.9", "109.2"], ["566.9", "125.6"], ["394.7", "125.6"], ["394.7", "10.0"]], "Type": "GATE"}, {"Location": [["556.6", "16.5"], ["561.8", "16.5"], ["561.8", "102.7"], ["556.6", "102.7"]], "Type": "SD"}], "Module": "M11", "Boundary": [["567.3", "10.0"], ["567.3", "109.2"], ["566.9", "109.2"], ["566.9", "125.6"], ["387.9", "125.6"], ["387.9", "10.0"]], "Module_type": "GATE"}, {"Ports": [{"Location": [["245.3", "42.7"], ["250.5", "42.7"], ["250.5", "95.0"], ["245.3", "95.0"]], "Type": "SD"}, {"Location": [["347.9", "30.0"], ["347.9", "107.7"], ["253.0", "107.7"], ["253.0", "30.0"]], "Type": "GATE"}, {"Location": [["337.5", "35.4"], ["343.5", "35.4"], ["343.5", "102.3"], ["337.5", "102.3"]], "Type": "SD"}], "Module": "M1", "Boundary": [["347.9", "30.0"], ["347.9", "107.7"], ["245.3", "107.7"], ["245.3", "30.0"]], "Module_type": "GATE"}, {"Ports": [{"Location": [["240.0", "405.8"], ["291.8", "405.8"], ["291.8", "409.9"], ["240.0", "409.9"]], "Type": "SD"}, {"Location": [["226.6", "255.0"], ["291.1", "255.0"], ["291.1", "320.4"], ["305.2", "320.4"], ["305.2", "404.8"], ["226.6", "404.8"]], "Type": "GATE"}, {"Location": [["233.5", "260.9"], ["283.2", "260.9"], ["283.2", "266.0"], ["233.5", "266.0"]], "Type": "SD"}], "Module": "M6", "Boundary": [["226.6", "255.0"], ["291.1", "255.0"], ["291.1", "320.4"], ["305.2", "320.4"], ["305.2", "409.9"], ["226.6", "409.9"]], "Module_type": "GATE"}, {"Ports": [{"Location": [["368.4", "494.7"], ["448.7", "494.7"], ["448.7", "500.4"], ["368.4", "500.4"]], "Type": "SD"}, {"Location": [["353.4", "394.0"], ["446.4", "394.0"], ["446.4", "441.1"], ["463.7", "441.1"], ["463.7", "491.9"], ["353.4", "491.9"]], "Type": "GATE"}, {"Location": [["358.8", "398.4"], ["440.0", "398.4"], ["440.0", "405.8"], ["358.8", "405.8"]], "Type": "SD"}], "Module": "M2", "Boundary": [["353.4", "394.0"], ["446.4", "394.0"], ["446.4", "441.1"], ["463.7", "441.1"], ["463.7", "500.4"], ["353.4", "500.4"]], "Module_type": "GATE"}, {"Ports": [{"Location": [["220.9", "441.8"], ["226.2", "441.8"], ["226.2", "489.9"], ["220.9", "489.9"]], "Type": "SD"}, {"Location": [["323.4", "429.9"], ["323.4", "489.1"], ["284.0", "489.1"], ["284.0", "501.8"], ["227.9", "501.8"], ["227.9", "429.9"]], "Type": "GATE"}, {"Location": [["313.0", "435.5"], ["318.8", "435.5"], ["318.8", "482.5"], ["313.0", "482.5"]], "Type": "SD"}], "Module": "M16", "Boundary": [["323.4", "429.9"], ["323.4", "489.1"], ["284.0", "489.1"], ["284.0", "501.8"], ["220.9", "501.8"], ["220.9", "429.9"]], "Module_type": "GATE"}, {"Ports": [{"Location": [["10.0", "342.4"], ["15.5", "342.4"], ["15.5", "401.7"], ["10.0", "401.7"]], "Type": "SD"}, {"Location": [["193.9", "328.3"], ["193.9", "398.3"], ["193.9", "398.3"], ["193.9", "415.8"], ["16.9", "415.8"], ["16.9", "328.3"]], "Type": "GATE"}, {"Location": [["183.1", "334.4"], ["188.8", "334.4"], ["188.8", "392.2"], ["183.1", "392.2"]], "Type": "SD"}], "Module": "M13", "Boundary": [["193.9", "328.3"], ["193.9", "398.3"], ["193.9", "398.3"], ["193.9", "415.8"], ["10.0", "415.8"], ["10.0", "328.3"]], "Module_type": "GATE"}, {"Ports": [{"Location": [["10.0", "448.9"], ["15.4", "448.9"], ["15.4", "495.8"], ["10.0", "495.8"]], "Type": "SD"}, {"Location": [["200.9", "435.8"], ["200.9", "496.3"], ["135.5", "496.3"], ["135.5", "508.9"], ["17.8", "508.9"], ["17.8", "435.8"]], "Type": "GATE"}, {"Location": [["189.4", "442.3"], ["195.4", "442.3"], ["195.4", "488.8"], ["189.4", "488.8"]], "Type": "SD"}], "Module": "M10", "Boundary": [["200.9", "435.8"], ["200.9", "496.3"], ["135.5", "496.3"], ["135.5", "508.9"], ["10.0", "508.9"], ["10.0", "435.8"]], "Module_type": "GATE"}, {"Ports": [{"Location": [["250.7", "220.6"], ["332.3", "220.6"], ["332.3", "225.0"], ["250.7", "225.0"]], "Type": "SD"}, {"Location": [["238.0", "157.7"], ["345.0", "157.7"], ["345.0", "218.0"], ["238.0", "218.0"]], "Type": "GATE"}, {"Location": [["243.1", "161.8"], ["339.9", "161.8"], ["339.9", "167.8"], ["243.1", "167.8"]], "Type": "SD"}], "Module": "M7", "Boundary": [["238.0", "157.7"], ["345.0", "157.7"], ["345.0", "225.0"], ["238.0", "225.0"]], "Module_type": "GATE"}, {"Ports": [{"Location": [["10.0", "160.3"], ["14.7", "160.3"], ["14.7", "216.1"], ["10.0", "216.1"]], "Type": "SD"}, {"Location": [["208.0", "147.7"], ["208.0", "212.7"], ["207.7", "212.7"], ["207.7", "228.7"], ["16.6", "228.7"], ["16.6", "147.7"]], "Type": "GATE"}, {"Location": [["197.5", "152.8"], ["203.9", "152.8"], ["203.9", "207.6"], ["197.5", "207.6"]], "Type": "SD"}], "Module": "M3", "Boundary": [["208.0", "147.7"], ["208.0", "212.7"], ["207.7", "212.7"], ["207.7", "228.7"], ["10.0", "228.7"], ["10.0", "147.7"]], "Module_type": "GATE"}, {"Ports": [{"Location": [["343.4", "305.5"], ["349.0", "305.5"], ["349.0", "349.1"], ["343.4", "349.1"]], "Type": "SD"}, {"Location": [["482.2", "290.6"], ["482.2", "345.8"], ["482.2", "345.8"], ["482.2", "364.0"], ["351.0", "364.0"], ["351.0", "290.6"]], "Type": "GATE"}, {"Location": [["470.5", "296.1"], ["477.7", "296.1"], ["477.7", "340.3"], ["470.5", "340.3"]], "Type": "SD"}], "Module": "M15", "Boundary": [["482.2", "290.6"], ["482.2", "345.8"], ["482.2", "345.8"], ["482.2", "364.0"], ["343.4", "364.0"], ["343.4", "290.6"]], "Module_type": "GATE"}, {"Ports": [{"Location": [["10.0", "261.9"], ["14.4", "261.9"], ["14.4", "295.1"], ["10.0", "295.1"]], "Type": "SD"}, {"Location": [["206.6", "248.7"], ["206.6", "295.7"], ["120.6", "295.7"], ["120.6", "308.3"], ["17.0", "308.3"], ["17.0", "248.7"]], "Type": "GATE"}, {"Location": [["194.9", "254.0"], ["202.3", "254.0"], ["202.3", "289.4"], ["194.9", "289.4"]], "Type": "SD"}], "Module": "M12", "Boundary": [["206.6", "248.7"], ["206.6", "295.7"], ["120.6", "295.7"], ["120.6", "308.3"], ["10.0", "308.3"], ["10.0", "248.7"]], "Module_type": "GATE"}, {"Ports": [{"Location": [["385.0", "173.4"], ["389.4", "173.4"], ["389.4", "244.9"], ["385.0", "244.9"]], "Type": "SD"}, {"Location": [["498.7", "157.7"], ["498.7", "245.3"], ["490.5", "245.3"], ["490.5", "260.6"], ["392.1", "260.6"], ["392.1", "157.7"]], "Type": "GATE"}, {"Location": [["485.7", "164.4"], ["493.0", "164.4"], ["493.0", "237.6"], ["485.7", "237.6"]], "Type": "SD"}], "Module": "M8", "Boundary": [["498.7", "157.7"], ["498.7", "245.3"], ["490.5", "245.3"], ["490.5", "260.6"], ["385.0", "260.6"], ["385.0", "157.7"]], "Module_type": "GATE"}], "Area": [["-30.0", "-30.0"], ["695.8", "-30.0"], ["695.8", "548.9"], ["-30.0", "548.9"]], "Rules": ["GATE(5,5)", "SD(5,5)", "GATE_SD(0.5)", "GATE_ITO(0.5)", "SD_ITO(0.5)"]}