{"Modules": [{"Module": "M14", "Boundary": [["644.9", "227.0"], ["644.9", "329.6"], ["614.3", "329.6"], ["614.3", "345.3"], ["561.3", "345.3"], ["561.3", "227.0"]], "Module_type": "GATE", "Ports": [{"Location": [["561.3", "240.9"], ["566.5", "240.9"], ["566.5", "331.4"], ["561.3", "331.4"]], "Type": "SD"}, {"Location": [["644.9", "227.0"], ["644.9", "329.6"], ["614.3", "329.6"], ["614.3", "345.3"], ["568.0", "345.3"], ["568.0", "227.0"]], "Type": "GATE"}, {"Location": [["634.3", "232.9"], ["640.0", "232.9"], ["640.0", "322.7"], ["634.3", "322.7"]], "Type": "SD"}]}, {"Ports": [{"Location": [["10.0", "257.2"], ["14.5", "257.2"], ["14.5", "352.9"], ["10.0", "352.9"]], "Type": "SD"}, {"Location": [["216.7", "244.0"], ["216.7", "366.1"], ["15.8", "366.1"], ["15.8", "244.0"]], "Type": "GATE"}, {"Location": [["206.3", "249.4"], ["212.3", "249.4"], ["212.3", "360.7"], ["206.3", "360.7"]], "Type": "SD"}], "Module": "M9", "Boundary": [["216.7", "244.0"], ["216.7", "366.1"], ["10.0", "366.1"], ["10.0", "244.0"]], "Module_type": "GATE"}, {"Ports": [{"Location": [["278.0", "110.1"], ["340.2", "110.1"], ["340.2", "116.0"], ["278.0", "116.0"]], "Type": "SD"}, {"Location": [["266.1", "20.0"], ["352.1", "20.0"], ["352.1", "107.9"], ["266.1", "107.9"]], "Type": "GATE"}, {"Location": [["271.3", "24.2"], ["346.9", "24.2"], ["346.9", "30.4"], ["271.3", "30.4"]], "Type": "SD"}], "Module": "M5", "Boundary": [["266.1", "20.0"], ["352.1", "20.0"], ["352.1", "116.0"], ["266.1", "116.0"]], "Module_type": "GATE"}, {"Ports": [{"Location": [["158.2", "109.8"], ["222.3", "109.8"], ["222.3", "115.1"], ["158.2", "115.1"]], "Type": "SD"}, {"Location": [["144.4", "10.0"], ["236.1", "10.0"], ["236.1", "108.5"], ["144.4", "108.5"]], "Type": "GATE"}, {"Location": [["150.3", "14.9"], ["230.2", "14.9"], ["230.2", "22.0"], ["150.3", "22.0"]], "Type": "SD"}], "Module": "M11", "Boundary": [["144.4", "10.0"], ["236.1", "10.0"], ["236.1", "115.1"], ["144.4", "115.1"]], "Module_type": "GATE"}, {"Ports": [{"Location": [["718.6", "336.8"], ["760.1", "336.8"], ["760.1", "342.4"], ["718.6", "342.4"]], "Type": "SD"}, {"Location": [["704.9", "165.5"], ["756.4", "165.5"], ["756.4", "165.6"], ["773.8", "165.6"], ["773.8", "335.1"], ["704.9", "335.1"]], "Type": "GATE"}, {"Location": [["710.1", "169.7"], ["751.2", "169.7"], ["751.2", "175.8"], ["710.1", "175.8"]], "Type": "SD"}], "Module": "M1", "Boundary": [["704.9", "165.5"], ["756.4", "165.5"], ["756.4", "165.6"], ["773.8", "165.6"], ["773.8", "342.4"], ["704.9", "342.4"]], "Module_type": "GATE"}, {"Ports": [{"Location": [["484.2", "138.4"], ["522.0", "138.4"], ["522.0", "143.6"], ["484.2", "143.6"]], "Type": "SD"}, {"Location": [["471.0", "10.0"], ["520.7", "10.0"], ["520.7", "86.2"], ["535.2", "86.2"], ["535.2", "136.8"], ["471.0", "136.8"]], "Type": "GATE"}, {"Location": [["477.5", "15.5"], ["513.2", "15.5"], ["513.2", "21.0"], ["477.5", "21.0"]], "Type": "SD"}], "Module": "M6", "Boundary": [["471.0", "10.0"], ["520.7", "10.0"], ["520.7", "86.2"], ["535.2", "86.2"], ["535.2", "143.6"], ["471.0", "143.6"]], "Module_type": "GATE"}, {"Ports": [{"Location": [["449.0", "295.2"], ["498.9", "295.2"], ["498.9", "300.4"], ["449.0", "300.4"]], "Type": "SD"}, {"Location": [["436.6", "173.6"], ["497.8", "173.6"], ["497.8", "214.3"], ["511.3", "214.3"], ["511.3", "292.4"], ["436.6", "292.4"]], "Type": "GATE"}, {"Location": [["441.7", "177.7"], ["491.7", "177.7"], ["491.7", "184.2"], ["441.7", "184.2"]], "Type": "SD"}], "Module": "M2", "Boundary": [["436.6", "173.6"], ["497.8", "173.6"], ["497.8", "214.3"], ["511.3", "214.3"], ["511.3", "300.4"], ["436.6", "300.4"]], "Module_type": "GATE"}, {"Ports": [{"Location": [["23.6", "116.9"], ["110.8", "116.9"], ["110.8", "122.8"], ["23.6", "122.8"]], "Type": "SD"}, {"Location": [["10.0", "10.0"], ["109.3", "10.0"], ["109.3", "54.3"], ["124.4", "54.3"], ["124.4", "115.2"], ["10.0", "115.2"]], "Type": "GATE"}, {"Location": [["15.0", "14.0"], ["103.3", "14.0"], ["103.3", "20.9"], ["15.0", "20.9"]], "Type": "SD"}], "Module": "M16", "Boundary": [["10.0", "10.0"], ["109.3", "10.0"], ["109.3", "54.3"], ["124.4", "54.3"], ["124.4", "122.8"], ["10.0", "122.8"]], "Module_type": "GATE"}, {"Ports": [{"Location": [["236.7", "163.9"], ["242.0", "163.9"], ["242.0", "228.5"], ["236.7", "228.5"]], "Type": "SD"}, {"Location": [["406.6", "148.7"], ["406.6", "224.7"], ["406.6", "224.7"], ["406.6", "243.7"], ["243.5", "243.7"], ["243.5", "148.7"]], "Type": "GATE"}, {"Location": [["394.6", "155.2"], ["401.1", "155.2"], ["401.1", "218.2"], ["394.6", "218.2"]], "Type": "SD"}], "Module": "M13", "Boundary": [["406.6", "148.7"], ["406.6", "224.7"], ["406.6", "224.7"], ["406.6", "243.7"], ["236.7", "243.7"], ["236.7", "148.7"]], "Module_type": "GATE"}, {"Ports": [{"Location": [["10.0", "156.1"], ["15.6", "156.1"], ["15.6", "210.7"], ["10.0", "210.7"]], "Type": "SD"}, {"Location": [["160.4", "142.8"], ["160.4", "208.9"], ["110.9", "208.9"], ["110.9", "224.0"], ["18.2", "224.0"], ["18.2", "142.8"]], "Type": "GATE"}, {"Location": [["150.4", "147.8"], ["156.4", "147.8"], ["156.4", "202.9"], ["150.4", "202.9"]], "Type": "SD"}], "Module": "M10", "Boundary": [["160.4", "142.8"], ["160.4", "208.9"], ["110.9", "208.9"], ["110.9", "224.0"], ["10.0", "224.0"], ["10.0", "142.8"]], "Module_type": "GATE"}, {"Ports": [{"Location": [["246.7", "287.9"], ["252.1", "287.9"], ["252.1", "340.6"], ["246.7", "340.6"]], "Type": "SD"}, {"Location": [["374.4", "273.7"], ["374.4", "354.8"], ["254.0", "354.8"], ["254.0", "273.7"]], "Type": "GATE"}, {"Location": [["362.9", "280.6"], ["368.5", "280.6"], ["368.5", "347.9"], ["362.9", "347.9"]], "Type": "SD"}], "Module": "M7", "Boundary": [["374.4", "273.7"], ["374.4", "354.8"], ["246.7", "354.8"], ["246.7", "273.7"]], "Module_type": "GATE"}, {"Ports": [{"Location": [["568.9", "182.4"], ["646.1", "182.4"], ["646.1", "187.0"], ["568.9", "187.0"]], "Type": "SD"}, {"Location": [["555.2", "10.0"], ["659.8", "10.0"], ["659.8", "181.1"], ["555.2", "181.1"]], "Type": "GATE"}, {"Location": [["561.0", "14.8"], ["654.0", "14.8"], ["654.0", "22.1"], ["561.0", "22.1"]], "Type": "SD"}], "Module": "M3", "Boundary": [["555.2", "10.0"], ["659.8", "10.0"], ["659.8", "187.0"], ["555.2", "187.0"]], "Module_type": "GATE"}, {"Ports": [{"Location": [["395.7", "124.2"], ["437.4", "124.2"], ["437.4", "128.7"], ["395.7", "128.7"]], "Type": "SD"}, {"Location": [["382.1", "10.0"], ["451.0", "10.0"], ["451.0", "121.3"], ["382.1", "121.3"]], "Type": "GATE"}, {"Location": [["387.4", "14.3"], ["445.7", "14.3"], ["445.7", "20.5"], ["387.4", "20.5"]], "Type": "SD"}], "Module": "M15", "Boundary": [["382.1", "10.0"], ["451.0", "10.0"], ["451.0", "128.7"], ["382.1", "128.7"]], "Module_type": "GATE"}, {"Ports": [{"Location": [["809.2", "21.7"], ["814.1", "21.7"], ["814.1", "94.7"], ["809.2", "94.7"]], "Type": "SD"}, {"Location": [["908.8", "10.0"], ["908.8", "91.1"], ["870.3", "91.1"], ["870.3", "106.4"], ["816.8", "106.4"], ["816.8", "10.0"]], "Type": "GATE"}, {"Location": [["899.1", "15.1"], ["904.7", "15.1"], ["904.7", "85.0"], ["899.1", "85.0"]], "Type": "SD"}], "Module": "M12", "Boundary": [["908.8", "10.0"], ["908.8", "91.1"], ["870.3", "91.1"], ["870.3", "106.4"], ["809.2", "106.4"], ["809.2", "10.0"]], "Module_type": "GATE"}, {"Ports": [{"Location": [["703.2", "111.2"], ["765.8", "111.2"], ["765.8", "115.5"], ["703.2", "115.5"]], "Type": "SD"}, {"Location": [["689.8", "20.0"], ["766.1", "20.0"], ["766.1", "55.2"], ["779.2", "55.2"], ["779.2", "109.3"], ["689.8", "109.3"]], "Type": "GATE"}, {"Location": [["696.7", "25.9"], ["758.2", "25.9"], ["758.2", "31.5"], ["696.7", "31.5"]], "Type": "SD"}], "Module": "M8", "Boundary": [["689.8", "20.0"], ["766.1", "20.0"], ["766.1", "55.2"], ["779.2", "55.2"], ["779.2", "115.5"], ["689.8", "115.5"]], "Module_type": "GATE"}], "Area": [["-30.0", "-30.0"], ["948.8", "-30.0"], ["948.8", "406.1"], ["-30.0", "406.1"]], "Rules": ["GATE(5,5)", "SD(5,5)", "GATE_SD(0.5)", "GATE_ITO(0.5)", "SD_ITO(0.5)"]}