{"Modules": [{"Module": "M14", "Boundary": [["329.2", "187.5"], ["382.9", "187.5"], ["382.9", "268.2"], ["400.3", "268.2"], ["400.3", "326.1"], ["329.2", "326.1"]], "Module_type": "GATE", "Ports": [{"Location": [["342.4", "321.9"], ["387.1", "321.9"], ["387.1", "326.1"], ["342.4", "326.1"]], "Type": "SD"}, {"Location": [["329.2", "187.5"], ["382.9", "187.5"], ["382.9", "268.2"], ["400.3", "268.2"], ["400.3", "319.6"], ["329.2", "319.6"]], "Type": "GATE"}, {"Location": [["335.1", "192.4"], ["376.0", "192.4"], ["376.0", "197.2"], ["335.1", "197.2"]], "Type": "SD"}]}, {"Ports": [{"Location": [["10.0", "207.6"], ["15.1", "207.6"], ["15.1", "240.8"], ["10.0", "240.8"]], "Type": "SD"}, {"Location": [["157.6", "194.0"], ["157.6", "254.4"], ["16.7", "254.4"], ["16.7", "194.0"]], "Type": "GATE"}, {"Location": [["145.8", "200.1"], ["152.5", "200.1"], ["152.5", "248.3"], ["145.8", "248.3"]], "Type": "SD"}], "Module": "M9", "Boundary": [["157.6", "194.0"], ["157.6", "254.4"], ["10.0", "254.4"], ["10.0", "194.0"]], "Module_type": "GATE"}, {"Ports": [{"Location": [["331.8", "133.0"], ["419.3", "133.0"], ["419.3", "137.5"], ["331.8", "137.5"]], "Type": "SD"}, {"Location": [["319.2", "20.0"], ["415.8", "20.0"], ["415.8", "20.2"], ["431.9", "20.2"], ["431.9", "130.1"], ["319.2", "130.1"]], "Type": "GATE"}, {"Location": [["324.9", "24.7"], ["410.1", "24.7"], ["410.1", "30.0"], ["324.9", "30.0"]], "Type": "SD"}], "Module": "M5", "Boundary": [["319.2", "20.0"], ["415.8", "20.0"], ["415.8", "20.2"], ["431.9", "20.2"], ["431.9", "137.5"], ["319.2", "137.5"]], "Module_type": "GATE"}, {"Ports": [{"Location": [["194.7", "139.7"], ["199.3", "139.7"], ["199.3", "177.7"], ["194.7", "177.7"]], "Type": "SD"}, {"Location": [["283.4", "126.9"], ["283.4", "174.8"], ["283.2", "174.8"], ["283.2", "190.5"], ["200.7", "190.5"], ["200.7", "126.9"]], "Type": "GATE"}, {"Location": [["273.5", "133.3"], ["278.0", "133.3"], ["278.0", "168.4"], ["273.5", "168.4"]], "Type": "SD"}], "Module": "M11", "Boundary": [["283.4", "126.9"], ["283.4", "174.8"], ["283.2", "174.8"], ["283.2", "190.5"], ["194.7", "190.5"], ["194.7", "126.9"]], "Module_type": "GATE"}, {"Ports": [{"Location": [["41.7", "566.6"], ["106.8", "566.6"], ["106.8", "570.8"], ["41.7", "570.8"]], "Type": "SD"}, {"Location": [["30.0", "440.9"], ["103.9", "440.9"], ["103.9", "441.2"], ["118.5", "441.2"], ["118.5", "565.2"], ["30.0", "565.2"]], "Type": "GATE"}, {"Location": [["35.7", "445.6"], ["98.2", "445.6"], ["98.2", "450.3"], ["35.7", "450.3"]], "Type": "SD"}], "Module": "M1", "Boundary": [["30.0", "440.9"], ["103.9", "440.9"], ["103.9", "441.2"], ["118.5", "441.2"], ["118.5", "570.8"], ["30.0", "570.8"]], "Module_type": "GATE"}, {"Ports": [{"Location": [["193.4", "403.6"], ["262.3", "403.6"], ["262.3", "408.8"], ["193.4", "408.8"]], "Type": "SD"}, {"Location": [["179.1", "210.5"], ["261.9", "210.5"], ["261.9", "261.6"], ["276.6", "261.6"], ["276.6", "402.4"], ["179.1", "402.4"]], "Type": "GATE"}, {"Location": [["185.4", "215.8"], ["254.6", "215.8"], ["254.6", "222.3"], ["185.4", "222.3"]], "Type": "SD"}], "Module": "M6", "Boundary": [["179.1", "210.5"], ["261.9", "210.5"], ["261.9", "261.6"], ["276.6", "261.6"], ["276.6", "408.8"], ["179.1", "408.8"]], "Module_type": "GATE"}, {"Ports": [{"Location": [["182.8", "536.1"], ["260.4", "536.1"], ["260.4", "541.8"], ["182.8", "541.8"]], "Type": "SD"}, {"Location": [["168.5", "438.8"], ["258.1", "438.8"], ["258.1", "477.3"], ["274.7", "477.3"], ["274.7", "534.1"], ["168.5", "534.1"]], "Type": "GATE"}, {"Location": [["174.5", "443.8"], ["251.1", "443.8"], ["251.1", "450.2"], ["174.5", "450.2"]], "Type": "SD"}], "Module": "M2", "Boundary": [["168.5", "438.8"], ["258.1", "438.8"], ["258.1", "477.3"], ["274.7", "477.3"], ["274.7", "541.8"], ["168.5", "541.8"]], "Module_type": "GATE"}, {"Ports": [{"Location": [["453.7", "346.3"], ["532.9", "346.3"], ["532.9", "350.6"], ["453.7", "350.6"]], "Type": "SD"}, {"Location": [["440.3", "198.1"], ["532.8", "198.1"], ["532.8", "235.9"], ["546.3", "235.9"], ["546.3", "343.7"], ["440.3", "343.7"]], "Type": "GATE"}, {"Location": [["446.9", "203.7"], ["525.2", "203.7"], ["525.2", "209.9"], ["446.9", "209.9"]], "Type": "SD"}], "Module": "M16", "Boundary": [["440.3", "198.1"], ["532.8", "198.1"], ["532.8", "235.9"], ["546.3", "235.9"], ["546.3", "350.6"], ["440.3", "350.6"]], "Module_type": "GATE"}, {"Ports": [{"Location": [["319.8", "483.3"], ["386.1", "483.3"], ["386.1", "489.2"], ["319.8", "489.2"]], "Type": "SD"}, {"Location": [["304.7", "366.1"], ["386.2", "366.1"], ["386.2", "366.3"], ["401.2", "366.3"], ["401.2", "481.6"], ["304.7", "481.6"]], "Type": "GATE"}, {"Location": [["311.0", "371.4"], ["379.9", "371.4"], ["379.9", "379.3"], ["311.0", "379.3"]], "Type": "SD"}], "Module": "M13", "Boundary": [["304.7", "366.1"], ["386.2", "366.1"], ["386.2", "366.3"], ["401.2", "366.3"], ["401.2", "489.2"], ["304.7", "489.2"]], "Module_type": "GATE"}, {"Ports": [{"Location": [["304.7", "522.6"], ["308.8", "522.6"], ["308.8", "580.6"], ["304.7", "580.6"]], "Type": "SD"}, {"Location": [["510.7", "509.6"], ["510.7", "577.9"], ["456.1", "577.9"], ["456.1", "593.6"], ["311.6", "593.6"], ["311.6", "509.6"]], "Type": "GATE"}, {"Location": [["500.4", "515.0"], ["506.3", "515.0"], ["506.3", "571.5"], ["500.4", "571.5"]], "Type": "SD"}], "Module": "M10", "Boundary": [["510.7", "509.6"], ["510.7", "577.9"], ["456.1", "577.9"], ["456.1", "593.6"], ["304.7", "593.6"], ["304.7", "509.6"]], "Module_type": "GATE"}, {"Ports": [{"Location": [["20.0", "296.2"], ["24.7", "296.2"], ["24.7", "379.1"], ["20.0", "379.1"]], "Type": "SD"}, {"Location": [["149.1", "284.4"], ["149.1", "375.9"], ["149.0", "375.9"], ["149.0", "390.9"], ["27.5", "390.9"], ["27.5", "284.4"]], "Type": "GATE"}, {"Location": [["139.0", "290.5"], ["144.0", "290.5"], ["144.0", "369.8"], ["139.0", "369.8"]], "Type": "SD"}], "Module": "M7", "Boundary": [["149.1", "284.4"], ["149.1", "375.9"], ["149.0", "375.9"], ["149.0", "390.9"], ["20.0", "390.9"], ["20.0", "284.4"]], "Module_type": "GATE"}, {"Ports": [{"Location": [["238.8", "101.9"], ["276.3", "101.9"], ["276.3", "106.9"], ["238.8", "106.9"]], "Type": "SD"}, {"Location": [["225.9", "10.0"], ["289.2", "10.0"], ["289.2", "99.2"], ["225.9", "99.2"]], "Type": "GATE"}, {"Location": [["232.2", "15.3"], ["282.9", "15.3"], ["282.9", "20.5"], ["232.2", "20.5"]], "Type": "SD"}], "Module": "M3", "Boundary": [["225.9", "10.0"], ["289.2", "10.0"], ["289.2", "106.9"], ["225.9", "106.9"]], "Module_type": "GATE"}, {"Ports": [{"Location": [["474.5", "172.6"], ["539.9", "172.6"], ["539.9", "178.1"], ["474.5", "178.1"]], "Type": "SD"}, {"Location": [["461.9", "10.0"], ["537.7", "10.0"], ["537.7", "10.3"], ["552.5", "10.3"], ["552.5", "170.4"], ["461.9", "170.4"]], "Type": "GATE"}, {"Location": [["467.6", "14.7"], ["532.0", "14.7"], ["532.0", "20.7"], ["467.6", "20.7"]], "Type": "SD"}], "Module": "M15", "Boundary": [["461.9", "10.0"], ["537.7", "10.0"], ["537.7", "10.3"], ["552.5", "10.3"], ["552.5", "178.1"], ["461.9", "178.1"]], "Module_type": "GATE"}, {"Ports": [{"Location": [["10.0", "128.1"], ["14.1", "128.1"], ["14.1", "160.8"], ["10.0", "160.8"]], "Type": "SD"}, {"Location": [["174.7", "114.9"], ["174.7", "160.9"], ["174.6", "160.9"], ["174.6", "174.0"], ["16.8", "174.0"], ["16.8", "114.9"]], "Type": "GATE"}, {"Location": [["163.1", "121.5"], ["169.1", "121.5"], ["169.1", "154.3"], ["163.1", "154.3"]], "Type": "SD"}], "Module": "M12", "Boundary": [["174.7", "114.9"], ["174.7", "160.9"], ["174.6", "160.9"], ["174.6", "174.0"], ["10.0", "174.0"], ["10.0", "114.9"]], "Module_type": "GATE"}, {"Ports": [{"Location": [["20.0", "33.6"], ["24.3", "33.6"], ["24.3", "71.3"], ["20.0", "71.3"]], "Type": "SD"}, {"Location": [["195.9", "20.0"], ["195.9", "70.3"], ["150.5", "70.3"], ["150.5", "84.9"], ["25.9", "84.9"], ["25.9", "20.0"]], "Type": "GATE"}, {"Location": [["184.5", "25.5"], ["191.4", "25.5"], ["191.4", "63.8"], ["184.5", "63.8"]], "Type": "SD"}], "Module": "M8", "Boundary": [["195.9", "20.0"], ["195.9", "70.3"], ["150.5", "70.3"], ["150.5", "84.9"], ["20.0", "84.9"], ["20.0", "20.0"]], "Module_type": "GATE"}, {"Ports": [{"Location": [["431.2", "392.8"], ["435.8", "392.8"], ["435.8", "467.4"], ["431.2", "467.4"]], "Type": "SD"}, {"Location": [["540.6", "380.6"], ["540.6", "466.9"], ["506.4", "466.9"], ["506.4", "479.6"], ["437.8", "479.6"], ["437.8", "380.6"]], "Type": "GATE"}, {"Location": [["530.6", "387.3"], ["534.9", "387.3"], ["534.9", "459.2"], ["530.6", "459.2"]], "Type": "SD"}], "Module": "M4", "Boundary": [["540.6", "380.6"], ["540.6", "466.9"], ["506.4", "466.9"], ["506.4", "479.6"], ["431.2", "479.6"], ["431.2", "380.6"]], "Module_type": "GATE"}], "Area": [["-30.0", "-30.0"], ["592.5", "-30.0"], ["592.5", "633.6"], ["-30.0", "633.6"]], "Rules": ["GATE(5,5)", "SD(5,5)", "GATE_SD(0.5)", "GATE_ITO(0.5)", "SD_ITO(0.5)"]}