{"Modules": [{"Module": "M14", "Boundary": [["512.9", "382.8"], ["512.9", "491.0"], ["349.3", "491.0"], ["349.3", "382.8"]], "Module_type": "GATE", "Ports": [{"Location": [["349.3", "396.0"], ["354.6", "396.0"], ["354.6", "477.8"], ["349.3", "477.8"]], "Type": "SD"}, {"Location": [["512.9", "382.8"], ["512.9", "491.0"], ["357.3", "491.0"], ["357.3", "382.8"]], "Type": "GATE"}, {"Location": [["501.6", "388.9"], ["507.8", "388.9"], ["507.8", "484.9"], ["501.6", "484.9"]], "Type": "SD"}]}, {"Ports": [{"Location": [["563.8", "207.4"], ["652.2", "207.4"], ["652.2", "213.1"], ["563.8", "213.1"]], "Type": "SD"}, {"Location": [["551.0", "10.0"], ["665.0", "10.0"], ["665.0", "206.3"], ["551.0", "206.3"]], "Type": "GATE"}, {"Location": [["556.0", "14.0"], ["660.0", "14.0"], ["660.0", "20.6"], ["556.0", "20.6"]], "Type": "SD"}], "Module": "M9", "Boundary": [["551.0", "10.0"], ["665.0", "10.0"], ["665.0", "213.1"], ["551.0", "213.1"]], "Module_type": "GATE"}, {"Ports": [{"Location": [["20.0", "215.0"], ["26.0", "215.0"], ["26.0", "264.3"], ["20.0", "264.3"]], "Type": "SD"}, {"Location": [["143.3", "204.0"], ["143.3", "275.3"], ["28.4", "275.3"], ["28.4", "204.0"]], "Type": "GATE"}, {"Location": [["134.3", "209.9"], ["138.4", "209.9"], ["138.4", "269.4"], ["134.3", "269.4"]], "Type": "SD"}], "Module": "M5", "Boundary": [["143.3", "204.0"], ["143.3", "275.3"], ["20.0", "275.3"], ["20.0", "204.0"]], "Module_type": "GATE"}, {"Ports": [{"Location": [["10.0", "318.7"], ["14.8", "318.7"], ["14.8", "359.0"], ["10.0", "359.0"]], "Type": "SD"}, {"Location": [["183.2", "305.3"], ["183.2", "355.6"], ["183.0", "355.6"], ["183.0", "372.4"], ["17.7", "372.4"], ["17.7", "305.3"]], "Type": "GATE"}, {"Location": [["172.6", "311.0"], ["178.5", "311.0"], ["178.5", "349.9"], ["172.6", "349.9"]], "Type": "SD"}], "Module": "M11", "Boundary": [["183.2", "305.3"], ["183.2", "355.6"], ["183.0", "355.6"], ["183.0", "372.4"], ["10.0", "372.4"], ["10.0", "305.3"]], "Module_type": "GATE"}, {"Ports": [{"Location": [["237.1", "477.4"], ["275.4", "477.4"], ["275.4", "481.5"], ["237.1", "481.5"]], "Type": "SD"}, {"Location": [["223.2", "294.2"], ["273.3", "294.2"], ["273.3", "294.5"], ["289.3", "294.5"], ["289.3", "474.6"], ["223.2", "474.6"]], "Type": "GATE"}, {"Location": [["229.3", "299.3"], ["267.2", "299.3"], ["267.2", "305.2"], ["229.3", "305.2"]], "Type": "SD"}], "Module": "M1", "Boundary": [["223.2", "294.2"], ["273.3", "294.2"], ["273.3", "294.5"], ["289.3", "294.5"], ["289.3", "481.5"], ["223.2", "481.5"]], "Module_type": "GATE"}, {"Ports": [{"Location": [["249.5", "119.6"], ["306.2", "119.6"], ["306.2", "123.6"], ["249.5", "123.6"]], "Type": "SD"}, {"Location": [["236.8", "10.0"], ["318.9", "10.0"], ["318.9", "116.9"], ["236.8", "116.9"]], "Type": "GATE"}, {"Location": [["242.4", "14.6"], ["313.3", "14.6"], ["313.3", "20.2"], ["242.4", "20.2"]], "Type": "SD"}], "Module": "M6", "Boundary": [["236.8", "10.0"], ["318.9", "10.0"], ["318.9", "123.6"], ["236.8", "123.6"]], "Module_type": "GATE"}, {"Ports": [{"Location": [["348.9", "34.9"], ["354.8", "34.9"], ["354.8", "113.5"], ["348.9", "113.5"]], "Type": "SD"}, {"Location": [["521.0", "20.0"], ["521.0", "110.4"], ["520.7", "110.4"], ["520.7", "128.4"], ["357.6", "128.4"], ["357.6", "20.0"]], "Type": "GATE"}, {"Location": [["509.4", "25.9"], ["516.1", "25.9"], ["516.1", "104.5"], ["509.4", "104.5"]], "Type": "SD"}], "Module": "M2", "Boundary": [["521.0", "20.0"], ["521.0", "110.4"], ["520.7", "110.4"], ["520.7", "128.4"], ["348.9", "128.4"], ["348.9", "20.0"]], "Module_type": "GATE"}, {"Ports": [{"Location": [["173.3", "199.3"], ["177.4", "199.3"], ["177.4", "240.8"], ["173.3", "240.8"]], "Type": "SD"}, {"Location": [["262.9", "185.9"], ["262.9", "254.2"], ["178.7", "254.2"], ["178.7", "185.9"]], "Type": "GATE"}, {"Location": [["252.7", "191.2"], ["258.6", "191.2"], ["258.6", "248.9"], ["252.7", "248.9"]], "Type": "SD"}], "Module": "M16", "Boundary": [["262.9", "185.9"], ["262.9", "254.2"], ["173.3", "254.2"], ["173.3", "185.9"]], "Module_type": "GATE"}, {"Ports": [{"Location": [["575.5", "455.5"], ["580.2", "455.5"], ["580.2", "508.5"], ["575.5", "508.5"]], "Type": "SD"}, {"Location": [["665.8", "441.8"], ["665.8", "522.2"], ["582.1", "522.2"], ["582.1", "441.8"]], "Type": "GATE"}, {"Location": [["654.2", "446.9"], ["661.7", "446.9"], ["661.7", "517.1"], ["654.2", "517.1"]], "Type": "SD"}], "Module": "M13", "Boundary": [["665.8", "441.8"], ["665.8", "522.2"], ["575.5", "522.2"], ["575.5", "441.8"]], "Module_type": "GATE"}, {"Ports": [{"Location": [["329.3", "279.2"], ["335.0", "279.2"], ["335.0", "328.4"], ["329.3", "328.4"]], "Type": "SD"}, {"Location": [["555.5", "264.8"], ["555.5", "342.8"], ["336.4", "342.8"], ["336.4", "264.8"]], "Type": "GATE"}, {"Location": [["543.1", "271.6"], ["549.7", "271.6"], ["549.7", "336.0"], ["543.1", "336.0"]], "Type": "SD"}], "Module": "M10", "Boundary": [["555.5", "264.8"], ["555.5", "342.8"], ["329.3", "342.8"], ["329.3", "264.8"]], "Module_type": "GATE"}, {"Ports": [{"Location": [["142.0", "151.4"], ["193.7", "151.4"], ["193.7", "155.9"], ["142.0", "155.9"]], "Type": "SD"}, {"Location": [["128.9", "20.0"], ["206.8", "20.0"], ["206.8", "149.9"], ["128.9", "149.9"]], "Type": "GATE"}, {"Location": [["134.7", "24.8"], ["201.0", "24.8"], ["201.0", "30.9"], ["134.7", "30.9"]], "Type": "SD"}], "Module": "M7", "Boundary": [["128.9", "20.0"], ["206.8", "20.0"], ["206.8", "155.9"], ["128.9", "155.9"]], "Module_type": "GATE"}, {"Ports": [{"Location": [["117.8", "507.2"], ["153.2", "507.2"], ["153.2", "512.9"], ["117.8", "512.9"]], "Type": "SD"}, {"Location": [["102.9", "392.4"], ["153.5", "392.4"], ["153.5", "392.4"], ["168.1", "392.4"], ["168.1", "504.4"], ["102.9", "504.4"]], "Type": "GATE"}, {"Location": [["109.8", "398.3"], ["146.6", "398.3"], ["146.6", "405.6"], ["109.8", "405.6"]], "Type": "SD"}], "Module": "M3", "Boundary": [["102.9", "392.4"], ["153.5", "392.4"], ["153.5", "392.4"], ["168.1", "392.4"], ["168.1", "512.9"], ["102.9", "512.9"]], "Module_type": "GATE"}, {"Ports": [{"Location": [["282.9", "172.6"], ["288.2", "172.6"], ["288.2", "230.6"], ["282.9", "230.6"]], "Type": "SD"}, {"Location": [["493.6", "158.4"], ["493.6", "244.8"], ["290.7", "244.8"], ["290.7", "158.4"]], "Type": "GATE"}, {"Location": [["482.2", "164.5"], ["488.5", "164.5"], ["488.5", "238.7"], ["482.2", "238.7"]], "Type": "SD"}], "Module": "M15", "Boundary": [["493.6", "158.4"], ["493.6", "244.8"], ["282.9", "244.8"], ["282.9", "158.4"]], "Module_type": "GATE"}, {"Ports": [{"Location": [["24.9", "501.1"], ["68.0", "501.1"], ["68.0", "505.5"], ["24.9", "505.5"]], "Type": "SD"}, {"Location": [["10.0", "392.4"], ["82.9", "392.4"], ["82.9", "499.6"], ["10.0", "499.6"]], "Type": "GATE"}, {"Location": [["15.7", "397.1"], ["77.2", "397.1"], ["77.2", "403.8"], ["15.7", "403.8"]], "Type": "SD"}], "Module": "M12", "Boundary": [["10.0", "392.4"], ["82.9", "392.4"], ["82.9", "505.5"], ["10.0", "505.5"]], "Module_type": "GATE"}, {"Ports": [{"Location": [["599.2", "407.6"], ["637.4", "407.6"], ["637.4", "411.8"], ["599.2", "411.8"]], "Type": "SD"}, {"Location": [["585.5", "243.1"], ["635.6", "243.1"], ["635.6", "243.1"], ["651.1", "243.1"], ["651.1", "406.1"], ["585.5", "406.1"]], "Type": "GATE"}, {"Location": [["591.4", "248.0"], ["629.7", "248.0"], ["629.7", "254.9"], ["591.4", "254.9"]], "Type": "SD"}], "Module": "M8", "Boundary": [["585.5", "243.1"], ["635.6", "243.1"], ["635.6", "243.1"], ["651.1", "243.1"], ["651.1", "411.8"], ["585.5", "411.8"]], "Module_type": "GATE"}], "Area": [["-30.0", "-30.0"], ["705.8", "-30.0"], ["705.8", "562.2"], ["-30.0", "562.2"]], "Rules": ["GATE(5,5)", "SD(5,5)", "GATE_SD(0.5)", "GATE_ITO(0.5)", "SD_ITO(0.5)"]}