{"Modules": [{"Module": "M14", "Boundary": [["675.1", "160.3"], ["731.0", "160.3"], ["731.0", "210.6"], ["748.7", "210.6"], ["748.7", "309.6"], ["675.1", "309.6"]], "Module_type": "GATE", "Ports": [{"Location": [["689.2", "304.5"], ["734.6", "304.5"], ["734.6", "309.6"], ["689.2", "309.6"]], "Type": "SD"}, {"Location": [["675.1", "160.3"], ["731.0", "160.3"], ["731.0", "210.6"], ["748.7", "210.6"], ["748.7", "302.7"], ["675.1", "302.7"]], "Type": "GATE"}, {"Location": [["681.5", "165.7"], ["723.6", "165.7"], ["723.6", "171.3"], ["681.5", "171.3"]], "Type": "SD"}]}, {"Ports": [{"Location": [["801.0", "305.7"], ["839.1", "305.7"], ["839.1", "311.0"], ["801.0", "311.0"]], "Type": "SD"}, {"Location": [["788.7", "154.1"], ["851.4", "154.1"], ["851.4", "303.5"], ["788.7", "303.5"]], "Type": "GATE"}, {"Location": [["793.9", "158.3"], ["846.2", "158.3"], ["846.2", "163.7"], ["793.9", "163.7"]], "Type": "SD"}], "Module": "M9", "Boundary": [["788.7", "154.1"], ["851.4", "154.1"], ["851.4", "311.0"], ["788.7", "311.0"]], "Module_type": "GATE"}, {"Ports": [{"Location": [["1003.1", "204.0"], ["1007.5", "204.0"], ["1007.5", "305.1"], ["1003.1", "305.1"]], "Type": "SD"}, {"Location": [["1102.3", "190.5"], ["1102.3", "299.9"], ["1101.9", "299.9"], ["1101.9", "318.6"], ["1008.5", "318.6"], ["1008.5", "190.5"]], "Type": "GATE"}, {"Location": [["1092.3", "196.4"], ["1097.4", "196.4"], ["1097.4", "294.0"], ["1092.3", "294.0"]], "Type": "SD"}], "Module": "M5", "Boundary": [["1102.3", "190.5"], ["1102.3", "299.9"], ["1101.9", "299.9"], ["1101.9", "318.6"], ["1003.1", "318.6"], ["1003.1", "190.5"]], "Module_type": "GATE"}, {"Ports": [{"Location": [["141.4", "149.2"], ["145.5", "149.2"], ["145.5", "206.8"], ["141.4", "206.8"]], "Type": "SD"}, {"Location": [["364.6", "134.1"], ["364.6", "205.0"], ["364.5", "205.0"], ["364.5", "221.9"], ["148.4", "221.9"], ["148.4", "134.1"]], "Type": "GATE"}, {"Location": [["352.3", "140.4"], ["359.3", "140.4"], ["359.3", "198.7"], ["352.3", "198.7"]], "Type": "SD"}], "Module": "M11", "Boundary": [["364.6", "134.1"], ["364.6", "205.0"], ["364.5", "205.0"], ["364.5", "221.9"], ["141.4", "221.9"], ["141.4", "134.1"]], "Module_type": "GATE"}, {"Ports": [{"Location": [["888.5", "109.9"], ["939.8", "109.9"], ["939.8", "114.1"], ["888.5", "114.1"]], "Type": "SD"}, {"Location": [["875.8", "30.0"], ["952.5", "30.0"], ["952.5", "107.4"], ["875.8", "107.4"]], "Type": "GATE"}, {"Location": [["881.1", "34.3"], ["947.2", "34.3"], ["947.2", "40.8"], ["881.1", "40.8"]], "Type": "SD"}], "Module": "M1", "Boundary": [["875.8", "30.0"], ["952.5", "30.0"], ["952.5", "114.1"], ["875.8", "114.1"]], "Module_type": "GATE"}, {"Ports": [{"Location": [["407.8", "23.9"], ["413.3", "23.9"], ["413.3", "123.8"], ["407.8", "123.8"]], "Type": "SD"}, {"Location": [["492.2", "10.0"], ["492.2", "120.3"], ["462.4", "120.3"], ["462.4", "137.7"], ["414.7", "137.7"], ["414.7", "10.0"]], "Type": "GATE"}, {"Location": [["481.4", "16.3"], ["486.9", "16.3"], ["486.9", "113.0"], ["481.4", "113.0"]], "Type": "SD"}], "Module": "M6", "Boundary": [["492.2", "10.0"], ["492.2", "120.3"], ["462.4", "120.3"], ["462.4", "137.7"], ["407.8", "137.7"], ["407.8", "10.0"]], "Module_type": "GATE"}, {"Ports": [{"Location": [["537.2", "308.2"], ["610.1", "308.2"], ["610.1", "314.1"], ["537.2", "314.1"]], "Type": "SD"}, {"Location": [["522.2", "141.4"], ["609.8", "141.4"], ["609.8", "228.7"], ["625.1", "228.7"], ["625.1", "307.1"], ["522.2", "307.1"]], "Type": "GATE"}, {"Location": [["529.0", "147.2"], ["602.0", "147.2"], ["602.0", "154.1"], ["529.0", "154.1"]], "Type": "SD"}], "Module": "M2", "Boundary": [["522.2", "141.4"], ["609.8", "141.4"], ["609.8", "228.7"], ["625.1", "228.7"], ["625.1", "314.1"], ["522.2", "314.1"]], "Module_type": "GATE"}, {"Ports": [{"Location": [["886.1", "267.2"], ["958.4", "267.2"], ["958.4", "271.4"], ["886.1", "271.4"]], "Type": "SD"}, {"Location": [["871.4", "154.1"], ["958.0", "154.1"], ["958.0", "200.2"], ["973.1", "200.2"], ["973.1", "265.5"], ["871.4", "265.5"]], "Type": "GATE"}, {"Location": [["878.3", "160.0"], ["950.1", "160.0"], ["950.1", "166.4"], ["878.3", "166.4"]], "Type": "SD"}], "Module": "M16", "Boundary": [["871.4", "154.1"], ["958.0", "154.1"], ["958.0", "200.2"], ["973.1", "200.2"], ["973.1", "271.4"], ["871.4", "271.4"]], "Module_type": "GATE"}, {"Ports": [{"Location": [["10.0", "264.3"], ["15.4", "264.3"], ["15.4", "303.0"], ["10.0", "303.0"]], "Type": "SD"}, {"Location": [["168.7", "251.2"], ["168.7", "300.4"], ["168.6", "300.4"], ["168.6", "316.1"], ["17.3", "316.1"], ["17.3", "251.2"]], "Type": "GATE"}, {"Location": [["157.8", "256.2"], ["164.7", "256.2"], ["164.7", "295.4"], ["157.8", "295.4"]], "Type": "SD"}], "Module": "M13", "Boundary": [["168.7", "251.2"], ["168.7", "300.4"], ["168.6", "300.4"], ["168.6", "316.1"], ["10.0", "316.1"], ["10.0", "251.2"]], "Module_type": "GATE"}, {"Ports": [{"Location": [["188.7", "254.5"], ["194.2", "254.5"], ["194.2", "317.6"], ["188.7", "317.6"]], "Type": "SD"}, {"Location": [["372.2", "241.9"], ["372.2", "317.2"], ["259.8", "317.2"], ["259.8", "330.2"], ["195.7", "330.2"], ["195.7", "241.9"]], "Type": "GATE"}, {"Location": [["361.3", "247.4"], ["367.7", "247.4"], ["367.7", "310.7"], ["361.3", "310.7"]], "Type": "SD"}], "Module": "M10", "Boundary": [["372.2", "241.9"], ["372.2", "317.2"], ["259.8", "317.2"], ["259.8", "330.2"], ["188.7", "330.2"], ["188.7", "241.9"]], "Module_type": "GATE"}, {"Ports": [{"Location": [["31.9", "216.6"], ["99.5", "216.6"], ["99.5", "221.2"], ["31.9", "221.2"]], "Type": "SD"}, {"Location": [["20.0", "20.0"], ["111.4", "20.0"], ["111.4", "214.1"], ["20.0", "214.1"]], "Type": "GATE"}, {"Location": [["25.3", "24.3"], ["106.1", "24.3"], ["106.1", "30.4"], ["25.3", "30.4"]], "Type": "SD"}], "Module": "M7", "Boundary": [["20.0", "20.0"], ["111.4", "20.0"], ["111.4", "221.2"], ["20.0", "221.2"]], "Module_type": "GATE"}, {"Ports": [{"Location": [["512.2", "22.7"], ["517.2", "22.7"], ["517.2", "98.7"], ["512.2", "98.7"]], "Type": "SD"}, {"Location": [["729.1", "10.0"], ["729.1", "97.5"], ["728.7", "97.5"], ["728.7", "111.4"], ["519.4", "111.4"], ["519.4", "10.0"]], "Type": "GATE"}, {"Location": [["718.4", "15.4"], ["724.7", "15.4"], ["724.7", "92.1"], ["718.4", "92.1"]], "Type": "SD"}], "Module": "M3", "Boundary": [["729.1", "10.0"], ["729.1", "97.5"], ["728.7", "97.5"], ["728.7", "111.4"], ["512.2", "111.4"], ["512.2", "10.0"]], "Module_type": "GATE"}, {"Ports": [{"Location": [["406.5", "314.4"], ["467.6", "314.4"], ["467.6", "319.6"], ["406.5", "319.6"]], "Type": "SD"}, {"Location": [["392.2", "157.7"], ["464.1", "157.7"], ["464.1", "157.9"], ["481.9", "157.9"], ["481.9", "311.6"], ["392.2", "311.6"]], "Type": "GATE"}, {"Location": [["397.8", "162.3"], ["458.5", "162.3"], ["458.5", "169.1"], ["397.8", "169.1"]], "Type": "SD"}], "Module": "M15", "Boundary": [["392.2", "157.7"], ["464.1", "157.7"], ["464.1", "157.9"], ["481.9", "157.9"], ["481.9", "319.6"], ["392.2", "319.6"]], "Module_type": "GATE"}, {"Ports": [{"Location": [["749.1", "24.5"], ["753.3", "24.5"], ["753.3", "105.8"], ["749.1", "105.8"]], "Type": "SD"}, {"Location": [["835.8", "10.0"], ["835.8", "106.3"], ["818.3", "106.3"], ["818.3", "120.3"], ["756.0", "120.3"], ["756.0", "10.0"]], "Type": "GATE"}, {"Location": [["823.3", "15.9"], ["830.9", "15.9"], ["830.9", "99.4"], ["823.3", "99.4"]], "Type": "SD"}], "Module": "M12", "Boundary": [["835.8", "10.0"], ["835.8", "106.3"], ["818.3", "106.3"], ["818.3", "120.3"], ["749.1", "120.3"], ["749.1", "10.0"]], "Module_type": "GATE"}, {"Ports": [{"Location": [["151.4", "33.9"], ["156.1", "33.9"], ["156.1", "90.2"], ["151.4", "90.2"]], "Type": "SD"}, {"Location": [["377.8", "20.0"], ["377.8", "88.7"], ["276.8", "88.7"], ["276.8", "104.1"], ["158.4", "104.1"], ["158.4", "20.0"]], "Type": "GATE"}, {"Location": [["367.0", "26.0"], ["372.8", "26.0"], ["372.8", "81.7"], ["367.0", "81.7"]], "Type": "SD"}], "Module": "M8", "Boundary": [["377.8", "20.0"], ["377.8", "88.7"], ["276.8", "88.7"], ["276.8", "104.1"], ["151.4", "104.1"], ["151.4", "20.0"]], "Module_type": "GATE"}], "Area": [["-30.0", "-30.0"], ["1142.3", "-30.0"], ["1142.3", "370.2"], ["-30.0", "370.2"]], "Rules": ["GATE(5,5)", "SD(5,5)", "GATE_SD(0.5)", "GATE_ITO(0.5)", "SD_ITO(0.5)"]}