{"Modules": [{"Module": "M14", "Boundary": [["653.3", "399.6"], ["653.3", "455.6"], ["653.0", "455.6"], ["653.0", "473.6"], ["444.3", "473.6"], ["444.3", "399.6"]], "Module_type": "GATE", "Ports": [{"Location": [["444.3", "415.0"], ["448.7", "415.0"], ["448.7", "458.2"], ["444.3", "458.2"]], "Type": "SD"}, {"Location": [["653.3", "399.6"], ["653.3", "455.6"], ["653.0", "455.6"], ["653.0", "473.6"], ["451.4", "473.6"], ["451.4", "399.6"]], "Type": "GATE"}, {"Location": [["641.3", "405.8"], ["648.1", "405.8"], ["648.1", "449.4"], ["641.3", "449.4"]], "Type": "SD"}]}, {"Ports": [{"Location": [["170.8", "490.4"], ["211.5", "490.4"], ["211.5", "494.8"], ["170.8", "494.8"]], "Type": "SD"}, {"Location": [["156.6", "347.8"], ["208.5", "347.8"], ["208.5", "348.0"], ["225.7", "348.0"], ["225.7", "489.2"], ["156.6", "489.2"]], "Type": "GATE"}, {"Location": [["163.0", "353.2"], ["202.1", "353.2"], ["202.1", "358.7"], ["163.0", "358.7"]], "Type": "SD"}], "Module": "M9", "Boundary": [["156.6", "347.8"], ["208.5", "347.8"], ["208.5", "348.0"], ["225.7", "348.0"], ["225.7", "494.8"], ["156.6", "494.8"]], "Module_type": "GATE"}, {"Ports": [{"Location": [["628.0", "338.6"], ["653.4", "338.6"], ["653.4", "344.1"], ["628.0", "344.1"]], "Type": "SD"}, {"Location": [["612.4", "115.0"], ["669.0", "115.0"], ["669.0", "336.3"], ["612.4", "336.3"]], "Type": "GATE"}, {"Location": [["619.1", "120.7"], ["662.3", "120.7"], ["662.3", "127.1"], ["619.1", "127.1"]], "Type": "SD"}], "Module": "M5", "Boundary": [["612.4", "115.0"], ["669.0", "115.0"], ["669.0", "344.1"], ["612.4", "344.1"]], "Module_type": "GATE"}, {"Ports": [{"Location": [["506.9", "109.6"], ["547.4", "109.6"], ["547.4", "115.5"], ["506.9", "115.5"]], "Type": "SD"}, {"Location": [["492.3", "10.0"], ["545.0", "10.0"], ["545.0", "10.2"], ["562.0", "10.2"], ["562.0", "107.1"], ["492.3", "107.1"]], "Type": "GATE"}, {"Location": [["498.8", "15.5"], ["538.5", "15.5"], ["538.5", "21.6"], ["498.8", "21.6"]], "Type": "SD"}], "Module": "M11", "Boundary": [["492.3", "10.0"], ["545.0", "10.0"], ["545.0", "10.2"], ["562.0", "10.2"], ["562.0", "115.5"], ["492.3", "115.5"]], "Module_type": "GATE"}, {"Ports": [{"Location": [["285.9", "192.9"], ["290.1", "192.9"], ["290.1", "233.7"], ["285.9", "233.7"]], "Type": "SD"}, {"Location": [["417.6", "180.0"], ["417.6", "246.6"], ["292.2", "246.6"], ["292.2", "180.0"]], "Type": "GATE"}, {"Location": [["407.6", "185.1"], ["413.5", "185.1"], ["413.5", "241.5"], ["407.6", "241.5"]], "Type": "SD"}], "Module": "M1", "Boundary": [["417.6", "180.0"], ["417.6", "246.6"], ["285.9", "246.6"], ["285.9", "180.0"]], "Module_type": "GATE"}, {"Ports": [{"Location": [["265.9", "299.0"], ["270.9", "299.0"], ["270.9", "367.7"], ["265.9", "367.7"]], "Type": "SD"}, {"Location": [["391.5", "286.6"], ["391.5", "364.7"], ["391.2", "364.7"], ["391.2", "380.1"], ["272.3", "380.1"], ["272.3", "286.6"]], "Type": "GATE"}, {"Location": [["381.1", "291.6"], ["387.5", "291.6"], ["387.5", "359.7"], ["381.1", "359.7"]], "Type": "SD"}], "Module": "M6", "Boundary": [["391.5", "286.6"], ["391.5", "364.7"], ["391.2", "364.7"], ["391.2", "380.1"], ["265.9", "380.1"], ["265.9", "286.6"]], "Module_type": "GATE"}, {"Ports": [{"Location": [["481.4", "343.7"], ["558.6", "343.7"], ["558.6", "349.6"], ["481.4", "349.6"]], "Type": "SD"}, {"Location": [["467.6", "166.2"], ["572.4", "166.2"], ["572.4", "341.9"], ["467.6", "341.9"]], "Type": "GATE"}, {"Location": [["472.6", "170.2"], ["567.4", "170.2"], ["567.4", "176.6"], ["472.6", "176.6"]], "Type": "SD"}], "Module": "M2", "Boundary": [["467.6", "166.2"], ["572.4", "166.2"], ["572.4", "349.6"], ["467.6", "349.6"]], "Module_type": "GATE"}, {"Ports": [{"Location": [["173.0", "321.9"], ["229.5", "321.9"], ["229.5", "327.8"], ["173.0", "327.8"]], "Type": "SD"}, {"Location": [["156.6", "161.8"], ["229.2", "161.8"], ["229.2", "161.8"], ["245.9", "161.8"], ["245.9", "319.1"], ["156.6", "319.1"]], "Type": "GATE"}, {"Location": [["163.5", "167.7"], ["222.3", "167.7"], ["222.3", "175.5"], ["163.5", "175.5"]], "Type": "SD"}], "Module": "M16", "Boundary": [["156.6", "161.8"], ["229.2", "161.8"], ["229.2", "161.8"], ["245.9", "161.8"], ["245.9", "327.8"], ["156.6", "327.8"]], "Module_type": "GATE"}, {"Ports": [{"Location": [["10.0", "176.3"], ["15.8", "176.3"], ["15.8", "220.9"], ["10.0", "220.9"]], "Type": "SD"}, {"Location": [["121.0", "161.8"], ["121.0", "235.4"], ["17.6", "235.4"], ["17.6", "161.8"]], "Type": "GATE"}, {"Location": [["109.5", "168.0"], ["115.8", "168.0"], ["115.8", "229.2"], ["109.5", "229.2"]], "Type": "SD"}], "Module": "M13", "Boundary": [["121.0", "161.8"], ["121.0", "235.4"], ["10.0", "235.4"], ["10.0", "161.8"]], "Module_type": "GATE"}, {"Ports": [{"Location": [["245.7", "414.0"], ["250.5", "414.0"], ["250.5", "479.4"], ["245.7", "479.4"]], "Type": "SD"}, {"Location": [["404.3", "400.1"], ["404.3", "478.6"], ["404.0", "478.6"], ["404.0", "493.3"], ["253.0", "493.3"], ["253.0", "400.1"]], "Type": "GATE"}, {"Location": [["392.3", "407.1"], ["398.3", "407.1"], ["398.3", "471.6"], ["392.3", "471.6"]], "Type": "SD"}], "Module": "M10", "Boundary": [["404.3", "400.1"], ["404.3", "478.6"], ["404.0", "478.6"], ["404.0", "493.3"], ["245.7", "493.3"], ["245.7", "400.1"]], "Module_type": "GATE"}, {"Ports": [{"Location": [["20.0", "33.6"], ["25.6", "33.6"], ["25.6", "118.2"], ["20.0", "118.2"]], "Type": "SD"}, {"Location": [["205.4", "20.0"], ["205.4", "131.8"], ["27.7", "131.8"], ["27.7", "20.0"]], "Type": "GATE"}, {"Location": [["194.5", "26.3"], ["200.1", "26.3"], ["200.1", "125.5"], ["194.5", "125.5"]], "Type": "SD"}], "Module": "M7", "Boundary": [["205.4", "20.0"], ["205.4", "131.8"], ["20.0", "131.8"], ["20.0", "20.0"]], "Module_type": "GATE"}, {"Ports": [{"Location": [["10.0", "269.1"], ["14.1", "269.1"], ["14.1", "326.3"], ["10.0", "326.3"]], "Type": "SD"}, {"Location": [["100.0", "255.4"], ["100.0", "323.6"], ["100.0", "323.6"], ["100.0", "340.0"], ["16.3", "340.0"], ["16.3", "255.4"]], "Type": "GATE"}, {"Location": [["88.5", "261.4"], ["95.0", "261.4"], ["95.0", "317.6"], ["88.5", "317.6"]], "Type": "SD"}], "Module": "M3", "Boundary": [["100.0", "255.4"], ["100.0", "323.6"], ["100.0", "323.6"], ["100.0", "340.0"], ["10.0", "340.0"], ["10.0", "255.4"]], "Module_type": "GATE"}, {"Ports": [{"Location": [["582.0", "21.0"], ["586.7", "21.0"], ["586.7", "74.0"], ["582.0", "74.0"]], "Type": "SD"}, {"Location": [["674.3", "10.0"], ["674.3", "85.0"], ["589.0", "85.0"], ["589.0", "10.0"]], "Type": "GATE"}, {"Location": [["665.7", "15.6"], ["669.7", "15.6"], ["669.7", "79.4"], ["665.7", "79.4"]], "Type": "SD"}], "Module": "M15", "Boundary": [["674.3", "10.0"], ["674.3", "85.0"], ["582.0", "85.0"], ["582.0", "10.0"]], "Module_type": "GATE"}, {"Ports": [{"Location": [["398.1", "132.0"], ["458.1", "132.0"], ["458.1", "136.2"], ["398.1", "136.2"]], "Type": "SD"}, {"Location": [["383.9", "10.0"], ["454.6", "10.0"], ["454.6", "10.2"], ["472.3", "10.2"], ["472.3", "129.5"], ["383.9", "129.5"]], "Type": "GATE"}, {"Location": [["390.6", "15.7"], ["447.9", "15.7"], ["447.9", "20.7"], ["390.6", "20.7"]], "Type": "SD"}], "Module": "M12", "Boundary": [["383.9", "10.0"], ["454.6", "10.0"], ["454.6", "10.2"], ["472.3", "10.2"], ["472.3", "136.2"], ["383.9", "136.2"]], "Module_type": "GATE"}, {"Ports": [{"Location": [["260.2", "125.4"], ["339.1", "125.4"], ["339.1", "130.0"], ["260.2", "130.0"]], "Type": "SD"}, {"Location": [["245.4", "20.0"], ["353.9", "20.0"], ["353.9", "123.9"], ["245.4", "123.9"]], "Type": "GATE"}, {"Location": [["251.6", "25.2"], ["347.7", "25.2"], ["347.7", "31.9"], ["251.6", "31.9"]], "Type": "SD"}], "Module": "M8", "Boundary": [["245.4", "20.0"], ["353.9", "20.0"], ["353.9", "130.0"], ["245.4", "130.0"]], "Module_type": "GATE"}], "Area": [["-30.0", "-30.0"], ["714.3", "-30.0"], ["714.3", "534.8"], ["-30.0", "534.8"]], "Rules": ["GATE(5,5)", "SD(5,5)", "GATE_SD(0.5)", "GATE_ITO(0.5)", "SD_ITO(0.5)"]}