{"Modules": [{"Module": "M14", "Boundary": [["282.8", "454.2"], ["282.8", "522.3"], ["193.8", "522.3"], ["193.8", "454.2"]], "Module_type": "GATE", "Ports": [{"Location": [["193.8", "468.2"], ["198.8", "468.2"], ["198.8", "508.3"], ["193.8", "508.3"]], "Type": "SD"}, {"Location": [["282.8", "454.2"], ["282.8", "522.3"], ["200.8", "522.3"], ["200.8", "454.2"]], "Type": "GATE"}, {"Location": [["270.5", "460.0"], ["278.0", "460.0"], ["278.0", "516.5"], ["270.5", "516.5"]], "Type": "SD"}]}, {"Ports": [{"Location": [["252.7", "213.6"], ["341.5", "213.6"], ["341.5", "218.5"], ["252.7", "218.5"]], "Type": "SD"}, {"Location": [["239.6", "78.7"], ["338.4", "78.7"], ["338.4", "79.0"], ["354.6", "79.0"], ["354.6", "211.1"], ["239.6", "211.1"]], "Type": "GATE"}, {"Location": [["245.0", "83.1"], ["333.0", "83.1"], ["333.0", "90.0"], ["245.0", "90.0"]], "Type": "SD"}], "Module": "M9", "Boundary": [["239.6", "78.7"], ["338.4", "78.7"], ["338.4", "79.0"], ["354.6", "79.0"], ["354.6", "218.5"], ["239.6", "218.5"]], "Module_type": "GATE"}, {"Ports": [{"Location": [["170.0", "207.0"], ["190.5", "207.0"], ["190.5", "212.4"], ["170.0", "212.4"]], "Type": "SD"}, {"Location": [["155.6", "20.0"], ["204.9", "20.0"], ["204.9", "204.4"], ["155.6", "204.4"]], "Type": "GATE"}, {"Location": [["162.5", "25.9"], ["198.0", "25.9"], ["198.0", "32.0"], ["162.5", "32.0"]], "Type": "SD"}], "Module": "M5", "Boundary": [["155.6", "20.0"], ["204.9", "20.0"], ["204.9", "212.4"], ["155.6", "212.4"]], "Module_type": "GATE"}, {"Ports": [{"Location": [["253.7", "311.2"], ["322.8", "311.2"], ["322.8", "317.0"], ["253.7", "317.0"]], "Type": "SD"}, {"Location": [["239.6", "238.5"], ["336.9", "238.5"], ["336.9", "309.1"], ["239.6", "309.1"]], "Type": "GATE"}, {"Location": [["246.1", "244.0"], ["330.4", "244.0"], ["330.4", "250.3"], ["246.1", "250.3"]], "Type": "SD"}], "Module": "M11", "Boundary": [["239.6", "238.5"], ["336.9", "238.5"], ["336.9", "317.0"], ["239.6", "317.0"]], "Module_type": "GATE"}, {"Ports": [{"Location": [["342.8", "467.3"], ["347.2", "467.3"], ["347.2", "515.3"], ["342.8", "515.3"]], "Type": "SD"}, {"Location": [["430.9", "454.2"], ["430.9", "528.4"], ["348.7", "528.4"], ["348.7", "454.2"]], "Type": "GATE"}, {"Location": [["419.4", "460.5"], ["425.6", "460.5"], ["425.6", "522.1"], ["419.4", "522.1"]], "Type": "SD"}], "Module": "M1", "Boundary": [["430.9", "454.2"], ["430.9", "528.4"], ["342.8", "528.4"], ["342.8", "454.2"]], "Module_type": "GATE"}, {"Ports": [{"Location": [["374.6", "210.0"], ["378.8", "210.0"], ["378.8", "281.4"], ["374.6", "281.4"]], "Type": "SD"}, {"Location": [["553.1", "198.0"], ["553.1", "293.4"], ["380.3", "293.4"], ["380.3", "198.0"]], "Type": "GATE"}, {"Location": [["544.3", "203.4"], ["548.7", "203.4"], ["548.7", "288.0"], ["544.3", "288.0"]], "Type": "SD"}], "Module": "M6", "Boundary": [["553.1", "198.0"], ["553.1", "293.4"], ["374.6", "293.4"], ["374.6", "198.0"]], "Module_type": "GATE"}, {"Ports": [{"Location": [["495.5", "528.0"], ["538.3", "528.0"], ["538.3", "533.2"], ["495.5", "533.2"]], "Type": "SD"}, {"Location": [["480.9", "437.5"], ["552.9", "437.5"], ["552.9", "525.8"], ["480.9", "525.8"]], "Type": "GATE"}, {"Location": [["486.7", "442.3"], ["547.1", "442.3"], ["547.1", "449.7"], ["486.7", "449.7"]], "Type": "SD"}], "Module": "M2", "Boundary": [["480.9", "437.5"], ["552.9", "437.5"], ["552.9", "533.2"], ["480.9", "533.2"]], "Module_type": "GATE"}, {"Ports": [{"Location": [["150.7", "407.9"], ["206.6", "407.9"], ["206.6", "412.4"], ["150.7", "412.4"]], "Type": "SD"}, {"Location": [["137.7", "242.4"], ["203.4", "242.4"], ["203.4", "242.6"], ["219.6", "242.6"], ["219.6", "406.4"], ["137.7", "406.4"]], "Type": "GATE"}, {"Location": [["144.1", "247.8"], ["197.0", "247.8"], ["197.0", "253.1"], ["144.1", "253.1"]], "Type": "SD"}], "Module": "M16", "Boundary": [["137.7", "242.4"], ["203.4", "242.4"], ["203.4", "242.6"], ["219.6", "242.6"], ["219.6", "412.4"], ["137.7", "412.4"]], "Module_type": "GATE"}, {"Ports": [{"Location": [["234.9", "23.4"], ["239.1", "23.4"], ["239.1", "45.3"], ["234.9", "45.3"]], "Type": "SD"}, {"Location": [["355.3", "10.0"], ["355.3", "43.1"], ["355.2", "43.1"], ["355.2", "58.7"], ["242.0", "58.7"], ["242.0", "10.0"]], "Type": "GATE"}, {"Location": [["344.4", "16.4"], ["349.9", "16.4"], ["349.9", "36.7"], ["344.4", "36.7"]], "Type": "SD"}], "Module": "M13", "Boundary": [["355.3", "10.0"], ["355.3", "43.1"], ["355.2", "43.1"], ["355.2", "58.7"], ["234.9", "58.7"], ["234.9", "10.0"]], "Module_type": "GATE"}, {"Ports": [{"Location": [["239.6", "349.7"], ["245.0", "349.7"], ["245.0", "401.5"], ["239.6", "401.5"]], "Type": "SD"}, {"Location": [["343.9", "337.0"], ["343.9", "399.1"], ["343.6", "399.1"], ["343.6", "414.2"], ["246.6", "414.2"], ["246.6", "337.0"]], "Type": "GATE"}, {"Location": [["333.4", "342.1"], ["339.8", "342.1"], ["339.8", "394.0"], ["333.4", "394.0"]], "Type": "SD"}], "Module": "M10", "Boundary": [["343.9", "337.0"], ["343.9", "399.1"], ["343.6", "399.1"], ["343.6", "414.2"], ["239.6", "414.2"], ["239.6", "337.0"]], "Module_type": "GATE"}, {"Ports": [{"Location": [["36.2", "172.5"], ["99.4", "172.5"], ["99.4", "177.9"], ["36.2", "177.9"]], "Type": "SD"}, {"Location": [["20.0", "20.0"], ["115.6", "20.0"], ["115.6", "169.6"], ["20.0", "169.6"]], "Type": "GATE"}, {"Location": [["26.4", "25.4"], ["109.2", "25.4"], ["109.2", "33.1"], ["26.4", "33.1"]], "Type": "SD"}], "Module": "M7", "Boundary": [["20.0", "20.0"], ["115.6", "20.0"], ["115.6", "177.9"], ["20.0", "177.9"]], "Module_type": "GATE"}, {"Ports": [{"Location": [["10.0", "473.5"], ["14.9", "473.5"], ["14.9", "527.4"], ["10.0", "527.4"]], "Type": "SD"}, {"Location": [["153.8", "460.1"], ["153.8", "525.0"], ["153.6", "525.0"], ["153.6", "540.8"], ["17.0", "540.8"], ["17.0", "460.1"]], "Type": "GATE"}, {"Location": [["143.4", "465.4"], ["149.5", "465.4"], ["149.5", "519.7"], ["143.4", "519.7"]], "Type": "SD"}], "Module": "M3", "Boundary": [["153.8", "460.1"], ["153.8", "525.0"], ["153.6", "525.0"], ["153.6", "540.8"], ["10.0", "540.8"], ["10.0", "460.1"]], "Module_type": "GATE"}, {"Ports": [{"Location": [["375.3", "21.6"], ["379.3", "21.6"], ["379.3", "59.0"], ["375.3", "59.0"]], "Type": "SD"}, {"Location": [["557.5", "10.0"], ["557.5", "55.4"], ["557.5", "55.4"], ["557.5", "70.6"], ["381.5", "70.6"], ["381.5", "10.0"]], "Type": "GATE"}, {"Location": [["547.8", "15.0"], ["553.5", "15.0"], ["553.5", "50.4"], ["547.8", "50.4"]], "Type": "SD"}], "Module": "M15", "Boundary": [["557.5", "10.0"], ["557.5", "55.4"], ["557.5", "55.4"], ["557.5", "70.6"], ["375.3", "70.6"], ["375.3", "10.0"]], "Module_type": "GATE"}, {"Ports": [{"Location": [["363.9", "327.3"], ["369.1", "327.3"], ["369.1", "393.6"], ["363.9", "393.6"]], "Type": "SD"}, {"Location": [["573.6", "313.4"], ["573.6", "392.7"], ["573.4", "392.7"], ["573.4", "407.5"], ["371.7", "407.5"], ["371.7", "313.4"]], "Type": "GATE"}, {"Location": [["561.4", "320.4"], ["567.6", "320.4"], ["567.6", "385.7"], ["561.4", "385.7"]], "Type": "SD"}], "Module": "M12", "Boundary": [["573.6", "313.4"], ["573.6", "392.7"], ["573.4", "392.7"], ["573.4", "407.5"], ["363.9", "407.5"], ["363.9", "313.4"]], "Module_type": "GATE"}, {"Ports": [{"Location": [["385.3", "114.2"], ["390.1", "114.2"], ["390.1", "154.4"], ["385.3", "154.4"]], "Type": "SD"}, {"Location": [["539.0", "100.6"], ["539.0", "151.7"], ["538.8", "151.7"], ["538.8", "168.0"], ["391.2", "168.0"], ["391.2", "100.6"]], "Type": "GATE"}, {"Location": [["528.1", "106.6"], ["534.0", "106.6"], ["534.0", "145.7"], ["528.1", "145.7"]], "Type": "SD"}], "Module": "M8", "Boundary": [["539.0", "100.6"], ["539.0", "151.7"], ["538.8", "151.7"], ["538.8", "168.0"], ["385.3", "168.0"], ["385.3", "100.6"]], "Module_type": "GATE"}, {"Ports": [{"Location": [["33.7", "424.7"], ["94.0", "424.7"], ["94.0", "430.1"], ["33.7", "430.1"]], "Type": "SD"}, {"Location": [["20.0", "217.9"], ["90.2", "217.9"], ["90.2", "218.0"], ["107.7", "218.0"], ["107.7", "422.6"], ["20.0", "422.6"]], "Type": "GATE"}, {"Location": [["26.1", "223.0"], ["84.1", "223.0"], ["84.1", "228.8"], ["26.1", "228.8"]], "Type": "SD"}], "Module": "M4", "Boundary": [["20.0", "217.9"], ["90.2", "217.9"], ["90.2", "218.0"], ["107.7", "218.0"], ["107.7", "430.1"], ["20.0", "430.1"]], "Module_type": "GATE"}], "Area": [["-30.0", "-30.0"], ["613.6", "-30.0"], ["613.6", "580.8"], ["-30.0", "580.8"]], "Rules": ["GATE(5,5)", "SD(5,5)", "GATE_SD(0.5)", "GATE_ITO(0.5)", "SD_ITO(0.5)"]}