{"Modules": [{"Module": "M14", "Boundary": [["30.0", "30.0"], ["88.5", "30.0"], ["88.5", "30.3"], ["102.1", "30.3"], ["102.1", "237.5"], ["30.0", "237.5"]], "Module_type": "GATE", "Ports": [{"Location": [["42.6", "232.5"], ["89.5", "232.5"], ["89.5", "237.5"], ["42.6", "237.5"]], "Type": "SD"}, {"Location": [["30.0", "30.0"], ["88.5", "30.0"], ["88.5", "30.3"], ["102.1", "30.3"], ["102.1", "231.4"], ["30.0", "231.4"]], "Type": "GATE"}, {"Location": [["36.9", "35.9"], ["81.6", "35.9"], ["81.6", "40.7"], ["36.9", "40.7"]], "Type": "SD"}]}, {"Ports": [{"Location": [["313.5", "439.4"], ["357.7", "439.4"], ["357.7", "445.3"], ["313.5", "445.3"]], "Type": "SD"}, {"Location": [["300.1", "349.3"], ["352.7", "349.3"], ["352.7", "349.4"], ["371.1", "349.4"], ["371.1", "436.7"], ["300.1", "436.7"]], "Type": "GATE"}, {"Location": [["305.3", "353.5"], ["347.5", "353.5"], ["347.5", "359.6"], ["305.3", "359.6"]], "Type": "SD"}], "Module": "M9", "Boundary": [["300.1", "349.3"], ["352.7", "349.3"], ["352.7", "349.4"], ["371.1", "349.4"], ["371.1", "445.3"], ["300.1", "445.3"]], "Module_type": "GATE"}, {"Ports": [{"Location": [["152.1", "277.0"], ["156.1", "277.0"], ["156.1", "300.7"], ["152.1", "300.7"]], "Type": "SD"}, {"Location": [["280.8", "261.6"], ["280.8", "316.1"], ["158.6", "316.1"], ["158.6", "261.6"]], "Type": "GATE"}, {"Location": [["268.1", "268.3"], ["275.1", "268.3"], ["275.1", "309.4"], ["268.1", "309.4"]], "Type": "SD"}], "Module": "M5", "Boundary": [["280.8", "261.6"], ["280.8", "316.1"], ["152.1", "316.1"], ["152.1", "261.6"]], "Module_type": "GATE"}, {"Ports": [{"Location": [["10.0", "291.8"], ["15.9", "291.8"], ["15.9", "314.7"], ["10.0", "314.7"]], "Type": "SD"}, {"Location": [["79.1", "277.5"], ["79.1", "329.0"], ["17.5", "329.0"], ["17.5", "277.5"]], "Type": "GATE"}, {"Location": [["67.1", "284.4"], ["73.2", "284.4"], ["73.2", "322.1"], ["67.1", "322.1"]], "Type": "SD"}], "Module": "M11", "Boundary": [["79.1", "277.5"], ["79.1", "329.0"], ["10.0", "329.0"], ["10.0", "277.5"]], "Module_type": "GATE"}, {"Ports": [{"Location": [["443.0", "157.6"], ["448.0", "157.6"], ["448.0", "201.1"], ["443.0", "201.1"]], "Type": "SD"}, {"Location": [["654.3", "141.4"], ["654.3", "217.3"], ["450.5", "217.3"], ["450.5", "141.4"]], "Type": "GATE"}, {"Location": [["641.4", "148.2"], ["648.5", "148.2"], ["648.5", "210.5"], ["641.4", "210.5"]], "Type": "SD"}], "Module": "M1", "Boundary": [["654.3", "141.4"], ["654.3", "217.3"], ["443.0", "217.3"], ["443.0", "141.4"]], "Module_type": "GATE"}, {"Ports": [{"Location": [["391.1", "363.7"], ["396.7", "363.7"], ["396.7", "431.8"], ["391.1", "431.8"]], "Type": "SD"}, {"Location": [["541.0", "349.3"], ["541.0", "446.2"], ["398.6", "446.2"], ["398.6", "349.3"]], "Type": "GATE"}, {"Location": [["528.3", "356.2"], ["535.1", "356.2"], ["535.1", "439.3"], ["528.3", "439.3"]], "Type": "SD"}], "Module": "M6", "Boundary": [["541.0", "349.3"], ["541.0", "446.2"], ["391.1", "446.2"], ["391.1", "349.3"]], "Module_type": "GATE"}, {"Ports": [{"Location": [["33.7", "435.0"], ["122.9", "435.0"], ["122.9", "439.4"], ["33.7", "439.4"]], "Type": "SD"}, {"Location": [["20.0", "359.0"], ["120.0", "359.0"], ["120.0", "359.1"], ["136.6", "359.1"], ["136.6", "433.3"], ["20.0", "433.3"]], "Type": "GATE"}, {"Location": [["26.5", "364.5"], ["113.5", "364.5"], ["113.5", "369.5"], ["26.5", "369.5"]], "Type": "SD"}], "Module": "M2", "Boundary": [["20.0", "359.0"], ["120.0", "359.0"], ["120.0", "359.1"], ["136.6", "359.1"], ["136.6", "439.4"], ["20.0", "439.4"]], "Module_type": "GATE"}, {"Ports": [{"Location": [["310.8", "270.5"], ["315.7", "270.5"], ["315.7", "316.1"], ["310.8", "316.1"]], "Type": "SD"}, {"Location": [["457.5", "257.3"], ["457.5", "316.2"], ["457.4", "316.2"], ["457.4", "329.3"], ["318.4", "329.3"], ["318.4", "257.3"]], "Type": "GATE"}, {"Location": [["446.0", "263.6"], ["452.2", "263.6"], ["452.2", "309.9"], ["446.0", "309.9"]], "Type": "SD"}], "Module": "M16", "Boundary": [["457.5", "257.3"], ["457.5", "316.2"], ["457.4", "316.2"], ["457.4", "329.3"], ["310.8", "329.3"], ["310.8", "257.3"]], "Module_type": "GATE"}, {"Ports": [{"Location": [["423.0", "24.8"], ["428.5", "24.8"], ["428.5", "82.5"], ["423.0", "82.5"]], "Type": "SD"}, {"Location": [["532.6", "10.0"], ["532.6", "97.3"], ["430.4", "97.3"], ["430.4", "10.0"]], "Type": "GATE"}, {"Location": [["521.1", "16.4"], ["527.2", "16.4"], ["527.2", "90.9"], ["521.1", "90.9"]], "Type": "SD"}], "Module": "M13", "Boundary": [["532.6", "10.0"], ["532.6", "97.3"], ["423.0", "97.3"], ["423.0", "10.0"]], "Module_type": "GATE"}, {"Ports": [{"Location": [["142.1", "165.7"], ["146.4", "165.7"], ["146.4", "218.4"], ["142.1", "218.4"]], "Type": "SD"}, {"Location": [["306.4", "152.5"], ["306.4", "216.4"], ["306.4", "216.4"], ["306.4", "231.6"], ["148.4", "231.6"], ["148.4", "152.5"]], "Type": "GATE"}, {"Location": [["295.0", "158.8"], ["301.1", "158.8"], ["301.1", "210.1"], ["295.0", "210.1"]], "Type": "SD"}], "Module": "M10", "Boundary": [["306.4", "152.5"], ["306.4", "216.4"], ["306.4", "216.4"], ["306.4", "231.6"], ["142.1", "231.6"], ["142.1", "152.5"]], "Module_type": "GATE"}, {"Ports": [{"Location": [["152.1", "33.1"], ["156.4", "33.1"], ["156.4", "109.4"], ["152.1", "109.4"]], "Type": "SD"}, {"Location": [["309.7", "20.0"], ["309.7", "108.6"], ["309.6", "108.6"], ["309.6", "122.5"], ["159.3", "122.5"], ["159.3", "20.0"]], "Type": "GATE"}, {"Location": [["298.2", "26.7"], ["304.0", "26.7"], ["304.0", "101.9"], ["298.2", "101.9"]], "Type": "SD"}], "Module": "M7", "Boundary": [["309.7", "20.0"], ["309.7", "108.6"], ["309.6", "108.6"], ["309.6", "122.5"], ["152.1", "122.5"], ["152.1", "20.0"]], "Module_type": "GATE"}, {"Ports": [{"Location": [["477.5", "269.5"], ["482.4", "269.5"], ["482.4", "309.5"], ["477.5", "309.5"]], "Type": "SD"}, {"Location": [["663.1", "257.3"], ["663.1", "305.5"], ["663.0", "305.5"], ["663.0", "321.7"], ["484.9", "321.7"], ["484.9", "257.3"]], "Type": "GATE"}, {"Location": [["652.9", "262.9"], ["658.5", "262.9"], ["658.5", "299.9"], ["652.9", "299.9"]], "Type": "SD"}], "Module": "M3", "Boundary": [["663.1", "257.3"], ["663.1", "305.5"], ["663.0", "305.5"], ["663.0", "321.7"], ["477.5", "321.7"], ["477.5", "257.3"]], "Module_type": "GATE"}, {"Ports": [{"Location": [["353.0", "207.0"], ["389.7", "207.0"], ["389.7", "212.9"], ["353.0", "212.9"]], "Type": "SD"}, {"Location": [["339.7", "10.0"], ["403.0", "10.0"], ["403.0", "205.6"], ["339.7", "205.6"]], "Type": "GATE"}, {"Location": [["344.9", "14.2"], ["397.8", "14.2"], ["397.8", "20.9"], ["344.9", "20.9"]], "Type": "SD"}], "Module": "M15", "Boundary": [["339.7", "10.0"], ["403.0", "10.0"], ["403.0", "212.9"], ["339.7", "212.9"]], "Module_type": "GATE"}, {"Ports": [{"Location": [["552.6", "22.1"], ["557.6", "22.1"], ["557.6", "89.3"], ["552.6", "89.3"]], "Type": "SD"}, {"Location": [["666.1", "10.0"], ["666.1", "86.2"], ["665.9", "86.2"], ["665.9", "101.4"], ["559.9", "101.4"], ["559.9", "10.0"]], "Type": "GATE"}, {"Location": [["656.2", "15.3"], ["661.8", "15.3"], ["661.8", "80.9"], ["656.2", "80.9"]], "Type": "SD"}], "Module": "M12", "Boundary": [["666.1", "10.0"], ["666.1", "86.2"], ["665.9", "86.2"], ["665.9", "101.4"], ["552.6", "101.4"], ["552.6", "10.0"]], "Module_type": "GATE"}, {"Ports": [{"Location": [["571.0", "367.0"], ["576.6", "367.0"], ["576.6", "424.2"], ["571.0", "424.2"]], "Type": "SD"}, {"Location": [["664.0", "351.7"], ["664.0", "439.5"], ["578.6", "439.5"], ["578.6", "351.7"]], "Type": "GATE"}, {"Location": [["651.7", "358.4"], ["658.3", "358.4"], ["658.3", "432.8"], ["651.7", "432.8"]], "Type": "SD"}], "Module": "M8", "Boundary": [["664.0", "351.7"], ["664.0", "439.5"], ["571.0", "439.5"], ["571.0", "351.7"]], "Module_type": "GATE"}, {"Ports": [{"Location": [["176.6", "369.0"], ["182.6", "369.0"], ["182.6", "426.4"], ["176.6", "426.4"]], "Type": "SD"}, {"Location": [["270.1", "356.1"], ["270.1", "439.3"], ["184.8", "439.3"], ["184.8", "356.1"]], "Type": "GATE"}, {"Location": [["258.9", "362.1"], ["265.1", "362.1"], ["265.1", "433.3"], ["258.9", "433.3"]], "Type": "SD"}], "Module": "M4", "Boundary": [["270.1", "356.1"], ["270.1", "439.3"], ["176.6", "439.3"], ["176.6", "356.1"]], "Module_type": "GATE"}], "Area": [["-30.0", "-30.0"], ["706.1", "-30.0"], ["706.1", "486.2"], ["-30.0", "486.2"]], "Rules": ["GATE(5,5)", "SD(5,5)", "GATE_SD(0.5)", "GATE_ITO(0.5)", "SD_ITO(0.5)"]}