{"Modules": [{"Module": "M14", "Boundary": [["300.2", "747.4"], ["362.5", "747.4"], ["362.5", "747.5"], ["377.3", "747.5"], ["377.3", "907.5"], ["300.2", "907.5"]], "Module_type": "GATE", "Ports": [{"Location": [["312.9", "902.0"], ["364.6", "902.0"], ["364.6", "907.5"], ["312.9", "907.5"]], "Type": "SD"}, {"Location": [["300.2", "747.4"], ["362.5", "747.4"], ["362.5", "747.5"], ["377.3", "747.5"], ["377.3", "900.7"], ["300.2", "900.7"]], "Type": "GATE"}, {"Location": [["306.5", "752.7"], ["356.2", "752.7"], ["356.2", "758.0"], ["306.5", "758.0"]], "Type": "SD"}]}, {"Ports": [{"Location": [["10.0", "854.7"], ["15.1", "854.7"], ["15.1", "920.5"], ["10.0", "920.5"]], "Type": "SD"}, {"Location": [["231.6", "842.4"], ["231.6", "932.8"], ["16.6", "932.8"], ["16.6", "842.4"]], "Type": "GATE"}, {"Location": [["221.8", "848.2"], ["226.8", "848.2"], ["226.8", "927.0"], ["221.8", "927.0"]], "Type": "SD"}], "Module": "M9", "Boundary": [["231.6", "842.4"], ["231.6", "932.8"], ["10.0", "932.8"], ["10.0", "842.4"]], "Module_type": "GATE"}, {"Ports": [{"Location": [["274.0", "33.1"], ["279.8", "33.1"], ["279.8", "87.8"], ["274.0", "87.8"]], "Type": "SD"}, {"Location": [["393.5", "20.0"], ["393.5", "100.9"], ["282.2", "100.9"], ["282.2", "20.0"]], "Type": "GATE"}, {"Location": [["382.9", "26.0"], ["388.5", "26.0"], ["388.5", "94.9"], ["382.9", "94.9"]], "Type": "SD"}], "Module": "M5", "Boundary": [["393.5", "20.0"], ["393.5", "100.9"], ["274.0", "100.9"], ["274.0", "20.0"]], "Module_type": "GATE"}, {"Ports": [{"Location": [["237.2", "681.1"], ["309.3", "681.1"], ["309.3", "685.7"], ["237.2", "685.7"]], "Type": "SD"}, {"Location": [["224.1", "505.8"], ["306.3", "505.8"], ["306.3", "505.9"], ["322.4", "505.9"], ["322.4", "679.4"], ["224.1", "679.4"]], "Type": "GATE"}, {"Location": [["231.0", "511.7"], ["299.4", "511.7"], ["299.4", "516.3"], ["231.0", "516.3"]], "Type": "SD"}], "Module": "M11", "Boundary": [["224.1", "505.8"], ["306.3", "505.8"], ["306.3", "505.9"], ["322.4", "505.9"], ["322.4", "685.7"], ["224.1", "685.7"]], "Module_type": "GATE"}, {"Ports": [{"Location": [["43.5", "444.6"], ["87.3", "444.6"], ["87.3", "450.2"], ["43.5", "450.2"]], "Type": "SD"}, {"Location": [["30.0", "263.0"], ["100.8", "263.0"], ["100.8", "441.8"], ["30.0", "441.8"]], "Type": "GATE"}, {"Location": [["35.5", "267.5"], ["95.3", "267.5"], ["95.3", "273.6"], ["35.5", "273.6"]], "Type": "SD"}], "Module": "M1", "Boundary": [["30.0", "263.0"], ["100.8", "263.0"], ["100.8", "450.2"], ["30.0", "450.2"]], "Module_type": "GATE"}, {"Ports": [{"Location": [["157.5", "159.5"], ["230.3", "159.5"], ["230.3", "164.7"], ["157.5", "164.7"]], "Type": "SD"}, {"Location": [["143.8", "10.0"], ["244.0", "10.0"], ["244.0", "157.9"], ["143.8", "157.9"]], "Type": "GATE"}, {"Location": [["149.3", "14.5"], ["238.5", "14.5"], ["238.5", "21.0"], ["149.3", "21.0"]], "Type": "SD"}], "Module": "M6", "Boundary": [["143.8", "10.0"], ["244.0", "10.0"], ["244.0", "164.7"], ["143.8", "164.7"]], "Module_type": "GATE"}, {"Ports": [{"Location": [["149.8", "729.2"], ["155.7", "729.2"], ["155.7", "796.8"], ["149.8", "796.8"]], "Type": "SD"}, {"Location": [["250.2", "715.7"], ["250.2", "810.3"], ["157.8", "810.3"], ["157.8", "715.7"]], "Type": "GATE"}, {"Location": [["239.1", "721.2"], ["245.7", "721.2"], ["245.7", "804.8"], ["239.1", "804.8"]], "Type": "SD"}], "Module": "M2", "Boundary": [["250.2", "715.7"], ["250.2", "810.3"], ["149.8", "810.3"], ["149.8", "715.7"]], "Module_type": "GATE"}, {"Ports": [{"Location": [["143.8", "299.4"], ["148.4", "299.4"], ["148.4", "323.3"], ["143.8", "323.3"]], "Type": "SD"}, {"Location": [["369.6", "285.4"], ["369.6", "337.3"], ["151.0", "337.3"], ["151.0", "285.4"]], "Type": "GATE"}, {"Location": [["358.3", "291.7"], ["364.3", "291.7"], ["364.3", "331.0"], ["358.3", "331.0"]], "Type": "SD"}], "Module": "M16", "Boundary": [["369.6", "285.4"], ["369.6", "337.3"], ["143.8", "337.3"], ["143.8", "285.4"]], "Module_type": "GATE"}, {"Ports": [{"Location": [["22.8", "816.7"], ["107.0", "816.7"], ["107.0", "822.4"], ["22.8", "822.4"]], "Type": "SD"}, {"Location": [["10.0", "632.3"], ["119.8", "632.3"], ["119.8", "814.2"], ["10.0", "814.2"]], "Type": "GATE"}, {"Location": [["15.9", "637.2"], ["113.9", "637.2"], ["113.9", "643.1"], ["15.9", "643.1"]], "Type": "SD"}], "Module": "M13", "Boundary": [["10.0", "632.3"], ["119.8", "632.3"], ["119.8", "822.4"], ["10.0", "822.4"]], "Module_type": "GATE"}, {"Ports": [{"Location": [["355.2", "702.1"], ["390.9", "702.1"], ["390.9", "707.4"], ["355.2", "707.4"]], "Type": "SD"}, {"Location": [["342.4", "505.8"], ["389.1", "505.8"], ["389.1", "505.9"], ["403.7", "505.9"], ["403.7", "699.5"], ["342.4", "699.5"]], "Type": "GATE"}, {"Location": [["347.6", "510.0"], ["383.9", "510.0"], ["383.9", "516.8"], ["347.6", "516.8"]], "Type": "SD"}], "Module": "M10", "Boundary": [["342.4", "505.8"], ["389.1", "505.8"], ["389.1", "505.9"], ["403.7", "505.9"], ["403.7", "707.4"], ["342.4", "707.4"]], "Module_type": "GATE"}, {"Ports": [{"Location": [["153.8", "381.8"], ["159.8", "381.8"], ["159.8", "461.3"], ["153.8", "461.3"]], "Type": "SD"}, {"Location": [["343.9", "367.3"], ["343.9", "457.7"], ["343.6", "457.7"], ["343.6", "475.8"], ["162.3", "475.8"], ["162.3", "367.3"]], "Type": "GATE"}, {"Location": [["332.5", "373.2"], ["339.0", "373.2"], ["339.0", "451.8"], ["332.5", "451.8"]], "Type": "SD"}], "Module": "M7", "Boundary": [["343.9", "367.3"], ["343.9", "457.7"], ["343.6", "457.7"], ["343.6", "475.8"], ["153.8", "475.8"], ["153.8", "367.3"]], "Module_type": "GATE"}, {"Ports": [{"Location": [["26.4", "607.6"], ["90.0", "607.6"], ["90.0", "612.3"], ["26.4", "612.3"]], "Type": "SD"}, {"Location": [["10.0", "490.2"], ["106.4", "490.2"], ["106.4", "606.5"], ["10.0", "606.5"]], "Type": "GATE"}, {"Location": [["16.6", "495.8"], ["99.8", "495.8"], ["99.8", "503.6"], ["16.6", "503.6"]], "Type": "SD"}], "Module": "M3", "Boundary": [["10.0", "490.2"], ["106.4", "490.2"], ["106.4", "612.3"], ["10.0", "612.3"]], "Module_type": "GATE"}, {"Ports": [{"Location": [["143.8", "199.0"], ["148.4", "199.0"], ["148.4", "251.1"], ["143.8", "251.1"]], "Type": "SD"}, {"Location": [["293.3", "184.7"], ["293.3", "250.2"], ["293.1", "250.2"], ["293.1", "265.4"], ["151.1", "265.4"], ["151.1", "184.7"]], "Type": "GATE"}, {"Location": [["281.3", "191.1"], ["287.9", "191.1"], ["287.9", "243.8"], ["281.3", "243.8"]], "Type": "SD"}], "Module": "M15", "Boundary": [["293.3", "184.7"], ["293.3", "250.2"], ["293.1", "250.2"], ["293.1", "265.4"], ["143.8", "265.4"], ["143.8", "184.7"]], "Module_type": "GATE"}, {"Ports": [{"Location": [["138.9", "600.4"], ["191.6", "600.4"], ["191.6", "605.8"], ["138.9", "605.8"]], "Type": "SD"}, {"Location": [["126.4", "505.8"], ["188.8", "505.8"], ["188.8", "505.8"], ["204.1", "505.8"], ["204.1", "598.1"], ["126.4", "598.1"]], "Type": "GATE"}, {"Location": [["131.7", "510.1"], ["183.5", "510.1"], ["183.5", "515.7"], ["131.7", "515.7"]], "Type": "SD"}], "Module": "M12", "Boundary": [["126.4", "505.8"], ["188.8", "505.8"], ["188.8", "505.8"], ["204.1", "505.8"], ["204.1", "605.8"], ["126.4", "605.8"]], "Module_type": "GATE"}, {"Ports": [{"Location": [["34.9", "208.4"], ["98.9", "208.4"], ["98.9", "213.0"], ["34.9", "213.0"]], "Type": "SD"}, {"Location": [["20.0", "20.0"], ["95.1", "20.0"], ["95.1", "20.3"], ["113.8", "20.3"], ["113.8", "206.9"], ["20.0", "206.9"]], "Type": "GATE"}, {"Location": [["25.6", "24.6"], ["89.5", "24.6"], ["89.5", "31.9"], ["25.6", "31.9"]], "Type": "SD"}], "Module": "M8", "Boundary": [["20.0", "20.0"], ["95.1", "20.0"], ["95.1", "20.3"], ["113.8", "20.3"], ["113.8", "213.0"], ["20.0", "213.0"]], "Module_type": "GATE"}, {"Ports": [{"Location": [["336.9", "247.1"], ["377.5", "247.1"], ["377.5", "252.1"], ["336.9", "252.1"]], "Type": "SD"}, {"Location": [["323.3", "140.9"], ["374.1", "140.9"], ["374.1", "141.2"], ["391.1", "141.2"], ["391.1", "244.9"], ["323.3", "244.9"]], "Type": "GATE"}, {"Location": [["329.1", "145.7"], ["368.3", "145.7"], ["368.3", "151.0"], ["329.1", "151.0"]], "Type": "SD"}], "Module": "M4", "Boundary": [["323.3", "140.9"], ["374.1", "140.9"], ["374.1", "141.2"], ["391.1", "141.2"], ["391.1", "252.1"], ["323.3", "252.1"]], "Module_type": "GATE"}], "Area": [["-30.0", "-30.0"], ["443.7", "-30.0"], ["443.7", "972.8"], ["-30.0", "972.8"]], "Rules": ["GATE(5,5)", "SD(5,5)", "GATE_SD(0.5)", "GATE_ITO(0.5)", "SD_ITO(0.5)"]}