{"Modules": [{"Module": "M14", "Boundary": [["381.4", "271.6"], ["381.4", "348.6"], ["266.8", "348.6"], ["266.8", "271.6"]], "Module_type": "GATE", "Ports": [{"Location": [["266.8", "289.0"], ["271.6", "289.0"], ["271.6", "331.2"], ["266.8", "331.2"]], "Type": "SD"}, {"Location": [["381.4", "271.6"], ["381.4", "348.6"], ["273.7", "348.6"], ["273.7", "271.6"]], "Type": "GATE"}, {"Location": [["367.4", "278.6"], ["375.4", "278.6"], ["375.4", "341.6"], ["367.4", "341.6"]], "Type": "SD"}]}, {"Ports": [{"Location": [["10.0", "22.6"], ["15.7", "22.6"], ["15.7", "91.8"], ["10.0", "91.8"]], "Type": "SD"}, {"Location": [["91.1", "10.0"], ["91.1", "104.4"], ["18.2", "104.4"], ["18.2", "10.0"]], "Type": "GATE"}, {"Location": [["80.5", "15.3"], ["86.8", "15.3"], ["86.8", "99.1"], ["80.5", "99.1"]], "Type": "SD"}], "Module": "M9", "Boundary": [["91.1", "10.0"], ["91.1", "104.4"], ["10.0", "104.4"], ["10.0", "10.0"]], "Module_type": "GATE"}, {"Ports": [{"Location": [["440.5", "31.9"], ["446.0", "31.9"], ["446.0", "83.4"], ["440.5", "83.4"]], "Type": "SD"}, {"Location": [["575.8", "20.0"], ["575.8", "80.6"], ["575.6", "80.6"], ["575.6", "95.3"], ["447.8", "95.3"], ["447.8", "20.0"]], "Type": "GATE"}, {"Location": [["565.8", "25.5"], ["571.3", "25.5"], ["571.3", "75.1"], ["565.8", "75.1"]], "Type": "SD"}], "Module": "M5", "Boundary": [["575.8", "20.0"], ["575.8", "80.6"], ["575.6", "80.6"], ["575.6", "95.3"], ["440.5", "95.3"], ["440.5", "20.0"]], "Module_type": "GATE"}, {"Ports": [{"Location": [["430.5", "136.2"], ["434.9", "136.2"], ["434.9", "171.4"], ["430.5", "171.4"]], "Type": "SD"}, {"Location": [["538.7", "125.3"], ["538.7", "182.3"], ["436.3", "182.3"], ["436.3", "125.3"]], "Type": "GATE"}, {"Location": [["529.4", "130.4"], ["534.6", "130.4"], ["534.6", "177.2"], ["529.4", "177.2"]], "Type": "SD"}], "Module": "M11", "Boundary": [["538.7", "125.3"], ["538.7", "182.3"], ["430.5", "182.3"], ["430.5", "125.3"]], "Module_type": "GATE"}, {"Ports": [{"Location": [["450.5", "262.5"], ["455.1", "262.5"], ["455.1", "332.7"], ["450.5", "332.7"]], "Type": "SD"}, {"Location": [["654.7", "248.8"], ["654.7", "346.4"], ["456.1", "346.4"], ["456.1", "248.8"]], "Type": "GATE"}, {"Location": [["643.5", "254.4"], ["650.1", "254.4"], ["650.1", "340.8"], ["643.5", "340.8"]], "Type": "SD"}], "Module": "M1", "Boundary": [["654.7", "248.8"], ["654.7", "346.4"], ["450.5", "346.4"], ["450.5", "248.8"]], "Module_type": "GATE"}, {"Ports": [{"Location": [["558.7", "137.1"], ["562.8", "137.1"], ["562.8", "197.0"], ["558.7", "197.0"]], "Type": "SD"}, {"Location": [["765.6", "125.3"], ["765.6", "208.8"], ["564.7", "208.8"], ["564.7", "125.3"]], "Type": "GATE"}, {"Location": [["755.4", "131.5"], ["760.4", "131.5"], ["760.4", "202.6"], ["755.4", "202.6"]], "Type": "SD"}], "Module": "M6", "Boundary": [["765.6", "125.3"], ["765.6", "208.8"], ["558.7", "208.8"], ["558.7", "125.3"]], "Module_type": "GATE"}, {"Ports": [{"Location": [["20.0", "296.4"], ["25.7", "296.4"], ["25.7", "336.8"], ["20.0", "336.8"]], "Type": "SD"}, {"Location": [["216.8", "279.7"], ["216.8", "353.5"], ["27.0", "353.5"], ["27.0", "279.7"]], "Type": "GATE"}, {"Location": [["203.5", "286.7"], ["210.8", "286.7"], ["210.8", "346.5"], ["203.5", "346.5"]], "Type": "SD"}], "Module": "M2", "Boundary": [["216.8", "279.7"], ["216.8", "353.5"], ["20.0", "353.5"], ["20.0", "279.7"]], "Module_type": "GATE"}, {"Ports": [{"Location": [["223.5", "152.6"], ["229.3", "152.6"], ["229.3", "217.5"], ["223.5", "217.5"]], "Type": "SD"}, {"Location": [["393.7", "138.5"], ["393.7", "216.9"], ["393.3", "216.9"], ["393.3", "231.6"], ["231.5", "231.6"], ["231.5", "138.5"]], "Type": "GATE"}, {"Location": [["382.2", "145.1"], ["388.1", "145.1"], ["388.1", "210.3"], ["382.2", "210.3"]], "Type": "SD"}], "Module": "M16", "Boundary": [["393.7", "138.5"], ["393.7", "216.9"], ["393.3", "216.9"], ["393.3", "231.6"], ["223.5", "231.6"], ["223.5", "138.5"]], "Module_type": "GATE"}, {"Ports": [{"Location": [["706.9", "362.8"], ["754.1", "362.8"], ["754.1", "367.4"], ["706.9", "367.4"]], "Type": "SD"}, {"Location": [["694.7", "228.8"], ["752.6", "228.8"], ["752.6", "229.2"], ["766.3", "229.2"], ["766.3", "360.8"], ["694.7", "360.8"]], "Type": "GATE"}, {"Location": [["700.4", "233.5"], ["746.9", "233.5"], ["746.9", "238.9"], ["700.4", "238.9"]], "Type": "SD"}], "Module": "M13", "Boundary": [["694.7", "228.8"], ["752.6", "228.8"], ["752.6", "229.2"], ["766.3", "229.2"], ["766.3", "367.4"], ["694.7", "367.4"]], "Module_type": "GATE"}, {"Ports": [{"Location": [["605.8", "22.7"], ["611.8", "22.7"], ["611.8", "89.7"], ["605.8", "89.7"]], "Type": "SD"}, {"Location": [["767.9", "10.0"], ["767.9", "102.4"], ["614.0", "102.4"], ["614.0", "10.0"]], "Type": "GATE"}, {"Location": [["757.3", "17.0"], ["761.9", "17.0"], ["761.9", "95.4"], ["757.3", "95.4"]], "Type": "SD"}], "Module": "M10", "Boundary": [["767.9", "10.0"], ["767.9", "102.4"], ["605.8", "102.4"], ["605.8", "10.0"]], "Module_type": "GATE"}, {"Ports": [{"Location": [["233.5", "35.0"], ["238.1", "35.0"], ["238.1", "93.5"], ["233.5", "93.5"]], "Type": "SD"}, {"Location": [["400.5", "20.0"], ["400.5", "91.3"], ["400.3", "91.3"], ["400.3", "108.5"], ["240.7", "108.5"], ["240.7", "20.0"]], "Type": "GATE"}, {"Location": [["388.3", "26.7"], ["394.8", "26.7"], ["394.8", "84.6"], ["388.3", "84.6"]], "Type": "SD"}], "Module": "M7", "Boundary": [["400.5", "20.0"], ["400.5", "91.3"], ["400.3", "91.3"], ["400.3", "108.5"], ["233.5", "108.5"], ["233.5", "20.0"]], "Module_type": "GATE"}, {"Ports": [{"Location": [["786.3", "170.7"], ["790.9", "170.7"], ["790.9", "218.2"], ["786.3", "218.2"]], "Type": "SD"}, {"Location": [["915.5", "158.2"], ["915.5", "230.7"], ["793.5", "230.7"], ["793.5", "158.2"]], "Type": "GATE"}, {"Location": [["905.0", "163.9"], ["910.8", "163.9"], ["910.8", "225.0"], ["905.0", "225.0"]], "Type": "SD"}], "Module": "M3", "Boundary": [["915.5", "158.2"], ["915.5", "230.7"], ["786.3", "230.7"], ["786.3", "158.2"]], "Module_type": "GATE"}, {"Ports": [{"Location": [["786.3", "263.6"], ["791.4", "263.6"], ["791.4", "353.0"], ["786.3", "353.0"]], "Type": "SD"}, {"Location": [["918.4", "250.7"], ["918.4", "365.9"], ["792.8", "365.9"], ["792.8", "250.7"]], "Type": "GATE"}, {"Location": [["908.7", "256.8"], ["913.3", "256.8"], ["913.3", "359.8"], ["908.7", "359.8"]], "Type": "SD"}], "Module": "M15", "Boundary": [["918.4", "250.7"], ["918.4", "365.9"], ["786.3", "365.9"], ["786.3", "250.7"]], "Module_type": "GATE"}, {"Ports": [{"Location": [["10.0", "158.8"], ["14.5", "158.8"], ["14.5", "237.4"], ["10.0", "237.4"]], "Type": "SD"}, {"Location": [["201.5", "146.5"], ["201.5", "235.2"], ["201.2", "235.2"], ["201.2", "249.7"], ["16.6", "249.7"], ["16.6", "146.5"]], "Type": "GATE"}, {"Location": [["191.5", "152.5"], ["196.5", "152.5"], ["196.5", "229.2"], ["191.5", "229.2"]], "Type": "SD"}], "Module": "M12", "Boundary": [["201.5", "146.5"], ["201.5", "235.2"], ["201.2", "235.2"], ["201.2", "249.7"], ["10.0", "249.7"], ["10.0", "146.5"]], "Module_type": "GATE"}, {"Ports": [{"Location": [["121.1", "34.6"], ["125.6", "34.6"], ["125.6", "101.9"], ["121.1", "101.9"]], "Type": "SD"}, {"Location": [["193.5", "20.0"], ["193.5", "101.2"], ["193.0", "101.2"], ["193.0", "116.5"], ["128.2", "116.5"], ["128.2", "20.0"]], "Type": "GATE"}, {"Location": [["181.6", "26.9"], ["187.6", "26.9"], ["187.6", "94.3"], ["181.6", "94.3"]], "Type": "SD"}], "Module": "M8", "Boundary": [["193.5", "20.0"], ["193.5", "101.2"], ["193.0", "101.2"], ["193.0", "116.5"], ["121.1", "116.5"], ["121.1", "20.0"]], "Module_type": "GATE"}], "Area": [["-30.0", "-30.0"], ["958.4", "-30.0"], ["958.4", "407.4"], ["-30.0", "407.4"]], "Rules": ["GATE(5,5)", "SD(5,5)", "GATE_SD(0.5)", "GATE_ITO(0.5)", "SD_ITO(0.5)"]}