{"Modules": [{"Module": "M14", "Boundary": [["154.3", "30.0"], ["212.0", "30.0"], ["212.0", "65.6"], ["228.7", "65.6"], ["228.7", "116.7"], ["154.3", "116.7"]], "Module_type": "GATE", "Ports": [{"Location": [["170.5", "111.7"], ["212.5", "111.7"], ["212.5", "116.7"], ["170.5", "116.7"]], "Type": "SD"}, {"Location": [["154.3", "30.0"], ["212.0", "30.0"], ["212.0", "65.6"], ["228.7", "65.6"], ["228.7", "108.7"], ["154.3", "108.7"]], "Type": "GATE"}, {"Location": [["161.3", "36.0"], ["204.0", "36.0"], ["204.0", "43.1"], ["161.3", "43.1"]], "Type": "SD"}]}, {"Ports": [{"Location": [["727.9", "365.5"], ["821.5", "365.5"], ["821.5", "370.6"], ["727.9", "370.6"]], "Type": "SD"}, {"Location": [["712.2", "164.4"], ["819.9", "164.4"], ["819.9", "164.9"], ["837.2", "164.9"], ["837.2", "363.2"], ["712.2", "363.2"]], "Type": "GATE"}, {"Location": [["719.2", "170.4"], ["812.9", "170.4"], ["812.9", "177.4"], ["719.2", "177.4"]], "Type": "SD"}], "Module": "M9", "Boundary": [["712.2", "164.4"], ["819.9", "164.4"], ["819.9", "164.9"], ["837.2", "164.9"], ["837.2", "370.6"], ["712.2", "370.6"]], "Module_type": "GATE"}, {"Ports": [{"Location": [["1041.6", "229.0"], ["1065.1", "229.0"], ["1065.1", "234.3"], ["1041.6", "234.3"]], "Type": "SD"}, {"Location": [["1027.7", "20.0"], ["1063.2", "20.0"], ["1063.2", "20.0"], ["1079.0", "20.0"], ["1079.0", "226.4"], ["1027.7", "226.4"]], "Type": "GATE"}, {"Location": [["1034.1", "25.4"], ["1056.8", "25.4"], ["1056.8", "32.2"], ["1034.1", "32.2"]], "Type": "SD"}], "Module": "M5", "Boundary": [["1027.7", "20.0"], ["1063.2", "20.0"], ["1063.2", "20.0"], ["1079.0", "20.0"], ["1079.0", "234.3"], ["1027.7", "234.3"]], "Module_type": "GATE"}, {"Ports": [{"Location": [["182.3", "305.2"], ["235.1", "305.2"], ["235.1", "310.1"], ["182.3", "310.1"]], "Type": "SD"}, {"Location": [["169.8", "156.7"], ["232.6", "156.7"], ["232.6", "156.8"], ["247.6", "156.8"], ["247.6", "302.4"], ["169.8", "302.4"]], "Type": "GATE"}, {"Location": [["176.2", "162.1"], ["226.2", "162.1"], ["226.2", "167.5"], ["176.2", "167.5"]], "Type": "SD"}], "Module": "M11", "Boundary": [["169.8", "156.7"], ["232.6", "156.7"], ["232.6", "156.8"], ["247.6", "156.8"], ["247.6", "310.1"], ["169.8", "310.1"]], "Module_type": "GATE"}, {"Ports": [{"Location": [["430.4", "213.7"], ["508.0", "213.7"], ["508.0", "218.0"], ["430.4", "218.0"]], "Type": "SD"}, {"Location": [["416.2", "30.0"], ["522.2", "30.0"], ["522.2", "212.6"], ["416.2", "212.6"]], "Type": "GATE"}, {"Location": [["422.1", "34.9"], ["516.3", "34.9"], ["516.3", "41.2"], ["422.1", "41.2"]], "Type": "SD"}], "Module": "M1", "Boundary": [["416.2", "30.0"], ["522.2", "30.0"], ["522.2", "218.0"], ["416.2", "218.0"]], "Module_type": "GATE"}, {"Ports": [{"Location": [["712.2", "23.7"], ["717.7", "23.7"], ["717.7", "130.7"], ["712.2", "130.7"]], "Type": "SD"}, {"Location": [["781.4", "10.0"], ["781.4", "126.6"], ["777.2", "126.6"], ["777.2", "144.4"], ["719.4", "144.4"], ["719.4", "10.0"]], "Type": "GATE"}, {"Location": [["771.1", "15.2"], ["777.2", "15.2"], ["777.2", "119.4"], ["771.1", "119.4"]], "Type": "SD"}], "Module": "M6", "Boundary": [["781.4", "10.0"], ["781.4", "126.6"], ["777.2", "126.6"], ["777.2", "144.4"], ["712.2", "144.4"], ["712.2", "10.0"]], "Module_type": "GATE"}, {"Ports": [{"Location": [["867.2", "287.5"], ["871.2", "287.5"], ["871.2", "347.5"], ["867.2", "347.5"]], "Type": "SD"}, {"Location": [["1073.8", "274.3"], ["1073.8", "344.2"], ["1018.1", "344.2"], ["1018.1", "360.7"], ["873.5", "360.7"], ["873.5", "274.3"]], "Type": "GATE"}, {"Location": [["1063.7", "279.9"], ["1069.2", "279.9"], ["1069.2", "337.6"], ["1063.7", "337.6"]], "Type": "SD"}], "Module": "M2", "Boundary": [["1073.8", "274.3"], ["1073.8", "344.2"], ["1018.1", "344.2"], ["1018.1", "360.7"], ["867.2", "360.7"], ["867.2", "274.3"]], "Module_type": "GATE"}, {"Ports": [{"Location": [["801.4", "24.3"], ["805.7", "24.3"], ["805.7", "115.1"], ["801.4", "115.1"]], "Type": "SD"}, {"Location": [["997.7", "10.0"], ["997.7", "113.7"], ["945.1", "113.7"], ["945.1", "129.4"], ["807.6", "129.4"], ["807.6", "10.0"]], "Type": "GATE"}, {"Location": [["986.0", "17.0"], ["991.7", "17.0"], ["991.7", "105.7"], ["986.0", "105.7"]], "Type": "SD"}], "Module": "M16", "Boundary": [["997.7", "10.0"], ["997.7", "113.7"], ["945.1", "113.7"], ["945.1", "129.4"], ["801.4", "129.4"], ["801.4", "10.0"]], "Module_type": "GATE"}, {"Ports": [{"Location": [["10.0", "265.5"], ["15.2", "265.5"], ["15.2", "343.2"], ["10.0", "343.2"]], "Type": "SD"}, {"Location": [["149.8", "248.4"], ["149.8", "342.4"], ["149.7", "342.4"], ["149.7", "360.3"], ["17.1", "360.3"], ["17.1", "248.4"]], "Type": "GATE"}, {"Location": [["136.1", "255.4"], ["143.8", "255.4"], ["143.8", "335.4"], ["136.1", "335.4"]], "Type": "SD"}], "Module": "M13", "Boundary": [["149.8", "248.4"], ["149.8", "342.4"], ["149.7", "342.4"], ["149.7", "360.3"], ["10.0", "360.3"], ["10.0", "248.4"]], "Module_type": "GATE"}, {"Ports": [{"Location": [["268.7", "271.6"], ["273.2", "271.6"], ["273.2", "357.3"], ["268.7", "357.3"]], "Type": "SD"}, {"Location": [["497.5", "258.0"], ["497.5", "356.2"], ["416.2", "356.2"], ["416.2", "370.9"], ["275.0", "370.9"], ["275.0", "258.0"]], "Type": "GATE"}, {"Location": [["486.0", "263.8"], ["492.7", "263.8"], ["492.7", "349.4"], ["486.0", "349.4"]], "Type": "SD"}], "Module": "M10", "Boundary": [["497.5", "258.0"], ["497.5", "356.2"], ["416.2", "356.2"], ["416.2", "370.9"], ["268.7", "370.9"], ["268.7", "258.0"]], "Module_type": "GATE"}, {"Ports": [{"Location": [["34.0", "118.6"], ["90.3", "118.6"], ["90.3", "123.5"], ["34.0", "123.5"]], "Type": "SD"}, {"Location": [["20.0", "20.0"], ["88.1", "20.0"], ["88.1", "20.1"], ["104.3", "20.1"], ["104.3", "115.9"], ["20.0", "115.9"]], "Type": "GATE"}, {"Location": [["26.8", "25.8"], ["81.3", "25.8"], ["81.3", "31.3"], ["26.8", "31.3"]], "Type": "SD"}], "Module": "M7", "Boundary": [["20.0", "20.0"], ["88.1", "20.0"], ["88.1", "20.1"], ["104.3", "20.1"], ["104.3", "123.5"], ["20.0", "123.5"]], "Module_type": "GATE"}, {"Ports": [{"Location": [["10.0", "171.0"], ["14.8", "171.0"], ["14.8", "214.1"], ["10.0", "214.1"]], "Type": "SD"}, {"Location": [["128.4", "156.7"], ["128.4", "228.4"], ["17.0", "228.4"], ["17.0", "156.7"]], "Type": "GATE"}, {"Location": [["117.0", "163.3"], ["122.8", "163.3"], ["122.8", "221.8"], ["117.0", "221.8"]], "Type": "SD"}], "Module": "M3", "Boundary": [["128.4", "156.7"], ["128.4", "228.4"], ["10.0", "228.4"], ["10.0", "156.7"]], "Module_type": "GATE"}, {"Ports": [{"Location": [["517.5", "277.6"], ["522.1", "277.6"], ["522.1", "335.5"], ["517.5", "335.5"]], "Type": "SD"}, {"Location": [["672.3", "263.3"], ["672.3", "332.9"], ["672.1", "332.9"], ["672.1", "349.8"], ["523.6", "349.8"], ["523.6", "263.3"]], "Type": "GATE"}, {"Location": [["661.0", "270.1"], ["666.5", "270.1"], ["666.5", "326.1"], ["661.0", "326.1"]], "Type": "SD"}], "Module": "M15", "Boundary": [["672.3", "263.3"], ["672.3", "332.9"], ["672.1", "332.9"], ["672.1", "349.8"], ["517.5", "349.8"], ["517.5", "263.3"]], "Module_type": "GATE"}, {"Ports": [{"Location": [["857.2", "162.4"], ["861.8", "162.4"], ["861.8", "218.0"], ["857.2", "218.0"]], "Type": "SD"}, {"Location": [["984.1", "149.4"], ["984.1", "215.9"], ["942.5", "215.9"], ["942.5", "231.0"], ["863.1", "231.0"], ["863.1", "149.4"]], "Type": "GATE"}, {"Location": [["973.4", "155.1"], ["979.4", "155.1"], ["979.4", "209.2"], ["973.4", "209.2"]], "Type": "SD"}], "Module": "M12", "Boundary": [["984.1", "149.4"], ["984.1", "215.9"], ["942.5", "215.9"], ["942.5", "231.0"], ["857.2", "231.0"], ["857.2", "149.4"]], "Module_type": "GATE"}, {"Ports": [{"Location": [["293.3", "219.5"], ["351.6", "219.5"], ["351.6", "225.3"], ["293.3", "225.3"]], "Type": "SD"}, {"Location": [["278.7", "20.0"], ["350.1", "20.0"], ["350.1", "55.3"], ["366.2", "55.3"], ["366.2", "216.6"], ["278.7", "216.6"]], "Type": "GATE"}, {"Location": [["284.9", "25.2"], ["342.9", "25.2"], ["342.9", "31.2"], ["284.9", "31.2"]], "Type": "SD"}], "Module": "M8", "Boundary": [["278.7", "20.0"], ["350.1", "20.0"], ["350.1", "55.3"], ["366.2", "55.3"], ["366.2", "225.3"], ["278.7", "225.3"]], "Module_type": "GATE"}, {"Ports": [{"Location": [["583.6", "228.2"], ["670.8", "228.2"], ["670.8", "233.3"], ["583.6", "233.3"]], "Type": "SD"}, {"Location": [["572.2", "20.0"], ["667.3", "20.0"], ["667.3", "135.0"], ["682.2", "135.0"], ["682.2", "225.2"], ["572.2", "225.2"]], "Type": "GATE"}, {"Location": [["577.4", "24.2"], ["661.1", "24.2"], ["661.1", "29.0"], ["577.4", "29.0"]], "Type": "SD"}], "Module": "M4", "Boundary": [["572.2", "20.0"], ["667.3", "20.0"], ["667.3", "135.0"], ["682.2", "135.0"], ["682.2", "233.3"], ["572.2", "233.3"]], "Module_type": "GATE"}], "Area": [["-30.0", "-30.0"], ["1119.0", "-30.0"], ["1119.0", "410.9"], ["-30.0", "410.9"]], "Rules": ["GATE(5,5)", "SD(5,5)", "GATE_SD(0.5)", "GATE_ITO(0.5)", "SD_ITO(0.5)"]}