{"Modules": [{"Module": "M14", "Boundary": [["500.1", "151.4"], ["500.1", "245.3"], ["301.9", "245.3"], ["301.9", "151.4"]], "Module_type": "GATE", "Ports": [{"Location": [["301.9", "164.8"], ["306.5", "164.8"], ["306.5", "231.9"], ["301.9", "231.9"]], "Type": "SD"}, {"Location": [["500.1", "151.4"], ["500.1", "245.3"], ["307.6", "245.3"], ["307.6", "151.4"]], "Type": "GATE"}, {"Location": [["489.2", "157.1"], ["495.4", "157.1"], ["495.4", "239.6"], ["489.2", "239.6"]], "Type": "SD"}]}, {"Ports": [{"Location": [["351.5", "24.6"], ["357.3", "24.6"], ["357.3", "92.6"], ["351.5", "92.6"]], "Type": "SD"}, {"Location": [["537.2", "10.0"], ["537.2", "91.8"], ["537.2", "91.8"], ["537.2", "107.2"], ["360.2", "107.2"], ["360.2", "10.0"]], "Type": "GATE"}, {"Location": [["525.3", "16.4"], ["531.8", "16.4"], ["531.8", "85.4"], ["525.3", "85.4"]], "Type": "SD"}], "Module": "M9", "Boundary": [["537.2", "10.0"], ["537.2", "91.8"], ["537.2", "91.8"], ["537.2", "107.2"], ["351.5", "107.2"], ["351.5", "10.0"]], "Module_type": "GATE"}, {"Ports": [{"Location": [["245.6", "414.7"], ["269.1", "414.7"], ["269.1", "420.1"], ["245.6", "420.1"]], "Type": "SD"}, {"Location": [["231.0", "314.0"], ["266.9", "314.0"], ["266.9", "314.2"], ["283.7", "314.2"], ["283.7", "413.3"], ["231.0", "413.3"]], "Type": "GATE"}, {"Location": [["237.1", "319.1"], ["260.8", "319.1"], ["260.8", "325.6"], ["237.1", "325.6"]], "Type": "SD"}], "Module": "M5", "Boundary": [["231.0", "314.0"], ["266.9", "314.0"], ["266.9", "314.2"], ["283.7", "314.2"], ["283.7", "420.1"], ["231.0", "420.1"]], "Module_type": "GATE"}, {"Ports": [{"Location": [["419.9", "463.2"], ["505.3", "463.2"], ["505.3", "467.8"], ["419.9", "467.8"]], "Type": "SD"}, {"Location": [["404.7", "285.3"], ["504.7", "285.3"], ["504.7", "285.5"], ["520.5", "285.5"], ["520.5", "460.4"], ["404.7", "460.4"]], "Type": "GATE"}, {"Location": [["411.5", "291.1"], ["497.9", "291.1"], ["497.9", "298.2"], ["411.5", "298.2"]], "Type": "SD"}], "Module": "M11", "Boundary": [["404.7", "285.3"], ["504.7", "285.3"], ["504.7", "285.5"], ["520.5", "285.5"], ["520.5", "467.8"], ["404.7", "467.8"]], "Module_type": "GATE"}, {"Ports": [{"Location": [["159.9", "572.6"], ["164.6", "572.6"], ["164.6", "609.6"], ["159.9", "609.6"]], "Type": "SD"}, {"Location": [["347.0", "560.2"], ["347.0", "622.0"], ["167.1", "622.0"], ["167.1", "560.2"]], "Type": "GATE"}, {"Location": [["336.4", "565.3"], ["342.9", "565.3"], ["342.9", "616.9"], ["336.4", "616.9"]], "Type": "SD"}], "Module": "M1", "Boundary": [["347.0", "560.2"], ["347.0", "622.0"], ["159.9", "622.0"], ["159.9", "560.2"]], "Module_type": "GATE"}, {"Ports": [{"Location": [["256.9", "106.0"], ["318.3", "106.0"], ["318.3", "111.4"], ["256.9", "111.4"]], "Type": "SD"}, {"Location": [["243.7", "10.0"], ["331.5", "10.0"], ["331.5", "104.7"], ["243.7", "104.7"]], "Type": "GATE"}, {"Location": [["250.3", "15.6"], ["324.9", "15.6"], ["324.9", "21.7"], ["250.3", "21.7"]], "Type": "SD"}], "Module": "M6", "Boundary": [["243.7", "10.0"], ["331.5", "10.0"], ["331.5", "111.4"], ["243.7", "111.4"]], "Module_type": "GATE"}, {"Ports": [{"Location": [["416.6", "631.7"], ["508.2", "631.7"], ["508.2", "635.9"], ["416.6", "635.9"]], "Type": "SD"}, {"Location": [["401.8", "497.8"], ["523.0", "497.8"], ["523.0", "629.0"], ["401.8", "629.0"]], "Type": "GATE"}, {"Location": [["408.3", "503.3"], ["516.5", "503.3"], ["516.5", "510.0"], ["408.3", "510.0"]], "Type": "SD"}], "Module": "M2", "Boundary": [["401.8", "497.8"], ["523.0", "497.8"], ["523.0", "635.9"], ["401.8", "635.9"]], "Module_type": "GATE"}, {"Ports": [{"Location": [["23.3", "410.9"], ["100.4", "410.9"], ["100.4", "416.6"], ["23.3", "416.6"]], "Type": "SD"}, {"Location": [["10.0", "309.1"], ["96.3", "309.1"], ["96.3", "309.3"], ["113.7", "309.3"], ["113.7", "408.7"], ["10.0", "408.7"]], "Type": "GATE"}, {"Location": [["15.1", "313.2"], ["91.2", "313.2"], ["91.2", "319.6"], ["15.1", "319.6"]], "Type": "SD"}], "Module": "M16", "Boundary": [["10.0", "309.1"], ["96.3", "309.1"], ["96.3", "309.3"], ["113.7", "309.3"], ["113.7", "416.6"], ["10.0", "416.6"]], "Module_type": "GATE"}, {"Ports": [{"Location": [["148.9", "444.7"], ["185.8", "444.7"], ["185.8", "448.9"], ["148.9", "448.9"]], "Type": "SD"}, {"Location": [["133.7", "304.0"], ["185.7", "304.0"], ["185.7", "304.3"], ["201.0", "304.3"], ["201.0", "441.9"], ["133.7", "441.9"]], "Type": "GATE"}, {"Location": [["140.2", "309.5"], ["179.2", "309.5"], ["179.2", "317.1"], ["140.2", "317.1"]], "Type": "SD"}], "Module": "M13", "Boundary": [["133.7", "304.0"], ["185.7", "304.0"], ["185.7", "304.3"], ["201.0", "304.3"], ["201.0", "448.9"], ["133.7", "448.9"]], "Module_type": "GATE"}, {"Ports": [{"Location": [["328.7", "418.2"], ["369.7", "418.2"], ["369.7", "422.7"], ["328.7", "422.7"]], "Type": "SD"}, {"Location": [["313.7", "285.3"], ["384.7", "285.3"], ["384.7", "416.1"], ["313.7", "416.1"]], "Type": "GATE"}, {"Location": [["319.4", "290.0"], ["379.0", "290.0"], ["379.0", "297.1"], ["319.4", "297.1"]], "Type": "SD"}], "Module": "M10", "Boundary": [["313.7", "285.3"], ["384.7", "285.3"], ["384.7", "422.7"], ["313.7", "422.7"]], "Module_type": "GATE"}, {"Ports": [{"Location": [["34.1", "273.9"], ["58.2", "273.9"], ["58.2", "279.1"], ["34.1", "279.1"]], "Type": "SD"}, {"Location": [["20.0", "166.1"], ["55.6", "166.1"], ["55.6", "166.2"], ["72.3", "166.2"], ["72.3", "272.9"], ["20.0", "272.9"]], "Type": "GATE"}, {"Location": [["25.3", "170.4"], ["50.3", "170.4"], ["50.3", "178.0"], ["25.3", "178.0"]], "Type": "SD"}], "Module": "M7", "Boundary": [["20.0", "166.1"], ["55.6", "166.1"], ["55.6", "166.2"], ["72.3", "166.2"], ["72.3", "279.1"], ["20.0", "279.1"]], "Module_type": "GATE"}, {"Ports": [{"Location": [["221.0", "465.2"], ["226.2", "465.2"], ["226.2", "505.1"], ["221.0", "505.1"]], "Type": "SD"}, {"Location": [["371.8", "450.1"], ["371.8", "503.3"], ["371.5", "503.3"], ["371.5", "520.2"], ["228.2", "520.2"], ["228.2", "450.1"]], "Type": "GATE"}, {"Location": [["359.9", "456.1"], ["366.8", "456.1"], ["366.8", "497.3"], ["359.9", "497.3"]], "Type": "SD"}], "Module": "M3", "Boundary": [["371.8", "450.1"], ["371.8", "503.3"], ["371.5", "503.3"], ["371.5", "520.2"], ["221.0", "520.2"], ["221.0", "450.1"]], "Module_type": "GATE"}, {"Ports": [{"Location": [["10.0", "450.1"], ["15.5", "450.1"], ["15.5", "497.4"], ["10.0", "497.4"]], "Type": "SD"}, {"Location": [["83.3", "436.6"], ["83.3", "510.9"], ["16.6", "510.9"], ["16.6", "436.6"]], "Type": "GATE"}, {"Location": [["71.8", "442.9"], ["78.0", "442.9"], ["78.0", "504.6"], ["71.8", "504.6"]], "Type": "SD"}], "Module": "M15", "Boundary": [["83.3", "436.6"], ["83.3", "510.9"], ["10.0", "510.9"], ["10.0", "436.6"]], "Module_type": "GATE"}, {"Ports": [{"Location": [["24.2", "630.7"], ["105.7", "630.7"], ["105.7", "636.2"], ["24.2", "636.2"]], "Type": "SD"}, {"Location": [["10.0", "530.9"], ["101.5", "530.9"], ["101.5", "531.3"], ["119.9", "531.3"], ["119.9", "629.1"], ["10.0", "629.1"]], "Type": "GATE"}, {"Location": [["16.3", "536.2"], ["95.2", "536.2"], ["95.2", "542.2"], ["16.3", "542.2"]], "Type": "SD"}], "Module": "M12", "Boundary": [["10.0", "530.9"], ["101.5", "530.9"], ["101.5", "531.3"], ["119.9", "531.3"], ["119.9", "636.2"], ["10.0", "636.2"]], "Module_type": "GATE"}, {"Ports": [{"Location": [["112.3", "179.1"], ["118.1", "179.1"], ["118.1", "261.0"], ["112.3", "261.0"]], "Type": "SD"}, {"Location": [["251.9", "166.1"], ["251.9", "259.2"], ["251.5", "259.2"], ["251.5", "274.0"], ["120.4", "274.0"], ["120.4", "166.1"]], "Type": "GATE"}, {"Location": [["240.7", "172.2"], ["246.8", "172.2"], ["246.8", "253.1"], ["240.7", "253.1"]], "Type": "SD"}], "Module": "M8", "Boundary": [["251.9", "166.1"], ["251.9", "259.2"], ["251.5", "259.2"], ["251.5", "274.0"], ["112.3", "274.0"], ["112.3", "166.1"]], "Module_type": "GATE"}], "Area": [["-30.0", "-30.0"], ["577.2", "-30.0"], ["577.2", "676.2"], ["-30.0", "676.2"]], "Rules": ["GATE(5,5)", "SD(5,5)", "GATE_SD(0.5)", "GATE_ITO(0.5)", "SD_ITO(0.5)"]}