{"Modules": [{"Module": "M14", "Boundary": [["30.0", "246.4"], ["100.6", "246.4"], ["100.6", "373.3"], ["30.0", "373.3"]], "Module_type": "GATE", "Ports": [{"Location": [["44.8", "367.6"], ["85.8", "367.6"], ["85.8", "373.3"], ["44.8", "373.3"]], "Type": "SD"}, {"Location": [["30.0", "246.4"], ["100.6", "246.4"], ["100.6", "364.7"], ["30.0", "364.7"]], "Type": "GATE"}, {"Location": [["35.8", "251.2"], ["94.8", "251.2"], ["94.8", "257.8"], ["35.8", "257.8"]], "Type": "SD"}]}, {"Ports": [{"Location": [["542.8", "297.3"], ["584.4", "297.3"], ["584.4", "303.0"], ["542.8", "303.0"]], "Type": "SD"}, {"Location": [["528.2", "93.7"], ["581.5", "93.7"], ["581.5", "93.8"], ["599.0", "93.8"], ["599.0", "295.2"], ["528.2", "295.2"]], "Type": "GATE"}, {"Location": [["534.9", "99.4"], ["574.8", "99.4"], ["574.8", "104.8"], ["534.9", "104.8"]], "Type": "SD"}], "Module": "M9", "Boundary": [["528.2", "93.7"], ["581.5", "93.7"], ["581.5", "93.8"], ["599.0", "93.8"], ["599.0", "303.0"], ["528.2", "303.0"]], "Module_type": "GATE"}, {"Ports": [{"Location": [["150.6", "270.2"], ["156.0", "270.2"], ["156.0", "292.2"], ["150.6", "292.2"]], "Type": "SD"}, {"Location": [["279.6", "257.6"], ["279.6", "289.9"], ["279.5", "289.9"], ["279.5", "304.8"], ["158.6", "304.8"], ["158.6", "257.6"]], "Type": "GATE"}, {"Location": [["269.3", "263.4"], ["274.8", "263.4"], ["274.8", "284.1"], ["269.3", "284.1"]], "Type": "SD"}], "Module": "M5", "Boundary": [["279.6", "257.6"], ["279.6", "289.9"], ["279.5", "289.9"], ["279.5", "304.8"], ["150.6", "304.8"], ["150.6", "257.6"]], "Module_type": "GATE"}, {"Ports": [{"Location": [["140.6", "158.8"], ["145.3", "158.8"], ["145.3", "213.6"], ["140.6", "213.6"]], "Type": "SD"}, {"Location": [["303.6", "144.8"], ["303.6", "227.6"], ["147.3", "227.6"], ["147.3", "144.8"]], "Type": "GATE"}, {"Location": [["291.5", "150.8"], ["298.6", "150.8"], ["298.6", "221.6"], ["291.5", "221.6"]], "Type": "SD"}], "Module": "M11", "Boundary": [["303.6", "144.8"], ["303.6", "227.6"], ["140.6", "227.6"], ["140.6", "144.8"]], "Module_type": "GATE"}, {"Ports": [{"Location": [["30.0", "478.7"], ["34.3", "478.7"], ["34.3", "503.0"], ["30.0", "503.0"]], "Type": "SD"}, {"Location": [["190.6", "465.2"], ["190.6", "499.9"], ["190.6", "499.9"], ["190.6", "516.5"], ["36.5", "516.5"], ["36.5", "465.2"]], "Type": "GATE"}, {"Location": [["179.7", "470.5"], ["186.3", "470.5"], ["186.3", "494.6"], ["179.7", "494.6"]], "Type": "SD"}], "Module": "M1", "Boundary": [["190.6", "465.2"], ["190.6", "499.9"], ["190.6", "499.9"], ["190.6", "516.5"], ["30.0", "516.5"], ["30.0", "465.2"]], "Module_type": "GATE"}, {"Ports": [{"Location": [["313.9", "24.6"], ["318.3", "24.6"], ["318.3", "73.3"], ["313.9", "73.3"]], "Type": "SD"}, {"Location": [["437.2", "10.0"], ["437.2", "73.7"], ["437.2", "73.7"], ["437.2", "87.9"], ["320.9", "87.9"], ["320.9", "10.0"]], "Type": "GATE"}, {"Location": [["424.5", "16.9"], ["431.3", "16.9"], ["431.3", "66.8"], ["424.5", "66.8"]], "Type": "SD"}], "Module": "M6", "Boundary": [["437.2", "10.0"], ["437.2", "73.7"], ["437.2", "73.7"], ["437.2", "87.9"], ["313.9", "87.9"], ["313.9", "10.0"]], "Module_type": "GATE"}, {"Ports": [{"Location": [["333.6", "343.7"], ["338.5", "343.7"], ["338.5", "402.6"], ["333.6", "402.6"]], "Type": "SD"}, {"Location": [["482.7", "329.6"], ["482.7", "416.7"], ["341.3", "416.7"], ["341.3", "329.6"]], "Type": "GATE"}, {"Location": [["472.0", "334.9"], ["478.4", "334.9"], ["478.4", "411.4"], ["472.0", "411.4"]], "Type": "SD"}], "Module": "M2", "Boundary": [["482.7", "329.6"], ["482.7", "416.7"], ["333.6", "416.7"], ["333.6", "329.6"]], "Module_type": "GATE"}, {"Ports": [{"Location": [["10.0", "24.1"], ["15.3", "24.1"], ["15.3", "62.3"], ["10.0", "62.3"]], "Type": "SD"}, {"Location": [["100.1", "10.0"], ["100.1", "76.4"], ["16.5", "76.4"], ["16.5", "10.0"]], "Type": "GATE"}, {"Location": [["87.5", "16.4"], ["94.7", "16.4"], ["94.7", "70.0"], ["87.5", "70.0"]], "Type": "SD"}], "Module": "M16", "Boundary": [["100.1", "10.0"], ["100.1", "76.4"], ["10.0", "76.4"], ["10.0", "10.0"]], "Module_type": "GATE"}, {"Ports": [{"Location": [["230.6", "460.0"], ["236.2", "460.0"], ["236.2", "525.4"], ["230.6", "525.4"]], "Type": "SD"}, {"Location": [["403.1", "446.7"], ["403.1", "538.7"], ["237.4", "538.7"], ["237.4", "446.7"]], "Type": "GATE"}, {"Location": [["391.8", "452.8"], ["398.0", "452.8"], ["398.0", "532.6"], ["391.8", "532.6"]], "Type": "SD"}], "Module": "M13", "Boundary": [["403.1", "446.7"], ["403.1", "538.7"], ["230.6", "538.7"], ["230.6", "446.7"]], "Module_type": "GATE"}, {"Ports": [{"Location": [["336.9", "294.3"], ["405.7", "294.3"], ["405.7", "299.6"], ["336.9", "299.6"]], "Type": "SD"}, {"Location": [["323.6", "107.9"], ["419.0", "107.9"], ["419.0", "292.4"], ["323.6", "292.4"]], "Type": "GATE"}, {"Location": [["328.7", "112.0"], ["413.9", "112.0"], ["413.9", "118.4"], ["328.7", "118.4"]], "Type": "SD"}], "Module": "M10", "Boundary": [["323.6", "107.9"], ["419.0", "107.9"], ["419.0", "299.6"], ["323.6", "299.6"]], "Module_type": "GATE"}, {"Ports": [{"Location": [["130.1", "33.1"], ["135.6", "33.1"], ["135.6", "101.7"], ["130.1", "101.7"]], "Type": "SD"}, {"Location": [["283.9", "20.0"], ["283.9", "99.4"], ["283.6", "99.4"], ["283.6", "114.8"], ["137.5", "114.8"], ["137.5", "20.0"]], "Type": "GATE"}, {"Location": [["273.3", "25.9"], ["279.0", "25.9"], ["279.0", "93.5"], ["273.3", "93.5"]], "Type": "SD"}], "Module": "M7", "Boundary": [["283.9", "20.0"], ["283.9", "99.4"], ["283.6", "99.4"], ["283.6", "114.8"], ["130.1", "114.8"], ["130.1", "20.0"]], "Module_type": "GATE"}, {"Ports": [{"Location": [["457.2", "22.8"], ["461.9", "22.8"], ["461.9", "60.9"], ["457.2", "60.9"]], "Type": "SD"}, {"Location": [["619.7", "10.0"], ["619.7", "58.4"], ["619.5", "58.4"], ["619.5", "73.7"], ["463.2", "73.7"], ["463.2", "10.0"]], "Type": "GATE"}, {"Location": [["609.3", "16.6"], ["614.1", "16.6"], ["614.1", "51.8"], ["609.3", "51.8"]], "Type": "SD"}], "Module": "M3", "Boundary": [["619.7", "10.0"], ["619.7", "58.4"], ["619.5", "58.4"], ["619.5", "73.7"], ["457.2", "73.7"], ["457.2", "10.0"]], "Module_type": "GATE"}, {"Ports": [{"Location": [["452.5", "290.1"], ["494.7", "290.1"], ["494.7", "294.2"], ["452.5", "294.2"]], "Type": "SD"}, {"Location": [["439.0", "107.9"], ["508.2", "107.9"], ["508.2", "288.4"], ["439.0", "288.4"]], "Type": "GATE"}, {"Location": [["445.1", "113.0"], ["502.1", "113.0"], ["502.1", "118.3"], ["445.1", "118.3"]], "Type": "SD"}], "Module": "M15", "Boundary": [["439.0", "107.9"], ["508.2", "107.9"], ["508.2", "294.2"], ["439.0", "294.2"]], "Module_type": "GATE"}, {"Ports": [{"Location": [["526.3", "530.9"], ["619.4", "530.9"], ["619.4", "536.6"], ["526.3", "536.6"]], "Type": "SD"}, {"Location": [["512.7", "323.0"], ["633.0", "323.0"], ["633.0", "529.3"], ["512.7", "529.3"]], "Type": "GATE"}, {"Location": [["518.5", "327.8"], ["627.2", "327.8"], ["627.2", "333.1"], ["518.5", "333.1"]], "Type": "SD"}], "Module": "M12", "Boundary": [["512.7", "323.0"], ["633.0", "323.0"], ["633.0", "536.6"], ["512.7", "536.6"]], "Module_type": "GATE"}, {"Ports": [{"Location": [["150.6", "359.5"], ["154.9", "359.5"], ["154.9", "400.5"], ["150.6", "400.5"]], "Type": "SD"}, {"Location": [["285.5", "344.8"], ["285.5", "415.2"], ["156.4", "415.2"], ["156.4", "344.8"]], "Type": "GATE"}, {"Location": [["273.7", "350.4"], ["280.9", "350.4"], ["280.9", "409.6"], ["273.7", "409.6"]], "Type": "SD"}], "Module": "M8", "Boundary": [["285.5", "344.8"], ["285.5", "415.2"], ["150.6", "415.2"], ["150.6", "344.8"]], "Module_type": "GATE"}, {"Ports": [{"Location": [["33.9", "191.4"], ["75.6", "191.4"], ["75.6", "196.4"], ["33.9", "196.4"]], "Type": "SD"}, {"Location": [["20.0", "106.4"], ["89.5", "106.4"], ["89.5", "189.8"], ["20.0", "189.8"]], "Type": "GATE"}, {"Location": [["26.8", "112.2"], ["82.7", "112.2"], ["82.7", "118.2"], ["26.8", "118.2"]], "Type": "SD"}], "Module": "M4", "Boundary": [["20.0", "106.4"], ["89.5", "106.4"], ["89.5", "196.4"], ["20.0", "196.4"]], "Module_type": "GATE"}], "Area": [["-30.0", "-30.0"], ["673.0", "-30.0"], ["673.0", "578.7"], ["-30.0", "578.7"]], "Rules": ["GATE(5,5)", "SD(5,5)", "GATE_SD(0.5)", "GATE_ITO(0.5)", "SD_ITO(0.5)"]}