{"Modules": [{"Module": "M14", "Boundary": [["286.3", "366.8"], ["286.3", "472.7"], ["135.2", "472.7"], ["135.2", "366.8"]], "Module_type": "GATE", "Ports": [{"Location": [["135.2", "381.3"], ["139.9", "381.3"], ["139.9", "458.2"], ["135.2", "458.2"]], "Type": "SD"}, {"Location": [["286.3", "366.8"], ["286.3", "472.7"], ["141.3", "472.7"], ["141.3", "366.8"]], "Type": "GATE"}, {"Location": [["274.1", "373.2"], ["280.9", "373.2"], ["280.9", "466.3"], ["274.1", "466.3"]], "Type": "SD"}]}, {"Ports": [{"Location": [["25.5", "467.8"], ["79.5", "467.8"], ["79.5", "473.2"], ["25.5", "473.2"]], "Type": "SD"}, {"Location": [["10.0", "298.3"], ["95.0", "298.3"], ["95.0", "466.0"], ["10.0", "466.0"]], "Type": "GATE"}, {"Location": [["16.4", "303.7"], ["88.6", "303.7"], ["88.6", "311.3"], ["16.4", "311.3"]], "Type": "SD"}], "Module": "M9", "Boundary": [["10.0", "298.3"], ["95.0", "298.3"], ["95.0", "473.2"], ["10.0", "473.2"]], "Module_type": "GATE"}, {"Ports": [{"Location": [["33.7", "96.1"], ["74.0", "96.1"], ["74.0", "101.8"], ["33.7", "101.8"]], "Type": "SD"}, {"Location": [["20.0", "20.0"], ["87.7", "20.0"], ["87.7", "93.4"], ["20.0", "93.4"]], "Type": "GATE"}, {"Location": [["26.1", "25.1"], ["81.6", "25.1"], ["81.6", "31.0"], ["26.1", "31.0"]], "Type": "SD"}], "Module": "M5", "Boundary": [["20.0", "20.0"], ["87.7", "20.0"], ["87.7", "101.8"], ["20.0", "101.8"]], "Module_type": "GATE"}, {"Ports": [{"Location": [["340.1", "252.5"], ["344.9", "252.5"], ["344.9", "326.9"], ["340.1", "326.9"]], "Type": "SD"}, {"Location": [["511.7", "238.3"], ["511.7", "341.1"], ["347.9", "341.1"], ["347.9", "238.3"]], "Type": "GATE"}, {"Location": [["500.2", "245.3"], ["505.7", "245.3"], ["505.7", "334.1"], ["500.2", "334.1"]], "Type": "SD"}], "Module": "M11", "Boundary": [["511.7", "238.3"], ["511.7", "341.1"], ["340.1", "341.1"], ["340.1", "238.3"]], "Module_type": "GATE"}, {"Ports": [{"Location": [["135.2", "201.8"], ["139.8", "201.8"], ["139.8", "294.5"], ["135.2", "294.5"]], "Type": "SD"}, {"Location": [["300.1", "189.5"], ["300.1", "289.7"], ["300.0", "289.7"], ["300.0", "306.8"], ["142.1", "306.8"], ["142.1", "189.5"]], "Type": "GATE"}, {"Location": [["291.1", "195.1"], ["295.5", "195.1"], ["295.5", "284.1"], ["291.1", "284.1"]], "Type": "SD"}], "Module": "M1", "Boundary": [["300.1", "189.5"], ["300.1", "289.7"], ["300.0", "289.7"], ["300.0", "306.8"], ["135.2", "306.8"], ["135.2", "189.5"]], "Module_type": "GATE"}, {"Ports": [{"Location": [["569.4", "234.2"], ["610.8", "234.2"], ["610.8", "239.0"], ["569.4", "239.0"]], "Type": "SD"}, {"Location": [["555.4", "139.0"], ["624.8", "139.0"], ["624.8", "231.8"], ["555.4", "231.8"]], "Type": "GATE"}, {"Location": [["560.8", "143.4"], ["619.4", "143.4"], ["619.4", "149.6"], ["560.8", "149.6"]], "Type": "SD"}], "Module": "M6", "Boundary": [["555.4", "139.0"], ["624.8", "139.0"], ["624.8", "239.0"], ["555.4", "239.0"]], "Module_type": "GATE"}, {"Ports": [{"Location": [["350.4", "468.0"], ["435.9", "468.0"], ["435.9", "473.3"], ["350.4", "473.3"]], "Type": "SD"}, {"Location": [["336.3", "371.1"], ["450.0", "371.1"], ["450.0", "465.1"], ["336.3", "465.1"]], "Type": "GATE"}, {"Location": [["343.0", "376.8"], ["443.3", "376.8"], ["443.3", "382.4"], ["343.0", "382.4"]], "Type": "SD"}], "Module": "M2", "Boundary": [["336.3", "371.1"], ["450.0", "371.1"], ["450.0", "473.3"], ["336.3", "473.3"]], "Module_type": "GATE"}, {"Ports": [{"Location": [["24.4", "273.6"], ["80.8", "273.6"], ["80.8", "278.3"], ["24.4", "278.3"]], "Type": "SD"}, {"Location": [["10.0", "131.8"], ["95.2", "131.8"], ["95.2", "271.7"], ["10.0", "271.7"]], "Type": "GATE"}, {"Location": [["16.5", "137.3"], ["88.7", "137.3"], ["88.7", "143.3"], ["16.5", "143.3"]], "Type": "SD"}], "Module": "M16", "Boundary": [["10.0", "131.8"], ["95.2", "131.8"], ["95.2", "278.3"], ["10.0", "278.3"]], "Module_type": "GATE"}, {"Ports": [{"Location": [["465.3", "125.5"], ["510.8", "125.5"], ["510.8", "131.4"], ["465.3", "131.4"]], "Type": "SD"}, {"Location": [["452.9", "10.0"], ["523.2", "10.0"], ["523.2", "123.1"], ["452.9", "123.1"]], "Type": "GATE"}, {"Location": [["459.8", "15.9"], ["516.3", "15.9"], ["516.3", "20.8"], ["459.8", "20.8"]], "Type": "SD"}], "Module": "M13", "Boundary": [["452.9", "10.0"], ["523.2", "10.0"], ["523.2", "131.4"], ["452.9", "131.4"]], "Module_type": "GATE"}, {"Ports": [{"Location": [["546.9", "350.3"], ["606.3", "350.3"], ["606.3", "354.7"], ["546.9", "354.7"]], "Type": "SD"}, {"Location": [["531.7", "259.0"], ["621.5", "259.0"], ["621.5", "347.4"], ["531.7", "347.4"]], "Type": "GATE"}, {"Location": [["538.4", "264.7"], ["614.8", "264.7"], ["614.8", "271.6"], ["538.4", "271.6"]], "Type": "SD"}], "Module": "M10", "Boundary": [["531.7", "259.0"], ["621.5", "259.0"], ["621.5", "354.7"], ["531.7", "354.7"]], "Module_type": "GATE"}, {"Ports": [{"Location": [["140.6", "127.1"], ["175.1", "127.1"], ["175.1", "132.2"], ["140.6", "132.2"]], "Type": "SD"}, {"Location": [["127.7", "20.0"], ["174.0", "20.0"], ["174.0", "20.1"], ["188.0", "20.1"], ["188.0", "125.9"], ["127.7", "125.9"]], "Type": "GATE"}, {"Location": [["134.4", "25.7"], ["167.3", "25.7"], ["167.3", "30.9"], ["134.4", "30.9"]], "Type": "SD"}], "Module": "M7", "Boundary": [["127.7", "20.0"], ["174.0", "20.0"], ["174.0", "20.1"], ["188.0", "20.1"], ["188.0", "132.2"], ["127.7", "132.2"]], "Module_type": "GATE"}, {"Ports": [{"Location": [["543.2", "24.2"], ["547.5", "24.2"], ["547.5", "104.8"], ["543.2", "104.8"]], "Type": "SD"}, {"Location": [["614.0", "10.0"], ["614.0", "119.0"], ["550.4", "119.0"], ["550.4", "10.0"]], "Type": "GATE"}, {"Location": [["602.8", "16.6"], ["608.4", "16.6"], ["608.4", "112.4"], ["602.8", "112.4"]], "Type": "SD"}], "Module": "M3", "Boundary": [["614.0", "10.0"], ["614.0", "119.0"], ["543.2", "119.0"], ["543.2", "10.0"]], "Module_type": "GATE"}, {"Ports": [{"Location": [["232.3", "143.6"], ["303.0", "143.6"], ["303.0", "149.5"], ["232.3", "149.5"]], "Type": "SD"}, {"Location": [["218.0", "10.0"], ["301.2", "10.0"], ["301.2", "10.5"], ["317.3", "10.5"], ["317.3", "142.1"], ["218.0", "142.1"]], "Type": "GATE"}, {"Location": [["223.9", "14.9"], ["295.3", "14.9"], ["295.3", "21.2"], ["223.9", "21.2"]], "Type": "SD"}], "Module": "M15", "Boundary": [["218.0", "10.0"], ["301.2", "10.0"], ["301.2", "10.5"], ["317.3", "10.5"], ["317.3", "149.5"], ["218.0", "149.5"]], "Module_type": "GATE"}, {"Ports": [{"Location": [["340.1", "164.6"], ["344.2", "164.6"], ["344.2", "205.1"], ["340.1", "205.1"]], "Type": "SD"}, {"Location": [["535.4", "151.4"], ["535.4", "218.3"], ["345.5", "218.3"], ["345.5", "151.4"]], "Type": "GATE"}, {"Location": [["525.2", "156.4"], ["531.4", "156.4"], ["531.4", "213.3"], ["525.2", "213.3"]], "Type": "SD"}], "Module": "M12", "Boundary": [["535.4", "151.4"], ["535.4", "218.3"], ["340.1", "218.3"], ["340.1", "151.4"]], "Module_type": "GATE"}, {"Ports": [{"Location": [["505.6", "476.6"], ["598.2", "476.6"], ["598.2", "480.7"], ["505.6", "480.7"]], "Type": "SD"}, {"Location": [["490.0", "384.7"], ["613.8", "384.7"], ["613.8", "475.4"], ["490.0", "475.4"]], "Type": "GATE"}, {"Location": [["496.8", "390.5"], ["607.0", "390.5"], ["607.0", "397.9"], ["496.8", "397.9"]], "Type": "SD"}], "Module": "M8", "Boundary": [["490.0", "384.7"], ["613.8", "384.7"], ["613.8", "480.7"], ["490.0", "480.7"]], "Module_type": "GATE"}], "Area": [["-30.0", "-30.0"], ["664.8", "-30.0"], ["664.8", "520.7"], ["-30.0", "520.7"]], "Rules": ["GATE(5,5)", "SD(5,5)", "GATE_SD(0.5)", "GATE_ITO(0.5)", "SD_ITO(0.5)"]}