{"Modules": [{"Module": "M14", "Boundary": [["810.3", "327.5"], ["810.3", "407.2"], ["809.9", "407.2"], ["809.9", "423.5"], ["598.7", "423.5"], ["598.7", "327.5"]], "Module_type": "GATE", "Ports": [{"Location": [["598.7", "339.5"], ["603.7", "339.5"], ["603.7", "411.5"], ["598.7", "411.5"]], "Type": "SD"}, {"Location": [["810.3", "327.5"], ["810.3", "407.2"], ["809.9", "407.2"], ["809.9", "423.5"], ["606.1", "423.5"], ["606.1", "327.5"]], "Type": "GATE"}, {"Location": [["801.0", "332.7"], ["806.1", "332.7"], ["806.1", "402.0"], ["801.0", "402.0"]], "Type": "SD"}]}, {"Ports": [{"Location": [["125.8", "202.6"], ["194.0", "202.6"], ["194.0", "208.3"], ["125.8", "208.3"]], "Type": "SD"}, {"Location": [["113.3", "10.0"], ["206.5", "10.0"], ["206.5", "201.3"], ["113.3", "201.3"]], "Type": "GATE"}, {"Location": [["119.5", "15.2"], ["200.3", "15.2"], ["200.3", "19.9"], ["119.5", "19.9"]], "Type": "SD"}], "Module": "M9", "Boundary": [["113.3", "10.0"], ["206.5", "10.0"], ["206.5", "208.3"], ["113.3", "208.3"]], "Module_type": "GATE"}, {"Ports": [{"Location": [["252.1", "216.8"], ["320.3", "216.8"], ["320.3", "221.4"], ["252.1", "221.4"]], "Type": "SD"}, {"Location": [["239.2", "130.5"], ["317.8", "130.5"], ["317.8", "130.7"], ["333.2", "130.7"], ["333.2", "215.4"], ["239.2", "215.4"]], "Type": "GATE"}, {"Location": [["245.0", "135.3"], ["312.0", "135.3"], ["312.0", "141.3"], ["245.0", "141.3"]], "Type": "SD"}], "Module": "M5", "Boundary": [["239.2", "130.5"], ["317.8", "130.5"], ["317.8", "130.7"], ["333.2", "130.7"], ["333.2", "221.4"], ["239.2", "221.4"]], "Module_type": "GATE"}, {"Ports": [{"Location": [["581.2", "22.9"], ["585.5", "22.9"], ["585.5", "108.9"], ["581.2", "108.9"]], "Type": "SD"}, {"Location": [["767.4", "10.0"], ["767.4", "121.8"], ["587.2", "121.8"], ["587.2", "10.0"]], "Type": "GATE"}, {"Location": [["757.3", "15.9"], ["762.5", "15.9"], ["762.5", "115.9"], ["757.3", "115.9"]], "Type": "SD"}], "Module": "M11", "Boundary": [["767.4", "10.0"], ["767.4", "121.8"], ["581.2", "121.8"], ["581.2", "10.0"]], "Module_type": "GATE"}, {"Ports": [{"Location": [["601.2", "175.0"], ["606.8", "175.0"], ["606.8", "254.3"], ["601.2", "254.3"]], "Type": "SD"}, {"Location": [["805.1", "161.8"], ["805.1", "267.5"], ["609.1", "267.5"], ["609.1", "161.8"]], "Type": "GATE"}, {"Location": [["793.7", "168.4"], ["799.5", "168.4"], ["799.5", "260.9"], ["793.7", "260.9"]], "Type": "SD"}], "Module": "M1", "Boundary": [["805.1", "161.8"], ["805.1", "267.5"], ["601.2", "267.5"], ["601.2", "161.8"]], "Module_type": "GATE"}, {"Ports": [{"Location": [["395.8", "23.6"], ["400.3", "23.6"], ["400.3", "95.4"], ["395.8", "95.4"]], "Type": "SD"}, {"Location": [["478.1", "10.0"], ["478.1", "92.6"], ["477.8", "92.6"], ["477.8", "109.0"], ["401.5", "109.0"], ["401.5", "10.0"]], "Type": "GATE"}, {"Location": [["467.5", "16.1"], ["473.0", "16.1"], ["473.0", "86.5"], ["467.5", "86.5"]], "Type": "SD"}], "Module": "M6", "Boundary": [["478.1", "10.0"], ["478.1", "92.6"], ["477.8", "92.6"], ["477.8", "109.0"], ["395.8", "109.0"], ["395.8", "10.0"]], "Module_type": "GATE"}, {"Ports": [{"Location": [["239.2", "275.9"], ["243.6", "275.9"], ["243.6", "312.6"], ["239.2", "312.6"]], "Type": "SD"}, {"Location": [["449.0", "261.4"], ["449.0", "312.3"], ["448.8", "312.3"], ["448.8", "327.1"], ["245.7", "327.1"], ["245.7", "261.4"]], "Type": "GATE"}, {"Location": [["436.1", "267.9"], ["443.5", "267.9"], ["443.5", "305.8"], ["436.1", "305.8"]], "Type": "SD"}], "Module": "M2", "Boundary": [["449.0", "261.4"], ["449.0", "312.3"], ["448.8", "312.3"], ["448.8", "327.1"], ["239.2", "327.1"], ["239.2", "261.4"]], "Module_type": "GATE"}, {"Ports": [{"Location": [["23.6", "192.5"], ["79.7", "192.5"], ["79.7", "196.8"], ["23.6", "196.8"]], "Type": "SD"}, {"Location": [["10.0", "10.0"], ["76.7", "10.0"], ["76.7", "10.0"], ["93.3", "10.0"], ["93.3", "189.7"], ["10.0", "189.7"]], "Type": "GATE"}, {"Location": [["15.5", "14.5"], ["71.2", "14.5"], ["71.2", "20.3"], ["15.5", "20.3"]], "Type": "SD"}], "Module": "M16", "Boundary": [["10.0", "10.0"], ["76.7", "10.0"], ["76.7", "10.0"], ["93.3", "10.0"], ["93.3", "196.8"], ["10.0", "196.8"]], "Module_type": "GATE"}, {"Ports": [{"Location": [["363.2", "144.1"], ["368.4", "144.1"], ["368.4", "169.0"], ["363.2", "169.0"]], "Type": "SD"}, {"Location": [["469.9", "129.0"], ["469.9", "184.1"], ["370.5", "184.1"], ["370.5", "129.0"]], "Type": "GATE"}, {"Location": [["457.6", "135.5"], ["464.4", "135.5"], ["464.4", "177.6"], ["457.6", "177.6"]], "Type": "SD"}], "Module": "M13", "Boundary": [["469.9", "129.0"], ["469.9", "184.1"], ["363.2", "184.1"], ["363.2", "129.0"]], "Module_type": "GATE"}, {"Ports": [{"Location": [["309.6", "96.2"], ["363.4", "96.2"], ["363.4", "100.5"], ["309.6", "100.5"]], "Type": "SD"}, {"Location": [["297.2", "10.0"], ["375.8", "10.0"], ["375.8", "93.7"], ["297.2", "93.7"]], "Type": "GATE"}, {"Location": [["303.8", "15.6"], ["369.2", "15.6"], ["369.2", "20.2"], ["303.8", "20.2"]], "Type": "SD"}], "Module": "M10", "Boundary": [["297.2", "10.0"], ["375.8", "10.0"], ["375.8", "100.5"], ["297.2", "100.5"]], "Module_type": "GATE"}, {"Ports": [{"Location": [["501.3", "415.0"], ["536.4", "415.0"], ["536.4", "420.7"], ["501.3", "420.7"]], "Type": "SD"}, {"Location": [["489.0", "266.1"], ["534.4", "266.1"], ["534.4", "266.2"], ["548.7", "266.2"], ["548.7", "413.8"], ["489.0", "413.8"]], "Type": "GATE"}, {"Location": [["494.1", "270.2"], ["529.3", "270.2"], ["529.3", "276.5"], ["494.1", "276.5"]], "Type": "SD"}], "Module": "M7", "Boundary": [["489.0", "266.1"], ["534.4", "266.1"], ["534.4", "266.2"], ["548.7", "266.2"], ["548.7", "420.7"], ["489.0", "420.7"]], "Module_type": "GATE"}, {"Ports": [{"Location": [["10.0", "363.1"], ["15.7", "363.1"], ["15.7", "413.0"], ["10.0", "413.0"]], "Type": "SD"}, {"Location": [["167.2", "350.5"], ["167.2", "411.1"], ["166.9", "411.1"], ["166.9", "425.6"], ["18.1", "425.6"], ["18.1", "350.5"]], "Type": "GATE"}, {"Location": [["156.2", "356.2"], ["162.5", "356.2"], ["162.5", "405.4"], ["156.2", "405.4"]], "Type": "SD"}], "Module": "M3", "Boundary": [["167.2", "350.5"], ["167.2", "411.1"], ["166.9", "411.1"], ["166.9", "425.6"], ["10.0", "425.6"], ["10.0", "350.5"]], "Module_type": "GATE"}, {"Ports": [{"Location": [["242.7", "92.5"], ["263.7", "92.5"], ["263.7", "97.7"], ["242.7", "97.7"]], "Type": "SD"}, {"Location": [["229.2", "10.0"], ["262.2", "10.0"], ["262.2", "10.1"], ["277.2", "10.1"], ["277.2", "90.6"], ["229.2", "90.6"]], "Type": "GATE"}, {"Location": [["235.8", "15.6"], ["255.6", "15.6"], ["255.6", "20.5"], ["235.8", "20.5"]], "Type": "SD"}], "Module": "M15", "Boundary": [["229.2", "10.0"], ["262.2", "10.0"], ["262.2", "10.1"], ["277.2", "10.1"], ["277.2", "97.7"], ["229.2", "97.7"]], "Module_type": "GATE"}, {"Ports": [{"Location": [["511.6", "230.1"], ["547.7", "230.1"], ["547.7", "236.1"], ["511.6", "236.1"]], "Type": "SD"}, {"Location": [["498.1", "10.0"], ["561.2", "10.0"], ["561.2", "227.2"], ["498.1", "227.2"]], "Type": "GATE"}, {"Location": [["504.0", "14.9"], ["555.3", "14.9"], ["555.3", "21.9"], ["504.0", "21.9"]], "Type": "SD"}], "Module": "M12", "Boundary": [["498.1", "10.0"], ["561.2", "10.0"], ["561.2", "236.1"], ["498.1", "236.1"]], "Module_type": "GATE"}, {"Ports": [{"Location": [["20.0", "250.3"], ["25.1", "250.3"], ["25.1", "308.5"], ["20.0", "308.5"]], "Type": "SD"}, {"Location": [["199.2", "238.3"], ["199.2", "320.5"], ["27.8", "320.5"], ["27.8", "238.3"]], "Type": "GATE"}, {"Location": [["189.0", "245.0"], ["193.5", "245.0"], ["193.5", "313.8"], ["189.0", "313.8"]], "Type": "SD"}], "Module": "M8", "Boundary": [["199.2", "238.3"], ["199.2", "320.5"], ["20.0", "320.5"], ["20.0", "238.3"]], "Module_type": "GATE"}], "Area": [["-30.0", "-30.0"], ["850.3", "-30.0"], ["850.3", "472.0"], ["-30.0", "472.0"]], "Rules": ["GATE(5,5)", "SD(5,5)", "GATE_SD(0.5)", "GATE_ITO(0.5)", "SD_ITO(0.5)"]}