{"Modules": [{"Module": "M14", "Boundary": [["340.4", "476.5"], ["340.4", "552.0"], ["340.3", "552.0"], ["340.3", "566.9"], ["196.9", "566.9"], ["196.9", "476.5"]], "Module_type": "GATE", "Ports": [{"Location": [["196.9", "488.3"], ["201.9", "488.3"], ["201.9", "555.1"], ["196.9", "555.1"]], "Type": "SD"}, {"Location": [["340.4", "476.5"], ["340.4", "552.0"], ["340.3", "552.0"], ["340.3", "566.9"], ["204.9", "566.9"], ["204.9", "476.5"]], "Type": "GATE"}, {"Location": [["330.5", "482.5"], ["335.4", "482.5"], ["335.4", "546.0"], ["330.5", "546.0"]], "Type": "SD"}]}, {"Ports": [{"Location": [["147.8", "141.7"], ["235.2", "141.7"], ["235.2", "147.6"], ["147.8", "147.6"]], "Type": "SD"}, {"Location": [["134.3", "10.0"], ["248.7", "10.0"], ["248.7", "138.8"], ["134.3", "138.8"]], "Type": "GATE"}, {"Location": [["140.9", "15.6"], ["242.1", "15.6"], ["242.1", "21.1"], ["140.9", "21.1"]], "Type": "SD"}], "Module": "M9", "Boundary": [["134.3", "10.0"], ["248.7", "10.0"], ["248.7", "147.6"], ["134.3", "147.6"]], "Module_type": "GATE"}, {"Ports": [{"Location": [["33.0", "308.9"], ["70.9", "308.9"], ["70.9", "314.5"], ["33.0", "314.5"]], "Type": "SD"}, {"Location": [["20.0", "180.2"], ["83.9", "180.2"], ["83.9", "307.7"], ["20.0", "307.7"]], "Type": "GATE"}, {"Location": [["25.5", "184.7"], ["78.4", "184.7"], ["78.4", "190.6"], ["25.5", "190.6"]], "Type": "SD"}], "Module": "M5", "Boundary": [["20.0", "180.2"], ["83.9", "180.2"], ["83.9", "314.5"], ["20.0", "314.5"]], "Module_type": "GATE"}, {"Ports": [{"Location": [["281.6", "132.8"], ["321.7", "132.8"], ["321.7", "137.4"], ["281.6", "137.4"]], "Type": "SD"}, {"Location": [["268.7", "10.0"], ["318.0", "10.0"], ["318.0", "10.3"], ["334.6", "10.3"], ["334.6", "130.9"], ["268.7", "130.9"]], "Type": "GATE"}, {"Location": [["274.3", "14.6"], ["312.4", "14.6"], ["312.4", "19.7"], ["274.3", "19.7"]], "Type": "SD"}], "Module": "M11", "Boundary": [["268.7", "10.0"], ["318.0", "10.0"], ["318.0", "10.3"], ["334.6", "10.3"], ["334.6", "137.4"], ["268.7", "137.4"]], "Module_type": "GATE"}, {"Ports": [{"Location": [["133.9", "203.8"], ["139.4", "203.8"], ["139.4", "259.9"], ["133.9", "259.9"]], "Type": "SD"}, {"Location": [["327.7", "190.2"], ["327.7", "273.5"], ["142.4", "273.5"], ["142.4", "190.2"]], "Type": "GATE"}, {"Location": [["317.3", "196.2"], ["322.7", "196.2"], ["322.7", "267.5"], ["317.3", "267.5"]], "Type": "SD"}], "Module": "M1", "Boundary": [["327.7", "190.2"], ["327.7", "273.5"], ["133.9", "273.5"], ["133.9", "190.2"]], "Module_type": "GATE"}, {"Ports": [{"Location": [["23.7", "457.7"], ["92.8", "457.7"], ["92.8", "463.1"], ["23.7", "463.1"]], "Type": "SD"}, {"Location": [["10.0", "344.5"], ["106.5", "344.5"], ["106.5", "456.1"], ["10.0", "456.1"]], "Type": "GATE"}, {"Location": [["15.3", "348.8"], ["101.2", "348.8"], ["101.2", "356.4"], ["15.3", "356.4"]], "Type": "SD"}], "Module": "M6", "Boundary": [["10.0", "344.5"], ["106.5", "344.5"], ["106.5", "463.1"], ["10.0", "463.1"]], "Module_type": "GATE"}, {"Ports": [{"Location": [["248.5", "338.0"], ["252.8", "338.0"], ["252.8", "412.0"], ["248.5", "412.0"]], "Type": "SD"}, {"Location": [["333.7", "323.5"], ["333.7", "426.5"], ["254.8", "426.5"], ["254.8", "323.5"]], "Type": "GATE"}, {"Location": [["322.0", "329.9"], ["328.3", "329.9"], ["328.3", "420.1"], ["322.0", "420.1"]], "Type": "SD"}], "Module": "M2", "Boundary": [["333.7", "323.5"], ["333.7", "426.5"], ["248.5", "426.5"], ["248.5", "323.5"]], "Module_type": "GATE"}, {"Ports": [{"Location": [["21.2", "144.7"], ["103.1", "144.7"], ["103.1", "150.2"], ["21.2", "150.2"]], "Type": "SD"}, {"Location": [["10.0", "10.0"], ["114.3", "10.0"], ["114.3", "142.3"], ["10.0", "142.3"]], "Type": "GATE"}, {"Location": [["15.3", "14.3"], ["109.0", "14.3"], ["109.0", "18.9"], ["15.3", "18.9"]], "Type": "SD"}], "Module": "M16", "Boundary": [["10.0", "10.0"], ["114.3", "10.0"], ["114.3", "150.2"], ["10.0", "150.2"]], "Module_type": "GATE"}, {"Ports": [{"Location": [["426.0", "698.8"], ["467.8", "698.8"], ["467.8", "704.2"], ["426.0", "704.2"]], "Type": "SD"}, {"Location": [["411.3", "606.4"], ["465.4", "606.4"], ["465.4", "606.4"], ["482.5", "606.4"], ["482.5", "697.3"], ["411.3", "697.3"]], "Type": "GATE"}, {"Location": [["417.6", "611.7"], ["459.1", "611.7"], ["459.1", "618.2"], ["417.6", "618.2"]], "Type": "SD"}], "Module": "M13", "Boundary": [["411.3", "606.4"], ["465.4", "606.4"], ["465.4", "606.4"], ["482.5", "606.4"], ["482.5", "704.2"], ["411.3", "704.2"]], "Module_type": "GATE"}, {"Ports": [{"Location": [["10.0", "603.8"], ["15.8", "603.8"], ["15.8", "702.0"], ["10.0", "702.0"]], "Type": "SD"}, {"Location": [["156.4", "588.6"], ["156.4", "717.2"], ["18.8", "717.2"], ["18.8", "588.6"]], "Type": "GATE"}, {"Location": [["144.0", "594.4"], ["151.6", "594.4"], ["151.6", "711.4"], ["144.0", "711.4"]], "Type": "SD"}], "Module": "M10", "Boundary": [["156.4", "588.6"], ["156.4", "717.2"], ["10.0", "717.2"], ["10.0", "588.6"]], "Module_type": "GATE"}, {"Ports": [{"Location": [["20.0", "506.7"], ["25.5", "506.7"], ["25.5", "545.0"], ["20.0", "545.0"]], "Type": "SD"}, {"Location": [["146.9", "493.1"], ["146.9", "543.1"], ["146.8", "543.1"], ["146.8", "558.6"], ["28.2", "558.6"], ["28.2", "493.1"]], "Type": "GATE"}, {"Location": [["135.7", "499.5"], ["141.5", "499.5"], ["141.5", "536.7"], ["135.7", "536.7"]], "Type": "SD"}], "Module": "M7", "Boundary": [["146.9", "493.1"], ["146.9", "543.1"], ["146.8", "543.1"], ["146.8", "558.6"], ["20.0", "558.6"], ["20.0", "493.1"]], "Module_type": "GATE"}, {"Ports": [{"Location": [["367.4", "141.0"], ["464.1", "141.0"], ["464.1", "145.6"], ["367.4", "145.6"]], "Type": "SD"}, {"Location": [["354.6", "10.0"], ["459.1", "10.0"], ["459.1", "10.1"], ["476.9", "10.1"], ["476.9", "139.2"], ["354.6", "139.2"]], "Type": "GATE"}, {"Location": [["360.2", "14.6"], ["453.5", "14.6"], ["453.5", "19.4"], ["360.2", "19.4"]], "Type": "SD"}], "Module": "M3", "Boundary": [["354.6", "10.0"], ["459.1", "10.0"], ["459.1", "10.1"], ["476.9", "10.1"], ["476.9", "145.6"], ["354.6", "145.6"]], "Module_type": "GATE"}, {"Ports": [{"Location": [["393.0", "580.5"], ["460.0", "580.5"], ["460.0", "586.4"], ["393.0", "586.4"]], "Type": "SD"}, {"Location": [["380.4", "381.6"], ["457.7", "381.6"], ["457.7", "381.7"], ["472.6", "381.7"], ["472.6", "578.9"], ["380.4", "578.9"]], "Type": "GATE"}, {"Location": [["386.6", "386.8"], ["451.5", "386.8"], ["451.5", "392.2"], ["386.6", "392.2"]], "Type": "SD"}], "Module": "M15", "Boundary": [["380.4", "381.6"], ["457.7", "381.6"], ["457.7", "381.7"], ["472.6", "381.7"], ["472.6", "586.4"], ["380.4", "586.4"]], "Module_type": "GATE"}, {"Ports": [{"Location": [["382.8", "355.9"], ["459.9", "355.9"], ["459.9", "361.6"], ["382.8", "361.6"]], "Type": "SD"}, {"Location": [["367.7", "165.6"], ["475.0", "165.6"], ["475.0", "353.9"], ["367.7", "353.9"]], "Type": "GATE"}, {"Location": [["374.6", "171.5"], ["468.1", "171.5"], ["468.1", "177.3"], ["374.6", "177.3"]], "Type": "SD"}], "Module": "M12", "Boundary": [["367.7", "165.6"], ["475.0", "165.6"], ["475.0", "361.6"], ["367.7", "361.6"]], "Module_type": "GATE"}, {"Ports": [{"Location": [["136.5", "337.0"], ["141.8", "337.0"], ["141.8", "409.8"], ["136.5", "409.8"]], "Type": "SD"}, {"Location": [["208.5", "323.5"], ["208.5", "406.8"], ["208.2", "406.8"], ["208.2", "423.3"], ["143.1", "423.3"], ["143.1", "323.5"]], "Type": "GATE"}, {"Location": [["197.5", "329.7"], ["203.3", "329.7"], ["203.3", "400.6"], ["197.5", "400.6"]], "Type": "SD"}], "Module": "M8", "Boundary": [["208.5", "323.5"], ["208.5", "406.8"], ["208.2", "406.8"], ["208.2", "423.3"], ["136.5", "423.3"], ["136.5", "323.5"]], "Module_type": "GATE"}], "Area": [["-30.0", "-30.0"], ["522.5", "-30.0"], ["522.5", "757.2"], ["-30.0", "757.2"]], "Rules": ["GATE(5,5)", "SD(5,5)", "GATE_SD(0.5)", "GATE_ITO(0.5)", "SD_ITO(0.5)"]}