{"Modules": [{"Module": "M14", "Boundary": [["159.6", "30.0"], ["222.1", "30.0"], ["222.1", "136.8"], ["236.2", "136.8"], ["236.2", "230.8"], ["159.6", "230.8"]], "Module_type": "GATE", "Ports": [{"Location": [["171.4", "225.9"], ["224.4", "225.9"], ["224.4", "230.8"], ["171.4", "230.8"]], "Type": "SD"}, {"Location": [["159.6", "30.0"], ["222.1", "30.0"], ["222.1", "136.8"], ["236.2", "136.8"], ["236.2", "224.2"], ["159.6", "224.2"]], "Type": "GATE"}, {"Location": [["165.3", "34.7"], ["215.4", "34.7"], ["215.4", "39.7"], ["165.3", "39.7"]], "Type": "SD"}]}, {"Ports": [{"Location": [["371.1", "451.2"], ["376.1", "451.2"], ["376.1", "521.4"], ["371.1", "521.4"]], "Type": "SD"}, {"Location": [["449.0", "435.7"], ["449.0", "520.9"], ["448.9", "520.9"], ["448.9", "536.9"], ["378.0", "536.9"], ["378.0", "435.7"]], "Type": "GATE"}, {"Location": [["436.6", "442.7"], ["443.0", "442.7"], ["443.0", "513.9"], ["436.6", "513.9"]], "Type": "SD"}], "Module": "M9", "Boundary": [["449.0", "435.7"], ["449.0", "520.9"], ["448.9", "520.9"], ["448.9", "536.9"], ["371.1", "536.9"], ["371.1", "435.7"]], "Module_type": "GATE"}, {"Ports": [{"Location": [["311.8", "587.6"], ["317.3", "587.6"], ["317.3", "663.6"], ["311.8", "663.6"]], "Type": "SD"}, {"Location": [["435.3", "573.4"], ["435.3", "677.8"], ["320.0", "677.8"], ["320.0", "573.4"]], "Type": "GATE"}, {"Location": [["423.7", "579.5"], ["430.2", "579.5"], ["430.2", "671.7"], ["423.7", "671.7"]], "Type": "SD"}], "Module": "M5", "Boundary": [["435.3", "573.4"], ["435.3", "677.8"], ["311.8", "677.8"], ["311.8", "573.4"]], "Module_type": "GATE"}, {"Ports": [{"Location": [["400.0", "386.6"], ["425.8", "386.6"], ["425.8", "392.5"], ["400.0", "392.5"]], "Type": "SD"}, {"Location": [["385.8", "173.3"], ["421.9", "173.3"], ["421.9", "173.4"], ["440.0", "173.4"], ["440.0", "385.6"], ["385.8", "385.6"]], "Type": "GATE"}, {"Location": [["392.4", "178.9"], ["415.3", "178.9"], ["415.3", "184.3"], ["392.4", "184.3"]], "Type": "SD"}], "Module": "M11", "Boundary": [["385.8", "173.3"], ["421.9", "173.3"], ["421.9", "173.4"], ["440.0", "173.4"], ["440.0", "392.5"], ["385.8", "392.5"]], "Module_type": "GATE"}, {"Ports": [{"Location": [["159.6", "325.6"], ["164.2", "325.6"], ["164.2", "383.9"], ["159.6", "383.9"]], "Type": "SD"}, {"Location": [["341.9", "313.8"], ["341.9", "395.7"], ["166.2", "395.7"], ["166.2", "313.8"]], "Type": "GATE"}, {"Location": [["333.2", "318.8"], ["337.9", "318.8"], ["337.9", "390.7"], ["333.2", "390.7"]], "Type": "SD"}], "Module": "M1", "Boundary": [["341.9", "313.8"], ["341.9", "395.7"], ["159.6", "395.7"], ["159.6", "313.8"]], "Module_type": "GATE"}, {"Ports": [{"Location": [["23.3", "442.6"], ["105.8", "442.6"], ["105.8", "446.8"], ["23.3", "446.8"]], "Type": "SD"}, {"Location": [["10.0", "240.0"], ["105.1", "240.0"], ["105.1", "258.4"], ["119.1", "258.4"], ["119.1", "440.9"], ["10.0", "440.9"]], "Type": "GATE"}, {"Location": [["16.1", "245.1"], ["98.0", "245.1"], ["98.0", "251.8"], ["16.1", "251.8"]], "Type": "SD"}], "Module": "M6", "Boundary": [["10.0", "240.0"], ["105.1", "240.0"], ["105.1", "258.4"], ["119.1", "258.4"], ["119.1", "446.8"], ["10.0", "446.8"]], "Module_type": "GATE"}, {"Ports": [{"Location": [["33.3", "671.8"], ["126.9", "671.8"], ["126.9", "676.7"], ["33.3", "676.7"]], "Type": "SD"}, {"Location": [["20.0", "476.8"], ["124.0", "476.8"], ["124.0", "530.2"], ["140.2", "530.2"], ["140.2", "670.1"], ["20.0", "670.1"]], "Type": "GATE"}, {"Location": [["26.0", "481.8"], ["117.0", "481.8"], ["117.0", "487.1"], ["26.0", "487.1"]], "Type": "SD"}], "Module": "M2", "Boundary": [["20.0", "476.8"], ["124.0", "476.8"], ["124.0", "530.2"], ["140.2", "530.2"], ["140.2", "676.7"], ["20.0", "676.7"]], "Module_type": "GATE"}, {"Ports": [{"Location": [["23.6", "215.9"], ["106.0", "215.9"], ["106.0", "220.0"], ["23.6", "220.0"]], "Type": "SD"}, {"Location": [["10.0", "10.0"], ["105.6", "10.0"], ["105.6", "84.3"], ["119.6", "84.3"], ["119.6", "213.7"], ["10.0", "213.7"]], "Type": "GATE"}, {"Location": [["16.4", "15.4"], ["98.2", "15.4"], ["98.2", "21.9"], ["16.4", "21.9"]], "Type": "SD"}], "Module": "M16", "Boundary": [["10.0", "10.0"], ["105.6", "10.0"], ["105.6", "84.3"], ["119.6", "84.3"], ["119.6", "220.0"], ["10.0", "220.0"]], "Module_type": "GATE"}, {"Ports": [{"Location": [["185.0", "543.4"], ["229.4", "543.4"], ["229.4", "547.4"], ["185.0", "547.4"]], "Type": "SD"}, {"Location": [["170.2", "435.7"], ["244.2", "435.7"], ["244.2", "541.8"], ["170.2", "541.8"]], "Type": "GATE"}, {"Location": [["177.0", "441.5"], ["237.4", "441.5"], ["237.4", "447.7"], ["177.0", "447.7"]], "Type": "SD"}], "Module": "M13", "Boundary": [["170.2", "435.7"], ["244.2", "435.7"], ["244.2", "547.4"], ["170.2", "547.4"]], "Module_type": "GATE"}, {"Ports": [{"Location": [["276.2", "186.4"], ["281.9", "186.4"], ["281.9", "260.7"], ["276.2", "260.7"]], "Type": "SD"}, {"Location": [["365.8", "173.3"], ["365.8", "257.9"], ["326.5", "257.9"], ["326.5", "273.8"], ["283.1", "273.8"], ["283.1", "173.3"]], "Type": "GATE"}, {"Location": [["355.4", "178.4"], ["361.7", "178.4"], ["361.7", "251.8"], ["355.4", "251.8"]], "Type": "SD"}], "Module": "M10", "Boundary": [["365.8", "173.3"], ["365.8", "257.9"], ["326.5", "257.9"], ["326.5", "273.8"], ["276.2", "273.8"], ["276.2", "173.3"]], "Module_type": "GATE"}, {"Ports": [{"Location": [["286.2", "33.0"], ["290.6", "33.0"], ["290.6", "130.3"], ["286.2", "130.3"]], "Type": "SD"}, {"Location": [["473.9", "20.0"], ["473.9", "125.4"], ["473.5", "125.4"], ["473.5", "143.3"], ["292.3", "143.3"], ["292.3", "20.0"]], "Type": "GATE"}, {"Location": [["464.3", "25.1"], ["469.8", "25.1"], ["469.8", "120.3"], ["464.3", "120.3"]], "Type": "SD"}], "Module": "M7", "Boundary": [["473.9", "20.0"], ["473.9", "125.4"], ["473.5", "125.4"], ["473.5", "143.3"], ["286.2", "143.3"], ["286.2", "20.0"]], "Module_type": "GATE"}, {"Ports": [{"Location": [["264.2", "447.8"], ["268.5", "447.8"], ["268.5", "531.3"], ["264.2", "531.3"]], "Type": "SD"}, {"Location": [["351.1", "435.7"], ["351.1", "528.0"], ["350.8", "528.0"], ["350.8", "543.4"], ["271.3", "543.4"], ["271.3", "435.7"]], "Type": "GATE"}, {"Location": [["341.7", "441.2"], ["346.6", "441.2"], ["346.6", "522.5"], ["341.7", "522.5"]], "Type": "SD"}], "Module": "M3", "Boundary": [["351.1", "435.7"], ["351.1", "528.0"], ["350.8", "528.0"], ["350.8", "543.4"], ["264.2", "543.4"], ["264.2", "435.7"]], "Module_type": "GATE"}, {"Ports": [{"Location": [["517.9", "150.6"], ["552.1", "150.6"], ["552.1", "155.8"], ["517.9", "155.8"]], "Type": "SD"}, {"Location": [["503.9", "10.0"], ["552.3", "10.0"], ["552.3", "10.1"], ["566.1", "10.1"], ["566.1", "149.0"], ["503.9", "149.0"]], "Type": "GATE"}, {"Location": [["510.8", "15.9"], ["545.4", "15.9"], ["545.4", "22.5"], ["510.8", "22.5"]], "Type": "SD"}], "Module": "M15", "Boundary": [["503.9", "10.0"], ["552.3", "10.0"], ["552.3", "10.1"], ["566.1", "10.1"], ["566.1", "155.8"], ["503.9", "155.8"]], "Module_type": "GATE"}, {"Ports": [{"Location": [["474.1", "394.7"], ["546.4", "394.7"], ["546.4", "400.1"], ["474.1", "400.1"]], "Type": "SD"}, {"Location": [["460.0", "175.8"], ["545.4", "175.8"], ["545.4", "195.9"], ["560.5", "195.9"], ["560.5", "393.1"], ["460.0", "393.1"]], "Type": "GATE"}, {"Location": [["466.7", "181.5"], ["537.7", "181.5"], ["537.7", "187.6"], ["466.7", "187.6"]], "Type": "SD"}], "Module": "M12", "Boundary": [["460.0", "175.8"], ["545.4", "175.8"], ["545.4", "195.9"], ["560.5", "195.9"], ["560.5", "400.1"], ["460.0", "400.1"]], "Module_type": "GATE"}, {"Ports": [{"Location": [["492.4", "635.2"], ["534.2", "635.2"], ["534.2", "640.1"], ["492.4", "640.1"]], "Type": "SD"}, {"Location": [["479.0", "430.1"], ["531.5", "430.1"], ["531.5", "523.3"], ["547.6", "523.3"], ["547.6", "633.9"], ["479.0", "633.9"]], "Type": "GATE"}, {"Location": [["484.3", "434.4"], ["525.2", "434.4"], ["525.2", "440.5"], ["484.3", "440.5"]], "Type": "SD"}], "Module": "M8", "Boundary": [["479.0", "430.1"], ["531.5", "430.1"], ["531.5", "523.3"], ["547.6", "523.3"], ["547.6", "640.1"], ["479.0", "640.1"]], "Module_type": "GATE"}, {"Ports": [{"Location": [["192.8", "643.1"], ["259.2", "643.1"], ["259.2", "648.5"], ["192.8", "648.5"]], "Type": "SD"}, {"Location": [["180.2", "577.4"], ["257.9", "577.4"], ["257.9", "610.2"], ["271.8", "610.2"], ["271.8", "641.3"], ["180.2", "641.3"]], "Type": "GATE"}, {"Location": [["185.4", "581.6"], ["251.7", "581.6"], ["251.7", "588.4"], ["185.4", "588.4"]], "Type": "SD"}], "Module": "M4", "Boundary": [["180.2", "577.4"], ["257.9", "577.4"], ["257.9", "610.2"], ["271.8", "610.2"], ["271.8", "648.5"], ["180.2", "648.5"]], "Module_type": "GATE"}], "Area": [["-30.0", "-30.0"], ["606.1", "-30.0"], ["606.1", "717.8"], ["-30.0", "717.8"]], "Rules": ["GATE(5,5)", "SD(5,5)", "GATE_SD(0.5)", "GATE_ITO(0.5)", "SD_ITO(0.5)"]}