{"Modules": [{"Module": "M14", "Boundary": [["30.0", "600.9"], ["79.4", "600.9"], ["79.4", "601.0"], ["95.4", "601.0"], ["95.4", "754.1"], ["30.0", "754.1"]], "Module_type": "GATE", "Ports": [{"Location": [["43.6", "749.3"], ["81.8", "749.3"], ["81.8", "754.1"], ["43.6", "754.1"]], "Type": "SD"}, {"Location": [["30.0", "600.9"], ["79.4", "600.9"], ["79.4", "601.0"], ["95.4", "601.0"], ["95.4", "747.5"], ["30.0", "747.5"]], "Type": "GATE"}, {"Location": [["35.6", "605.5"], ["73.8", "605.5"], ["73.8", "611.1"], ["35.6", "611.1"]], "Type": "SD"}]}, {"Ports": [{"Location": [["158.3", "284.7"], ["164.2", "284.7"], ["164.2", "339.8"], ["158.3", "339.8"]], "Type": "SD"}, {"Location": [["328.5", "271.0"], ["328.5", "353.5"], ["165.8", "353.5"], ["165.8", "271.0"]], "Type": "GATE"}, {"Location": [["316.9", "277.4"], ["323.1", "277.4"], ["323.1", "347.1"], ["316.9", "347.1"]], "Type": "SD"}], "Module": "M9", "Boundary": [["328.5", "271.0"], ["328.5", "353.5"], ["158.3", "353.5"], ["158.3", "271.0"]], "Module_type": "GATE"}, {"Ports": [{"Location": [["232.6", "237.0"], ["313.3", "237.0"], ["313.3", "241.0"], ["232.6", "241.0"]], "Type": "SD"}, {"Location": [["218.5", "20.0"], ["312.6", "20.0"], ["312.6", "20.4"], ["327.4", "20.4"], ["327.4", "234.8"], ["218.5", "234.8"]], "Type": "GATE"}, {"Location": [["224.6", "25.1"], ["306.5", "25.1"], ["306.5", "32.4"], ["224.6", "32.4"]], "Type": "SD"}], "Module": "M5", "Boundary": [["218.5", "20.0"], ["312.6", "20.0"], ["312.6", "20.4"], ["327.4", "20.4"], ["327.4", "241.0"], ["218.5", "241.0"]], "Module_type": "GATE"}, {"Ports": [{"Location": [["158.3", "387.2"], ["163.1", "387.2"], ["163.1", "460.6"], ["158.3", "460.6"]], "Type": "SD"}, {"Location": [["307.8", "373.5"], ["307.8", "474.3"], ["164.4", "474.3"], ["164.4", "373.5"]], "Type": "GATE"}, {"Location": [["296.9", "378.9"], ["303.4", "378.9"], ["303.4", "468.9"], ["296.9", "468.9"]], "Type": "SD"}], "Module": "M11", "Boundary": [["307.8", "373.5"], ["307.8", "474.3"], ["158.3", "474.3"], ["158.3", "373.5"]], "Module_type": "GATE"}, {"Ports": [{"Location": [["161.6", "527.2"], ["165.9", "527.2"], ["165.9", "548.9"], ["161.6", "548.9"]], "Type": "SD"}, {"Location": [["302.2", "514.3"], ["302.2", "561.8"], ["168.1", "561.8"], ["168.1", "514.3"]], "Type": "GATE"}, {"Location": [["292.3", "519.9"], ["297.6", "519.9"], ["297.6", "556.2"], ["292.3", "556.2"]], "Type": "SD"}], "Module": "M1", "Boundary": [["302.2", "514.3"], ["302.2", "561.8"], ["161.6", "561.8"], ["161.6", "514.3"]], "Module_type": "GATE"}, {"Ports": [{"Location": [["10.0", "923.6"], ["14.7", "923.6"], ["14.7", "1008.1"], ["10.0", "1008.1"]], "Type": "SD"}, {"Location": [["216.9", "909.5"], ["216.9", "1022.2"], ["16.1", "1022.2"], ["16.1", "909.5"]], "Type": "GATE"}, {"Location": [["204.4", "915.8"], ["211.6", "915.8"], ["211.6", "1015.9"], ["204.4", "1015.9"]], "Type": "SD"}], "Module": "M6", "Boundary": [["216.9", "909.5"], ["216.9", "1022.2"], ["10.0", "1022.2"], ["10.0", "909.5"]], "Module_type": "GATE"}, {"Ports": [{"Location": [["20.0", "817.9"], ["26.0", "817.9"], ["26.0", "865.7"], ["20.0", "865.7"]], "Type": "SD"}, {"Location": [["207.8", "804.1"], ["207.8", "865.6"], ["207.8", "865.6"], ["207.8", "879.5"], ["28.8", "879.5"], ["28.8", "804.1"]], "Type": "GATE"}, {"Location": [["195.8", "810.1"], ["202.8", "810.1"], ["202.8", "859.6"], ["195.8", "859.6"]], "Type": "SD"}], "Module": "M2", "Boundary": [["207.8", "804.1"], ["207.8", "865.6"], ["207.8", "865.6"], ["207.8", "879.5"], ["20.0", "879.5"], ["20.0", "804.1"]], "Module_type": "GATE"}, {"Ports": [{"Location": [["130.2", "205.1"], ["174.5", "205.1"], ["174.5", "209.4"], ["130.2", "209.4"]], "Type": "SD"}, {"Location": [["116.2", "10.0"], ["188.5", "10.0"], ["188.5", "202.8"], ["116.2", "202.8"]], "Type": "GATE"}, {"Location": [["121.6", "14.4"], ["183.1", "14.4"], ["183.1", "20.9"], ["121.6", "20.9"]], "Type": "SD"}], "Module": "M16", "Boundary": [["116.2", "10.0"], ["188.5", "10.0"], ["188.5", "209.4"], ["116.2", "209.4"]], "Module_type": "GATE"}, {"Ports": [{"Location": [["21.7", "316.6"], ["107.2", "316.6"], ["107.2", "321.8"], ["21.7", "321.8"]], "Type": "SD"}, {"Location": [["10.0", "229.4"], ["103.2", "229.4"], ["103.2", "229.6"], ["118.9", "229.6"], ["118.9", "314.7"], ["10.0", "314.7"]], "Type": "GATE"}, {"Location": [["15.0", "233.4"], ["98.2", "233.4"], ["98.2", "238.6"], ["15.0", "238.6"]], "Type": "SD"}], "Module": "M13", "Boundary": [["10.0", "229.4"], ["103.2", "229.4"], ["103.2", "229.6"], ["118.9", "229.6"], ["118.9", "321.8"], ["10.0", "321.8"]], "Module_type": "GATE"}, {"Ports": [{"Location": [["10.0", "355.8"], ["15.2", "355.8"], ["15.2", "435.0"], ["10.0", "435.0"]], "Type": "SD"}, {"Location": [["138.3", "341.8"], ["138.3", "430.9"], ["138.2", "430.9"], ["138.2", "449.0"], ["17.1", "449.0"], ["17.1", "341.8"]], "Type": "GATE"}, {"Location": [["127.8", "347.8"], ["133.3", "347.8"], ["133.3", "424.9"], ["127.8", "424.9"]], "Type": "SD"}], "Module": "M10", "Boundary": [["138.3", "341.8"], ["138.3", "430.9"], ["138.2", "430.9"], ["138.2", "449.0"], ["10.0", "449.0"], ["10.0", "341.8"]], "Module_type": "GATE"}, {"Ports": [{"Location": [["261.8", "675.3"], ["315.9", "675.3"], ["315.9", "680.2"], ["261.8", "680.2"]], "Type": "SD"}, {"Location": [["250.0", "611.8"], ["327.7", "611.8"], ["327.7", "673.2"], ["250.0", "673.2"]], "Type": "GATE"}, {"Location": [["255.7", "616.5"], ["322.0", "616.5"], ["322.0", "620.6"], ["255.7", "620.6"]], "Type": "SD"}], "Module": "M7", "Boundary": [["250.0", "611.8"], ["327.7", "611.8"], ["327.7", "680.2"], ["250.0", "680.2"]], "Module_type": "GATE"}, {"Ports": [{"Location": [["252.3", "904.3"], ["325.4", "904.3"], ["325.4", "909.7"], ["252.3", "909.7"]], "Type": "SD"}, {"Location": [["240.0", "710.2"], ["337.7", "710.2"], ["337.7", "902.8"], ["240.0", "902.8"]], "Type": "GATE"}, {"Location": [["245.0", "714.2"], ["332.7", "714.2"], ["332.7", "719.1"], ["245.0", "719.1"]], "Type": "SD"}], "Module": "M3", "Boundary": [["240.0", "710.2"], ["337.7", "710.2"], ["337.7", "909.7"], ["240.0", "909.7"]], "Module_type": "GATE"}, {"Ports": [{"Location": [["23.4", "201.8"], ["82.8", "201.8"], ["82.8", "206.6"], ["23.4", "206.6"]], "Type": "SD"}, {"Location": [["10.0", "10.0"], ["96.2", "10.0"], ["96.2", "199.8"], ["10.0", "199.8"]], "Type": "GATE"}, {"Location": [["15.3", "14.3"], ["90.9", "14.3"], ["90.9", "20.0"], ["15.3", "20.0"]], "Type": "SD"}], "Module": "M15", "Boundary": [["10.0", "10.0"], ["96.2", "10.0"], ["96.2", "206.6"], ["10.0", "206.6"]], "Module_type": "GATE"}, {"Ports": [{"Location": [["236.9", "945.7"], ["241.0", "945.7"], ["241.0", "1004.0"], ["236.9", "1004.0"]], "Type": "SD"}, {"Location": [["336.1", "929.7"], ["336.1", "1020.0"], ["243.8", "1020.0"], ["243.8", "929.7"]], "Type": "GATE"}, {"Location": [["322.7", "936.6"], ["330.2", "936.6"], ["330.2", "1013.1"], ["322.7", "1013.1"]], "Type": "SD"}], "Module": "M12", "Boundary": [["336.1", "929.7"], ["336.1", "1020.0"], ["236.9", "1020.0"], ["236.9", "929.7"]], "Module_type": "GATE"}, {"Ports": [{"Location": [["159.2", "746.2"], ["196.2", "746.2"], ["196.2", "750.7"], ["159.2", "750.7"]], "Type": "SD"}, {"Location": [["145.4", "611.8"], ["194.6", "611.8"], ["194.6", "611.9"], ["210.0", "611.9"], ["210.0", "743.9"], ["145.4", "743.9"]], "Type": "GATE"}, {"Location": [["151.5", "616.9"], ["188.5", "616.9"], ["188.5", "622.7"], ["151.5", "622.7"]], "Type": "SD"}], "Module": "M8", "Boundary": [["145.4", "611.8"], ["194.6", "611.8"], ["194.6", "611.9"], ["210.0", "611.9"], ["210.0", "750.7"], ["145.4", "750.7"]], "Module_type": "GATE"}, {"Ports": [{"Location": [["32.8", "545.6"], ["98.8", "545.6"], ["98.8", "550.9"], ["32.8", "550.9"]], "Type": "SD"}, {"Location": [["20.0", "479.0"], ["99.6", "479.0"], ["99.6", "479.1"], ["111.6", "479.1"], ["111.6", "543.9"], ["20.0", "543.9"]], "Type": "GATE"}, {"Location": [["26.3", "484.3"], ["93.3", "484.3"], ["93.3", "490.3"], ["26.3", "490.3"]], "Type": "SD"}], "Module": "M4", "Boundary": [["20.0", "479.0"], ["99.6", "479.0"], ["99.6", "479.1"], ["111.6", "479.1"], ["111.6", "550.9"], ["20.0", "550.9"]], "Module_type": "GATE"}], "Area": [["-30.0", "-30.0"], ["377.7", "-30.0"], ["377.7", "1062.2"], ["-30.0", "1062.2"]], "Rules": ["GATE(5,5)", "SD(5,5)", "GATE_SD(0.5)", "GATE_ITO(0.5)", "SD_ITO(0.5)"]}