{"Modules": [{"Module": "M14", "Boundary": [["238.6", "216.4"], ["321.0", "216.4"], ["321.0", "291.7"], ["335.5", "291.7"], ["335.5", "350.9"], ["238.6", "350.9"]], "Module_type": "GATE", "Ports": [{"Location": [["252.6", "345.3"], ["321.5", "345.3"], ["321.5", "350.9"], ["252.6", "350.9"]], "Type": "SD"}, {"Location": [["238.6", "216.4"], ["321.0", "216.4"], ["321.0", "291.7"], ["335.5", "291.7"], ["335.5", "343.1"], ["238.6", "343.1"]], "Type": "GATE"}, {"Location": [["245.2", "222.0"], ["313.4", "222.0"], ["313.4", "228.4"], ["245.2", "228.4"]], "Type": "SD"}]}, {"Ports": [{"Location": [["713.0", "307.0"], ["796.7", "307.0"], ["796.7", "312.6"], ["713.0", "312.6"]], "Type": "SD"}, {"Location": [["699.0", "114.7"], ["810.7", "114.7"], ["810.7", "305.9"], ["699.0", "305.9"]], "Type": "GATE"}, {"Location": [["705.6", "120.3"], ["804.1", "120.3"], ["804.1", "125.9"], ["705.6", "125.9"]], "Type": "SD"}], "Module": "M9", "Boundary": [["699.0", "114.7"], ["810.7", "114.7"], ["810.7", "312.6"], ["699.0", "312.6"]], "Module_type": "GATE"}, {"Ports": [{"Location": [["762.8", "466.2"], ["784.8", "466.2"], ["784.8", "471.6"], ["762.8", "471.6"]], "Type": "SD"}, {"Location": [["750.2", "342.6"], ["782.5", "342.6"], ["782.5", "342.7"], ["797.4", "342.7"], ["797.4", "463.6"], ["750.2", "463.6"]], "Type": "GATE"}, {"Location": [["756.0", "347.4"], ["776.7", "347.4"], ["776.7", "352.9"], ["756.0", "352.9"]], "Type": "SD"}], "Module": "M5", "Boundary": [["750.2", "342.6"], ["782.5", "342.6"], ["782.5", "342.7"], ["797.4", "342.7"], ["797.4", "471.6"], ["750.2", "471.6"]], "Module_type": "GATE"}, {"Ports": [{"Location": [["128.5", "364.0"], ["185.8", "364.0"], ["185.8", "369.1"], ["128.5", "369.1"]], "Type": "SD"}, {"Location": [["115.7", "159.0"], ["198.6", "159.0"], ["198.6", "361.6"], ["115.7", "361.6"]], "Type": "GATE"}, {"Location": [["121.2", "163.5"], ["193.1", "163.5"], ["193.1", "169.3"], ["121.2", "169.3"]], "Type": "SD"}], "Module": "M11", "Boundary": [["115.7", "159.0"], ["198.6", "159.0"], ["198.6", "369.1"], ["115.7", "369.1"]], "Module_type": "GATE"}, {"Ports": [{"Location": [["395.5", "405.8"], ["400.8", "405.8"], ["400.8", "456.7"], ["395.5", "456.7"]], "Type": "SD"}, {"Location": [["518.1", "391.7"], ["518.1", "470.8"], ["403.0", "470.8"], ["403.0", "391.7"]], "Type": "GATE"}, {"Location": [["505.8", "397.7"], ["513.1", "397.7"], ["513.1", "464.8"], ["505.8", "464.8"]], "Type": "SD"}], "Module": "M1", "Boundary": [["518.1", "391.7"], ["518.1", "470.8"], ["395.5", "470.8"], ["395.5", "391.7"]], "Module_type": "GATE"}, {"Ports": [{"Location": [["514.7", "187.8"], ["573.2", "187.8"], ["573.2", "192.1"], ["514.7", "192.1"]], "Type": "SD"}, {"Location": [["501.1", "10.0"], ["570.7", "10.0"], ["570.7", "26.0"], ["586.8", "26.0"], ["586.8", "186.1"], ["501.1", "186.1"]], "Type": "GATE"}, {"Location": [["506.3", "14.2"], ["564.5", "14.2"], ["564.5", "20.7"], ["506.3", "20.7"]], "Type": "SD"}], "Module": "M6", "Boundary": [["501.1", "10.0"], ["570.7", "10.0"], ["570.7", "26.0"], ["586.8", "26.0"], ["586.8", "192.1"], ["501.1", "192.1"]], "Module_type": "GATE"}, {"Ports": [{"Location": [["616.8", "32.8"], ["622.4", "32.8"], ["622.4", "71.9"], ["616.8", "71.9"]], "Type": "SD"}, {"Location": [["807.1", "20.0"], ["807.1", "69.9"], ["790.6", "69.9"], ["790.6", "84.7"], ["624.8", "84.7"], ["624.8", "20.0"]], "Type": "GATE"}, {"Location": [["796.8", "25.7"], ["802.4", "25.7"], ["802.4", "63.2"], ["796.8", "63.2"]], "Type": "SD"}], "Module": "M2", "Boundary": [["807.1", "20.0"], ["807.1", "69.9"], ["790.6", "69.9"], ["790.6", "84.7"], ["616.8", "84.7"], ["616.8", "20.0"]], "Module_type": "GATE"}, {"Ports": [{"Location": [["145.2", "403.9"], ["150.2", "403.9"], ["150.2", "457.5"], ["145.2", "457.5"]], "Type": "SD"}, {"Location": [["355.2", "390.9"], ["355.2", "455.7"], ["299.4", "455.7"], ["299.4", "470.5"], ["151.2", "470.5"], ["151.2", "390.9"]], "Type": "GATE"}, {"Location": [["345.0", "397.1"], ["350.0", "397.1"], ["350.0", "448.5"], ["345.0", "448.5"]], "Type": "SD"}], "Module": "M16", "Boundary": [["355.2", "390.9"], ["355.2", "455.7"], ["299.4", "455.7"], ["299.4", "470.5"], ["145.2", "470.5"], ["145.2", "390.9"]], "Module_type": "GATE"}, {"Ports": [{"Location": [["256.1", "172.3"], ["344.7", "172.3"], ["344.7", "176.4"], ["256.1", "176.4"]], "Type": "SD"}, {"Location": [["243.0", "10.0"], ["341.4", "10.0"], ["341.4", "10.1"], ["357.8", "10.1"], ["357.8", "169.9"], ["243.0", "169.9"]], "Type": "GATE"}, {"Location": [["248.6", "14.6"], ["335.8", "14.6"], ["335.8", "20.5"], ["248.6", "20.5"]], "Type": "SD"}], "Module": "M13", "Boundary": [["243.0", "10.0"], ["341.4", "10.0"], ["341.4", "10.1"], ["357.8", "10.1"], ["357.8", "176.4"], ["243.0", "176.4"]], "Module_type": "GATE"}, {"Ports": [{"Location": [["10.0", "412.0"], ["15.7", "412.0"], ["15.7", "451.8"], ["10.0", "451.8"]], "Type": "SD"}, {"Location": [["125.2", "396.5"], ["125.2", "451.8"], ["72.5", "451.8"], ["72.5", "467.3"], ["17.0", "467.3"], ["17.0", "396.5"]], "Type": "GATE"}, {"Location": [["112.1", "403.1"], ["119.6", "403.1"], ["119.6", "444.2"], ["112.1", "444.2"]], "Type": "SD"}], "Module": "M10", "Boundary": [["125.2", "396.5"], ["125.2", "451.8"], ["72.5", "451.8"], ["72.5", "467.3"], ["10.0", "467.3"], ["10.0", "396.5"]], "Module_type": "GATE"}, {"Ports": [{"Location": [["387.8", "261.4"], ["392.4", "261.4"], ["392.4", "329.2"], ["387.8", "329.2"]], "Type": "SD"}, {"Location": [["527.6", "248.9"], ["527.6", "326.6"], ["527.5", "326.6"], ["527.5", "341.7"], ["395.0", "341.7"], ["395.0", "248.9"]], "Type": "GATE"}, {"Location": [["517.3", "254.5"], ["523.0", "254.5"], ["523.0", "321.0"], ["517.3", "321.0"]], "Type": "SD"}], "Module": "M7", "Boundary": [["527.6", "248.9"], ["527.6", "326.6"], ["527.5", "326.6"], ["527.5", "341.7"], ["387.8", "341.7"], ["387.8", "248.9"]], "Module_type": "GATE"}, {"Ports": [{"Location": [["10.0", "25.6"], ["15.3", "25.6"], ["15.3", "123.4"], ["10.0", "123.4"]], "Type": "SD"}, {"Location": [["223.0", "10.0"], ["223.0", "120.8"], ["222.8", "120.8"], ["222.8", "139.0"], ["18.3", "139.0"], ["18.3", "10.0"]], "Type": "GATE"}, {"Location": [["210.9", "16.5"], ["217.5", "16.5"], ["217.5", "114.3"], ["210.9", "114.3"]], "Type": "SD"}], "Module": "M3", "Boundary": [["223.0", "10.0"], ["223.0", "120.8"], ["222.8", "120.8"], ["222.8", "139.0"], ["10.0", "139.0"], ["10.0", "10.0"]], "Module_type": "GATE"}, {"Ports": [{"Location": [["558.1", "384.9"], ["563.4", "384.9"], ["563.4", "443.6"], ["558.1", "443.6"]], "Type": "SD"}, {"Location": [["720.2", "372.4"], ["720.2", "456.1"], ["566.1", "456.1"], ["566.1", "372.4"]], "Type": "GATE"}, {"Location": [["710.8", "377.4"], ["716.2", "377.4"], ["716.2", "451.1"], ["710.8", "451.1"]], "Type": "SD"}], "Module": "M15", "Boundary": [["720.2", "372.4"], ["720.2", "456.1"], ["558.1", "456.1"], ["558.1", "372.4"]], "Module_type": "GATE"}, {"Ports": [{"Location": [["23.7", "371.5"], ["82.0", "371.5"], ["82.0", "376.5"], ["23.7", "376.5"]], "Type": "SD"}, {"Location": [["10.0", "159.0"], ["79.7", "159.0"], ["79.7", "275.5"], ["95.7", "275.5"], ["95.7", "370.0"], ["10.0", "370.0"]], "Type": "GATE"}, {"Location": [["15.8", "163.8"], ["72.9", "163.8"], ["72.9", "169.4"], ["15.8", "169.4"]], "Type": "SD"}], "Module": "M12", "Boundary": [["10.0", "159.0"], ["79.7", "159.0"], ["79.7", "275.5"], ["95.7", "275.5"], ["95.7", "376.5"], ["10.0", "376.5"]], "Module_type": "GATE"}, {"Ports": [{"Location": [["401.5", "203.7"], ["457.4", "203.7"], ["457.4", "208.9"], ["401.5", "208.9"]], "Type": "SD"}, {"Location": [["387.8", "20.0"], ["456.0", "20.0"], ["456.0", "118.5"], ["471.1", "118.5"], ["471.1", "201.8"], ["387.8", "201.8"]], "Type": "GATE"}, {"Location": [["393.8", "25.0"], ["449.0", "25.0"], ["449.0", "31.2"], ["393.8", "31.2"]], "Type": "SD"}], "Module": "M8", "Boundary": [["387.8", "20.0"], ["456.0", "20.0"], ["456.0", "118.5"], ["471.1", "118.5"], ["471.1", "208.9"], ["387.8", "208.9"]], "Module_type": "GATE"}], "Area": [["-30.0", "-30.0"], ["850.7", "-30.0"], ["850.7", "511.6"], ["-30.0", "511.6"]], "Rules": ["GATE(5,5)", "SD(5,5)", "GATE_SD(0.5)", "GATE_ITO(0.5)", "SD_ITO(0.5)"]}