{"Modules": [{"Module": "M14", "Boundary": [["559.7", "30.0"], ["668.5", "30.0"], ["668.5", "108.8"], ["685.4", "108.8"], ["685.4", "186.5"], ["559.7", "186.5"]], "Module_type": "GATE", "Ports": [{"Location": [["574.3", "181.4"], ["670.8", "181.4"], ["670.8", "186.5"], ["574.3", "186.5"]], "Type": "SD"}, {"Location": [["559.7", "30.0"], ["668.5", "30.0"], ["668.5", "108.8"], ["685.4", "108.8"], ["685.4", "179.0"], ["559.7", "179.0"]], "Type": "GATE"}, {"Location": [["566.5", "35.8"], ["660.7", "35.8"], ["660.7", "41.3"], ["566.5", "41.3"]], "Type": "SD"}]}, {"Ports": [{"Location": [["10.0", "248.9"], ["14.1", "248.9"], ["14.1", "303.2"], ["10.0", "303.2"]], "Type": "SD"}, {"Location": [["138.1", "234.5"], ["138.1", "317.6"], ["16.4", "317.6"], ["16.4", "234.5"]], "Type": "GATE"}, {"Location": [["126.5", "239.6"], ["134.0", "239.6"], ["134.0", "312.5"], ["126.5", "312.5"]], "Type": "SD"}], "Module": "M9", "Boundary": [["138.1", "234.5"], ["138.1", "317.6"], ["10.0", "317.6"], ["10.0", "234.5"]], "Module_type": "GATE"}, {"Ports": [{"Location": [["168.1", "239.4"], ["172.3", "239.4"], ["172.3", "272.3"], ["168.1", "272.3"]], "Type": "SD"}, {"Location": [["299.1", "226.6"], ["299.1", "271.8"], ["298.9", "271.8"], ["298.9", "285.1"], ["175.2", "285.1"], ["175.2", "226.6"]], "Type": "GATE"}, {"Location": [["288.1", "232.4"], ["294.3", "232.4"], ["294.3", "266.0"], ["288.1", "266.0"]], "Type": "SD"}], "Module": "M5", "Boundary": [["299.1", "226.6"], ["299.1", "271.8"], ["298.9", "271.8"], ["298.9", "285.1"], ["168.1", "285.1"], ["168.1", "226.6"]], "Module_type": "GATE"}, {"Ports": [{"Location": [["675.2", "240.7"], ["680.4", "240.7"], ["680.4", "321.6"], ["675.2", "321.6"]], "Type": "SD"}, {"Location": [["822.9", "226.5"], ["822.9", "335.8"], ["683.4", "335.8"], ["683.4", "226.5"]], "Type": "GATE"}, {"Location": [["812.0", "233.1"], ["817.3", "233.1"], ["817.3", "329.2"], ["812.0", "329.2"]], "Type": "SD"}], "Module": "M11", "Boundary": [["822.9", "226.5"], ["822.9", "335.8"], ["675.2", "335.8"], ["675.2", "226.5"]], "Module_type": "GATE"}, {"Ports": [{"Location": [["185.7", "350.1"], ["191.3", "350.1"], ["191.3", "424.4"], ["185.7", "424.4"]], "Type": "SD"}, {"Location": [["383.1", "335.1"], ["383.1", "422.5"], ["382.9", "422.5"], ["382.9", "439.4"], ["193.8", "439.4"], ["193.8", "335.1"]], "Type": "GATE"}, {"Location": [["371.2", "341.0"], ["378.2", "341.0"], ["378.2", "416.6"], ["371.2", "416.6"]], "Type": "SD"}], "Module": "M1", "Boundary": [["383.1", "335.1"], ["383.1", "422.5"], ["382.9", "422.5"], ["382.9", "439.4"], ["185.7", "439.4"], ["185.7", "335.1"]], "Module_type": "GATE"}, {"Ports": [{"Location": [["738.3", "190.9"], ["809.2", "190.9"], ["809.2", "195.1"], ["738.3", "195.1"]], "Type": "SD"}, {"Location": [["725.4", "10.0"], ["807.1", "10.0"], ["807.1", "107.3"], ["822.1", "107.3"], ["822.1", "189.2"], ["725.4", "189.2"]], "Type": "GATE"}, {"Location": [["731.1", "14.7"], ["800.4", "14.7"], ["800.4", "20.0"], ["731.1", "20.0"]], "Type": "SD"}], "Module": "M6", "Boundary": [["725.4", "10.0"], ["807.1", "10.0"], ["807.1", "107.3"], ["822.1", "107.3"], ["822.1", "195.1"], ["725.4", "195.1"]], "Module_type": "GATE"}, {"Ports": [{"Location": [["109.3", "33.4"], ["114.8", "33.4"], ["114.8", "71.6"], ["109.3", "71.6"]], "Type": "SD"}, {"Location": [["322.8", "20.0"], ["322.8", "70.1"], ["247.4", "70.1"], ["247.4", "85.0"], ["115.9", "85.0"], ["115.9", "20.0"]], "Type": "GATE"}, {"Location": [["312.3", "26.4"], ["317.4", "26.4"], ["317.4", "62.7"], ["312.3", "62.7"]], "Type": "SD"}], "Module": "M2", "Boundary": [["322.8", "20.0"], ["322.8", "70.1"], ["247.4", "70.1"], ["247.4", "85.0"], ["109.3", "85.0"], ["109.3", "20.0"]], "Module_type": "GATE"}, {"Ports": [{"Location": [["423.7", "391.4"], ["427.8", "391.4"], ["427.8", "439.0"], ["423.7", "439.0"]], "Type": "SD"}, {"Location": [["514.6", "378.7"], ["514.6", "438.9"], ["487.3", "438.9"], ["487.3", "451.7"], ["429.0", "451.7"], ["429.0", "378.7"]], "Type": "GATE"}, {"Location": [["503.7", "384.9"], ["509.4", "384.9"], ["509.4", "431.7"], ["503.7", "431.7"]], "Type": "SD"}], "Module": "M16", "Boundary": [["514.6", "378.7"], ["514.6", "438.9"], ["487.3", "438.9"], ["487.3", "451.7"], ["423.7", "451.7"], ["423.7", "378.7"]], "Module_type": "GATE"}, {"Ports": [{"Location": [["342.1", "272.0"], ["390.7", "272.0"], ["390.7", "277.9"], ["342.1", "277.9"]], "Type": "SD"}, {"Location": [["329.1", "115.6"], ["389.7", "115.6"], ["389.7", "115.8"], ["403.7", "115.8"], ["403.7", "270.3"], ["329.1", "270.3"]], "Type": "GATE"}, {"Location": [["335.5", "121.0"], ["383.3", "121.0"], ["383.3", "126.8"], ["335.5", "126.8"]], "Type": "SD"}], "Module": "M13", "Boundary": [["329.1", "115.6"], ["389.7", "115.6"], ["389.7", "115.8"], ["403.7", "115.8"], ["403.7", "277.9"], ["329.1", "277.9"]], "Module_type": "GATE"}, {"Ports": [{"Location": [["539.7", "379.6"], ["545.1", "379.6"], ["545.1", "444.9"], ["539.7", "444.9"]], "Type": "SD"}, {"Location": [["701.5", "365.0"], ["701.5", "445.7"], ["619.9", "445.7"], ["619.9", "459.5"], ["546.2", "459.5"], ["546.2", "365.0"]], "Type": "GATE"}, {"Location": [["688.9", "371.1"], ["696.4", "371.1"], ["696.4", "438.6"], ["688.9", "438.6"]], "Type": "SD"}], "Module": "M10", "Boundary": [["701.5", "365.0"], ["701.5", "445.7"], ["619.9", "445.7"], ["619.9", "459.5"], ["539.7", "459.5"], ["539.7", "365.0"]], "Module_type": "GATE"}, {"Ports": [{"Location": [["445.7", "343.3"], ["497.7", "343.3"], ["497.7", "348.7"], ["445.7", "348.7"]], "Type": "SD"}, {"Location": [["433.7", "125.6"], ["509.7", "125.6"], ["509.7", "340.9"], ["433.7", "340.9"]], "Type": "GATE"}, {"Location": [["438.9", "129.8"], ["504.5", "129.8"], ["504.5", "134.7"], ["438.9", "134.7"]], "Type": "SD"}], "Module": "M7", "Boundary": [["433.7", "125.6"], ["509.7", "125.6"], ["509.7", "348.7"], ["433.7", "348.7"]], "Module_type": "GATE"}, {"Ports": [{"Location": [["10.0", "350.8"], ["14.8", "350.8"], ["14.8", "408.8"], ["10.0", "408.8"]], "Type": "SD"}, {"Location": [["145.7", "337.6"], ["145.7", "422.0"], ["17.3", "422.0"], ["17.3", "337.6"]], "Type": "GATE"}, {"Location": [["134.9", "342.6"], ["141.7", "342.6"], ["141.7", "417.0"], ["134.9", "417.0"]], "Type": "SD"}], "Module": "M3", "Boundary": [["145.7", "337.6"], ["145.7", "422.0"], ["10.0", "422.0"], ["10.0", "337.6"]], "Module_type": "GATE"}, {"Ports": [{"Location": [["99.3", "127.3"], ["105.1", "127.3"], ["105.1", "184.3"], ["99.3", "184.3"]], "Type": "SD"}, {"Location": [["306.3", "115.0"], ["306.3", "180.2"], ["306.1", "180.2"], ["306.1", "196.6"], ["106.9", "196.6"], ["106.9", "115.0"]], "Type": "GATE"}, {"Location": [["296.3", "120.5"], ["301.8", "120.5"], ["301.8", "174.7"], ["296.3", "174.7"]], "Type": "SD"}], "Module": "M15", "Boundary": [["306.3", "115.0"], ["306.3", "180.2"], ["306.1", "180.2"], ["306.1", "196.6"], ["99.3", "196.6"], ["99.3", "115.0"]], "Module_type": "GATE"}, {"Ports": [{"Location": [["25.0", "209.2"], ["64.3", "209.2"], ["64.3", "214.5"], ["25.0", "214.5"]], "Type": "SD"}, {"Location": [["10.0", "10.0"], ["64.2", "10.0"], ["64.2", "98.6"], ["79.3", "98.6"], ["79.3", "207.7"], ["10.0", "207.7"]], "Type": "GATE"}, {"Location": [["16.9", "15.9"], ["56.3", "15.9"], ["56.3", "22.2"], ["16.9", "22.2"]], "Type": "SD"}], "Module": "M12", "Boundary": [["10.0", "10.0"], ["64.2", "10.0"], ["64.2", "98.6"], ["79.3", "98.6"], ["79.3", "214.5"], ["10.0", "214.5"]], "Module_type": "GATE"}, {"Ports": [{"Location": [["362.8", "34.1"], ["367.6", "34.1"], ["367.6", "71.5"], ["362.8", "71.5"]], "Type": "SD"}, {"Location": [["504.7", "20.0"], ["504.7", "71.0"], ["469.9", "71.0"], ["469.9", "85.6"], ["368.9", "85.6"], ["368.9", "20.0"]], "Type": "GATE"}, {"Location": [["493.5", "26.6"], ["499.1", "26.6"], ["499.1", "63.4"], ["493.5", "63.4"]], "Type": "SD"}], "Module": "M8", "Boundary": [["504.7", "20.0"], ["504.7", "71.0"], ["469.9", "71.0"], ["469.9", "85.6"], ["362.8", "85.6"], ["362.8", "20.0"]], "Module_type": "GATE"}], "Area": [["-30.0", "-30.0"], ["862.9", "-30.0"], ["862.9", "499.5"], ["-30.0", "499.5"]], "Rules": ["GATE(5,5)", "SD(5,5)", "GATE_SD(0.5)", "GATE_ITO(0.5)", "SD_ITO(0.5)"]}