{"Modules": [{"Module": "M14", "Boundary": [["512.8", "158.6"], ["512.8", "238.3"], ["495.7", "238.3"], ["495.7", "252.4"], ["316.9", "252.4"], ["316.9", "158.6"]], "Module_type": "GATE", "Ports": [{"Location": [["316.9", "171.9"], ["321.3", "171.9"], ["321.3", "239.1"], ["316.9", "239.1"]], "Type": "SD"}, {"Location": [["512.8", "158.6"], ["512.8", "238.3"], ["495.7", "238.3"], ["495.7", "252.4"], ["323.4", "252.4"], ["323.4", "158.6"]], "Type": "GATE"}, {"Location": [["501.7", "165.0"], ["507.4", "165.0"], ["507.4", "230.9"], ["501.7", "230.9"]], "Type": "SD"}]}, {"Ports": [{"Location": [["552.8", "147.7"], ["558.4", "147.7"], ["558.4", "212.3"], ["552.8", "212.3"]], "Type": "SD"}, {"Location": [["706.5", "135.5"], ["706.5", "224.5"], ["560.0", "224.5"], ["560.0", "135.5"]], "Type": "GATE"}, {"Location": [["696.0", "142.0"], ["701.0", "142.0"], ["701.0", "218.0"], ["696.0", "218.0"]], "Type": "SD"}], "Module": "M9", "Boundary": [["706.5", "135.5"], ["706.5", "224.5"], ["552.8", "224.5"], ["552.8", "135.5"]], "Module_type": "GATE"}, {"Ports": [{"Location": [["32.5", "286.2"], ["107.9", "286.2"], ["107.9", "290.4"], ["32.5", "290.4"]], "Type": "SD"}, {"Location": [["20.0", "130.7"], ["106.6", "130.7"], ["106.6", "131.0"], ["120.4", "131.0"], ["120.4", "283.8"], ["20.0", "283.8"]], "Type": "GATE"}, {"Location": [["25.2", "134.9"], ["101.4", "134.9"], ["101.4", "141.5"], ["25.2", "141.5"]], "Type": "SD"}], "Module": "M5", "Boundary": [["20.0", "130.7"], ["106.6", "130.7"], ["106.6", "131.0"], ["120.4", "131.0"], ["120.4", "290.4"], ["20.0", "290.4"]], "Module_type": "GATE"}, {"Ports": [{"Location": [["10.0", "335.4"], ["15.7", "335.4"], ["15.7", "356.0"], ["10.0", "356.0"]], "Type": "SD"}, {"Location": [["140.4", "320.4"], ["140.4", "356.6"], ["140.3", "356.6"], ["140.3", "371.0"], ["16.8", "371.0"], ["16.8", "320.4"]], "Type": "GATE"}, {"Location": [["127.0", "326.8"], ["135.0", "326.8"], ["135.0", "350.2"], ["127.0", "350.2"]], "Type": "SD"}], "Module": "M11", "Boundary": [["140.4", "320.4"], ["140.4", "356.6"], ["140.3", "356.6"], ["140.3", "371.0"], ["10.0", "371.0"], ["10.0", "320.4"]], "Module_type": "GATE"}, {"Ports": [{"Location": [["608.4", "278.2"], ["613.2", "278.2"], ["613.2", "351.9"], ["608.4", "351.9"]], "Type": "SD"}, {"Location": [["685.7", "264.5"], ["685.7", "365.6"], ["615.4", "365.6"], ["615.4", "264.5"]], "Type": "GATE"}, {"Location": [["674.7", "270.5"], ["680.7", "270.5"], ["680.7", "359.6"], ["674.7", "359.6"]], "Type": "SD"}], "Module": "M1", "Boundary": [["685.7", "264.5"], ["685.7", "365.6"], ["608.4", "365.6"], ["608.4", "264.5"]], "Module_type": "GATE"}, {"Ports": [{"Location": [["160.4", "313.9"], ["165.1", "313.9"], ["165.1", "394.6"], ["160.4", "394.6"]], "Type": "SD"}, {"Location": [["342.7", "301.5"], ["342.7", "393.2"], ["231.3", "393.2"], ["231.3", "407.0"], ["166.7", "407.0"], ["166.7", "301.5"]], "Type": "GATE"}, {"Location": [["332.6", "306.6"], ["338.6", "306.6"], ["338.6", "387.1"], ["332.6", "387.1"]], "Type": "SD"}], "Module": "M6", "Boundary": [["342.7", "301.5"], ["342.7", "393.2"], ["231.3", "393.2"], ["231.3", "407.0"], ["160.4", "407.0"], ["160.4", "301.5"]], "Module_type": "GATE"}, {"Ports": [{"Location": [["198.6", "135.8"], ["252.3", "135.8"], ["252.3", "140.6"], ["198.6", "140.6"]], "Type": "SD"}, {"Location": [["184.0", "20.0"], ["252.0", "20.0"], ["252.0", "67.9"], ["266.9", "67.9"], ["266.9", "134.0"], ["184.0", "134.0"]], "Type": "GATE"}, {"Location": [["190.3", "25.3"], ["244.7", "25.3"], ["244.7", "31.9"], ["190.3", "31.9"]], "Type": "SD"}], "Module": "M2", "Boundary": [["184.0", "20.0"], ["252.0", "20.0"], ["252.0", "67.9"], ["266.9", "67.9"], ["266.9", "140.6"], ["184.0", "140.6"]], "Module_type": "GATE"}, {"Ports": [{"Location": [["535.1", "25.2"], ["540.6", "25.2"], ["540.6", "100.3"], ["535.1", "100.3"]], "Type": "SD"}, {"Location": [["693.5", "10.0"], ["693.5", "99.3"], ["627.7", "99.3"], ["627.7", "115.5"], ["543.3", "115.5"], ["543.3", "10.0"]], "Type": "GATE"}, {"Location": [["681.5", "16.2"], ["688.3", "16.2"], ["688.3", "92.1"], ["681.5", "92.1"]], "Type": "SD"}], "Module": "M16", "Boundary": [["693.5", "10.0"], ["693.5", "99.3"], ["627.7", "99.3"], ["627.7", "115.5"], ["535.1", "115.5"], ["535.1", "10.0"]], "Module_type": "GATE"}, {"Ports": [{"Location": [["143.3", "438.4"], ["149.3", "438.4"], ["149.3", "460.6"], ["143.3", "460.6"]], "Type": "SD"}, {"Location": [["362.1", "427.0"], ["362.1", "457.6"], ["362.0", "457.6"], ["362.0", "472.0"], ["151.8", "472.0"], ["151.8", "427.0"]], "Type": "GATE"}, {"Location": [["352.4", "432.5"], ["357.6", "432.5"], ["357.6", "452.1"], ["352.4", "452.1"]], "Type": "SD"}], "Module": "M13", "Boundary": [["362.1", "427.0"], ["362.1", "457.6"], ["362.0", "457.6"], ["362.0", "472.0"], ["143.3", "472.0"], ["143.3", "427.0"]], "Module_type": "GATE"}, {"Ports": [{"Location": [["588.4", "421.1"], ["592.7", "421.1"], ["592.7", "481.7"], ["588.4", "481.7"]], "Type": "SD"}, {"Location": [["706.2", "405.6"], ["706.2", "480.4"], ["659.3", "480.4"], ["659.3", "497.2"], ["594.8", "497.2"], ["594.8", "405.6"]], "Type": "GATE"}, {"Location": [["694.0", "412.0"], ["700.8", "412.0"], ["700.8", "473.0"], ["694.0", "473.0"]], "Type": "SD"}], "Module": "M10", "Boundary": [["706.2", "405.6"], ["706.2", "480.4"], ["659.3", "480.4"], ["659.3", "497.2"], ["588.4", "497.2"], ["588.4", "405.6"]], "Module_type": "GATE"}, {"Ports": [{"Location": [["392.1", "314.8"], ["397.6", "314.8"], ["397.6", "367.2"], ["392.1", "367.2"]], "Type": "SD"}, {"Location": [["558.4", "302.4"], ["558.4", "364.2"], ["558.3", "364.2"], ["558.3", "379.6"], ["399.5", "379.6"], ["399.5", "302.4"]], "Type": "GATE"}, {"Location": [["548.2", "307.6"], ["554.2", "307.6"], ["554.2", "359.0"], ["548.2", "359.0"]], "Type": "SD"}], "Module": "M7", "Boundary": [["558.4", "302.4"], ["558.4", "364.2"], ["558.3", "364.2"], ["558.3", "379.6"], ["392.1", "379.6"], ["392.1", "302.4"]], "Module_type": "GATE"}, {"Ports": [{"Location": [["10.0", "405.9"], ["14.9", "405.9"], ["14.9", "476.0"], ["10.0", "476.0"]], "Type": "SD"}, {"Location": [["123.3", "391.0"], ["123.3", "490.9"], ["16.4", "490.9"], ["16.4", "391.0"]], "Type": "GATE"}, {"Location": [["110.2", "397.9"], ["117.4", "397.9"], ["117.4", "484.0"], ["110.2", "484.0"]], "Type": "SD"}], "Module": "M3", "Boundary": [["123.3", "391.0"], ["123.3", "490.9"], ["10.0", "490.9"], ["10.0", "391.0"]], "Module_type": "GATE"}, {"Ports": [{"Location": [["10.0", "23.6"], ["14.5", "23.6"], ["14.5", "87.1"], ["10.0", "87.1"]], "Type": "SD"}, {"Location": [["154.0", "10.0"], ["154.0", "100.7"], ["17.3", "100.7"], ["17.3", "10.0"]], "Type": "GATE"}, {"Location": [["143.7", "16.0"], ["149.0", "16.0"], ["149.0", "94.7"], ["143.7", "94.7"]], "Type": "SD"}], "Module": "M15", "Boundary": [["154.0", "10.0"], ["154.0", "100.7"], ["10.0", "100.7"], ["10.0", "10.0"]], "Module_type": "GATE"}, {"Ports": [{"Location": [["296.9", "21.3"], ["301.0", "21.3"], ["301.0", "107.3"], ["296.9", "107.3"]], "Type": "SD"}, {"Location": [["515.1", "10.0"], ["515.1", "104.0"], ["417.0", "104.0"], ["417.0", "118.6"], ["302.6", "118.6"], ["302.6", "10.0"]], "Type": "GATE"}, {"Location": [["506.1", "15.6"], ["510.5", "15.6"], ["510.5", "97.4"], ["506.1", "97.4"]], "Type": "SD"}], "Module": "M12", "Boundary": [["515.1", "10.0"], ["515.1", "104.0"], ["417.0", "104.0"], ["417.0", "118.6"], ["296.9", "118.6"], ["296.9", "10.0"]], "Module_type": "GATE"}, {"Ports": [{"Location": [["392.1", "434.1"], ["396.9", "434.1"], ["396.9", "474.0"], ["392.1", "474.0"]], "Type": "SD"}, {"Location": [["546.0", "419.6"], ["546.0", "472.6"], ["520.5", "472.6"], ["520.5", "488.5"], ["398.9", "488.5"], ["398.9", "419.6"]], "Type": "GATE"}, {"Location": [["534.4", "425.2"], ["541.4", "425.2"], ["541.4", "466.0"], ["534.4", "466.0"]], "Type": "SD"}], "Module": "M8", "Boundary": [["546.0", "419.6"], ["546.0", "472.6"], ["520.5", "472.6"], ["520.5", "488.5"], ["392.1", "488.5"], ["392.1", "419.6"]], "Module_type": "GATE"}], "Area": [["-30.0", "-30.0"], ["746.5", "-30.0"], ["746.5", "537.2"], ["-30.0", "537.2"]], "Rules": ["GATE(5,5)", "SD(5,5)", "GATE_SD(0.5)", "GATE_ITO(0.5)", "SD_ITO(0.5)"]}