{"Modules": [{"Module": "M14", "Boundary": [["442.5", "391.4"], ["546.6", "391.4"], ["546.6", "391.5"], ["563.3", "391.5"], ["563.3", "539.5"], ["442.5", "539.5"]], "Module_type": "GATE", "Ports": [{"Location": [["457.4", "533.7"], ["548.4", "533.7"], ["548.4", "539.5"], ["457.4", "539.5"]], "Type": "SD"}, {"Location": [["442.5", "391.4"], ["546.6", "391.4"], ["546.6", "391.5"], ["563.3", "391.5"], ["563.3", "532.0"], ["442.5", "532.0"]], "Type": "GATE"}, {"Location": [["449.0", "396.9"], ["540.1", "396.9"], ["540.1", "403.9"], ["449.0", "403.9"]], "Type": "SD"}]}, {"Ports": [{"Location": [["22.6", "132.3"], ["74.3", "132.3"], ["74.3", "138.0"], ["22.6", "138.0"]], "Type": "SD"}, {"Location": [["10.0", "10.0"], ["72.0", "10.0"], ["72.0", "10.3"], ["86.9", "10.3"], ["86.9", "130.5"], ["10.0", "130.5"]], "Type": "GATE"}, {"Location": [["15.6", "14.6"], ["66.4", "14.6"], ["66.4", "20.7"], ["15.6", "20.7"]], "Type": "SD"}], "Module": "M9", "Boundary": [["10.0", "10.0"], ["72.0", "10.0"], ["72.0", "10.3"], ["86.9", "10.3"], ["86.9", "138.0"], ["10.0", "138.0"]], "Module_type": "GATE"}, {"Ports": [{"Location": [["34.3", "312.6"], ["57.6", "312.6"], ["57.6", "317.3"], ["34.3", "317.3"]], "Type": "SD"}, {"Location": [["20.0", "168.0"], ["71.9", "168.0"], ["71.9", "310.2"], ["20.0", "310.2"]], "Type": "GATE"}, {"Location": [["25.9", "172.9"], ["66.0", "172.9"], ["66.0", "178.9"], ["25.9", "178.9"]], "Type": "SD"}], "Module": "M5", "Boundary": [["20.0", "168.0"], ["71.9", "168.0"], ["71.9", "317.3"], ["20.0", "317.3"]], "Module_type": "GATE"}, {"Ports": [{"Location": [["298.9", "205.4"], ["386.6", "205.4"], ["386.6", "210.0"], ["298.9", "210.0"]], "Type": "SD"}, {"Location": [["285.3", "10.0"], ["400.2", "10.0"], ["400.2", "202.9"], ["285.3", "202.9"]], "Type": "GATE"}, {"Location": [["291.3", "15.0"], ["394.2", "15.0"], ["394.2", "21.7"], ["291.3", "21.7"]], "Type": "SD"}], "Module": "M11", "Boundary": [["285.3", "10.0"], ["400.2", "10.0"], ["400.2", "210.0"], ["285.3", "210.0"]], "Module_type": "GATE"}, {"Ports": [{"Location": [["444.9", "221.0"], ["450.5", "221.0"], ["450.5", "315.9"], ["444.9", "315.9"]], "Type": "SD"}, {"Location": [["567.4", "205.5"], ["567.4", "313.7"], ["567.1", "313.7"], ["567.1", "331.4"], ["453.1", "331.4"], ["453.1", "205.5"]], "Type": "GATE"}, {"Location": [["555.4", "211.6"], ["562.3", "211.6"], ["562.3", "307.6"], ["555.4", "307.6"]], "Type": "SD"}], "Module": "M1", "Boundary": [["567.4", "205.5"], ["567.4", "313.7"], ["567.1", "313.7"], ["567.1", "331.4"], ["444.9", "331.4"], ["444.9", "205.5"]], "Module_type": "GATE"}, {"Ports": [{"Location": [["22.9", "558.1"], ["90.2", "558.1"], ["90.2", "562.9"], ["22.9", "562.9"]], "Type": "SD"}, {"Location": [["10.0", "347.3"], ["88.0", "347.3"], ["88.0", "347.6"], ["103.1", "347.6"], ["103.1", "555.8"], ["10.0", "555.8"]], "Type": "GATE"}, {"Location": [["16.1", "352.4"], ["81.9", "352.4"], ["81.9", "358.0"], ["16.1", "358.0"]], "Type": "SD"}], "Module": "M6", "Boundary": [["10.0", "347.3"], ["88.0", "347.3"], ["88.0", "347.6"], ["103.1", "347.6"], ["103.1", "562.9"], ["10.0", "562.9"]], "Module_type": "GATE"}, {"Ports": [{"Location": [["133.1", "486.0"], ["138.4", "486.0"], ["138.4", "561.5"], ["133.1", "561.5"]], "Type": "SD"}, {"Location": [["253.2", "472.1"], ["253.2", "558.2"], ["253.0", "558.2"], ["253.0", "575.4"], ["140.0", "575.4"], ["140.0", "472.1"]], "Type": "GATE"}, {"Location": [["242.5", "478.2"], ["248.1", "478.2"], ["248.1", "552.1"], ["242.5", "552.1"]], "Type": "SD"}], "Module": "M2", "Boundary": [["253.2", "472.1"], ["253.2", "558.2"], ["253.0", "558.2"], ["253.0", "575.4"], ["133.1", "575.4"], ["133.1", "472.1"]], "Module_type": "GATE"}, {"Ports": [{"Location": [["204.2", "364.0"], ["209.4", "364.0"], ["209.4", "427.9"], ["204.2", "427.9"]], "Type": "SD"}, {"Location": [["402.5", "349.8"], ["402.5", "442.1"], ["210.5", "442.1"], ["210.5", "349.8"]], "Type": "GATE"}, {"Location": [["390.1", "355.7"], ["397.6", "355.7"], ["397.6", "436.2"], ["390.1", "436.2"]], "Type": "SD"}], "Module": "M16", "Boundary": [["402.5", "349.8"], ["402.5", "442.1"], ["204.2", "442.1"], ["204.2", "349.8"]], "Module_type": "GATE"}, {"Ports": [{"Location": [["123.1", "247.3"], ["128.6", "247.3"], ["128.6", "284.4"], ["123.1", "284.4"]], "Type": "SD"}, {"Location": [["211.3", "233.0"], ["211.3", "298.7"], ["129.9", "298.7"], ["129.9", "233.0"]], "Type": "GATE"}, {"Location": [["199.5", "239.4"], ["205.9", "239.4"], ["205.9", "292.3"], ["199.5", "292.3"]], "Type": "SD"}], "Module": "M13", "Boundary": [["211.3", "233.0"], ["211.3", "298.7"], ["123.1", "298.7"], ["123.1", "233.0"]], "Module_type": "GATE"}, {"Ports": [{"Location": [["120.7", "207.9"], ["164.5", "207.9"], ["164.5", "213.0"], ["120.7", "213.0"]], "Type": "SD"}, {"Location": [["106.9", "10.0"], ["178.3", "10.0"], ["178.3", "205.1"], ["106.9", "205.1"]], "Type": "GATE"}, {"Location": [["112.2", "14.3"], ["173.0", "14.3"], ["173.0", "20.3"], ["112.2", "20.3"]], "Type": "SD"}], "Module": "M10", "Boundary": [["106.9", "10.0"], ["178.3", "10.0"], ["178.3", "213.0"], ["106.9", "213.0"]], "Module_type": "GATE"}, {"Ports": [{"Location": [["293.2", "487.1"], ["297.9", "487.1"], ["297.9", "540.2"], ["293.2", "540.2"]], "Type": "SD"}, {"Location": [["374.2", "472.1"], ["374.2", "555.2"], ["300.1", "555.2"], ["300.1", "472.1"]], "Type": "GATE"}, {"Location": [["361.5", "478.6"], ["368.7", "478.6"], ["368.7", "548.7"], ["361.5", "548.7"]], "Type": "SD"}], "Module": "M7", "Boundary": [["374.2", "472.1"], ["374.2", "555.2"], ["293.2", "555.2"], ["293.2", "472.1"]], "Module_type": "GATE"}, {"Ports": [{"Location": [["211.5", "205.3"], ["252.1", "205.3"], ["252.1", "210.4"], ["211.5", "210.4"]], "Type": "SD"}, {"Location": [["198.3", "10.0"], ["248.8", "10.0"], ["248.8", "10.1"], ["265.3", "10.1"], ["265.3", "203.3"], ["198.3", "203.3"]], "Type": "GATE"}, {"Location": [["203.5", "14.2"], ["243.6", "14.2"], ["243.6", "20.6"], ["203.5", "20.6"]], "Type": "SD"}], "Module": "M3", "Boundary": [["198.3", "10.0"], ["248.8", "10.0"], ["248.8", "10.1"], ["265.3", "10.1"], ["265.3", "210.4"], ["198.3", "210.4"]], "Module_type": "GATE"}, {"Ports": [{"Location": [["135.7", "413.7"], ["171.6", "413.7"], ["171.6", "419.2"], ["135.7", "419.2"]], "Type": "SD"}, {"Location": [["123.1", "318.7"], ["184.2", "318.7"], ["184.2", "411.6"], ["123.1", "411.6"]], "Type": "GATE"}, {"Location": [["129.7", "324.3"], ["177.6", "324.3"], ["177.6", "329.8"], ["129.7", "329.8"]], "Type": "SD"}], "Module": "M15", "Boundary": [["123.1", "318.7"], ["184.2", "318.7"], ["184.2", "419.2"], ["123.1", "419.2"]], "Module_type": "GATE"}, {"Ports": [{"Location": [["538.2", "153.2"], ["574.3", "153.2"], ["574.3", "158.1"], ["538.2", "158.1"]], "Type": "SD"}, {"Location": [["523.9", "10.0"], ["574.0", "10.0"], ["574.0", "10.1"], ["588.6", "10.1"], ["588.6", "151.3"], ["523.9", "151.3"]], "Type": "GATE"}, {"Location": [["530.7", "15.8"], ["567.2", "15.8"], ["567.2", "22.6"], ["530.7", "22.6"]], "Type": "SD"}], "Module": "M12", "Boundary": [["523.9", "10.0"], ["574.0", "10.0"], ["574.0", "10.1"], ["588.6", "10.1"], ["588.6", "158.1"], ["523.9", "158.1"]], "Module_type": "GATE"}, {"Ports": [{"Location": [["241.3", "253.7"], ["246.6", "253.7"], ["246.6", "306.5"], ["241.3", "306.5"]], "Type": "SD"}, {"Location": [["394.9", "240.4"], ["394.9", "319.8"], ["248.8", "319.8"], ["248.8", "240.4"]], "Type": "GATE"}, {"Location": [["383.1", "245.8"], ["390.5", "245.8"], ["390.5", "314.4"], ["383.1", "314.4"]], "Type": "SD"}], "Module": "M8", "Boundary": [["394.9", "240.4"], ["394.9", "319.8"], ["241.3", "319.8"], ["241.3", "240.4"]], "Module_type": "GATE"}], "Area": [["-30.0", "-30.0"], ["628.6", "-30.0"], ["628.6", "615.4"], ["-30.0", "615.4"]], "Rules": ["GATE(5,5)", "SD(5,5)", "GATE_SD(0.5)", "GATE_ITO(0.5)", "SD_ITO(0.5)"]}