{"Modules": [{"Module": "M14", "Boundary": [["341.5", "510.9"], ["341.5", "587.3"], ["278.7", "587.3"], ["278.7", "600.9"], ["158.9", "600.9"], ["158.9", "510.9"]], "Module_type": "GATE", "Ports": [{"Location": [["158.9", "523.0"], ["164.6", "523.0"], ["164.6", "588.8"], ["158.9", "588.8"]], "Type": "SD"}, {"Location": [["341.5", "510.9"], ["341.5", "587.3"], ["278.7", "587.3"], ["278.7", "600.9"], ["167.2", "600.9"], ["167.2", "510.9"]], "Type": "GATE"}, {"Location": [["331.4", "516.4"], ["337.0", "516.4"], ["337.0", "580.8"], ["331.4", "580.8"]], "Type": "SD"}]}, {"Ports": [{"Location": [["288.8", "299.2"], ["341.7", "299.2"], ["341.7", "304.1"], ["288.8", "304.1"]], "Type": "SD"}, {"Location": [["276.5", "136.9"], ["354.0", "136.9"], ["354.0", "297.5"], ["276.5", "297.5"]], "Type": "GATE"}, {"Location": [["281.8", "141.2"], ["348.7", "141.2"], ["348.7", "147.5"], ["281.8", "147.5"]], "Type": "SD"}], "Module": "M9", "Boundary": [["276.5", "136.9"], ["354.0", "136.9"], ["354.0", "304.1"], ["276.5", "304.1"]], "Module_type": "GATE"}, {"Ports": [{"Location": [["293.8", "424.9"], ["334.5", "424.9"], ["334.5", "430.0"], ["293.8", "430.0"]], "Type": "SD"}, {"Location": [["278.4", "334.1"], ["349.9", "334.1"], ["349.9", "423.4"], ["278.4", "423.4"]], "Type": "GATE"}, {"Location": [["284.3", "339.0"], ["344.0", "339.0"], ["344.0", "346.3"], ["284.3", "346.3"]], "Type": "SD"}], "Module": "M5", "Boundary": [["278.4", "334.1"], ["349.9", "334.1"], ["349.9", "430.0"], ["278.4", "430.0"]], "Module_type": "GATE"}, {"Ports": [{"Location": [["25.2", "918.1"], ["110.6", "918.1"], ["110.6", "922.7"], ["25.2", "922.7"]], "Type": "SD"}, {"Location": [["10.0", "740.2"], ["110.0", "740.2"], ["110.0", "740.4"], ["125.8", "740.4"], ["125.8", "915.3"], ["10.0", "915.3"]], "Type": "GATE"}, {"Location": [["16.8", "746.0"], ["103.2", "746.0"], ["103.2", "753.1"], ["16.8", "753.1"]], "Type": "SD"}], "Module": "M11", "Boundary": [["10.0", "740.2"], ["110.0", "740.2"], ["110.0", "740.4"], ["125.8", "740.4"], ["125.8", "922.7"], ["10.0", "922.7"]], "Module_type": "GATE"}, {"Ports": [{"Location": [["165.8", "809.2"], ["170.9", "809.2"], ["170.9", "899.2"], ["165.8", "899.2"]], "Type": "SD"}, {"Location": [["332.9", "796.4"], ["332.9", "912.0"], ["172.2", "912.0"], ["172.2", "796.4"]], "Type": "GATE"}, {"Location": [["323.1", "801.6"], ["328.7", "801.6"], ["328.7", "906.8"], ["323.1", "906.8"]], "Type": "SD"}], "Module": "M1", "Boundary": [["332.9", "796.4"], ["332.9", "912.0"], ["165.8", "912.0"], ["165.8", "796.4"]], "Module_type": "GATE"}, {"Ports": [{"Location": [["22.2", "459.4"], ["76.8", "459.4"], ["76.8", "464.0"], ["22.2", "464.0"]], "Type": "SD"}, {"Location": [["10.0", "385.6"], ["74.4", "385.6"], ["74.4", "418.3"], ["89.0", "418.3"], ["89.0", "457.5"], ["10.0", "457.5"]], "Type": "GATE"}, {"Location": [["16.5", "391.1"], ["66.9", "391.1"], ["66.9", "395.5"], ["16.5", "395.5"]], "Type": "SD"}], "Module": "M6", "Boundary": [["10.0", "385.6"], ["74.4", "385.6"], ["74.4", "418.3"], ["89.0", "418.3"], ["89.0", "464.0"], ["10.0", "464.0"]], "Module_type": "GATE"}, {"Ports": [{"Location": [["148.3", "242.5"], ["232.9", "242.5"], ["232.9", "246.9"], ["148.3", "246.9"]], "Type": "SD"}, {"Location": [["134.7", "104.0"], ["232.1", "104.0"], ["232.1", "174.1"], ["246.5", "174.1"], ["246.5", "240.9"], ["134.7", "240.9"]], "Type": "GATE"}, {"Location": [["141.3", "109.6"], ["224.5", "109.6"], ["224.5", "115.9"], ["141.3", "115.9"]], "Type": "SD"}], "Module": "M2", "Boundary": [["134.7", "104.0"], ["232.1", "104.0"], ["232.1", "174.1"], ["246.5", "174.1"], ["246.5", "246.9"], ["134.7", "246.9"]], "Module_type": "GATE"}, {"Ports": [{"Location": [["10.0", "652.4"], ["14.9", "652.4"], ["14.9", "708.7"], ["10.0", "708.7"]], "Type": "SD"}, {"Location": [["146.3", "640.9"], ["146.3", "708.7"], ["78.9", "708.7"], ["78.9", "720.2"], ["16.7", "720.2"], ["16.7", "640.9"]], "Type": "GATE"}, {"Location": [["136.3", "647.4"], ["140.8", "647.4"], ["140.8", "701.2"], ["136.3", "701.2"]], "Type": "SD"}], "Module": "M16", "Boundary": [["146.3", "640.9"], ["146.3", "708.7"], ["78.9", "708.7"], ["78.9", "720.2"], ["10.0", "720.2"], ["10.0", "640.9"]], "Module_type": "GATE"}, {"Ports": [{"Location": [["10.0", "23.3"], ["15.9", "23.3"], ["15.9", "85.6"], ["10.0", "85.6"]], "Type": "SD"}, {"Location": [["101.1", "10.0"], ["101.1", "98.9"], ["17.0", "98.9"], ["17.0", "10.0"]], "Type": "GATE"}, {"Location": [["90.8", "15.0"], ["97.1", "15.0"], ["97.1", "93.9"], ["90.8", "93.9"]], "Type": "SD"}], "Module": "M13", "Boundary": [["101.1", "10.0"], ["101.1", "98.9"], ["10.0", "98.9"], ["10.0", "10.0"]], "Module_type": "GATE"}, {"Ports": [{"Location": [["121.1", "23.3"], ["126.8", "23.3"], ["126.8", "60.7"], ["121.1", "60.7"]], "Type": "SD"}, {"Location": [["273.4", "10.0"], ["273.4", "59.8"], ["210.3", "59.8"], ["210.3", "74.0"], ["128.5", "74.0"], ["128.5", "10.0"]], "Type": "GATE"}, {"Location": [["261.9", "16.5"], ["267.9", "16.5"], ["267.9", "52.3"], ["261.9", "52.3"]], "Type": "SD"}], "Module": "M10", "Boundary": [["273.4", "10.0"], ["273.4", "59.8"], ["210.3", "59.8"], ["210.3", "74.0"], ["121.1", "74.0"], ["121.1", "10.0"]], "Module_type": "GATE"}, {"Ports": [{"Location": [["34.6", "351.3"], ["80.1", "351.3"], ["80.1", "355.6"], ["34.6", "355.6"]], "Type": "SD"}, {"Location": [["20.0", "128.9"], ["94.7", "128.9"], ["94.7", "349.4"], ["20.0", "349.4"]], "Type": "GATE"}, {"Location": [["25.4", "133.3"], ["89.3", "133.3"], ["89.3", "140.3"], ["25.4", "140.3"]], "Type": "SD"}], "Module": "M7", "Boundary": [["20.0", "128.9"], ["94.7", "128.9"], ["94.7", "355.6"], ["20.0", "355.6"]], "Module_type": "GATE"}, {"Ports": [{"Location": [["24.0", "595.8"], ["104.9", "595.8"], ["104.9", "601.6"], ["24.0", "601.6"]], "Type": "SD"}, {"Location": [["10.0", "490.9"], ["118.9", "490.9"], ["118.9", "593.2"], ["10.0", "593.2"]], "Type": "GATE"}, {"Location": [["16.8", "496.7"], ["112.1", "496.7"], ["112.1", "503.1"], ["16.8", "503.1"]], "Type": "SD"}], "Module": "M3", "Boundary": [["10.0", "490.9"], ["118.9", "490.9"], ["118.9", "601.6"], ["10.0", "601.6"]], "Module_type": "GATE"}, {"Ports": [{"Location": [["306.8", "111.0"], ["343.9", "111.0"], ["343.9", "116.9"], ["306.8", "116.9"]], "Type": "SD"}, {"Location": [["293.4", "10.0"], ["342.7", "10.0"], ["342.7", "10.1"], ["357.3", "10.1"], ["357.3", "108.5"], ["293.4", "108.5"]], "Type": "GATE"}, {"Location": [["300.2", "15.8"], ["335.9", "15.8"], ["335.9", "21.8"], ["300.2", "21.8"]], "Type": "SD"}], "Module": "M15", "Boundary": [["293.4", "10.0"], ["342.7", "10.0"], ["342.7", "10.1"], ["357.3", "10.1"], ["357.3", "116.9"], ["293.4", "116.9"]], "Module_type": "GATE"}, {"Ports": [{"Location": [["124.7", "425.9"], ["129.2", "425.9"], ["129.2", "460.3"], ["124.7", "460.3"]], "Type": "SD"}, {"Location": [["248.4", "415.3"], ["248.4", "458.1"], ["186.7", "458.1"], ["186.7", "470.9"], ["131.5", "470.9"], ["131.5", "415.3"]], "Type": "GATE"}, {"Location": [["239.7", "420.7"], ["244.0", "420.7"], ["244.0", "451.7"], ["239.7", "451.7"]], "Type": "SD"}], "Module": "M12", "Boundary": [["248.4", "415.3"], ["248.4", "458.1"], ["186.7", "458.1"], ["186.7", "470.9"], ["124.7", "470.9"], ["124.7", "415.3"]], "Module_type": "GATE"}, {"Ports": [{"Location": [["176.3", "665.2"], ["180.6", "665.2"], ["180.6", "732.1"], ["176.3", "732.1"]], "Type": "SD"}, {"Location": [["338.5", "650.9"], ["338.5", "732.4"], ["283.6", "732.4"], ["283.6", "746.4"], ["181.9", "746.4"], ["181.9", "650.9"]], "Type": "GATE"}, {"Location": [["326.0", "657.4"], ["333.0", "657.4"], ["333.0", "724.9"], ["326.0", "724.9"]], "Type": "SD"}], "Module": "M8", "Boundary": [["338.5", "650.9"], ["338.5", "732.4"], ["283.6", "732.4"], ["283.6", "746.4"], ["176.3", "746.4"], ["176.3", "650.9"]], "Module_type": "GATE"}, {"Ports": [{"Location": [["148.1", "380.1"], ["220.3", "380.1"], ["220.3", "385.3"], ["148.1", "385.3"]], "Type": "SD"}, {"Location": [["134.7", "286.9"], ["218.6", "286.9"], ["218.6", "338.6"], ["233.7", "338.6"], ["233.7", "378.5"], ["134.7", "378.5"]], "Type": "GATE"}, {"Location": [["140.7", "291.9"], ["211.6", "291.9"], ["211.6", "297.9"], ["140.7", "297.9"]], "Type": "SD"}], "Module": "M4", "Boundary": [["134.7", "286.9"], ["218.6", "286.9"], ["218.6", "338.6"], ["233.7", "338.6"], ["233.7", "385.3"], ["134.7", "385.3"]], "Module_type": "GATE"}], "Area": [["-30.0", "-30.0"], ["397.3", "-30.0"], ["397.3", "962.7"], ["-30.0", "962.7"]], "Rules": ["GATE(5,5)", "SD(5,5)", "GATE_SD(0.5)", "GATE_ITO(0.5)", "SD_ITO(0.5)"]}