{"Modules": [{"Module": "M14", "Boundary": [["560.4", "30.0"], ["674.0", "30.0"], ["674.0", "175.2"], ["560.4", "175.2"]], "Module_type": "GATE", "Ports": [{"Location": [["574.4", "170.6"], ["660.0", "170.6"], ["660.0", "175.2"], ["574.4", "175.2"]], "Type": "SD"}, {"Location": [["560.4", "30.0"], ["674.0", "30.0"], ["674.0", "168.4"], ["560.4", "168.4"]], "Type": "GATE"}, {"Location": [["566.9", "35.5"], ["667.5", "35.5"], ["667.5", "41.0"], ["566.9", "41.0"]], "Type": "SD"}]}, {"Ports": [{"Location": [["10.0", "411.3"], ["14.6", "411.3"], ["14.6", "451.7"], ["10.0", "451.7"]], "Type": "SD"}, {"Location": [["101.6", "397.8"], ["101.6", "448.7"], ["101.5", "448.7"], ["101.5", "465.2"], ["16.9", "465.2"], ["16.9", "397.8"]], "Type": "GATE"}, {"Location": [["91.1", "403.7"], ["96.7", "403.7"], ["96.7", "442.8"], ["91.1", "442.8"]], "Type": "SD"}], "Module": "M9", "Boundary": [["101.6", "397.8"], ["101.6", "448.7"], ["101.5", "448.7"], ["101.5", "465.2"], ["10.0", "465.2"], ["10.0", "397.8"]], "Module_type": "GATE"}, {"Ports": [{"Location": [["424.1", "240.6"], ["429.6", "240.6"], ["429.6", "320.3"], ["424.1", "320.3"]], "Type": "SD"}, {"Location": [["630.4", "225.2"], ["630.4", "335.7"], ["432.5", "335.7"], ["432.5", "225.2"]], "Type": "GATE"}, {"Location": [["618.4", "232.2"], ["624.4", "232.2"], ["624.4", "328.7"], ["618.4", "328.7"]], "Type": "SD"}], "Module": "M5", "Boundary": [["630.4", "225.2"], ["630.4", "335.7"], ["424.1", "335.7"], ["424.1", "225.2"]], "Module_type": "GATE"}, {"Ports": [{"Location": [["149.5", "136.4"], ["154.8", "136.4"], ["154.8", "217.9"], ["149.5", "217.9"]], "Type": "SD"}, {"Location": [["345.8", "124.3"], ["345.8", "215.2"], ["345.5", "215.2"], ["345.5", "230.0"], ["155.9", "230.0"], ["155.9", "124.3"]], "Type": "GATE"}, {"Location": [["335.6", "130.0"], ["341.1", "130.0"], ["341.1", "209.5"], ["335.6", "209.5"]], "Type": "SD"}], "Module": "M11", "Boundary": [["345.8", "124.3"], ["345.8", "215.2"], ["345.5", "215.2"], ["345.5", "230.0"], ["149.5", "230.0"], ["149.5", "124.3"]], "Module_type": "GATE"}, {"Ports": [{"Location": [["43.7", "148.3"], ["95.8", "148.3"], ["95.8", "153.8"], ["43.7", "153.8"]], "Type": "SD"}, {"Location": [["30.0", "30.0"], ["109.5", "30.0"], ["109.5", "145.9"], ["30.0", "145.9"]], "Type": "GATE"}, {"Location": [["35.9", "34.9"], ["103.6", "34.9"], ["103.6", "40.7"], ["35.9", "40.7"]], "Type": "SD"}], "Module": "M1", "Boundary": [["30.0", "30.0"], ["109.5", "30.0"], ["109.5", "153.8"], ["30.0", "153.8"]], "Module_type": "GATE"}, {"Ports": [{"Location": [["22.2", "372.2"], ["92.1", "372.2"], ["92.1", "377.8"], ["22.2", "377.8"]], "Type": "SD"}, {"Location": [["10.0", "283.0"], ["89.5", "283.0"], ["89.5", "325.2"], ["104.3", "325.2"], ["104.3", "370.0"], ["10.0", "370.0"]], "Type": "GATE"}, {"Location": [["15.8", "287.8"], ["82.7", "287.8"], ["82.7", "292.2"], ["15.8", "292.2"]], "Type": "SD"}], "Module": "M6", "Boundary": [["10.0", "283.0"], ["89.5", "283.0"], ["89.5", "325.2"], ["104.3", "325.2"], ["104.3", "377.8"], ["10.0", "377.8"]], "Module_type": "GATE"}, {"Ports": [{"Location": [["554.9", "407.0"], ["559.3", "407.0"], ["559.3", "442.5"], ["554.9", "442.5"]], "Type": "SD"}, {"Location": [["776.8", "393.6"], ["776.8", "442.5"], ["756.9", "442.5"], ["756.9", "455.9"], ["560.5", "455.9"], ["560.5", "393.6"]], "Type": "GATE"}, {"Location": [["765.2", "399.3"], ["772.1", "399.3"], ["772.1", "435.8"], ["765.2", "435.8"]], "Type": "SD"}], "Module": "M2", "Boundary": [["776.8", "393.6"], ["776.8", "442.5"], ["756.9", "442.5"], ["756.9", "455.9"], ["554.9", "455.9"], ["554.9", "393.6"]], "Module_type": "GATE"}, {"Ports": [{"Location": [["127.5", "390.4"], ["131.9", "390.4"], ["131.9", "454.0"], ["127.5", "454.0"]], "Type": "SD"}, {"Location": [["259.4", "377.2"], ["259.4", "453.9"], ["184.9", "453.9"], ["184.9", "467.2"], ["134.0", "467.2"], ["134.0", "377.2"]], "Type": "GATE"}, {"Location": [["247.8", "382.6"], ["255.0", "382.6"], ["255.0", "447.5"], ["247.8", "447.5"]], "Type": "SD"}], "Module": "M16", "Boundary": [["259.4", "377.2"], ["259.4", "453.9"], ["184.9", "453.9"], ["184.9", "467.2"], ["127.5", "467.2"], ["127.5", "377.2"]], "Module_type": "GATE"}, {"Ports": [{"Location": [["728.1", "217.4"], ["790.2", "217.4"], ["790.2", "221.8"], ["728.1", "221.8"]], "Type": "SD"}, {"Location": [["714.0", "10.0"], ["786.0", "10.0"], ["786.0", "10.3"], ["804.3", "10.3"], ["804.3", "214.4"], ["714.0", "214.4"]], "Type": "GATE"}, {"Location": [["720.1", "15.1"], ["779.9", "15.1"], ["779.9", "21.0"], ["720.1", "21.0"]], "Type": "SD"}], "Module": "M13", "Boundary": [["714.0", "10.0"], ["786.0", "10.0"], ["786.0", "10.3"], ["804.3", "10.3"], ["804.3", "221.8"], ["714.0", "221.8"]], "Module_type": "GATE"}, {"Ports": [{"Location": [["127.5", "262.4"], ["133.0", "262.4"], ["133.0", "344.8"], ["127.5", "344.8"]], "Type": "SD"}, {"Location": [["260.5", "250.0"], ["260.5", "343.1"], ["216.6", "343.1"], ["216.6", "357.2"], ["134.2", "357.2"], ["134.2", "250.0"]], "Type": "GATE"}, {"Location": [["250.7", "255.1"], ["256.4", "255.1"], ["256.4", "337.0"], ["250.7", "337.0"]], "Type": "SD"}], "Module": "M10", "Boundary": [["260.5", "250.0"], ["260.5", "343.1"], ["216.6", "343.1"], ["216.6", "357.2"], ["127.5", "357.2"], ["127.5", "250.0"]], "Module_type": "GATE"}, {"Ports": [{"Location": [["302.4", "451.2"], ["368.4", "451.2"], ["368.4", "457.0"], ["302.4", "457.0"]], "Type": "SD"}, {"Location": [["290.5", "260.0"], ["365.5", "260.0"], ["365.5", "260.1"], ["380.3", "260.1"], ["380.3", "449.1"], ["290.5", "449.1"]], "Type": "GATE"}, {"Location": [["296.2", "264.7"], ["359.8", "264.7"], ["359.8", "269.7"], ["296.2", "269.7"]], "Type": "SD"}], "Module": "M7", "Boundary": [["290.5", "260.0"], ["365.5", "260.0"], ["365.5", "260.1"], ["380.3", "260.1"], ["380.3", "457.0"], ["290.5", "457.0"]], "Module_type": "GATE"}, {"Ports": [{"Location": [["410.3", "378.1"], ["414.5", "378.1"], ["414.5", "447.5"], ["410.3", "447.5"]], "Type": "SD"}, {"Location": [["524.9", "365.7"], ["524.9", "459.9"], ["416.3", "459.9"], ["416.3", "365.7"]], "Type": "GATE"}, {"Location": [["514.5", "371.5"], ["520.1", "371.5"], ["520.1", "454.1"], ["514.5", "454.1"]], "Type": "SD"}], "Module": "M3", "Boundary": [["524.9", "365.7"], ["524.9", "459.9"], ["410.3", "459.9"], ["410.3", "365.7"]], "Module_type": "GATE"}, {"Ports": [{"Location": [["660.4", "257.1"], ["665.6", "257.1"], ["665.6", "348.3"], ["660.4", "348.3"]], "Type": "SD"}, {"Location": [["804.6", "241.8"], ["804.6", "346.6"], ["804.3", "346.6"], ["804.3", "363.6"], ["667.4", "363.6"], ["667.4", "241.8"]], "Type": "GATE"}, {"Location": [["792.6", "248.6"], ["798.8", "248.6"], ["798.8", "339.8"], ["792.6", "339.8"]], "Type": "SD"}], "Module": "M15", "Boundary": [["804.6", "241.8"], ["804.6", "346.6"], ["804.3", "346.6"], ["804.3", "363.6"], ["660.4", "363.6"], ["660.4", "241.8"]], "Module_type": "GATE"}, {"Ports": [{"Location": [["22.4", "259.0"], ["95.1", "259.0"], ["95.1", "263.0"], ["22.4", "263.0"]], "Type": "SD"}, {"Location": [["10.0", "193.8"], ["92.0", "193.8"], ["92.0", "222.2"], ["107.5", "222.2"], ["107.5", "257.7"], ["10.0", "257.7"]], "Type": "GATE"}, {"Location": [["15.3", "198.1"], ["85.7", "198.1"], ["85.7", "203.3"], ["15.3", "203.3"]], "Type": "SD"}], "Module": "M12", "Boundary": [["10.0", "193.8"], ["92.0", "193.8"], ["92.0", "222.2"], ["107.5", "222.2"], ["107.5", "263.0"], ["10.0", "263.0"]], "Module_type": "GATE"}, {"Ports": [{"Location": [["438.1", "173.0"], ["496.4", "173.0"], ["496.4", "178.0"], ["438.1", "178.0"]], "Type": "SD"}, {"Location": [["424.1", "20.0"], ["494.1", "20.0"], ["494.1", "99.9"], ["510.4", "99.9"], ["510.4", "170.5"], ["424.1", "170.5"]], "Type": "GATE"}, {"Location": [["429.6", "24.5"], ["487.6", "24.5"], ["487.6", "30.7"], ["429.6", "30.7"]], "Type": "SD"}], "Module": "M8", "Boundary": [["424.1", "20.0"], ["494.1", "20.0"], ["494.1", "99.9"], ["510.4", "99.9"], ["510.4", "178.0"], ["424.1", "178.0"]], "Module_type": "GATE"}], "Area": [["-30.0", "-30.0"], ["844.6", "-30.0"], ["844.6", "507.2"], ["-30.0", "507.2"]], "Rules": ["GATE(5,5)", "SD(5,5)", "GATE_SD(0.5)", "GATE_ITO(0.5)", "SD_ITO(0.5)"]}