{"Modules": [{"Module": "M14", "Boundary": [["122.7", "30.0"], ["185.6", "30.0"], ["185.6", "61.1"], ["200.0", "61.1"], ["200.0", "207.8"], ["122.7", "207.8"]], "Module_type": "GATE", "Ports": [{"Location": [["134.5", "203.4"], ["188.2", "203.4"], ["188.2", "207.8"], ["134.5", "207.8"]], "Type": "SD"}, {"Location": [["122.7", "30.0"], ["185.6", "30.0"], ["185.6", "61.1"], ["200.0", "61.1"], ["200.0", "201.6"], ["122.7", "201.6"]], "Type": "GATE"}, {"Location": [["128.4", "34.7"], ["178.9", "34.7"], ["178.9", "39.4"], ["128.4", "39.4"]], "Type": "SD"}]}, {"Ports": [{"Location": [["22.8", "408.8"], ["75.2", "408.8"], ["75.2", "413.6"], ["22.8", "413.6"]], "Type": "SD"}, {"Location": [["10.0", "247.8"], ["72.9", "247.8"], ["72.9", "247.8"], ["88.0", "247.8"], ["88.0", "407.2"], ["10.0", "407.2"]], "Type": "GATE"}, {"Location": [["15.1", "251.9"], ["67.8", "251.9"], ["67.8", "258.8"], ["15.1", "258.8"]], "Type": "SD"}], "Module": "M9", "Boundary": [["10.0", "247.8"], ["72.9", "247.8"], ["72.9", "247.8"], ["88.0", "247.8"], ["88.0", "413.6"], ["10.0", "413.6"]], "Module_type": "GATE"}, {"Ports": [{"Location": [["255.8", "468.6"], ["294.7", "468.6"], ["294.7", "474.2"], ["255.8", "474.2"]], "Type": "SD"}, {"Location": [["241.2", "366.1"], ["309.3", "366.1"], ["309.3", "465.8"], ["241.2", "465.8"]], "Type": "GATE"}, {"Location": [["248.2", "372.1"], ["302.3", "372.1"], ["302.3", "378.6"], ["248.2", "378.6"]], "Type": "SD"}], "Module": "M5", "Boundary": [["241.2", "366.1"], ["309.3", "366.1"], ["309.3", "474.2"], ["241.2", "474.2"]], "Module_type": "GATE"}, {"Ports": [{"Location": [["231.2", "264.4"], ["236.1", "264.4"], ["236.1", "321.7"], ["231.2", "321.7"]], "Type": "SD"}, {"Location": [["320.5", "250.0"], ["320.5", "336.1"], ["237.4", "336.1"], ["237.4", "250.0"]], "Type": "GATE"}, {"Location": [["309.5", "256.5"], ["315.0", "256.5"], ["315.0", "329.6"], ["309.5", "329.6"]], "Type": "SD"}], "Module": "M11", "Boundary": [["320.5", "250.0"], ["320.5", "336.1"], ["231.2", "336.1"], ["231.2", "250.0"]], "Module_type": "GATE"}, {"Ports": [{"Location": [["44.0", "957.6"], ["99.0", "957.6"], ["99.0", "961.9"], ["44.0", "961.9"]], "Type": "SD"}, {"Location": [["30.0", "802.5"], ["113.0", "802.5"], ["113.0", "956.5"], ["30.0", "956.5"]], "Type": "GATE"}, {"Location": [["36.5", "808.0"], ["106.5", "808.0"], ["106.5", "813.4"], ["36.5", "813.4"]], "Type": "SD"}], "Module": "M1", "Boundary": [["30.0", "802.5"], ["113.0", "802.5"], ["113.0", "961.9"], ["30.0", "961.9"]], "Module_type": "GATE"}, {"Ports": [{"Location": [["22.6", "93.4"], ["70.1", "93.4"], ["70.1", "98.4"], ["22.6", "98.4"]], "Type": "SD"}, {"Location": [["10.0", "10.0"], ["70.0", "10.0"], ["70.0", "35.8"], ["82.7", "35.8"], ["82.7", "92.2"], ["10.0", "92.2"]], "Type": "GATE"}, {"Location": [["16.9", "15.9"], ["62.1", "15.9"], ["62.1", "21.0"], ["16.9", "21.0"]], "Type": "SD"}], "Module": "M6", "Boundary": [["10.0", "10.0"], ["70.0", "10.0"], ["70.0", "35.8"], ["82.7", "35.8"], ["82.7", "98.4"], ["10.0", "98.4"]], "Module_type": "GATE"}, {"Ports": [{"Location": [["131.7", "393.9"], ["187.5", "393.9"], ["187.5", "399.5"], ["131.7", "399.5"]], "Type": "SD"}, {"Location": [["118.0", "257.8"], ["186.2", "257.8"], ["186.2", "315.7"], ["201.2", "315.7"], ["201.2", "391.8"], ["118.0", "391.8"]], "Type": "GATE"}, {"Location": [["124.8", "263.6"], ["178.4", "263.6"], ["178.4", "269.2"], ["124.8", "269.2"]], "Type": "SD"}], "Module": "M2", "Boundary": [["118.0", "257.8"], ["186.2", "257.8"], ["186.2", "315.7"], ["201.2", "315.7"], ["201.2", "399.5"], ["118.0", "399.5"]], "Module_type": "GATE"}, {"Ports": [{"Location": [["23.5", "526.3"], ["121.4", "526.3"], ["121.4", "530.5"], ["23.5", "530.5"]], "Type": "SD"}, {"Location": [["10.0", "433.6"], ["134.9", "433.6"], ["134.9", "523.7"], ["10.0", "523.7"]], "Type": "GATE"}, {"Location": [["15.1", "437.7"], ["129.8", "437.7"], ["129.8", "444.3"], ["15.1", "444.3"]], "Type": "SD"}], "Module": "M16", "Boundary": [["10.0", "433.6"], ["134.9", "433.6"], ["134.9", "530.5"], ["10.0", "530.5"]], "Module_type": "GATE"}, {"Ports": [{"Location": [["260.7", "977.1"], ["316.3", "977.1"], ["316.3", "982.5"], ["260.7", "982.5"]], "Type": "SD"}, {"Location": [["248.8", "811.3"], ["328.2", "811.3"], ["328.2", "975.8"], ["248.8", "975.8"]], "Type": "GATE"}, {"Location": [["253.9", "815.4"], ["323.1", "815.4"], ["323.1", "821.0"], ["253.9", "821.0"]], "Type": "SD"}], "Module": "M13", "Boundary": [["248.8", "811.3"], ["328.2", "811.3"], ["328.2", "982.5"], ["248.8", "982.5"]], "Module_type": "GATE"}, {"Ports": [{"Location": [["10.0", "689.3"], ["15.1", "689.3"], ["15.1", "748.8"], ["10.0", "748.8"]], "Type": "SD"}, {"Location": [["173.3", "675.6"], ["173.3", "746.2"], ["159.3", "746.2"], ["159.3", "762.5"], ["17.1", "762.5"], ["17.1", "675.6"]], "Type": "GATE"}, {"Location": [["162.2", "682.1"], ["167.8", "682.1"], ["167.8", "738.7"], ["162.2", "738.7"]], "Type": "SD"}], "Module": "M10", "Boundary": [["173.3", "675.6"], ["173.3", "746.2"], ["159.3", "746.2"], ["159.3", "762.5"], ["10.0", "762.5"], ["10.0", "675.6"]], "Module_type": "GATE"}, {"Ports": [{"Location": [["169.6", "528.4"], ["174.8", "528.4"], ["174.8", "608.8"], ["169.6", "608.8"]], "Type": "SD"}, {"Location": [["316.9", "514.2"], ["316.9", "623.0"], ["176.5", "623.0"], ["176.5", "514.2"]], "Type": "GATE"}, {"Location": [["306.1", "519.5"], ["312.6", "519.5"], ["312.6", "617.7"], ["306.1", "617.7"]], "Type": "SD"}], "Module": "M7", "Boundary": [["316.9", "514.2"], ["316.9", "623.0"], ["169.6", "623.0"], ["169.6", "514.2"]], "Module_type": "GATE"}, {"Ports": [{"Location": [["169.1", "970.4"], ["212.7", "970.4"], ["212.7", "975.8"], ["169.1", "975.8"]], "Type": "SD"}, {"Location": [["153.0", "811.3"], ["210.7", "811.3"], ["210.7", "811.6"], ["228.8", "811.6"], ["228.8", "967.5"], ["153.0", "967.5"]], "Type": "GATE"}, {"Location": [["159.9", "817.2"], ["203.8", "817.2"], ["203.8", "824.0"], ["159.9", "824.0"]], "Type": "SD"}], "Module": "M3", "Boundary": [["153.0", "811.3"], ["210.7", "811.3"], ["210.7", "811.6"], ["228.8", "811.6"], ["228.8", "975.8"], ["153.0", "975.8"]], "Module_type": "GATE"}, {"Ports": [{"Location": [["23.4", "205.8"], ["65.0", "205.8"], ["65.0", "211.5"], ["23.4", "211.5"]], "Type": "SD"}, {"Location": [["10.0", "118.4"], ["78.4", "118.4"], ["78.4", "203.1"], ["10.0", "203.1"]], "Type": "GATE"}, {"Location": [["15.6", "123.0"], ["72.8", "123.0"], ["72.8", "129.5"], ["15.6", "129.5"]], "Type": "SD"}], "Module": "M15", "Boundary": [["10.0", "118.4"], ["78.4", "118.4"], ["78.4", "211.5"], ["10.0", "211.5"]], "Module_type": "GATE"}, {"Ports": [{"Location": [["254.6", "225.0"], ["312.7", "225.0"], ["312.7", "230.0"], ["254.6", "230.0"]], "Type": "SD"}, {"Location": [["240.0", "10.0"], ["311.5", "10.0"], ["311.5", "48.5"], ["327.3", "48.5"], ["327.3", "222.2"], ["240.0", "222.2"]], "Type": "GATE"}, {"Location": [["246.1", "15.1"], ["304.4", "15.1"], ["304.4", "22.2"], ["246.1", "22.2"]], "Type": "SD"}], "Module": "M12", "Boundary": [["240.0", "10.0"], ["311.5", "10.0"], ["311.5", "48.5"], ["327.3", "48.5"], ["327.3", "230.0"], ["240.0", "230.0"]], "Module_type": "GATE"}, {"Ports": [{"Location": [["20.0", "572.8"], ["25.9", "572.8"], ["25.9", "633.3"], ["20.0", "633.3"]], "Type": "SD"}, {"Location": [["129.6", "560.5"], ["129.6", "633.0"], ["71.0", "633.0"], ["71.0", "645.6"], ["27.4", "645.6"], ["27.4", "560.5"]], "Type": "GATE"}, {"Location": [["118.8", "566.2"], ["124.9", "566.2"], ["124.9", "626.3"], ["118.8", "626.3"]], "Type": "SD"}], "Module": "M8", "Boundary": [["129.6", "560.5"], ["129.6", "633.0"], ["71.0", "633.0"], ["71.0", "645.6"], ["20.0", "645.6"], ["20.0", "560.5"]], "Module_type": "GATE"}], "Area": [["-30.0", "-30.0"], ["368.2", "-30.0"], ["368.2", "1022.5"], ["-30.0", "1022.5"]], "Rules": ["GATE(5,5)", "SD(5,5)", "GATE_SD(0.5)", "GATE_ITO(0.5)", "SD_ITO(0.5)"]}