{"Modules": [{"Module": "M14", "Boundary": [["128.4", "30.0"], ["128.4", "107.1"], ["106.2", "107.1"], ["106.2", "121.1"], ["30.0", "121.1"], ["30.0", "30.0"]], "Module_type": "GATE", "Ports": [{"Location": [["30.0", "41.8"], ["35.9", "41.8"], ["35.9", "109.3"], ["30.0", "109.3"]], "Type": "SD"}, {"Location": [["128.4", "30.0"], ["128.4", "107.1"], ["106.2", "107.1"], ["106.2", "121.1"], ["38.8", "121.1"], ["38.8", "30.0"]], "Type": "GATE"}, {"Location": [["118.8", "36.3"], ["123.1", "36.3"], ["123.1", "99.8"], ["118.8", "99.8"]], "Type": "SD"}]}, {"Ports": [{"Location": [["441.6", "441.4"], ["446.8", "441.4"], ["446.8", "509.5"], ["441.6", "509.5"]], "Type": "SD"}, {"Location": [["599.0", "427.8"], ["599.0", "523.1"], ["448.5", "523.1"], ["448.5", "427.8"]], "Type": "GATE"}, {"Location": [["587.0", "434.7"], ["593.1", "434.7"], ["593.1", "516.2"], ["587.0", "516.2"]], "Type": "SD"}], "Module": "M9", "Boundary": [["599.0", "427.8"], ["599.0", "523.1"], ["441.6", "523.1"], ["441.6", "427.8"]], "Module_type": "GATE"}, {"Ports": [{"Location": [["347.3", "506.4"], ["399.0", "506.4"], ["399.0", "511.9"], ["347.3", "511.9"]], "Type": "SD"}, {"Location": [["334.7", "339.8"], ["411.6", "339.8"], ["411.6", "505.3"], ["334.7", "505.3"]], "Type": "GATE"}, {"Location": [["340.4", "344.5"], ["405.9", "344.5"], ["405.9", "350.8"], ["340.4", "350.8"]], "Type": "SD"}], "Module": "M5", "Boundary": [["334.7", "339.8"], ["411.6", "339.8"], ["411.6", "511.9"], ["334.7", "511.9"]], "Module_type": "GATE"}, {"Ports": [{"Location": [["121.4", "422.8"], ["126.9", "422.8"], ["126.9", "501.4"], ["121.4", "501.4"]], "Type": "SD"}, {"Location": [["304.7", "408.6"], ["304.7", "497.9"], ["304.6", "497.9"], ["304.6", "515.6"], ["128.3", "515.6"], ["128.3", "408.6"]], "Type": "GATE"}, {"Location": [["293.6", "414.1"], ["300.2", "414.1"], ["300.2", "492.4"], ["293.6", "492.4"]], "Type": "SD"}], "Module": "M11", "Boundary": [["304.7", "408.6"], ["304.7", "497.9"], ["304.6", "497.9"], ["304.6", "515.6"], ["121.4", "515.6"], ["121.4", "408.6"]], "Module_type": "GATE"}, {"Ports": [{"Location": [["162.8", "296.6"], ["168.2", "296.6"], ["168.2", "353.9"], ["162.8", "353.9"]], "Type": "SD"}, {"Location": [["259.8", "281.9"], ["259.8", "368.6"], ["170.8", "368.6"], ["170.8", "281.9"]], "Type": "GATE"}, {"Location": [["247.9", "288.9"], ["253.8", "288.9"], ["253.8", "361.6"], ["247.9", "361.6"]], "Type": "SD"}], "Module": "M1", "Boundary": [["259.8", "281.9"], ["259.8", "368.6"], ["162.8", "368.6"], ["162.8", "281.9"]], "Module_type": "GATE"}, {"Ports": [{"Location": [["503.4", "140.9"], ["573.4", "140.9"], ["573.4", "145.9"], ["503.4", "145.9"]], "Type": "SD"}, {"Location": [["488.7", "10.0"], ["573.3", "10.0"], ["573.3", "53.9"], ["588.1", "53.9"], ["588.1", "139.5"], ["488.7", "139.5"]], "Type": "GATE"}, {"Location": [["495.3", "15.6"], ["565.7", "15.6"], ["565.7", "22.6"], ["495.3", "22.6"]], "Type": "SD"}], "Module": "M6", "Boundary": [["488.7", "10.0"], ["573.3", "10.0"], ["573.3", "53.9"], ["588.1", "53.9"], ["588.1", "145.9"], ["488.7", "145.9"]], "Module_type": "GATE"}, {"Ports": [{"Location": [["20.0", "183.8"], ["25.0", "183.8"], ["25.0", "219.2"], ["20.0", "219.2"]], "Type": "SD"}, {"Location": [["140.8", "171.1"], ["140.8", "218.4"], ["121.2", "218.4"], ["121.2", "231.9"], ["26.4", "231.9"], ["26.4", "171.1"]], "Type": "GATE"}, {"Location": [["130.3", "177.3"], ["135.6", "177.3"], ["135.6", "211.2"], ["130.3", "211.2"]], "Type": "SD"}], "Module": "M2", "Boundary": [["140.8", "171.1"], ["140.8", "218.4"], ["121.2", "218.4"], ["121.2", "231.9"], ["20.0", "231.9"], ["20.0", "171.1"]], "Module_type": "GATE"}, {"Ports": [{"Location": [["299.8", "252.7"], ["305.5", "252.7"], ["305.5", "296.0"], ["299.8", "296.0"]], "Type": "SD"}, {"Location": [["427.9", "238.9"], ["427.9", "292.9"], ["356.5", "292.9"], ["356.5", "309.8"], ["308.2", "309.8"], ["308.2", "238.9"]], "Type": "GATE"}, {"Location": [["417.2", "245.2"], ["422.6", "245.2"], ["422.6", "285.6"], ["417.2", "285.6"]], "Type": "SD"}], "Module": "M16", "Boundary": [["427.9", "238.9"], ["427.9", "292.9"], ["356.5", "292.9"], ["356.5", "309.8"], ["299.8", "309.8"], ["299.8", "238.9"]], "Module_type": "GATE"}, {"Ports": [{"Location": [["170.8", "154.6"], ["176.1", "154.6"], ["176.1", "223.5"], ["170.8", "223.5"]], "Type": "SD"}, {"Location": [["254.7", "142.1"], ["254.7", "220.7"], ["254.3", "220.7"], ["254.3", "236.0"], ["179.1", "236.0"], ["179.1", "142.1"]], "Type": "GATE"}, {"Location": [["244.2", "148.2"], ["249.6", "148.2"], ["249.6", "214.6"], ["244.2", "214.6"]], "Type": "SD"}], "Module": "M13", "Boundary": [["254.7", "142.1"], ["254.7", "220.7"], ["254.3", "220.7"], ["254.3", "236.0"], ["170.8", "236.0"], ["170.8", "142.1"]], "Module_type": "GATE"}, {"Ports": [{"Location": [["318.0", "124.4"], ["362.3", "124.4"], ["362.3", "129.6"], ["318.0", "129.6"]], "Type": "SD"}, {"Location": [["303.9", "10.0"], ["359.1", "10.0"], ["359.1", "77.4"], ["376.4", "77.4"], ["376.4", "123.3"], ["303.9", "123.3"]], "Type": "GATE"}, {"Location": [["309.4", "14.5"], ["352.6", "14.5"], ["352.6", "20.6"], ["309.4", "20.6"]], "Type": "SD"}], "Module": "M10", "Boundary": [["303.9", "10.0"], ["359.1", "10.0"], ["359.1", "77.4"], ["376.4", "77.4"], ["376.4", "129.6"], ["303.9", "129.6"]], "Module_type": "GATE"}, {"Ports": [{"Location": [["191.1", "106.8"], ["261.2", "106.8"], ["261.2", "112.1"], ["191.1", "112.1"]], "Type": "SD"}, {"Location": [["178.4", "20.0"], ["258.2", "20.0"], ["258.2", "20.1"], ["273.9", "20.1"], ["273.9", "105.2"], ["178.4", "105.2"]], "Type": "GATE"}, {"Location": [["183.9", "24.5"], ["252.7", "24.5"], ["252.7", "30.2"], ["183.9", "30.2"]], "Type": "SD"}], "Module": "M7", "Boundary": [["178.4", "20.0"], ["258.2", "20.0"], ["258.2", "20.1"], ["273.9", "20.1"], ["273.9", "112.1"], ["178.4", "112.1"]], "Module_type": "GATE"}, {"Ports": [{"Location": [["410.6", "154.5"], ["454.5", "154.5"], ["454.5", "159.4"], ["410.6", "159.4"]], "Type": "SD"}, {"Location": [["396.4", "10.0"], ["468.7", "10.0"], ["468.7", "152.1"], ["396.4", "152.1"]], "Type": "GATE"}, {"Location": [["402.3", "14.9"], ["462.8", "14.9"], ["462.8", "21.0"], ["402.3", "21.0"]], "Type": "SD"}], "Module": "M3", "Boundary": [["396.4", "10.0"], ["468.7", "10.0"], ["468.7", "159.4"], ["396.4", "159.4"]], "Module_type": "GATE"}, {"Ports": [{"Location": [["274.7", "163.0"], ["279.8", "163.0"], ["279.8", "205.5"], ["274.7", "205.5"]], "Type": "SD"}, {"Location": [["354.4", "149.6"], ["354.4", "218.9"], ["282.5", "218.9"], ["282.5", "149.6"]], "Type": "GATE"}, {"Location": [["344.4", "154.9"], ["350.1", "154.9"], ["350.1", "213.6"], ["344.4", "213.6"]], "Type": "SD"}], "Module": "M15", "Boundary": [["354.4", "149.6"], ["354.4", "218.9"], ["274.7", "218.9"], ["274.7", "149.6"]], "Module_type": "GATE"}, {"Ports": [{"Location": [["10.0", "275.9"], ["14.4", "275.9"], ["14.4", "319.0"], ["10.0", "319.0"]], "Type": "SD"}, {"Location": [["122.8", "261.9"], ["122.8", "315.8"], ["114.0", "315.8"], ["114.0", "333.0"], ["17.4", "333.0"], ["17.4", "261.9"]], "Type": "GATE"}, {"Location": [["112.3", "267.7"], ["118.0", "267.7"], ["118.0", "309.0"], ["112.3", "309.0"]], "Type": "SD"}], "Module": "M12", "Boundary": [["122.8", "261.9"], ["122.8", "315.8"], ["114.0", "315.8"], ["114.0", "333.0"], ["10.0", "333.0"], ["10.0", "261.9"]], "Module_type": "GATE"}, {"Ports": [{"Location": [["473.0", "392.6"], ["573.5", "392.6"], ["573.5", "397.8"], ["473.0", "397.8"]], "Type": "SD"}, {"Location": [["457.9", "189.4"], ["571.1", "189.4"], ["571.1", "263.0"], ["588.6", "263.0"], ["588.6", "390.9"], ["457.9", "390.9"]], "Type": "GATE"}, {"Location": [["464.0", "194.5"], ["564.0", "194.5"], ["564.0", "201.1"], ["464.0", "201.1"]], "Type": "SD"}], "Module": "M8", "Boundary": [["457.9", "189.4"], ["571.1", "189.4"], ["571.1", "263.0"], ["588.6", "263.0"], ["588.6", "397.8"], ["457.9", "397.8"]], "Module_type": "GATE"}, {"Ports": [{"Location": [["30.9", "502.7"], ["80.5", "502.7"], ["80.5", "508.4"], ["30.9", "508.4"]], "Type": "SD"}, {"Location": [["20.0", "363.0"], ["78.2", "363.0"], ["78.2", "437.1"], ["91.4", "437.1"], ["91.4", "501.4"], ["20.0", "501.4"]], "Type": "GATE"}, {"Location": [["25.6", "367.6"], ["71.6", "367.6"], ["71.6", "371.8"], ["25.6", "371.8"]], "Type": "SD"}], "Module": "M4", "Boundary": [["20.0", "363.0"], ["78.2", "363.0"], ["78.2", "437.1"], ["91.4", "437.1"], ["91.4", "508.4"], ["20.0", "508.4"]], "Module_type": "GATE"}], "Area": [["-30.0", "-30.0"], ["639.0", "-30.0"], ["639.0", "563.1"], ["-30.0", "563.1"]], "Rules": ["GATE(5,5)", "SD(5,5)", "GATE_SD(0.5)", "GATE_ITO(0.5)", "SD_ITO(0.5)"]}