{"Modules": [{"Module": "M14", "Boundary": [["362.8", "263.4"], ["362.8", "315.3"], ["268.7", "315.3"], ["268.7", "330.7"], ["183.3", "330.7"], ["183.3", "263.4"]], "Module_type": "GATE", "Ports": [{"Location": [["183.3", "277.1"], ["188.0", "277.1"], ["188.0", "317.0"], ["183.3", "317.0"]], "Type": "SD"}, {"Location": [["362.8", "263.4"], ["362.8", "315.3"], ["268.7", "315.3"], ["268.7", "330.7"], ["189.2", "330.7"], ["189.2", "263.4"]], "Type": "GATE"}, {"Location": [["351.7", "269.1"], ["358.1", "269.1"], ["358.1", "308.6"], ["351.7", "308.6"]], "Type": "SD"}]}, {"Ports": [{"Location": [["566.3", "116.0"], ["600.7", "116.0"], ["600.7", "120.2"], ["566.3", "120.2"]], "Type": "SD"}, {"Location": [["552.2", "10.0"], ["600.8", "10.0"], ["600.8", "10.2"], ["614.8", "10.2"], ["614.8", "114.9"], ["552.2", "114.9"]], "Type": "GATE"}, {"Location": [["558.4", "15.2"], ["594.6", "15.2"], ["594.6", "22.5"], ["558.4", "22.5"]], "Type": "SD"}], "Module": "M9", "Boundary": [["552.2", "10.0"], ["600.8", "10.0"], ["600.8", "10.2"], ["614.8", "10.2"], ["614.8", "120.2"], ["552.2", "120.2"]], "Module_type": "GATE"}, {"Ports": [{"Location": [["147.1", "34.0"], ["152.8", "34.0"], ["152.8", "90.1"], ["147.1", "90.1"]], "Type": "SD"}, {"Location": [["289.8", "20.0"], ["289.8", "87.4"], ["289.6", "87.4"], ["289.6", "104.1"], ["155.7", "104.1"], ["155.7", "20.0"]], "Type": "GATE"}, {"Location": [["278.9", "25.9"], ["284.9", "25.9"], ["284.9", "81.5"], ["278.9", "81.5"]], "Type": "SD"}], "Module": "M5", "Boundary": [["289.8", "20.0"], ["289.8", "87.4"], ["289.6", "87.4"], ["289.6", "104.1"], ["147.1", "104.1"], ["147.1", "20.0"]], "Module_type": "GATE"}, {"Ports": [{"Location": [["317.7", "157.1"], ["323.4", "157.1"], ["323.4", "202.8"], ["317.7", "202.8"]], "Type": "SD"}, {"Location": [["390.5", "143.0"], ["390.5", "197.9"], ["390.3", "197.9"], ["390.3", "216.9"], ["325.2", "216.9"], ["325.2", "143.0"]], "Type": "GATE"}, {"Location": [["379.7", "148.1"], ["386.4", "148.1"], ["386.4", "192.8"], ["379.7", "192.8"]], "Type": "SD"}], "Module": "M11", "Boundary": [["390.5", "143.0"], ["390.5", "197.9"], ["390.3", "197.9"], ["390.3", "216.9"], ["317.7", "216.9"], ["317.7", "143.0"]], "Module_type": "GATE"}, {"Ports": [{"Location": [["728.4", "316.4"], ["768.5", "316.4"], ["768.5", "321.6"], ["728.4", "321.6"]], "Type": "SD"}, {"Location": [["716.2", "166.1"], ["764.1", "166.1"], ["764.1", "166.4"], ["780.7", "166.4"], ["780.7", "313.7"], ["716.2", "313.7"]], "Type": "GATE"}, {"Location": [["721.5", "170.4"], ["758.8", "170.4"], ["758.8", "175.0"], ["721.5", "175.0"]], "Type": "SD"}], "Module": "M1", "Boundary": [["716.2", "166.1"], ["764.1", "166.1"], ["764.1", "166.4"], ["780.7", "166.4"], ["780.7", "321.6"], ["716.2", "321.6"]], "Module_type": "GATE"}, {"Ports": [{"Location": [["333.4", "117.9"], ["376.9", "117.9"], ["376.9", "123.0"], ["333.4", "123.0"]], "Type": "SD"}, {"Location": [["319.8", "10.0"], ["373.5", "10.0"], ["373.5", "53.5"], ["390.5", "53.5"], ["390.5", "115.8"], ["319.8", "115.8"]], "Type": "GATE"}, {"Location": [["326.1", "15.3"], ["366.2", "15.3"], ["366.2", "20.1"], ["326.1", "20.1"]], "Type": "SD"}], "Module": "M6", "Boundary": [["319.8", "10.0"], ["373.5", "10.0"], ["373.5", "53.5"], ["390.5", "53.5"], ["390.5", "123.0"], ["319.8", "123.0"]], "Module_type": "GATE"}, {"Ports": [{"Location": [["167.1", "157.5"], ["172.1", "157.5"], ["172.1", "200.0"], ["167.1", "200.0"]], "Type": "SD"}, {"Location": [["287.7", "144.1"], ["287.7", "196.8"], ["278.3", "196.8"], ["278.3", "213.4"], ["173.9", "213.4"], ["173.9", "144.1"]], "Type": "GATE"}, {"Location": [["277.8", "149.9"], ["282.9", "149.9"], ["282.9", "190.0"], ["277.8", "190.0"]], "Type": "SD"}], "Module": "M2", "Boundary": [["287.7", "144.1"], ["287.7", "196.8"], ["278.3", "196.8"], ["278.3", "213.4"], ["167.1", "213.4"], ["167.1", "144.1"]], "Module_type": "GATE"}, {"Ports": [{"Location": [["552.2", "154.8"], ["556.7", "154.8"], ["556.7", "197.2"], ["552.2", "197.2"]], "Type": "SD"}, {"Location": [["676.0", "140.2"], ["676.0", "195.6"], ["626.7", "195.6"], ["626.7", "211.8"], ["558.5", "211.8"], ["558.5", "140.2"]], "Type": "GATE"}, {"Location": [["663.6", "146.4"], ["670.8", "146.4"], ["670.8", "188.4"], ["663.6", "188.4"]], "Type": "SD"}], "Module": "M16", "Boundary": [["676.0", "140.2"], ["676.0", "195.6"], ["626.7", "195.6"], ["626.7", "211.8"], ["552.2", "211.8"], ["552.2", "140.2"]], "Module_type": "GATE"}, {"Ports": [{"Location": [["410.5", "267.0"], ["416.2", "267.0"], ["416.2", "331.7"], ["410.5", "331.7"]], "Type": "SD"}, {"Location": [["554.9", "253.2"], ["554.9", "331.0"], ["554.8", "331.0"], ["554.8", "345.5"], ["418.9", "345.5"], ["418.9", "253.2"]], "Type": "GATE"}, {"Location": [["542.8", "259.4"], ["549.7", "259.4"], ["549.7", "324.8"], ["542.8", "324.8"]], "Type": "SD"}], "Module": "M13", "Boundary": [["554.9", "253.2"], ["554.9", "331.0"], ["554.8", "331.0"], ["554.8", "345.5"], ["410.5", "345.5"], ["410.5", "253.2"]], "Module_type": "GATE"}, {"Ports": [{"Location": [["736.6", "121.3"], ["786.4", "121.3"], ["786.4", "126.1"], ["736.6", "126.1"]], "Type": "SD"}, {"Location": [["723.5", "10.0"], ["786.1", "10.0"], ["786.1", "73.3"], ["799.5", "73.3"], ["799.5", "118.5"], ["723.5", "118.5"]], "Type": "GATE"}, {"Location": [["730.2", "15.7"], ["778.4", "15.7"], ["778.4", "21.2"], ["730.2", "21.2"]], "Type": "SD"}], "Module": "M10", "Boundary": [["723.5", "10.0"], ["786.1", "10.0"], ["786.1", "73.3"], ["799.5", "73.3"], ["799.5", "126.1"], ["723.5", "126.1"]], "Module_type": "GATE"}, {"Ports": [{"Location": [["20.0", "159.4"], ["25.8", "159.4"], ["25.8", "223.3"], ["20.0", "223.3"]], "Type": "SD"}, {"Location": [["127.1", "146.5"], ["127.1", "236.2"], ["28.7", "236.2"], ["28.7", "146.5"]], "Type": "GATE"}, {"Location": [["116.0", "153.0"], ["121.6", "153.0"], ["121.6", "229.7"], ["116.0", "229.7"]], "Type": "SD"}], "Module": "M7", "Boundary": [["127.1", "146.5"], ["127.1", "236.2"], ["20.0", "236.2"], ["20.0", "146.5"]], "Module_type": "GATE"}, {"Ports": [{"Location": [["649.3", "77.1"], ["689.0", "77.1"], ["689.0", "82.3"], ["649.3", "82.3"]], "Type": "SD"}, {"Location": [["634.8", "10.0"], ["703.5", "10.0"], ["703.5", "75.1"], ["634.8", "75.1"]], "Type": "GATE"}, {"Location": [["641.4", "15.6"], ["696.9", "15.6"], ["696.9", "21.9"], ["641.4", "21.9"]], "Type": "SD"}], "Module": "M3", "Boundary": [["634.8", "10.0"], ["703.5", "10.0"], ["703.5", "82.3"], ["634.8", "82.3"]], "Module_type": "GATE"}, {"Ports": [{"Location": [["10.0", "280.6"], ["15.5", "280.6"], ["15.5", "323.3"], ["10.0", "323.3"]], "Type": "SD"}, {"Location": [["143.3", "266.2"], ["143.3", "337.7"], ["17.2", "337.7"], ["17.2", "266.2"]], "Type": "GATE"}, {"Location": [["132.0", "271.3"], ["139.2", "271.3"], ["139.2", "332.6"], ["132.0", "332.6"]], "Type": "SD"}], "Module": "M15", "Boundary": [["143.3", "266.2"], ["143.3", "337.7"], ["10.0", "337.7"], ["10.0", "266.2"]], "Module_type": "GATE"}, {"Ports": [{"Location": [["24.2", "112.4"], ["102.9", "112.4"], ["102.9", "116.5"], ["24.2", "116.5"]], "Type": "SD"}, {"Location": [["10.0", "10.0"], ["100.4", "10.0"], ["100.4", "52.0"], ["117.1", "52.0"], ["117.1", "110.0"], ["10.0", "110.0"]], "Type": "GATE"}, {"Location": [["16.2", "15.2"], ["93.2", "15.2"], ["93.2", "21.1"], ["16.2", "21.1"]], "Type": "SD"}], "Module": "M12", "Boundary": [["10.0", "10.0"], ["100.4", "10.0"], ["100.4", "52.0"], ["117.1", "52.0"], ["117.1", "116.5"], ["10.0", "116.5"]], "Module_type": "GATE"}, {"Ports": [{"Location": [["596.8", "332.1"], ["654.3", "332.1"], ["654.3", "336.9"], ["596.8", "336.9"]], "Type": "SD"}, {"Location": [["584.9", "241.8"], ["666.2", "241.8"], ["666.2", "330.7"], ["584.9", "330.7"]], "Type": "GATE"}, {"Location": [["589.9", "245.8"], ["661.2", "245.8"], ["661.2", "251.5"], ["589.9", "251.5"]], "Type": "SD"}], "Module": "M8", "Boundary": [["584.9", "241.8"], ["666.2", "241.8"], ["666.2", "336.9"], ["584.9", "336.9"]], "Module_type": "GATE"}], "Area": [["-30.0", "-30.0"], ["839.5", "-30.0"], ["839.5", "385.5"], ["-30.0", "385.5"]], "Rules": ["GATE(5,5)", "SD(5,5)", "GATE_SD(0.5)", "GATE_ITO(0.5)", "SD_ITO(0.5)"]}