{"Modules": [{"Module": "M14", "Boundary": [["251.4", "30.0"], ["356.4", "30.0"], ["356.4", "246.6"], ["251.4", "246.6"]], "Module_type": "GATE", "Ports": [{"Location": [["266.5", "241.8"], ["341.3", "241.8"], ["341.3", "246.6"], ["266.5", "246.6"]], "Type": "SD"}, {"Location": [["251.4", "30.0"], ["356.4", "30.0"], ["356.4", "238.9"], ["251.4", "238.9"]], "Type": "GATE"}, {"Location": [["257.7", "35.3"], ["350.1", "35.3"], ["350.1", "42.4"], ["257.7", "42.4"]], "Type": "SD"}]}, {"Ports": [{"Location": [["371.5", "603.0"], ["395.9", "603.0"], ["395.9", "607.7"], ["371.5", "607.7"]], "Type": "SD"}, {"Location": [["359.1", "471.3"], ["408.3", "471.3"], ["408.3", "600.4"], ["359.1", "600.4"]], "Type": "GATE"}, {"Location": [["365.3", "476.5"], ["402.1", "476.5"], ["402.1", "480.5"], ["365.3", "480.5"]], "Type": "SD"}], "Module": "M9", "Boundary": [["359.1", "471.3"], ["408.3", "471.3"], ["408.3", "607.7"], ["359.1", "607.7"]], "Module_type": "GATE"}, {"Ports": [{"Location": [["124.1", "581.1"], ["129.6", "581.1"], ["129.6", "600.4"], ["124.1", "600.4"]], "Type": "SD"}, {"Location": [["329.1", "569.6"], ["329.1", "611.9"], ["130.9", "611.9"], ["130.9", "569.6"]], "Type": "GATE"}, {"Location": [["319.2", "575.7"], ["324.0", "575.7"], ["324.0", "605.8"], ["319.2", "605.8"]], "Type": "SD"}], "Module": "M5", "Boundary": [["329.1", "569.6"], ["329.1", "611.9"], ["124.1", "611.9"], ["124.1", "569.6"]], "Module_type": "GATE"}, {"Ports": [{"Location": [["410.0", "211.0"], ["502.8", "211.0"], ["502.8", "217.0"], ["410.0", "217.0"]], "Type": "SD"}, {"Location": [["396.4", "10.0"], ["499.3", "10.0"], ["499.3", "10.5"], ["516.4", "10.5"], ["516.4", "208.6"], ["396.4", "208.6"]], "Type": "GATE"}, {"Location": [["402.7", "15.3"], ["493.0", "15.3"], ["493.0", "20.3"], ["402.7", "20.3"]], "Type": "SD"}], "Module": "M11", "Boundary": [["396.4", "10.0"], ["499.3", "10.0"], ["499.3", "10.5"], ["516.4", "10.5"], ["516.4", "217.0"], ["396.4", "217.0"]], "Module_type": "GATE"}, {"Ports": [{"Location": [["133.3", "198.1"], ["176.2", "198.1"], ["176.2", "203.2"], ["133.3", "203.2"]], "Type": "SD"}, {"Location": [["118.1", "30.0"], ["173.2", "30.0"], ["173.2", "30.3"], ["191.4", "30.3"], ["191.4", "196.3"], ["118.1", "196.3"]], "Type": "GATE"}, {"Location": [["123.3", "34.2"], ["168.0", "34.2"], ["168.0", "41.7"], ["123.3", "41.7"]], "Type": "SD"}], "Module": "M1", "Boundary": [["118.1", "30.0"], ["173.2", "30.0"], ["173.2", "30.3"], ["191.4", "30.3"], ["191.4", "203.2"], ["118.1", "203.2"]], "Module_type": "GATE"}, {"Ports": [{"Location": [["107.4", "384.1"], ["171.9", "384.1"], ["171.9", "388.8"], ["107.4", "388.8"]], "Type": "SD"}, {"Location": [["95.7", "243.2"], ["183.6", "243.2"], ["183.6", "381.2"], ["95.7", "381.2"]], "Type": "GATE"}, {"Location": [["101.5", "248.0"], ["177.8", "248.0"], ["177.8", "253.3"], ["101.5", "253.3"]], "Type": "SD"}], "Module": "M6", "Boundary": [["95.7", "243.2"], ["183.6", "243.2"], ["183.6", "388.8"], ["95.7", "388.8"]], "Module_type": "GATE"}, {"Ports": [{"Location": [["140.0", "470.6"], ["145.3", "470.6"], ["145.3", "515.0"], ["140.0", "515.0"]], "Type": "SD"}, {"Location": [["305.8", "456.0"], ["305.8", "529.6"], ["147.2", "529.6"], ["147.2", "456.0"]], "Type": "GATE"}, {"Location": [["294.5", "462.5"], ["300.3", "462.5"], ["300.3", "523.1"], ["294.5", "523.1"]], "Type": "SD"}], "Module": "M2", "Boundary": [["305.8", "456.0"], ["305.8", "529.6"], ["140.0", "529.6"], ["140.0", "456.0"]], "Module_type": "GATE"}, {"Ports": [{"Location": [["442.0", "605.9"], ["500.1", "605.9"], ["500.1", "611.4"], ["442.0", "611.4"]], "Type": "SD"}, {"Location": [["428.3", "471.3"], ["513.8", "471.3"], ["513.8", "603.5"], ["428.3", "603.5"]], "Type": "GATE"}, {"Location": [["434.5", "476.5"], ["507.6", "476.5"], ["507.6", "482.4"], ["434.5", "482.4"]], "Type": "SD"}], "Module": "M16", "Boundary": [["428.3", "471.3"], ["513.8", "471.3"], ["513.8", "611.4"], ["428.3", "611.4"]], "Module_type": "GATE"}, {"Ports": [{"Location": [["22.8", "395.3"], ["62.9", "395.3"], ["62.9", "400.3"], ["22.8", "400.3"]], "Type": "SD"}, {"Location": [["10.0", "216.7"], ["75.7", "216.7"], ["75.7", "393.9"], ["10.0", "393.9"]], "Type": "GATE"}, {"Location": [["15.8", "221.5"], ["69.9", "221.5"], ["69.9", "226.9"], ["15.8", "226.9"]], "Type": "SD"}], "Module": "M13", "Boundary": [["10.0", "216.7"], ["75.7", "216.7"], ["75.7", "400.3"], ["10.0", "400.3"]], "Module_type": "GATE"}, {"Ports": [{"Location": [["203.6", "373.3"], ["208.8", "373.3"], ["208.8", "412.4"], ["203.6", "412.4"]], "Type": "SD"}, {"Location": [["358.2", "359.7"], ["358.2", "409.9"], ["358.1", "409.9"], ["358.1", "426.0"], ["210.0", "426.0"], ["210.0", "359.7"]], "Type": "GATE"}, {"Location": [["347.0", "366.2"], ["352.7", "366.2"], ["352.7", "403.4"], ["347.0", "403.4"]], "Type": "SD"}], "Module": "M10", "Boundary": [["358.2", "359.7"], ["358.2", "409.9"], ["358.1", "409.9"], ["358.1", "426.0"], ["203.6", "426.0"], ["203.6", "359.7"]], "Module_type": "GATE"}, {"Ports": [{"Location": [["412.8", "437.2"], ["490.1", "437.2"], ["490.1", "441.3"], ["412.8", "441.3"]], "Type": "SD"}, {"Location": [["397.2", "334.7"], ["505.7", "334.7"], ["505.7", "435.5"], ["397.2", "435.5"]], "Type": "GATE"}, {"Location": [["404.0", "340.5"], ["498.9", "340.5"], ["498.9", "347.0"], ["404.0", "347.0"]], "Type": "SD"}], "Module": "M7", "Boundary": [["397.2", "334.7"], ["505.7", "334.7"], ["505.7", "441.3"], ["397.2", "441.3"]], "Module_type": "GATE"}, {"Ports": [{"Location": [["23.1", "190.7"], ["65.0", "190.7"], ["65.0", "196.7"], ["23.1", "196.7"]], "Type": "SD"}, {"Location": [["10.0", "10.0"], ["61.1", "10.0"], ["61.1", "10.0"], ["78.1", "10.0"], ["78.1", "189.4"], ["10.0", "189.4"]], "Type": "GATE"}, {"Location": [["15.1", "14.1"], ["56.0", "14.1"], ["56.0", "20.9"], ["15.1", "20.9"]], "Type": "SD"}], "Module": "M3", "Boundary": [["10.0", "10.0"], ["61.1", "10.0"], ["61.1", "10.0"], ["78.1", "10.0"], ["78.1", "196.7"], ["10.0", "196.7"]], "Module_type": "GATE"}, {"Ports": [{"Location": [["23.5", "505.2"], ["96.5", "505.2"], ["96.5", "510.4"], ["23.5", "510.4"]], "Type": "SD"}, {"Location": [["10.0", "420.3"], ["93.6", "420.3"], ["93.6", "420.4"], ["110.0", "420.4"], ["110.0", "502.6"], ["10.0", "502.6"]], "Type": "GATE"}, {"Location": [["16.2", "425.5"], ["87.4", "425.5"], ["87.4", "431.0"], ["16.2", "431.0"]], "Type": "SD"}], "Module": "M15", "Boundary": [["10.0", "420.3"], ["93.6", "420.3"], ["93.6", "420.4"], ["110.0", "420.4"], ["110.0", "510.4"], ["10.0", "510.4"]], "Module_type": "GATE"}, {"Ports": [{"Location": [["203.6", "301.5"], ["209.3", "301.5"], ["209.3", "324.8"], ["203.6", "324.8"]], "Type": "SD"}, {"Location": [["367.2", "286.6"], ["367.2", "339.7"], ["210.4", "339.7"], ["210.4", "286.6"]], "Type": "GATE"}, {"Location": [["355.3", "293.4"], ["361.4", "293.4"], ["361.4", "332.9"], ["355.3", "332.9"]], "Type": "SD"}], "Module": "M12", "Boundary": [["367.2", "286.6"], ["367.2", "339.7"], ["203.6", "339.7"], ["203.6", "286.6"]], "Module_type": "GATE"}, {"Ports": [{"Location": [["34.1", "607.8"], ["70.0", "607.8"], ["70.0", "613.4"], ["34.1", "613.4"]], "Type": "SD"}, {"Location": [["20.0", "540.4"], ["84.1", "540.4"], ["84.1", "605.5"], ["20.0", "605.5"]], "Type": "GATE"}, {"Location": [["25.4", "544.8"], ["78.7", "544.8"], ["78.7", "552.7"], ["25.4", "552.7"]], "Type": "SD"}], "Module": "M8", "Boundary": [["20.0", "540.4"], ["84.1", "540.4"], ["84.1", "613.4"], ["20.0", "613.4"]], "Module_type": "GATE"}], "Area": [["-30.0", "-30.0"], ["556.4", "-30.0"], ["556.4", "653.4"], ["-30.0", "653.4"]], "Rules": ["GATE(5,5)", "SD(5,5)", "GATE_SD(0.5)", "GATE_ITO(0.5)", "SD_ITO(0.5)"]}