{"Modules": [{"Module": "M14", "Boundary": [["653.6", "220.8"], ["704.9", "220.8"], ["704.9", "427.1"], ["653.6", "427.1"]], "Module_type": "GATE", "Ports": [{"Location": [["666.9", "422.0"], ["691.6", "422.0"], ["691.6", "427.1"], ["666.9", "427.1"]], "Type": "SD"}, {"Location": [["653.6", "220.8"], ["704.9", "220.8"], ["704.9", "420.8"], ["653.6", "420.8"]], "Type": "GATE"}, {"Location": [["660.0", "226.2"], ["698.5", "226.2"], ["698.5", "230.9"], ["660.0", "230.9"]], "Type": "SD"}]}, {"Ports": [{"Location": [["10.0", "24.4"], ["14.1", "24.4"], ["14.1", "86.6"], ["10.0", "86.6"]], "Type": "SD"}, {"Location": [["150.8", "10.0"], ["150.8", "82.9"], ["150.5", "82.9"], ["150.5", "101.0"], ["16.8", "101.0"], ["16.8", "10.0"]], "Type": "GATE"}, {"Location": [["139.0", "16.7"], ["145.1", "16.7"], ["145.1", "76.2"], ["139.0", "76.2"]], "Type": "SD"}], "Module": "M9", "Boundary": [["150.8", "10.0"], ["150.8", "82.9"], ["150.5", "82.9"], ["150.5", "101.0"], ["10.0", "101.0"], ["10.0", "10.0"]], "Module_type": "GATE"}, {"Ports": [{"Location": [["397.9", "359.5"], ["402.0", "359.5"], ["402.0", "433.5"], ["397.9", "433.5"]], "Type": "SD"}, {"Location": [["596.8", "345.9"], ["596.8", "447.1"], ["403.4", "447.1"], ["403.4", "345.9"]], "Type": "GATE"}, {"Location": [["586.2", "351.8"], ["591.9", "351.8"], ["591.9", "441.2"], ["586.2", "441.2"]], "Type": "SD"}], "Module": "M5", "Boundary": [["596.8", "345.9"], ["596.8", "447.1"], ["397.9", "447.1"], ["397.9", "345.9"]], "Module_type": "GATE"}, {"Ports": [{"Location": [["10.0", "134.2"], ["15.2", "134.2"], ["15.2", "212.9"], ["10.0", "212.9"]], "Type": "SD"}, {"Location": [["128.6", "121.0"], ["128.6", "226.1"], ["16.8", "226.1"], ["16.8", "121.0"]], "Type": "GATE"}, {"Location": [["118.1", "126.4"], ["124.2", "126.4"], ["124.2", "220.7"], ["118.1", "220.7"]], "Type": "SD"}], "Module": "M11", "Boundary": [["128.6", "121.0"], ["128.6", "226.1"], ["10.0", "226.1"], ["10.0", "121.0"]], "Module_type": "GATE"}, {"Ports": [{"Location": [["548.2", "155.6"], ["585.2", "155.6"], ["585.2", "160.8"], ["548.2", "160.8"]], "Type": "SD"}, {"Location": [["534.8", "30.0"], ["598.6", "30.0"], ["598.6", "153.6"], ["534.8", "153.6"]], "Type": "GATE"}, {"Location": [["541.2", "35.4"], ["592.2", "35.4"], ["592.2", "41.7"], ["541.2", "41.7"]], "Type": "SD"}], "Module": "M1", "Boundary": [["534.8", "30.0"], ["598.6", "30.0"], ["598.6", "160.8"], ["534.8", "160.8"]], "Module_type": "GATE"}, {"Ports": [{"Location": [["113.4", "441.8"], ["150.2", "441.8"], ["150.2", "446.5"], ["113.4", "446.5"]], "Type": "SD"}, {"Location": [["99.8", "246.1"], ["150.0", "246.1"], ["150.0", "298.5"], ["163.8", "298.5"], ["163.8", "438.9"], ["99.8", "438.9"]], "Type": "GATE"}, {"Location": [["106.3", "251.6"], ["142.5", "251.6"], ["142.5", "257.5"], ["106.3", "257.5"]], "Type": "SD"}], "Module": "M6", "Boundary": [["99.8", "246.1"], ["150.0", "246.1"], ["150.0", "298.5"], ["163.8", "298.5"], ["163.8", "446.5"], ["99.8", "446.5"]], "Module_type": "GATE"}, {"Ports": [{"Location": [["351.4", "33.4"], ["355.5", "33.4"], ["355.5", "72.5"], ["351.4", "72.5"]], "Type": "SD"}, {"Location": [["484.8", "20.0"], ["484.8", "70.2"], ["484.6", "70.2"], ["484.6", "85.9"], ["357.0", "85.9"], ["357.0", "20.0"]], "Type": "GATE"}, {"Location": [["473.9", "26.6"], ["479.2", "26.6"], ["479.2", "63.6"], ["473.9", "63.6"]], "Type": "SD"}], "Module": "M2", "Boundary": [["484.8", "20.0"], ["484.8", "70.2"], ["484.6", "70.2"], ["484.6", "85.9"], ["351.4", "85.9"], ["351.4", "20.0"]], "Module_type": "GATE"}, {"Ports": [{"Location": [["170.8", "22.6"], ["175.4", "22.6"], ["175.4", "98.0"], ["170.8", "98.0"]], "Type": "SD"}, {"Location": [["321.4", "10.0"], ["321.4", "110.6"], ["176.6", "110.6"], ["176.6", "10.0"]], "Type": "GATE"}, {"Location": [["310.3", "16.0"], ["316.4", "16.0"], ["316.4", "104.6"], ["310.3", "104.6"]], "Type": "SD"}], "Module": "M16", "Boundary": [["321.4", "10.0"], ["321.4", "110.6"], ["170.8", "110.6"], ["170.8", "10.0"]], "Module_type": "GATE"}, {"Ports": [{"Location": [["148.6", "141.5"], ["153.9", "141.5"], ["153.9", "177.9"], ["148.6", "177.9"]], "Type": "SD"}, {"Location": [["371.7", "130.6"], ["371.7", "188.8"], ["156.4", "188.8"], ["156.4", "130.6"]], "Type": "GATE"}, {"Location": [["362.6", "135.8"], ["367.5", "135.8"], ["367.5", "183.6"], ["362.6", "183.6"]], "Type": "SD"}], "Module": "M13", "Boundary": [["371.7", "130.6"], ["371.7", "188.8"], ["148.6", "188.8"], ["148.6", "130.6"]], "Module_type": "GATE"}, {"Ports": [{"Location": [["23.8", "445.3"], ["66.0", "445.3"], ["66.0", "450.0"], ["23.8", "450.0"]], "Type": "SD"}, {"Location": [["10.0", "246.1"], ["79.8", "246.1"], ["79.8", "442.7"], ["10.0", "442.7"]], "Type": "GATE"}, {"Location": [["16.3", "251.4"], ["73.5", "251.4"], ["73.5", "257.7"], ["16.3", "257.7"]], "Type": "SD"}], "Module": "M10", "Boundary": [["10.0", "246.1"], ["79.8", "246.1"], ["79.8", "450.0"], ["10.0", "450.0"]], "Module_type": "GATE"}, {"Ports": [{"Location": [["529.3", "301.2"], ["591.4", "301.2"], ["591.4", "305.9"], ["529.3", "305.9"]], "Type": "SD"}, {"Location": [["517.1", "210.8"], ["603.6", "210.8"], ["603.6", "298.6"], ["517.1", "298.6"]], "Type": "GATE"}, {"Location": [["523.5", "216.2"], ["597.2", "216.2"], ["597.2", "221.3"], ["523.5", "221.3"]], "Type": "SD"}], "Module": "M7", "Boundary": [["517.1", "210.8"], ["603.6", "210.8"], ["603.6", "305.9"], ["517.1", "305.9"]], "Module_type": "GATE"}, {"Ports": [{"Location": [["183.8", "382.5"], ["189.6", "382.5"], ["189.6", "440.7"], ["183.8", "440.7"]], "Type": "SD"}, {"Location": [["367.9", "366.3"], ["367.9", "439.6"], ["367.8", "439.6"], ["367.8", "456.9"], ["192.1", "456.9"], ["192.1", "366.3"]], "Type": "GATE"}, {"Location": [["354.9", "372.9"], ["362.3", "372.9"], ["362.3", "433.0"], ["354.9", "433.0"]], "Type": "SD"}], "Module": "M3", "Boundary": [["367.9", "366.3"], ["367.9", "439.6"], ["367.8", "439.6"], ["367.8", "456.9"], ["183.8", "456.9"], ["183.8", "366.3"]], "Module_type": "GATE"}, {"Ports": [{"Location": [["401.7", "304.3"], ["471.9", "304.3"], ["471.9", "308.8"], ["401.7", "308.8"]], "Type": "SD"}, {"Location": [["386.5", "213.0"], ["487.1", "213.0"], ["487.1", "301.9"], ["386.5", "301.9"]], "Type": "GATE"}, {"Location": [["393.2", "218.7"], ["480.4", "218.7"], ["480.4", "226.0"], ["393.2", "226.0"]], "Type": "SD"}], "Module": "M15", "Boundary": [["386.5", "213.0"], ["487.1", "213.0"], ["487.1", "308.8"], ["386.5", "308.8"]], "Module_type": "GATE"}, {"Ports": [{"Location": [["391.7", "129.4"], ["396.0", "129.4"], ["396.0", "179.5"], ["391.7", "179.5"]], "Type": "SD"}, {"Location": [["484.7", "115.9"], ["484.7", "193.0"], ["399.0", "193.0"], ["399.0", "115.9"]], "Type": "GATE"}, {"Location": [["473.1", "122.5"], ["479.1", "122.5"], ["479.1", "186.4"], ["473.1", "186.4"]], "Type": "SD"}], "Module": "M12", "Boundary": [["484.7", "115.9"], ["484.7", "193.0"], ["391.7", "193.0"], ["391.7", "115.9"]], "Module_type": "GATE"}, {"Ports": [{"Location": [["648.6", "32.8"], ["653.4", "32.8"], ["653.4", "122.8"], ["648.6", "122.8"]], "Type": "SD"}, {"Location": [["718.6", "20.0"], ["718.6", "135.6"], ["655.2", "135.6"], ["655.2", "20.0"]], "Type": "GATE"}, {"Location": [["708.6", "25.7"], ["713.9", "25.7"], ["713.9", "129.9"], ["708.6", "129.9"]], "Type": "SD"}], "Module": "M8", "Boundary": [["718.6", "20.0"], ["718.6", "135.6"], ["648.6", "135.6"], ["648.6", "20.0"]], "Module_type": "GATE"}, {"Ports": [{"Location": [["193.8", "233.5"], ["198.1", "233.5"], ["198.1", "321.6"], ["193.8", "321.6"]], "Type": "SD"}, {"Location": [["356.5", "218.8"], ["356.5", "336.3"], ["199.8", "336.3"], ["199.8", "218.8"]], "Type": "GATE"}, {"Location": [["345.2", "225.2"], ["351.1", "225.2"], ["351.1", "329.9"], ["345.2", "329.9"]], "Type": "SD"}], "Module": "M4", "Boundary": [["356.5", "218.8"], ["356.5", "336.3"], ["193.8", "336.3"], ["193.8", "218.8"]], "Module_type": "GATE"}], "Area": [["-30.0", "-30.0"], ["758.6", "-30.0"], ["758.6", "496.9"], ["-30.0", "496.9"]], "Rules": ["GATE(5,5)", "SD(5,5)", "GATE_SD(0.5)", "GATE_ITO(0.5)", "SD_ITO(0.5)"]}