{"Modules": [{"Module": "M14", "Boundary": [["30.0", "491.0"], ["106.7", "491.0"], ["106.7", "525.2"], ["119.8", "525.2"], ["119.8", "687.4"], ["30.0", "687.4"]], "Module_type": "GATE", "Ports": [{"Location": [["43.7", "682.0"], ["106.1", "682.0"], ["106.1", "687.4"], ["43.7", "687.4"]], "Type": "SD"}, {"Location": [["30.0", "491.0"], ["106.7", "491.0"], ["106.7", "525.2"], ["119.8", "525.2"], ["119.8", "680.7"], ["30.0", "680.7"]], "Type": "GATE"}, {"Location": [["36.9", "496.9"], ["98.8", "496.9"], ["98.8", "502.7"], ["36.9", "502.7"]], "Type": "SD"}]}, {"Ports": [{"Location": [["241.7", "280.7"], ["247.6", "280.7"], ["247.6", "373.3"], ["241.7", "373.3"]], "Type": "SD"}, {"Location": [["406.7", "267.5"], ["406.7", "386.5"], ["250.0", "386.5"], ["250.0", "267.5"]], "Type": "GATE"}, {"Location": [["396.9", "273.3"], ["401.9", "273.3"], ["401.9", "380.7"], ["396.9", "380.7"]], "Type": "SD"}], "Module": "M9", "Boundary": [["406.7", "267.5"], ["406.7", "386.5"], ["241.7", "386.5"], ["241.7", "267.5"]], "Module_type": "GATE"}, {"Ports": [{"Location": [["369.1", "606.7"], ["413.4", "606.7"], ["413.4", "611.1"], ["369.1", "611.1"]], "Type": "SD"}, {"Location": [["353.4", "416.5"], ["429.1", "416.5"], ["429.1", "604.7"], ["353.4", "604.7"]], "Type": "GATE"}, {"Location": [["360.1", "422.2"], ["422.4", "422.2"], ["422.4", "429.0"], ["360.1", "429.0"]], "Type": "SD"}], "Module": "M5", "Boundary": [["353.4", "416.5"], ["429.1", "416.5"], ["429.1", "611.1"], ["353.4", "611.1"]], "Module_type": "GATE"}, {"Ports": [{"Location": [["159.8", "485.3"], ["164.3", "485.3"], ["164.3", "585.0"], ["159.8", "585.0"]], "Type": "SD"}, {"Location": [["323.4", "471.0"], ["323.4", "599.3"], ["166.3", "599.3"], ["166.3", "471.0"]], "Type": "GATE"}, {"Location": [["312.0", "477.5"], ["317.9", "477.5"], ["317.9", "592.8"], ["312.0", "592.8"]], "Type": "SD"}], "Module": "M11", "Boundary": [["323.4", "471.0"], ["323.4", "599.3"], ["159.8", "599.3"], ["159.8", "471.0"]], "Module_type": "GATE"}, {"Ports": [{"Location": [["363.2", "218.9"], ["410.6", "218.9"], ["410.6", "224.3"], ["363.2", "224.3"]], "Type": "SD"}, {"Location": [["351.1", "30.0"], ["422.7", "30.0"], ["422.7", "217.2"], ["351.1", "217.2"]], "Type": "GATE"}, {"Location": [["358.0", "35.9"], ["415.8", "35.9"], ["415.8", "40.2"], ["358.0", "40.2"]], "Type": "SD"}], "Module": "M1", "Boundary": [["351.1", "30.0"], ["422.7", "30.0"], ["422.7", "224.3"], ["351.1", "224.3"]], "Module_type": "GATE"}, {"Ports": [{"Location": [["10.0", "23.7"], ["15.0", "23.7"], ["15.0", "97.0"], ["10.0", "97.0"]], "Type": "SD"}, {"Location": [["124.0", "10.0"], ["124.0", "95.3"], ["105.9", "95.3"], ["105.9", "110.7"], ["16.1", "110.7"], ["16.1", "10.0"]], "Type": "GATE"}, {"Location": [["113.1", "16.1"], ["118.9", "16.1"], ["118.9", "88.2"], ["113.1", "88.2"]], "Type": "SD"}], "Module": "M6", "Boundary": [["124.0", "10.0"], ["124.0", "95.3"], ["105.9", "95.3"], ["105.9", "110.7"], ["10.0", "110.7"], ["10.0", "10.0"]], "Module_type": "GATE"}, {"Ports": [{"Location": [["20.0", "343.8"], ["25.3", "343.8"], ["25.3", "427.1"], ["20.0", "427.1"]], "Type": "SD"}, {"Location": [["211.7", "329.9"], ["211.7", "426.7"], ["127.5", "426.7"], ["127.5", "441.0"], ["26.5", "441.0"], ["26.5", "329.9"]], "Type": "GATE"}, {"Location": [["200.1", "336.2"], ["206.4", "336.2"], ["206.4", "419.4"], ["200.1", "419.4"]], "Type": "SD"}], "Module": "M2", "Boundary": [["211.7", "329.9"], ["211.7", "426.7"], ["127.5", "426.7"], ["127.5", "441.0"], ["20.0", "441.0"], ["20.0", "329.9"]], "Module_type": "GATE"}, {"Ports": [{"Location": [["233.6", "804.7"], ["293.8", "804.7"], ["293.8", "810.3"], ["233.6", "810.3"]], "Type": "SD"}, {"Location": [["218.2", "619.3"], ["292.2", "619.3"], ["292.2", "702.1"], ["309.2", "702.1"], ["309.2", "803.3"], ["218.2", "803.3"]], "Type": "GATE"}, {"Location": [["223.6", "623.7"], ["285.8", "623.7"], ["285.8", "631.3"], ["223.6", "631.3"]], "Type": "SD"}], "Module": "M16", "Boundary": [["218.2", "619.3"], ["292.2", "619.3"], ["292.2", "702.1"], ["309.2", "702.1"], ["309.2", "810.3"], ["218.2", "810.3"]], "Module_type": "GATE"}, {"Ports": [{"Location": [["251.1", "859.9"], ["255.8", "859.9"], ["255.8", "896.8"], ["251.1", "896.8"]], "Type": "SD"}, {"Location": [["417.3", "845.4"], ["417.3", "896.2"], ["417.0", "896.2"], ["417.0", "911.3"], ["258.6", "911.3"], ["258.6", "845.4"]], "Type": "GATE"}, {"Location": [["405.5", "852.3"], ["411.4", "852.3"], ["411.4", "889.3"], ["405.5", "889.3"]], "Type": "SD"}], "Module": "M13", "Boundary": [["417.3", "845.4"], ["417.3", "896.2"], ["417.0", "896.2"], ["417.0", "911.3"], ["251.1", "911.3"], ["251.1", "845.4"]], "Module_type": "GATE"}, {"Ports": [{"Location": [["343.9", "820.0"], ["425.1", "820.0"], ["425.1", "825.4"], ["343.9", "825.4"]], "Type": "SD"}, {"Location": [["329.2", "641.1"], ["422.4", "641.1"], ["422.4", "721.4"], ["439.8", "721.4"], ["439.8", "818.5"], ["329.2", "818.5"]], "Type": "GATE"}, {"Location": [["335.9", "646.8"], ["414.7", "646.8"], ["414.7", "652.6"], ["335.9", "652.6"]], "Type": "SD"}], "Module": "M10", "Boundary": [["329.2", "641.1"], ["422.4", "641.1"], ["422.4", "721.4"], ["439.8", "721.4"], ["439.8", "825.4"], ["329.2", "825.4"]], "Module_type": "GATE"}, {"Ports": [{"Location": [["20.0", "852.8"], ["25.0", "852.8"], ["25.0", "890.7"], ["20.0", "890.7"]], "Type": "SD"}, {"Location": [["221.1", "840.3"], ["221.1", "903.2"], ["26.8", "903.2"], ["26.8", "840.3"]], "Type": "GATE"}, {"Location": [["210.5", "845.6"], ["216.8", "845.6"], ["216.8", "897.9"], ["210.5", "897.9"]], "Type": "SD"}], "Module": "M7", "Boundary": [["221.1", "840.3"], ["221.1", "903.2"], ["20.0", "903.2"], ["20.0", "840.3"]], "Module_type": "GATE"}, {"Ports": [{"Location": [["10.0", "738.1"], ["15.3", "738.1"], ["15.3", "794.7"], ["10.0", "794.7"]], "Type": "SD"}, {"Location": [["198.2", "727.4"], ["198.2", "792.8"], ["197.9", "792.8"], ["197.9", "805.4"], ["16.8", "805.4"], ["16.8", "727.4"]], "Type": "GATE"}, {"Location": [["189.1", "733.1"], ["193.5", "733.1"], ["193.5", "787.1"], ["189.1", "787.1"]], "Type": "SD"}], "Module": "M3", "Boundary": [["198.2", "727.4"], ["198.2", "792.8"], ["197.9", "792.8"], ["197.9", "805.4"], ["10.0", "805.4"], ["10.0", "727.4"]], "Module_type": "GATE"}, {"Ports": [{"Location": [["10.0", "234.5"], ["14.4", "234.5"], ["14.4", "286.6"], ["10.0", "286.6"]], "Type": "SD"}, {"Location": [["141.3", "221.2"], ["141.3", "299.9"], ["16.5", "299.9"], ["16.5", "221.2"]], "Type": "GATE"}, {"Location": [["129.7", "227.2"], ["136.3", "227.2"], ["136.3", "293.9"], ["129.7", "293.9"]], "Type": "SD"}], "Module": "M15", "Boundary": [["141.3", "221.2"], ["141.3", "299.9"], ["10.0", "299.9"], ["10.0", "221.2"]], "Module_type": "GATE"}, {"Ports": [{"Location": [["23.8", "196.7"], ["117.4", "196.7"], ["117.4", "201.2"], ["23.8", "201.2"]], "Type": "SD"}, {"Location": [["10.0", "130.7"], ["114.8", "130.7"], ["114.8", "154.3"], ["131.2", "154.3"], ["131.2", "195.5"], ["10.0", "195.5"]], "Type": "GATE"}, {"Location": [["15.3", "135.0"], ["108.5", "135.0"], ["108.5", "141.6"], ["15.3", "141.6"]], "Type": "SD"}], "Module": "M12", "Boundary": [["10.0", "130.7"], ["114.8", "130.7"], ["114.8", "154.3"], ["131.2", "154.3"], ["131.2", "201.2"], ["10.0", "201.2"]], "Module_type": "GATE"}, {"Ports": [{"Location": [["185.0", "231.8"], ["258.5", "231.8"], ["258.5", "237.5"], ["185.0", "237.5"]], "Type": "SD"}, {"Location": [["171.3", "132.5"], ["256.5", "132.5"], ["256.5", "171.3"], ["272.2", "171.3"], ["272.2", "228.9"], ["171.3", "228.9"]], "Type": "GATE"}, {"Location": [["176.7", "136.9"], ["250.1", "136.9"], ["250.1", "143.5"], ["176.7", "143.5"]], "Type": "SD"}], "Module": "M8", "Boundary": [["171.3", "132.5"], ["256.5", "132.5"], ["256.5", "171.3"], ["272.2", "171.3"], ["272.2", "237.5"], ["171.3", "237.5"]], "Module_type": "GATE"}], "Area": [["-30.0", "-30.0"], ["479.8", "-30.0"], ["479.8", "951.3"], ["-30.0", "951.3"]], "Rules": ["GATE(5,5)", "SD(5,5)", "GATE_SD(0.5)", "GATE_ITO(0.5)", "SD_ITO(0.5)"]}