{"Modules": [{"Module": "M14", "Boundary": [["312.9", "587.9"], ["312.9", "675.9"], ["173.6", "675.9"], ["173.6", "587.9"]], "Module_type": "GATE", "Ports": [{"Location": [["173.6", "598.8"], ["178.4", "598.8"], ["178.4", "665.0"], ["173.6", "665.0"]], "Type": "SD"}, {"Location": [["312.9", "587.9"], ["312.9", "675.9"], ["180.5", "675.9"], ["180.5", "587.9"]], "Type": "GATE"}, {"Location": [["303.6", "593.0"], ["308.8", "593.0"], ["308.8", "670.8"], ["303.6", "670.8"]], "Type": "SD"}]}, {"Ports": [{"Location": [["126.7", "474.6"], ["132.4", "474.6"], ["132.4", "533.5"], ["126.7", "533.5"]], "Type": "SD"}, {"Location": [["329.3", "460.2"], ["329.3", "530.5"], ["328.9", "530.5"], ["328.9", "547.9"], ["135.4", "547.9"], ["135.4", "460.2"]], "Type": "GATE"}, {"Location": [["317.8", "465.9"], ["324.6", "465.9"], ["324.6", "524.8"], ["317.8", "524.8"]], "Type": "SD"}], "Module": "M9", "Boundary": [["329.3", "460.2"], ["329.3", "530.5"], ["328.9", "530.5"], ["328.9", "547.9"], ["126.7", "547.9"], ["126.7", "460.2"]], "Module_type": "GATE"}, {"Ports": [{"Location": [["130.5", "377.3"], ["136.0", "377.3"], ["136.0", "416.9"], ["130.5", "416.9"]], "Type": "SD"}, {"Location": [["339.1", "364.0"], ["339.1", "414.1"], ["339.0", "414.1"], ["339.0", "430.2"], ["137.9", "430.2"], ["137.9", "364.0"]], "Type": "GATE"}, {"Location": [["328.5", "370.9"], ["333.2", "370.9"], ["333.2", "407.2"], ["328.5", "407.2"]], "Type": "SD"}], "Module": "M5", "Boundary": [["339.1", "364.0"], ["339.1", "414.1"], ["339.0", "414.1"], ["339.0", "430.2"], ["130.5", "430.2"], ["130.5", "364.0"]], "Module_type": "GATE"}, {"Ports": [{"Location": [["383.2", "468.5"], ["423.9", "468.5"], ["423.9", "474.1"], ["383.2", "474.1"]], "Type": "SD"}, {"Location": [["369.1", "277.1"], ["421.6", "277.1"], ["421.6", "277.1"], ["438.0", "277.1"], ["438.0", "467.1"], ["369.1", "467.1"]], "Type": "GATE"}, {"Location": [["374.9", "281.9"], ["415.8", "281.9"], ["415.8", "289.2"], ["374.9", "289.2"]], "Type": "SD"}], "Module": "M11", "Boundary": [["369.1", "277.1"], ["421.6", "277.1"], ["421.6", "277.1"], ["438.0", "277.1"], ["438.0", "474.1"], ["369.1", "474.1"]], "Module_type": "GATE"}, {"Ports": [{"Location": [["384.6", "663.8"], ["437.8", "663.8"], ["437.8", "668.8"], ["384.6", "668.8"]], "Type": "SD"}, {"Location": [["372.9", "514.1"], ["434.3", "514.1"], ["434.3", "514.4"], ["449.5", "514.4"], ["449.5", "660.9"], ["372.9", "660.9"]], "Type": "GATE"}, {"Location": [["379.0", "519.2"], ["428.2", "519.2"], ["428.2", "523.5"], ["379.0", "523.5"]], "Type": "SD"}], "Module": "M1", "Boundary": [["372.9", "514.1"], ["434.3", "514.1"], ["434.3", "514.4"], ["449.5", "514.4"], ["449.5", "668.8"], ["372.9", "668.8"]], "Module_type": "GATE"}, {"Ports": [{"Location": [["155.2", "135.0"], ["219.3", "135.0"], ["219.3", "140.0"], ["155.2", "140.0"]], "Type": "SD"}, {"Location": [["142.2", "10.0"], ["232.3", "10.0"], ["232.3", "132.9"], ["142.2", "132.9"]], "Type": "GATE"}, {"Location": [["149.2", "16.0"], ["225.3", "16.0"], ["225.3", "21.2"], ["149.2", "21.2"]], "Type": "SD"}], "Module": "M6", "Boundary": [["142.2", "10.0"], ["232.3", "10.0"], ["232.3", "140.0"], ["142.2", "140.0"]], "Module_type": "GATE"}, {"Ports": [{"Location": [["385.9", "132.4"], ["445.0", "132.4"], ["445.0", "136.7"], ["385.9", "136.7"]], "Type": "SD"}, {"Location": [["370.7", "20.0"], ["443.0", "20.0"], ["443.0", "20.4"], ["460.2", "20.4"], ["460.2", "130.2"], ["370.7", "130.2"]], "Type": "GATE"}, {"Location": [["376.8", "25.1"], ["436.9", "25.1"], ["436.9", "32.7"], ["376.8", "32.7"]], "Type": "SD"}], "Module": "M2", "Boundary": [["370.7", "20.0"], ["443.0", "20.0"], ["443.0", "20.4"], ["460.2", "20.4"], ["460.2", "136.7"], ["370.7", "136.7"]], "Module_type": "GATE"}, {"Ports": [{"Location": [["156.6", "262.4"], ["240.1", "262.4"], ["240.1", "267.6"], ["156.6", "267.6"]], "Type": "SD"}, {"Location": [["142.2", "161.4"], ["254.5", "161.4"], ["254.5", "259.8"], ["142.2", "259.8"]], "Type": "GATE"}, {"Location": [["147.8", "166.0"], ["248.9", "166.0"], ["248.9", "172.4"], ["147.8", "172.4"]], "Type": "SD"}], "Module": "M16", "Boundary": [["142.2", "161.4"], ["254.5", "161.4"], ["254.5", "267.6"], ["142.2", "267.6"]], "Module_type": "GATE"}, {"Ports": [{"Location": [["142.2", "298.8"], ["148.1", "298.8"], ["148.1", "322.8"], ["142.2", "322.8"]], "Type": "SD"}, {"Location": [["341.3", "287.6"], ["341.3", "317.9"], ["341.3", "317.9"], ["341.3", "334.0"], ["149.3", "334.0"], ["149.3", "287.6"]], "Type": "GATE"}, {"Location": [["332.4", "292.7"], ["337.2", "292.7"], ["337.2", "312.8"], ["332.4", "312.8"]], "Type": "SD"}], "Module": "M13", "Boundary": [["341.3", "287.6"], ["341.3", "317.9"], ["341.3", "317.9"], ["341.3", "334.0"], ["142.2", "334.0"], ["142.2", "287.6"]], "Module_type": "GATE"}, {"Ports": [{"Location": [["10.0", "481.9"], ["15.5", "481.9"], ["15.5", "542.4"], ["10.0", "542.4"]], "Type": "SD"}, {"Location": [["106.7", "468.7"], ["106.7", "555.6"], ["17.0", "555.6"], ["17.0", "468.7"]], "Type": "GATE"}, {"Location": [["95.0", "474.2"], ["102.2", "474.2"], ["102.2", "550.1"], ["95.0", "550.1"]], "Type": "SD"}], "Module": "M10", "Boundary": [["106.7", "468.7"], ["106.7", "555.6"], ["10.0", "555.6"], ["10.0", "468.7"]], "Module_type": "GATE"}, {"Ports": [{"Location": [["284.5", "189.1"], ["289.3", "189.1"], ["289.3", "234.7"], ["284.5", "234.7"]], "Type": "SD"}, {"Location": [["446.0", "176.7"], ["446.0", "247.1"], ["292.0", "247.1"], ["292.0", "176.7"]], "Type": "GATE"}, {"Location": [["435.3", "183.5"], ["440.2", "183.5"], ["440.2", "240.3"], ["435.3", "240.3"]], "Type": "SD"}], "Module": "M7", "Boundary": [["446.0", "176.7"], ["446.0", "247.1"], ["284.5", "247.1"], ["284.5", "176.7"]], "Module_type": "GATE"}, {"Ports": [{"Location": [["10.0", "381.5"], ["15.5", "381.5"], ["15.5", "434.2"], ["10.0", "434.2"]], "Type": "SD"}, {"Location": [["100.5", "367.0"], ["100.5", "433.3"], ["100.2", "433.3"], ["100.2", "448.7"], ["17.2", "448.7"], ["17.2", "367.0"]], "Type": "GATE"}, {"Location": [["88.0", "373.1"], ["95.4", "373.1"], ["95.4", "427.2"], ["88.0", "427.2"]], "Type": "SD"}], "Module": "M3", "Boundary": [["100.5", "367.0"], ["100.5", "433.3"], ["100.2", "433.3"], ["100.2", "448.7"], ["10.0", "448.7"], ["10.0", "367.0"]], "Module_type": "GATE"}, {"Ports": [{"Location": [["266.1", "136.4"], ["326.9", "136.4"], ["326.9", "141.4"], ["266.1", "141.4"]], "Type": "SD"}, {"Location": [["252.3", "10.0"], ["327.0", "10.0"], ["327.0", "10.4"], ["340.7", "10.4"], ["340.7", "133.8"], ["252.3", "133.8"]], "Type": "GATE"}, {"Location": [["259.0", "15.7"], ["320.3", "15.7"], ["320.3", "21.9"], ["259.0", "21.9"]], "Type": "SD"}], "Module": "M15", "Boundary": [["252.3", "10.0"], ["327.0", "10.0"], ["327.0", "10.4"], ["340.7", "10.4"], ["340.7", "141.4"], ["252.3", "141.4"]], "Module_type": "GATE"}, {"Ports": [{"Location": [["24.9", "188.5"], ["107.3", "188.5"], ["107.3", "193.5"], ["24.9", "193.5"]], "Type": "SD"}, {"Location": [["10.0", "10.0"], ["122.2", "10.0"], ["122.2", "185.7"], ["10.0", "185.7"]], "Type": "GATE"}, {"Location": [["16.4", "15.4"], ["115.8", "15.4"], ["115.8", "21.6"], ["16.4", "21.6"]], "Type": "SD"}], "Module": "M12", "Boundary": [["10.0", "10.0"], ["122.2", "10.0"], ["122.2", "193.5"], ["10.0", "193.5"]], "Module_type": "GATE"}, {"Ports": [{"Location": [["34.6", "681.4"], ["109.0", "681.4"], ["109.0", "686.1"], ["34.6", "686.1"]], "Type": "SD"}, {"Location": [["20.0", "585.6"], ["106.9", "585.6"], ["106.9", "585.8"], ["123.6", "585.8"], ["123.6", "678.5"], ["20.0", "678.5"]], "Type": "GATE"}, {"Location": [["26.3", "590.9"], ["100.6", "590.9"], ["100.6", "598.0"], ["26.3", "598.0"]], "Type": "SD"}], "Module": "M8", "Boundary": [["20.0", "585.6"], ["106.9", "585.6"], ["106.9", "585.8"], ["123.6", "585.8"], ["123.6", "686.1"], ["20.0", "686.1"]], "Module_type": "GATE"}], "Area": [["-30.0", "-30.0"], ["500.2", "-30.0"], ["500.2", "726.1"], ["-30.0", "726.1"]], "Rules": ["GATE(5,5)", "SD(5,5)", "GATE_SD(0.5)", "GATE_ITO(0.5)", "SD_ITO(0.5)"]}