{"Modules": [{"Module": "M14", "Boundary": [["224.2", "244.0"], ["224.2", "310.3"], ["189.5", "310.3"], ["189.5", "325.9"], ["30.0", "325.9"], ["30.0", "244.0"]], "Module_type": "GATE", "Ports": [{"Location": [["30.0", "256.8"], ["34.1", "256.8"], ["34.1", "313.1"], ["30.0", "313.1"]], "Type": "SD"}, {"Location": [["224.2", "244.0"], ["224.2", "310.3"], ["189.5", "310.3"], ["189.5", "325.9"], ["36.9", "325.9"], ["36.9", "244.0"]], "Type": "GATE"}, {"Location": [["214.6", "249.5"], ["219.7", "249.5"], ["219.7", "303.8"], ["214.6", "303.8"]], "Type": "SD"}]}, {"Ports": [{"Location": [["10.0", "607.8"], ["14.0", "607.8"], ["14.0", "696.5"], ["10.0", "696.5"]], "Type": "SD"}, {"Location": [["235.3", "592.9"], ["235.3", "695.0"], ["235.0", "695.0"], ["235.0", "711.4"], ["15.6", "711.4"], ["15.6", "592.9"]], "Type": "GATE"}, {"Location": [["223.4", "599.2"], ["230.0", "599.2"], ["230.0", "688.7"], ["223.4", "688.7"]], "Type": "SD"}], "Module": "M9", "Boundary": [["235.3", "592.9"], ["235.3", "695.0"], ["235.0", "695.0"], ["235.0", "711.4"], ["10.0", "711.4"], ["10.0", "592.9"]], "Module_type": "GATE"}, {"Ports": [{"Location": [["274.2", "134.9"], ["278.3", "134.9"], ["278.3", "175.3"], ["274.2", "175.3"]], "Type": "SD"}, {"Location": [["413.5", "121.9"], ["413.5", "171.8"], ["413.4", "171.8"], ["413.4", "188.3"], ["281.2", "188.3"], ["281.2", "121.9"]], "Type": "GATE"}, {"Location": [["403.1", "127.9"], ["408.5", "127.9"], ["408.5", "165.8"], ["403.1", "165.8"]], "Type": "SD"}], "Module": "M5", "Boundary": [["413.5", "121.9"], ["413.5", "171.8"], ["413.4", "171.8"], ["413.4", "188.3"], ["274.2", "188.3"], ["274.2", "121.9"]], "Module_type": "GATE"}, {"Ports": [{"Location": [["395.9", "419.5"], ["400.7", "419.5"], ["400.7", "463.0"], ["395.9", "463.0"]], "Type": "SD"}, {"Location": [["532.9", "405.1"], ["532.9", "477.4"], ["402.9", "477.4"], ["402.9", "405.1"]], "Type": "GATE"}, {"Location": [["521.9", "411.8"], ["527.2", "411.8"], ["527.2", "470.7"], ["521.9", "470.7"]], "Type": "SD"}], "Module": "M11", "Boundary": [["532.9", "405.1"], ["532.9", "477.4"], ["395.9", "477.4"], ["395.9", "405.1"]], "Module_type": "GATE"}, {"Ports": [{"Location": [["136.9", "548.8"], ["217.7", "548.8"], ["217.7", "552.9"], ["136.9", "552.9"]], "Type": "SD"}, {"Location": [["123.3", "385.9"], ["213.0", "385.9"], ["213.0", "386.3"], ["231.3", "386.3"], ["231.3", "547.4"], ["123.3", "547.4"]], "Type": "GATE"}, {"Location": [["128.9", "390.5"], ["207.4", "390.5"], ["207.4", "396.3"], ["128.9", "396.3"]], "Type": "SD"}], "Module": "M1", "Boundary": [["123.3", "385.9"], ["213.0", "385.9"], ["213.0", "386.3"], ["231.3", "386.3"], ["231.3", "552.9"], ["123.3", "552.9"]], "Module_type": "GATE"}, {"Ports": [{"Location": [["454.7", "145.6"], ["517.2", "145.6"], ["517.2", "151.2"], ["454.7", "151.2"]], "Type": "SD"}, {"Location": [["443.5", "10.0"], ["515.5", "10.0"], ["515.5", "22.1"], ["528.4", "22.1"], ["528.4", "144.2"], ["443.5", "144.2"]], "Type": "GATE"}, {"Location": [["448.5", "14.0"], ["509.5", "14.0"], ["509.5", "19.7"], ["448.5", "19.7"]], "Type": "SD"}], "Module": "M6", "Boundary": [["443.5", "10.0"], ["515.5", "10.0"], ["515.5", "22.1"], ["528.4", "22.1"], ["528.4", "151.2"], ["443.5", "151.2"]], "Module_type": "GATE"}, {"Ports": [{"Location": [["138.3", "188.9"], ["194.6", "188.9"], ["194.6", "194.0"], ["138.3", "194.0"]], "Type": "SD"}, {"Location": [["124.2", "20.0"], ["193.0", "20.0"], ["193.0", "79.7"], ["208.7", "79.7"], ["208.7", "186.4"], ["124.2", "186.4"]], "Type": "GATE"}, {"Location": [["129.8", "24.6"], ["186.4", "24.6"], ["186.4", "30.9"], ["129.8", "30.9"]], "Type": "SD"}], "Module": "M2", "Boundary": [["124.2", "20.0"], ["193.0", "20.0"], ["193.0", "79.7"], ["208.7", "79.7"], ["208.7", "194.0"], ["124.2", "194.0"]], "Module_type": "GATE"}, {"Ports": [{"Location": [["480.6", "380.2"], ["520.9", "380.2"], ["520.9", "385.1"], ["480.6", "385.1"]], "Type": "SD"}, {"Location": [["467.1", "171.2"], ["534.4", "171.2"], ["534.4", "377.4"], ["467.1", "377.4"]], "Type": "GATE"}, {"Location": [["472.1", "175.2"], ["529.4", "175.2"], ["529.4", "182.0"], ["472.1", "182.0"]], "Type": "SD"}], "Module": "M16", "Boundary": [["467.1", "171.2"], ["534.4", "171.2"], ["534.4", "385.1"], ["467.1", "385.1"]], "Module_type": "GATE"}, {"Ports": [{"Location": [["271.3", "401.2"], ["275.9", "401.2"], ["275.9", "497.2"], ["271.3", "497.2"]], "Type": "SD"}, {"Location": [["375.9", "387.5"], ["375.9", "510.9"], ["277.2", "510.9"], ["277.2", "387.5"]], "Type": "GATE"}, {"Location": [["365.4", "392.6"], ["371.8", "392.6"], ["371.8", "505.8"], ["365.4", "505.8"]], "Type": "SD"}], "Module": "M13", "Boundary": [["375.9", "387.5"], ["375.9", "510.9"], ["271.3", "510.9"], ["271.3", "387.5"]], "Module_type": "GATE"}, {"Ports": [{"Location": [["285.0", "348.0"], ["333.9", "348.0"], ["333.9", "353.3"], ["285.0", "353.3"]], "Type": "SD"}, {"Location": [["271.3", "218.3"], ["334.4", "218.3"], ["334.4", "283.6"], ["347.6", "283.6"], ["347.6", "346.0"], ["271.3", "346.0"]], "Type": "GATE"}, {"Location": [["277.3", "223.3"], ["327.4", "223.3"], ["327.4", "229.8"], ["277.3", "229.8"]], "Type": "SD"}], "Module": "M10", "Boundary": [["271.3", "218.3"], ["334.4", "218.3"], ["334.4", "283.6"], ["347.6", "283.6"], ["347.6", "353.3"], ["271.3", "353.3"]], "Module_type": "GATE"}, {"Ports": [{"Location": [["34.4", "549.7"], ["58.9", "549.7"], ["58.9", "555.2"], ["34.4", "555.2"]], "Type": "SD"}, {"Location": [["20.0", "375.9"], ["55.9", "375.9"], ["55.9", "376.0"], ["73.3", "376.0"], ["73.3", "547.8"], ["20.0", "547.8"]], "Type": "GATE"}, {"Location": [["26.0", "380.9"], ["49.9", "380.9"], ["49.9", "386.9"], ["26.0", "386.9"]], "Type": "SD"}], "Module": "M7", "Boundary": [["20.0", "375.9"], ["55.9", "375.9"], ["55.9", "376.0"], ["73.3", "376.0"], ["73.3", "555.2"], ["20.0", "555.2"]], "Module_type": "GATE"}, {"Ports": [{"Location": [["23.1", "175.7"], ["81.1", "175.7"], ["81.1", "179.8"], ["23.1", "179.8"]], "Type": "SD"}, {"Location": [["10.0", "10.0"], ["94.2", "10.0"], ["94.2", "173.8"], ["10.0", "173.8"]], "Type": "GATE"}, {"Location": [["16.1", "15.1"], ["88.1", "15.1"], ["88.1", "20.1"], ["16.1", "20.1"]], "Type": "SD"}], "Module": "M3", "Boundary": [["10.0", "10.0"], ["94.2", "10.0"], ["94.2", "179.8"], ["10.0", "179.8"]], "Module_type": "GATE"}, {"Ports": [{"Location": [["238.7", "23.7"], ["242.8", "23.7"], ["242.8", "78.2"], ["238.7", "78.2"]], "Type": "SD"}, {"Location": [["414.8", "10.0"], ["414.8", "91.9"], ["244.7", "91.9"], ["244.7", "10.0"]], "Type": "GATE"}, {"Location": [["404.1", "16.8"], ["409.0", "16.8"], ["409.0", "85.1"], ["404.1", "85.1"]], "Type": "SD"}], "Module": "M15", "Boundary": [["414.8", "10.0"], ["414.8", "91.9"], ["238.7", "91.9"], ["238.7", "10.0"]], "Module_type": "GATE"}, {"Ports": [{"Location": [["284.9", "676.5"], ["354.8", "676.5"], ["354.8", "680.8"], ["284.9", "680.8"]], "Type": "SD"}, {"Location": [["271.3", "530.9"], ["353.9", "530.9"], ["353.9", "580.8"], ["368.4", "580.8"], ["368.4", "674.8"], ["271.3", "674.8"]], "Type": "GATE"}, {"Location": [["277.8", "536.4"], ["346.4", "536.4"], ["346.4", "543.0"], ["277.8", "543.0"]], "Type": "SD"}], "Module": "M12", "Boundary": [["271.3", "530.9"], ["353.9", "530.9"], ["353.9", "580.8"], ["368.4", "580.8"], ["368.4", "680.8"], ["271.3", "680.8"]], "Module_type": "GATE"}, {"Ports": [{"Location": [["419.6", "698.6"], ["508.4", "698.6"], ["508.4", "703.2"], ["419.6", "703.2"]], "Type": "SD"}, {"Location": [["405.9", "507.4"], ["506.8", "507.4"], ["506.8", "542.0"], ["522.1", "542.0"], ["522.1", "696.0"], ["405.9", "696.0"]], "Type": "GATE"}, {"Location": [["412.0", "512.5"], ["499.7", "512.5"], ["499.7", "519.0"], ["412.0", "519.0"]], "Type": "SD"}], "Module": "M8", "Boundary": [["405.9", "507.4"], ["506.8", "507.4"], ["506.8", "542.0"], ["522.1", "542.0"], ["522.1", "703.2"], ["405.9", "703.2"]], "Module_type": "GATE"}, {"Ports": [{"Location": [["389.0", "351.8"], ["425.7", "351.8"], ["425.7", "357.5"], ["389.0", "357.5"]], "Type": "SD"}, {"Location": [["377.6", "228.3"], ["423.7", "228.3"], ["423.7", "292.1"], ["437.1", "292.1"], ["437.1", "350.8"], ["377.6", "350.8"]], "Type": "GATE"}, {"Location": [["383.4", "233.1"], ["416.9", "233.1"], ["416.9", "238.0"], ["383.4", "238.0"]], "Type": "SD"}], "Module": "M4", "Boundary": [["377.6", "228.3"], ["423.7", "228.3"], ["423.7", "292.1"], ["437.1", "292.1"], ["437.1", "357.5"], ["377.6", "357.5"]], "Module_type": "GATE"}], "Area": [["-30.0", "-30.0"], ["574.4", "-30.0"], ["574.4", "751.4"], ["-30.0", "751.4"]], "Rules": ["GATE(5,5)", "SD(5,5)", "GATE_SD(0.5)", "GATE_ITO(0.5)", "SD_ITO(0.5)"]}