{"Modules": [{"Module": "M14", "Boundary": [["154.8", "576.4"], ["154.8", "631.9"], ["154.8", "631.9"], ["154.8", "645.5"], ["30.0", "645.5"], ["30.0", "576.4"]], "Module_type": "GATE", "Ports": [{"Location": [["30.0", "587.0"], ["35.4", "587.0"], ["35.4", "634.9"], ["30.0", "634.9"]], "Type": "SD"}, {"Location": [["154.8", "576.4"], ["154.8", "631.9"], ["154.8", "631.9"], ["154.8", "645.5"], ["37.1", "645.5"], ["37.1", "576.4"]], "Type": "GATE"}, {"Location": [["145.8", "581.6"], ["150.6", "581.6"], ["150.6", "626.7"], ["145.8", "626.7"]], "Type": "SD"}]}, {"Ports": [{"Location": [["383.6", "254.1"], ["389.3", "254.1"], ["389.3", "341.6"], ["383.6", "341.6"]], "Type": "SD"}, {"Location": [["530.8", "240.4"], ["530.8", "339.0"], ["530.3", "339.0"], ["530.3", "355.3"], ["391.3", "355.3"], ["391.3", "240.4"]], "Type": "GATE"}, {"Location": [["520.3", "245.4"], ["526.8", "245.4"], ["526.8", "334.0"], ["520.3", "334.0"]], "Type": "SD"}], "Module": "M9", "Boundary": [["530.8", "240.4"], ["530.8", "339.0"], ["530.3", "339.0"], ["530.3", "355.3"], ["383.6", "355.3"], ["383.6", "240.4"]], "Module_type": "GATE"}, {"Ports": [{"Location": [["434.9", "206.1"], ["506.9", "206.1"], ["506.9", "210.4"], ["434.9", "210.4"]], "Type": "SD"}, {"Location": [["419.6", "20.0"], ["506.0", "20.0"], ["506.0", "20.1"], ["522.2", "20.1"], ["522.2", "204.6"], ["419.6", "204.6"]], "Type": "GATE"}, {"Location": [["426.2", "25.6"], ["499.4", "25.6"], ["499.4", "33.2"], ["426.2", "33.2"]], "Type": "SD"}], "Module": "M5", "Boundary": [["419.6", "20.0"], ["506.0", "20.0"], ["506.0", "20.1"], ["522.2", "20.1"], ["522.2", "210.4"], ["419.6", "210.4"]], "Module_type": "GATE"}, {"Ports": [{"Location": [["194.8", "590.9"], ["200.3", "590.9"], ["200.3", "652.1"], ["194.8", "652.1"]], "Type": "SD"}, {"Location": [["383.4", "574.7"], ["383.4", "668.3"], ["202.7", "668.3"], ["202.7", "574.7"]], "Type": "GATE"}, {"Location": [["370.4", "581.0"], ["378.1", "581.0"], ["378.1", "662.0"], ["370.4", "662.0"]], "Type": "SD"}], "Module": "M11", "Boundary": [["383.4", "574.7"], ["383.4", "668.3"], ["194.8", "668.3"], ["194.8", "574.7"]], "Module_type": "GATE"}, {"Ports": [{"Location": [["159.9", "164.0"], ["165.6", "164.0"], ["165.6", "237.9"], ["159.9", "237.9"]], "Type": "SD"}, {"Location": [["259.2", "151.5"], ["259.2", "250.4"], ["167.7", "250.4"], ["167.7", "151.5"]], "Type": "GATE"}, {"Location": [["250.0", "156.8"], ["254.9", "156.8"], ["254.9", "245.1"], ["250.0", "245.1"]], "Type": "SD"}], "Module": "M1", "Boundary": [["259.2", "151.5"], ["259.2", "250.4"], ["159.9", "250.4"], ["159.9", "151.5"]], "Module_type": "GATE"}, {"Ports": [{"Location": [["223.5", "487.4"], ["228.0", "487.4"], ["228.0", "542.7"], ["223.5", "542.7"]], "Type": "SD"}, {"Location": [["404.5", "475.4"], ["404.5", "538.4"], ["404.2", "538.4"], ["404.2", "554.7"], ["229.0", "554.7"], ["229.0", "475.4"]], "Type": "GATE"}, {"Location": [["395.6", "480.5"], ["400.4", "480.5"], ["400.4", "533.3"], ["395.6", "533.3"]], "Type": "SD"}], "Module": "M6", "Boundary": [["404.5", "475.4"], ["404.5", "538.4"], ["404.2", "538.4"], ["404.2", "554.7"], ["223.5", "554.7"], ["223.5", "475.4"]], "Module_type": "GATE"}, {"Ports": [{"Location": [["164.7", "395.3"], ["253.1", "395.3"], ["253.1", "400.1"], ["164.7", "400.1"]], "Type": "SD"}, {"Location": [["149.9", "300.4"], ["251.7", "300.4"], ["251.7", "301.0"], ["267.9", "301.0"], ["267.9", "393.9"], ["149.9", "393.9"]], "Type": "GATE"}, {"Location": [["156.8", "306.3"], ["244.8", "306.3"], ["244.8", "312.6"], ["156.8", "312.6"]], "Type": "SD"}], "Module": "M2", "Boundary": [["149.9", "300.4"], ["251.7", "300.4"], ["251.7", "301.0"], ["267.9", "301.0"], ["267.9", "400.1"], ["149.9", "400.1"]], "Module_type": "GATE"}, {"Ports": [{"Location": [["311.0", "311.5"], ["351.8", "311.5"], ["351.8", "315.9"], ["311.0", "315.9"]], "Type": "SD"}, {"Location": [["299.2", "124.1"], ["363.6", "124.1"], ["363.6", "310.4"], ["299.2", "310.4"]], "Type": "GATE"}, {"Location": [["304.7", "128.6"], ["358.1", "128.6"], ["358.1", "132.9"], ["304.7", "132.9"]], "Type": "SD"}], "Module": "M16", "Boundary": [["299.2", "124.1"], ["363.6", "124.1"], ["363.6", "315.9"], ["299.2", "315.9"]], "Module_type": "GATE"}, {"Ports": [{"Location": [["310.2", "444.3"], ["345.1", "444.3"], ["345.1", "450.2"], ["310.2", "450.2"]], "Type": "SD"}, {"Location": [["297.9", "335.9"], ["343.0", "335.9"], ["343.0", "335.9"], ["357.4", "335.9"], ["357.4", "441.7"], ["297.9", "441.7"]], "Type": "GATE"}, {"Location": [["303.5", "340.5"], ["337.4", "340.5"], ["337.4", "345.8"], ["303.5", "345.8"]], "Type": "SD"}], "Module": "M13", "Boundary": [["297.9", "335.9"], ["343.0", "335.9"], ["343.0", "335.9"], ["357.4", "335.9"], ["357.4", "450.2"], ["297.9", "450.2"]], "Module_type": "GATE"}, {"Ports": [{"Location": [["252.2", "22.2"], ["256.5", "22.2"], ["256.5", "91.9"], ["252.2", "91.9"]], "Type": "SD"}, {"Location": [["389.6", "10.0"], ["389.6", "88.3"], ["389.4", "88.3"], ["389.4", "104.1"], ["259.2", "104.1"], ["259.2", "10.0"]], "Type": "GATE"}, {"Location": [["380.4", "15.3"], ["385.3", "15.3"], ["385.3", "83.0"], ["380.4", "83.0"]], "Type": "SD"}], "Module": "M10", "Boundary": [["389.6", "10.0"], ["389.6", "88.3"], ["389.4", "88.3"], ["389.4", "104.1"], ["252.2", "104.1"], ["252.2", "10.0"]], "Module_type": "GATE"}, {"Ports": [{"Location": [["387.4", "396.9"], ["392.6", "396.9"], ["392.6", "433.8"], ["387.4", "433.8"]], "Type": "SD"}, {"Location": [["515.9", "385.3"], ["515.9", "445.4"], ["394.7", "445.4"], ["394.7", "385.3"]], "Type": "GATE"}, {"Location": [["506.1", "391.0"], ["511.2", "391.0"], ["511.2", "439.7"], ["506.1", "439.7"]], "Type": "SD"}], "Module": "M7", "Boundary": [["515.9", "385.3"], ["515.9", "445.4"], ["387.4", "445.4"], ["387.4", "385.3"]], "Module_type": "GATE"}, {"Ports": [{"Location": [["153.7", "106.6"], ["218.4", "106.6"], ["218.4", "111.5"], ["153.7", "111.5"]], "Type": "SD"}, {"Location": [["139.9", "10.0"], ["217.6", "10.0"], ["217.6", "10.3"], ["232.2", "10.3"], ["232.2", "104.8"], ["139.9", "104.8"]], "Type": "GATE"}, {"Location": [["146.5", "15.6"], ["211.0", "15.6"], ["211.0", "22.1"], ["146.5", "22.1"]], "Type": "SD"}], "Module": "M3", "Boundary": [["139.9", "10.0"], ["217.6", "10.0"], ["217.6", "10.3"], ["232.2", "10.3"], ["232.2", "111.5"], ["139.9", "111.5"]], "Module_type": "GATE"}, {"Ports": [{"Location": [["439.0", "664.9"], ["516.8", "664.9"], ["516.8", "669.5"], ["439.0", "669.5"]], "Type": "SD"}, {"Location": [["424.5", "475.4"], ["513.8", "475.4"], ["513.8", "475.9"], ["531.3", "475.9"], ["531.3", "663.7"], ["424.5", "663.7"]], "Type": "GATE"}, {"Location": [["431.0", "480.9"], ["507.3", "480.9"], ["507.3", "486.7"], ["431.0", "486.7"]], "Type": "SD"}], "Module": "M15", "Boundary": [["424.5", "475.4"], ["513.8", "475.4"], ["513.8", "475.9"], ["531.3", "475.9"], ["531.3", "669.5"], ["424.5", "669.5"]], "Module_type": "GATE"}, {"Ports": [{"Location": [["23.8", "390.6"], ["95.4", "390.6"], ["95.4", "396.1"], ["23.8", "396.1"]], "Type": "SD"}, {"Location": [["10.0", "236.9"], ["93.2", "236.9"], ["93.2", "237.3"], ["109.2", "237.3"], ["109.2", "389.2"], ["10.0", "389.2"]], "Type": "GATE"}, {"Location": [["16.2", "242.1"], ["87.0", "242.1"], ["87.0", "248.3"], ["16.2", "248.3"]], "Type": "SD"}], "Module": "M12", "Boundary": [["10.0", "236.9"], ["93.2", "236.9"], ["93.2", "237.3"], ["109.2", "237.3"], ["109.2", "396.1"], ["10.0", "396.1"]], "Module_type": "GATE"}, {"Ports": [{"Location": [["33.3", "201.7"], ["96.6", "201.7"], ["96.6", "206.9"], ["33.3", "206.9"]], "Type": "SD"}, {"Location": [["20.0", "20.0"], ["95.7", "20.0"], ["95.7", "20.3"], ["109.9", "20.3"], ["109.9", "200.5"], ["20.0", "200.5"]], "Type": "GATE"}, {"Location": [["26.8", "25.8"], ["88.9", "25.8"], ["88.9", "31.7"], ["26.8", "31.7"]], "Type": "SD"}], "Module": "M8", "Boundary": [["20.0", "20.0"], ["95.7", "20.0"], ["95.7", "20.3"], ["109.9", "20.3"], ["109.9", "206.9"], ["20.0", "206.9"]], "Module_type": "GATE"}], "Area": [["-30.0", "-30.0"], ["571.3", "-30.0"], ["571.3", "709.5"], ["-30.0", "709.5"]], "Rules": ["GATE(5,5)", "SD(5,5)", "GATE_SD(0.5)", "GATE_ITO(0.5)", "SD_ITO(0.5)"]}