{"Modules": [{"Module": "M14", "Boundary": [["407.4", "178.1"], ["407.4", "250.4"], ["258.2", "250.4"], ["258.2", "178.1"]], "Module_type": "GATE", "Ports": [{"Location": [["258.2", "190.5"], ["262.6", "190.5"], ["262.6", "238.0"], ["258.2", "238.0"]], "Type": "SD"}, {"Location": [["407.4", "178.1"], ["407.4", "250.4"], ["263.7", "250.4"], ["263.7", "178.1"]], "Type": "GATE"}, {"Location": [["396.8", "183.7"], ["402.8", "183.7"], ["402.8", "244.8"], ["396.8", "244.8"]], "Type": "SD"}]}, {"Ports": [{"Location": [["553.9", "85.7"], ["558.6", "85.7"], ["558.6", "156.3"], ["553.9", "156.3"]], "Type": "SD"}, {"Location": [["663.9", "72.9"], ["663.9", "169.1"], ["560.1", "169.1"], ["560.1", "72.9"]], "Type": "GATE"}, {"Location": [["653.7", "79.2"], ["658.6", "79.2"], ["658.6", "162.8"], ["653.7", "162.8"]], "Type": "SD"}], "Module": "M9", "Boundary": [["663.9", "72.9"], ["663.9", "169.1"], ["553.9", "169.1"], ["553.9", "72.9"]], "Module_type": "GATE"}, {"Ports": [{"Location": [["245.1", "445.1"], ["249.6", "445.1"], ["249.6", "512.0"], ["245.1", "512.0"]], "Type": "SD"}, {"Location": [["423.9", "431.3"], ["423.9", "525.8"], ["251.9", "525.8"], ["251.9", "431.3"]], "Type": "GATE"}, {"Location": [["412.7", "437.0"], ["419.2", "437.0"], ["419.2", "520.1"], ["412.7", "520.1"]], "Type": "SD"}], "Module": "M5", "Boundary": [["423.9", "431.3"], ["423.9", "525.8"], ["245.1", "525.8"], ["245.1", "431.3"]], "Module_type": "GATE"}, {"Ports": [{"Location": [["10.0", "442.0"], ["15.5", "442.0"], ["15.5", "517.3"], ["10.0", "517.3"]], "Type": "SD"}, {"Location": [["199.1", "429.9"], ["199.1", "529.4"], ["17.1", "529.4"], ["17.1", "429.9"]], "Type": "GATE"}, {"Location": [["188.6", "436.4"], ["193.6", "436.4"], ["193.6", "522.9"], ["188.6", "522.9"]], "Type": "SD"}], "Module": "M11", "Boundary": [["199.1", "429.9"], ["199.1", "529.4"], ["10.0", "529.4"], ["10.0", "429.9"]], "Module_type": "GATE"}, {"Ports": [{"Location": [["269.6", "41.9"], ["274.4", "41.9"], ["274.4", "106.2"], ["269.6", "106.2"]], "Type": "SD"}, {"Location": [["488.9", "30.0"], ["488.9", "118.1"], ["277.0", "118.1"], ["277.0", "30.0"]], "Type": "GATE"}, {"Location": [["478.8", "35.3"], ["484.6", "35.3"], ["484.6", "112.8"], ["478.8", "112.8"]], "Type": "SD"}], "Module": "M1", "Boundary": [["488.9", "30.0"], ["488.9", "118.1"], ["269.6", "118.1"], ["269.6", "30.0"]], "Module_type": "GATE"}, {"Ports": [{"Location": [["10.0", "22.9"], ["15.6", "22.9"], ["15.6", "63.3"], ["10.0", "63.3"]], "Type": "SD"}, {"Location": [["229.6", "10.0"], ["229.6", "76.2"], ["17.2", "76.2"], ["17.2", "10.0"]], "Type": "GATE"}, {"Location": [["219.9", "15.0"], ["225.6", "15.0"], ["225.6", "71.2"], ["219.9", "71.2"]], "Type": "SD"}], "Module": "M6", "Boundary": [["229.6", "10.0"], ["229.6", "76.2"], ["10.0", "76.2"], ["10.0", "10.0"]], "Module_type": "GATE"}, {"Ports": [{"Location": [["563.9", "212.3"], ["568.9", "212.3"], ["568.9", "283.4"], ["563.9", "283.4"]], "Type": "SD"}, {"Location": [["654.5", "199.1"], ["654.5", "283.6"], ["654.1", "283.6"], ["654.1", "296.6"], ["570.1", "296.6"], ["570.1", "199.1"]], "Type": "GATE"}, {"Location": [["642.8", "205.1"], ["649.5", "205.1"], ["649.5", "277.6"], ["642.8", "277.6"]], "Type": "SD"}], "Module": "M2", "Boundary": [["654.5", "199.1"], ["654.5", "283.6"], ["654.1", "283.6"], ["654.1", "296.6"], ["563.9", "296.6"], ["563.9", "199.1"]], "Module_type": "GATE"}, {"Ports": [{"Location": [["10.0", "110.1"], ["14.8", "110.1"], ["14.8", "168.7"], ["10.0", "168.7"]], "Type": "SD"}, {"Location": [["218.2", "96.2"], ["218.2", "182.6"], ["16.6", "182.6"], ["16.6", "96.2"]], "Type": "GATE"}, {"Location": [["207.0", "102.3"], ["213.1", "102.3"], ["213.1", "176.5"], ["207.0", "176.5"]], "Type": "SD"}], "Module": "M16", "Boundary": [["218.2", "96.2"], ["218.2", "182.6"], ["10.0", "182.6"], ["10.0", "96.2"]], "Module_type": "GATE"}, {"Ports": [{"Location": [["23.8", "398.0"], ["76.9", "398.0"], ["76.9", "402.4"], ["23.8", "402.4"]], "Type": "SD"}, {"Location": [["10.0", "202.6"], ["90.7", "202.6"], ["90.7", "395.5"], ["10.0", "395.5"]], "Type": "GATE"}, {"Location": [["16.4", "208.0"], ["84.3", "208.0"], ["84.3", "214.8"], ["16.4", "214.8"]], "Type": "SD"}], "Module": "M13", "Boundary": [["10.0", "202.6"], ["90.7", "202.6"], ["90.7", "402.4"], ["10.0", "402.4"]], "Module_type": "GATE"}, {"Ports": [{"Location": [["453.9", "438.3"], ["459.1", "438.3"], ["459.1", "514.1"], ["453.9", "514.1"]], "Type": "SD"}, {"Location": [["646.4", "424.9"], ["646.4", "510.1"], ["645.9", "510.1"], ["645.9", "527.5"], ["460.9", "527.5"], ["460.9", "424.9"]], "Type": "GATE"}, {"Location": [["636.5", "430.6"], ["641.7", "430.6"], ["641.7", "504.4"], ["636.5", "504.4"]], "Type": "SD"}], "Module": "M10", "Boundary": [["646.4", "424.9"], ["646.4", "510.1"], ["645.9", "510.1"], ["645.9", "527.5"], ["453.9", "527.5"], ["453.9", "424.9"]], "Module_type": "GATE"}, {"Ports": [{"Location": [["134.7", "394.4"], ["191.1", "394.4"], ["191.1", "399.9"], ["134.7", "399.9"]], "Type": "SD"}, {"Location": [["120.7", "212.6"], ["205.1", "212.6"], ["205.1", "392.4"], ["120.7", "392.4"]], "Type": "GATE"}, {"Location": [["126.6", "217.5"], ["199.2", "217.5"], ["199.2", "223.6"], ["126.6", "223.6"]], "Type": "SD"}], "Module": "M7", "Boundary": [["120.7", "212.6"], ["205.1", "212.6"], ["205.1", "399.9"], ["120.7", "399.9"]], "Module_type": "GATE"}, {"Ports": [{"Location": [["528.9", "20.8"], ["534.4", "20.8"], ["534.4", "42.1"], ["528.9", "42.1"]], "Type": "SD"}, {"Location": [["661.7", "10.0"], ["661.7", "39.2"], ["661.6", "39.2"], ["661.6", "52.9"], ["536.6", "52.9"], ["536.6", "10.0"]], "Type": "GATE"}, {"Location": [["652.4", "15.6"], ["657.1", "15.6"], ["657.1", "33.6"], ["652.4", "33.6"]], "Type": "SD"}], "Module": "M3", "Boundary": [["661.7", "10.0"], ["661.7", "39.2"], ["661.6", "39.2"], ["661.6", "52.9"], ["528.9", "52.9"], ["528.9", "10.0"]], "Module_type": "GATE"}, {"Ports": [{"Location": [["453.9", "353.2"], ["459.6", "353.2"], ["459.6", "391.6"], ["453.9", "391.6"]], "Type": "SD"}, {"Location": [["644.5", "339.9"], ["644.5", "404.9"], ["460.8", "404.9"], ["460.8", "339.9"]], "Type": "GATE"}, {"Location": [["633.1", "346.7"], ["638.7", "346.7"], ["638.7", "398.1"], ["633.1", "398.1"]], "Type": "SD"}], "Module": "M15", "Boundary": [["644.5", "339.9"], ["644.5", "404.9"], ["453.9", "404.9"], ["453.9", "339.9"]], "Module_type": "GATE"}, {"Ports": [{"Location": [["447.4", "266.0"], ["451.7", "266.0"], ["451.7", "307.3"], ["447.4", "307.3"]], "Type": "SD"}, {"Location": [["524.0", "253.4"], ["524.0", "319.9"], ["453.8", "319.9"], ["453.8", "253.4"]], "Type": "GATE"}, {"Location": [["513.7", "258.7"], ["519.7", "258.7"], ["519.7", "314.6"], ["513.7", "314.6"]], "Type": "SD"}], "Module": "M12", "Boundary": [["524.0", "253.4"], ["524.0", "319.9"], ["447.4", "319.9"], ["447.4", "253.4"]], "Module_type": "GATE"}, {"Ports": [{"Location": [["248.2", "314.2"], ["253.9", "314.2"], ["253.9", "377.5"], ["248.2", "377.5"]], "Type": "SD"}, {"Location": [["412.7", "300.4"], ["412.7", "391.3"], ["256.4", "391.3"], ["256.4", "300.4"]], "Type": "GATE"}, {"Location": [["402.2", "305.5"], ["408.6", "305.5"], ["408.6", "386.2"], ["402.2", "386.2"]], "Type": "SD"}], "Module": "M8", "Boundary": [["412.7", "300.4"], ["412.7", "391.3"], ["248.2", "391.3"], ["248.2", "300.4"]], "Module_type": "GATE"}, {"Ports": [{"Location": [["457.4", "179.1"], ["461.8", "179.1"], ["461.8", "212.4"], ["457.4", "212.4"]], "Type": "SD"}, {"Location": [["523.9", "168.1"], ["523.9", "210.1"], ["523.7", "210.1"], ["523.7", "223.4"], ["464.1", "223.4"], ["464.1", "168.1"]], "Type": "GATE"}, {"Location": [["514.7", "174.0"], ["519.0", "174.0"], ["519.0", "204.2"], ["514.7", "204.2"]], "Type": "SD"}], "Module": "M4", "Boundary": [["523.9", "168.1"], ["523.9", "210.1"], ["523.7", "210.1"], ["523.7", "223.4"], ["457.4", "223.4"], ["457.4", "168.1"]], "Module_type": "GATE"}], "Area": [["-30.0", "-30.0"], ["703.9", "-30.0"], ["703.9", "569.4"], ["-30.0", "569.4"]], "Rules": ["GATE(5,5)", "SD(5,5)", "GATE_SD(0.5)", "GATE_ITO(0.5)", "SD_ITO(0.5)"]}