{"Modules": [{"Module": "M14", "Boundary": [["276.9", "295.2"], ["362.3", "295.2"], ["362.3", "321.5"], ["378.3", "321.5"], ["378.3", "407.8"], ["276.9", "407.8"]], "Module_type": "GATE", "Ports": [{"Location": [["289.9", "402.3"], ["365.3", "402.3"], ["365.3", "407.8"], ["289.9", "407.8"]], "Type": "SD"}, {"Location": [["276.9", "295.2"], ["362.3", "295.2"], ["362.3", "321.5"], ["378.3", "321.5"], ["378.3", "400.3"], ["276.9", "400.3"]], "Type": "GATE"}, {"Location": [["282.0", "299.3"], ["356.2", "299.3"], ["356.2", "305.2"], ["282.0", "305.2"]], "Type": "SD"}]}, {"Ports": [{"Location": [["437.4", "23.0"], ["443.2", "23.0"], ["443.2", "61.0"], ["437.4", "61.0"]], "Type": "SD"}, {"Location": [["577.8", "10.0"], ["577.8", "58.2"], ["577.8", "58.2"], ["577.8", "74.0"], ["444.4", "74.0"], ["444.4", "10.0"]], "Type": "GATE"}, {"Location": [["567.1", "15.1"], ["573.7", "15.1"], ["573.7", "53.1"], ["567.1", "53.1"]], "Type": "SD"}], "Module": "M9", "Boundary": [["577.8", "10.0"], ["577.8", "58.2"], ["577.8", "58.2"], ["577.8", "74.0"], ["437.4", "74.0"], ["437.4", "10.0"]], "Module_type": "GATE"}, {"Ports": [{"Location": [["364.8", "229.1"], ["417.3", "229.1"], ["417.3", "234.8"], ["364.8", "234.8"]], "Type": "SD"}, {"Location": [["353.0", "124.9"], ["429.1", "124.9"], ["429.1", "228.0"], ["353.0", "228.0"]], "Type": "GATE"}, {"Location": [["358.4", "129.3"], ["423.7", "129.3"], ["423.7", "133.5"], ["358.4", "133.5"]], "Type": "SD"}], "Module": "M5", "Boundary": [["353.0", "124.9"], ["429.1", "124.9"], ["429.1", "234.8"], ["353.0", "234.8"]], "Module_type": "GATE"}, {"Ports": [{"Location": [["136.4", "521.9"], ["141.4", "521.9"], ["141.4", "561.4"], ["136.4", "561.4"]], "Type": "SD"}, {"Location": [["246.3", "509.1"], ["246.3", "558.4"], ["246.1", "558.4"], ["246.1", "574.2"], ["144.1", "574.2"], ["144.1", "509.1"]], "Type": "GATE"}, {"Location": [["235.4", "514.3"], ["242.1", "514.3"], ["242.1", "553.2"], ["235.4", "553.2"]], "Type": "SD"}], "Module": "M11", "Boundary": [["246.3", "509.1"], ["246.3", "558.4"], ["246.1", "558.4"], ["246.1", "574.2"], ["136.4", "574.2"], ["136.4", "509.1"]], "Module_type": "GATE"}, {"Ports": [{"Location": [["42.2", "410.8"], ["84.2", "410.8"], ["84.2", "416.1"], ["42.2", "416.1"]], "Type": "SD"}, {"Location": [["30.0", "240.7"], ["79.3", "240.7"], ["79.3", "240.8"], ["96.4", "240.8"], ["96.4", "408.9"], ["30.0", "408.9"]], "Type": "GATE"}, {"Location": [["35.1", "244.8"], ["74.2", "244.8"], ["74.2", "249.8"], ["35.1", "249.8"]], "Type": "SD"}], "Module": "M1", "Boundary": [["30.0", "240.7"], ["79.3", "240.7"], ["79.3", "240.8"], ["96.4", "240.8"], ["96.4", "416.1"], ["30.0", "416.1"]], "Module_type": "GATE"}, {"Ports": [{"Location": [["10.0", "469.4"], ["14.0", "469.4"], ["14.0", "545.9"], ["10.0", "545.9"]], "Type": "SD"}, {"Location": [["111.5", "456.1"], ["111.5", "542.9"], ["96.1", "542.9"], ["96.1", "559.2"], ["16.8", "559.2"], ["16.8", "456.1"]], "Type": "GATE"}, {"Location": [["101.5", "461.4"], ["107.2", "461.4"], ["107.2", "536.6"], ["101.5", "536.6"]], "Type": "SD"}], "Module": "M6", "Boundary": [["111.5", "456.1"], ["111.5", "542.9"], ["96.1", "542.9"], ["96.1", "559.2"], ["10.0", "559.2"], ["10.0", "456.1"]], "Module_type": "GATE"}, {"Ports": [{"Location": [["158.9", "474.3"], ["214.4", "474.3"], ["214.4", "479.1"], ["158.9", "479.1"]], "Type": "SD"}, {"Location": [["146.4", "285.2"], ["211.6", "285.2"], ["211.6", "388.0"], ["226.9", "388.0"], ["226.9", "471.5"], ["146.4", "471.5"]], "Type": "GATE"}, {"Location": [["152.4", "290.2"], ["204.6", "290.2"], ["204.6", "294.4"], ["152.4", "294.4"]], "Type": "SD"}], "Module": "M2", "Boundary": [["146.4", "285.2"], ["211.6", "285.2"], ["211.6", "388.0"], ["226.9", "388.0"], ["226.9", "479.1"], ["146.4", "479.1"]], "Module_type": "GATE"}, {"Ports": [{"Location": [["398.9", "489.3"], ["404.6", "489.3"], ["404.6", "557.9"], ["398.9", "557.9"]], "Type": "SD"}, {"Location": [["565.7", "474.1"], ["565.7", "558.6"], ["495.9", "558.6"], ["495.9", "573.1"], ["406.0", "573.1"], ["406.0", "474.1"]], "Type": "GATE"}, {"Location": [["552.6", "480.5"], ["560.3", "480.5"], ["560.3", "551.2"], ["552.6", "551.2"]], "Type": "SD"}], "Module": "M16", "Boundary": [["565.7", "474.1"], ["565.7", "558.6"], ["495.9", "558.6"], ["495.9", "573.1"], ["398.9", "573.1"], ["398.9", "474.1"]], "Module_type": "GATE"}, {"Ports": [{"Location": [["473.4", "230.5"], ["562.0", "230.5"], ["562.0", "234.7"], ["473.4", "234.7"]], "Type": "SD"}, {"Location": [["459.1", "94.0"], ["560.0", "94.0"], ["560.0", "94.1"], ["576.3", "94.1"], ["576.3", "228.9"], ["459.1", "228.9"]], "Type": "GATE"}, {"Location": [["464.9", "98.8"], ["554.2", "98.8"], ["554.2", "105.7"], ["464.9", "105.7"]], "Type": "SD"}], "Module": "M13", "Boundary": [["459.1", "94.0"], ["560.0", "94.0"], ["560.0", "94.1"], ["576.3", "94.1"], ["576.3", "234.7"], ["459.1", "234.7"]], "Module_type": "GATE"}, {"Ports": [{"Location": [["343.0", "21.4"], ["347.0", "21.4"], ["347.0", "83.5"], ["343.0", "83.5"]], "Type": "SD"}, {"Location": [["417.4", "10.0"], ["417.4", "82.0"], ["412.7", "82.0"], ["412.7", "94.9"], ["348.9", "94.9"], ["348.9", "10.0"]], "Type": "GATE"}, {"Location": [["408.1", "15.8"], ["412.6", "15.8"], ["412.6", "75.2"], ["408.1", "75.2"]], "Type": "SD"}], "Module": "M10", "Boundary": [["417.4", "10.0"], ["417.4", "82.0"], ["412.7", "82.0"], ["412.7", "94.9"], ["343.0", "94.9"], ["343.0", "10.0"]], "Module_type": "GATE"}, {"Ports": [{"Location": [["140.8", "33.8"], ["145.5", "33.8"], ["145.5", "85.5"], ["140.8", "85.5"]], "Type": "SD"}, {"Location": [["313.0", "20.0"], ["313.0", "99.3"], ["147.1", "99.3"], ["147.1", "20.0"]], "Type": "GATE"}, {"Location": [["301.5", "26.4"], ["307.6", "26.4"], ["307.6", "92.9"], ["301.5", "92.9"]], "Type": "SD"}], "Module": "M7", "Boundary": [["313.0", "20.0"], ["313.0", "99.3"], ["140.8", "99.3"], ["140.8", "20.0"]], "Module_type": "GATE"}, {"Ports": [{"Location": [["24.4", "196.3"], ["96.4", "196.3"], ["96.4", "200.7"], ["24.4", "200.7"]], "Type": "SD"}, {"Location": [["10.0", "10.0"], ["94.5", "10.0"], ["94.5", "10.5"], ["110.8", "10.5"], ["110.8", "193.6"], ["10.0", "193.6"]], "Type": "GATE"}, {"Location": [["16.0", "15.0"], ["88.5", "15.0"], ["88.5", "21.7"], ["16.0", "21.7"]], "Type": "SD"}], "Module": "M3", "Boundary": [["10.0", "10.0"], ["94.5", "10.0"], ["94.5", "10.5"], ["110.8", "10.5"], ["110.8", "200.7"], ["10.0", "200.7"]], "Module_type": "GATE"}, {"Ports": [{"Location": [["418.3", "357.6"], ["423.3", "357.6"], ["423.3", "440.1"], ["418.3", "440.1"]], "Type": "SD"}, {"Location": [["559.2", "343.6"], ["559.2", "438.8"], ["559.1", "438.8"], ["559.1", "454.1"], ["425.2", "454.1"], ["425.2", "343.6"]], "Type": "GATE"}, {"Location": [["547.8", "349.8"], ["554.0", "349.8"], ["554.0", "432.6"], ["547.8", "432.6"]], "Type": "SD"}], "Module": "M15", "Boundary": [["559.2", "343.6"], ["559.2", "438.8"], ["559.1", "438.8"], ["559.1", "454.1"], ["418.3", "454.1"], ["418.3", "343.6"]], "Module_type": "GATE"}, {"Ports": [{"Location": [["418.3", "275.6"], ["422.7", "275.6"], ["422.7", "312.8"], ["418.3", "312.8"]], "Type": "SD"}, {"Location": [["564.0", "264.8"], ["564.0", "310.0"], ["502.6", "310.0"], ["502.6", "323.6"], ["425.0", "323.6"], ["425.0", "264.8"]], "Type": "GATE"}, {"Location": [["555.0", "270.7"], ["559.1", "270.7"], ["559.1", "303.1"], ["555.0", "303.1"]], "Type": "SD"}], "Module": "M12", "Boundary": [["564.0", "264.8"], ["564.0", "310.0"], ["502.6", "310.0"], ["502.6", "323.6"], ["418.3", "323.6"], ["418.3", "264.8"]], "Module_type": "GATE"}, {"Ports": [{"Location": [["146.4", "154.2"], ["151.5", "154.2"], ["151.5", "230.3"], ["146.4", "230.3"]], "Type": "SD"}, {"Location": [["285.7", "139.3"], ["285.7", "228.8"], ["229.5", "228.8"], ["229.5", "245.2"], ["154.0", "245.2"], ["154.0", "139.3"]], "Type": "GATE"}, {"Location": [["273.8", "145.0"], ["281.0", "145.0"], ["281.0", "222.1"], ["273.8", "222.1"]], "Type": "SD"}], "Module": "M8", "Boundary": [["285.7", "139.3"], ["285.7", "228.8"], ["229.5", "228.8"], ["229.5", "245.2"], ["146.4", "245.2"], ["146.4", "139.3"]], "Module_type": "GATE"}], "Area": [["-30.0", "-30.0"], ["617.8", "-30.0"], ["617.8", "614.2"], ["-30.0", "614.2"]], "Rules": ["GATE(5,5)", "SD(5,5)", "GATE_SD(0.5)", "GATE_ITO(0.5)", "SD_ITO(0.5)"]}