{"Modules": [{"Module": "M14", "Boundary": [["30.0", "30.0"], ["120.9", "30.0"], ["120.9", "106.0"], ["134.4", "106.0"], ["134.4", "207.5"], ["30.0", "207.5"]], "Module_type": "GATE", "Ports": [{"Location": [["42.9", "202.1"], ["121.5", "202.1"], ["121.5", "207.5"], ["42.9", "207.5"]], "Type": "SD"}, {"Location": [["30.0", "30.0"], ["120.9", "30.0"], ["120.9", "106.0"], ["134.4", "106.0"], ["134.4", "199.8"], ["30.0", "199.8"]], "Type": "GATE"}, {"Location": [["36.5", "35.5"], ["113.4", "35.5"], ["113.4", "40.8"], ["36.5", "40.8"]], "Type": "SD"}]}, {"Ports": [{"Location": [["152.1", "607.9"], ["208.0", "607.9"], ["208.0", "612.3"], ["152.1", "612.3"]], "Type": "SD"}, {"Location": [["138.7", "487.2"], ["204.9", "487.2"], ["204.9", "487.6"], ["221.4", "487.6"], ["221.4", "606.4"], ["138.7", "606.4"]], "Type": "GATE"}, {"Location": [["144.9", "492.4"], ["198.7", "492.4"], ["198.7", "497.2"], ["144.9", "497.2"]], "Type": "SD"}], "Module": "M9", "Boundary": [["138.7", "487.2"], ["204.9", "487.2"], ["204.9", "487.6"], ["221.4", "487.6"], ["221.4", "612.3"], ["138.7", "612.3"]], "Module_type": "GATE"}, {"Ports": [{"Location": [["274.3", "597.7"], ["317.7", "597.7"], ["317.7", "602.6"], ["274.3", "602.6"]], "Type": "SD"}, {"Location": [["261.9", "419.7"], ["312.3", "419.7"], ["312.3", "419.8"], ["330.1", "419.8"], ["330.1", "595.2"], ["261.9", "595.2"]], "Type": "GATE"}, {"Location": [["267.2", "424.0"], ["307.0", "424.0"], ["307.0", "428.7"], ["267.2", "428.7"]], "Type": "SD"}], "Module": "M5", "Boundary": [["261.9", "419.7"], ["312.3", "419.7"], ["312.3", "419.8"], ["330.1", "419.8"], ["330.1", "602.6"], ["261.9", "602.6"]], "Module_type": "GATE"}, {"Ports": [{"Location": [["160.7", "976.1"], ["165.4", "976.1"], ["165.4", "1031.8"], ["160.7", "1031.8"]], "Type": "SD"}, {"Location": [["310.8", "962.0"], ["310.8", "1045.9"], ["168.3", "1045.9"], ["168.3", "962.0"]], "Type": "GATE"}, {"Location": [["298.5", "967.7"], ["306.1", "967.7"], ["306.1", "1040.2"], ["298.5", "1040.2"]], "Type": "SD"}], "Module": "M11", "Boundary": [["310.8", "962.0"], ["310.8", "1045.9"], ["160.7", "1045.9"], ["160.7", "962.0"]], "Module_type": "GATE"}, {"Ports": [{"Location": [["30.0", "828.9"], ["35.3", "828.9"], ["35.3", "894.3"], ["30.0", "894.3"]], "Type": "SD"}, {"Location": [["113.6", "816.0"], ["113.6", "892.6"], ["113.3", "892.6"], ["113.3", "907.2"], ["37.8", "907.2"], ["37.8", "816.0"]], "Type": "GATE"}, {"Location": [["102.9", "822.3"], ["108.3", "822.3"], ["108.3", "886.3"], ["102.9", "886.3"]], "Type": "SD"}], "Module": "M1", "Boundary": [["113.6", "816.0"], ["113.6", "892.6"], ["113.3", "892.6"], ["113.3", "907.2"], ["30.0", "907.2"], ["30.0", "816.0"]], "Module_type": "GATE"}, {"Ports": [{"Location": [["24.0", "771.3"], ["95.1", "771.3"], ["95.1", "776.0"], ["24.0", "776.0"]], "Type": "SD"}, {"Location": [["10.0", "592.7"], ["97.1", "592.7"], ["97.1", "703.7"], ["109.1", "703.7"], ["109.1", "769.9"], ["10.0", "769.9"]], "Type": "GATE"}, {"Location": [["16.9", "598.6"], ["89.2", "598.6"], ["89.2", "604.9"], ["16.9", "604.9"]], "Type": "SD"}], "Module": "M6", "Boundary": [["10.0", "592.7"], ["97.1", "592.7"], ["97.1", "703.7"], ["109.1", "703.7"], ["109.1", "776.0"], ["10.0", "776.0"]], "Module_type": "GATE"}, {"Ports": [{"Location": [["32.2", "556.7"], ["96.5", "556.7"], ["96.5", "562.7"], ["32.2", "562.7"]], "Type": "SD"}, {"Location": [["20.0", "373.3"], ["95.4", "373.3"], ["95.4", "488.3"], ["108.7", "488.3"], ["108.7", "554.8"], ["20.0", "554.8"]], "Type": "GATE"}, {"Location": [["25.6", "377.9"], ["88.8", "377.9"], ["88.8", "383.7"], ["25.6", "383.7"]], "Type": "SD"}], "Module": "M2", "Boundary": [["20.0", "373.3"], ["95.4", "373.3"], ["95.4", "488.3"], ["108.7", "488.3"], ["108.7", "562.7"], ["20.0", "562.7"]], "Module_type": "GATE"}, {"Ports": [{"Location": [["152.8", "463.1"], ["217.8", "463.1"], ["217.8", "467.2"], ["152.8", "467.2"]], "Type": "SD"}, {"Location": [["138.7", "363.3"], ["213.8", "363.3"], ["213.8", "395.1"], ["231.9", "395.1"], ["231.9", "461.5"], ["138.7", "461.5"]], "Type": "GATE"}, {"Location": [["143.8", "367.4"], ["207.7", "367.4"], ["207.7", "374.0"], ["143.8", "374.0"]], "Type": "SD"}], "Module": "M16", "Boundary": [["138.7", "363.3"], ["213.8", "363.3"], ["213.8", "395.1"], ["231.9", "395.1"], ["231.9", "467.2"], ["138.7", "467.2"]], "Module_type": "GATE"}, {"Ports": [{"Location": [["10.0", "271.9"], ["14.1", "271.9"], ["14.1", "329.3"], ["10.0", "329.3"]], "Type": "SD"}, {"Location": [["211.2", "257.9"], ["211.2", "326.4"], ["210.9", "326.4"], ["210.9", "343.3"], ["15.7", "343.3"], ["15.7", "257.9"]], "Type": "GATE"}, {"Location": [["200.3", "263.1"], ["207.0", "263.1"], ["207.0", "321.2"], ["200.3", "321.2"]], "Type": "SD"}], "Module": "M13", "Boundary": [["211.2", "257.9"], ["211.2", "326.4"], ["210.9", "326.4"], ["210.9", "343.3"], ["10.0", "343.3"], ["10.0", "257.9"]], "Module_type": "GATE"}, {"Ports": [{"Location": [["174.4", "191.0"], ["180.1", "191.0"], ["180.1", "224.7"], ["174.4", "224.7"]], "Type": "SD"}, {"Location": [["339.1", "177.8"], ["339.1", "225.2"], ["297.5", "225.2"], ["297.5", "237.9"], ["181.6", "237.9"], ["181.6", "177.8"]], "Type": "GATE"}, {"Location": [["327.9", "184.8"], ["333.1", "184.8"], ["333.1", "217.2"], ["327.9", "217.2"]], "Type": "SD"}], "Module": "M10", "Boundary": [["339.1", "177.8"], ["339.1", "225.2"], ["297.5", "225.2"], ["297.5", "237.9"], ["174.4", "237.9"], ["174.4", "177.8"]], "Module_type": "GATE"}, {"Ports": [{"Location": [["170.7", "895.5"], ["175.8", "895.5"], ["175.8", "919.4"], ["170.7", "919.4"]], "Type": "SD"}, {"Location": [["332.8", "882.9"], ["332.8", "914.7"], ["332.8", "914.7"], ["332.8", "932.0"], ["177.8", "932.0"], ["177.8", "882.9"]], "Type": "GATE"}, {"Location": [["323.5", "888.1"], ["328.6", "888.1"], ["328.6", "909.5"], ["323.5", "909.5"]], "Type": "SD"}], "Module": "M7", "Boundary": [["332.8", "882.9"], ["332.8", "914.7"], ["332.8", "914.7"], ["332.8", "932.0"], ["170.7", "932.0"], ["170.7", "882.9"]], "Module_type": "GATE"}, {"Ports": [{"Location": [["263.1", "384.5"], ["327.6", "384.5"], ["327.6", "389.7"], ["263.1", "389.7"]], "Type": "SD"}, {"Location": [["251.9", "257.9"], ["324.5", "257.9"], ["324.5", "258.0"], ["338.8", "258.0"], ["338.8", "381.9"], ["251.9", "381.9"]], "Type": "GATE"}, {"Location": [["257.7", "262.7"], ["318.7", "262.7"], ["318.7", "267.5"], ["257.7", "267.5"]], "Type": "SD"}], "Module": "M3", "Boundary": [["251.9", "257.9"], ["324.5", "257.9"], ["324.5", "258.0"], ["338.8", "258.0"], ["338.8", "389.7"], ["251.9", "389.7"]], "Module_type": "GATE"}, {"Ports": [{"Location": [["129.1", "645.1"], ["134.8", "645.1"], ["134.8", "717.7"], ["129.1", "717.7"]], "Type": "SD"}, {"Location": [["332.4", "632.6"], ["332.4", "730.2"], ["137.8", "730.2"], ["137.8", "632.6"]], "Type": "GATE"}, {"Location": [["323.2", "638.3"], ["327.7", "638.3"], ["327.7", "724.5"], ["323.2", "724.5"]], "Type": "SD"}], "Module": "M15", "Boundary": [["332.4", "632.6"], ["332.4", "730.2"], ["129.1", "730.2"], ["129.1", "632.6"]], "Module_type": "GATE"}, {"Ports": [{"Location": [["153.6", "762.3"], ["158.8", "762.3"], ["158.8", "840.8"], ["153.6", "840.8"]], "Type": "SD"}, {"Location": [["347.4", "750.2"], ["347.4", "839.6"], ["263.6", "839.6"], ["263.6", "852.9"], ["161.5", "852.9"], ["161.5", "750.2"]], "Type": "GATE"}, {"Location": [["336.8", "755.8"], ["342.8", "755.8"], ["342.8", "833.0"], ["336.8", "833.0"]], "Type": "SD"}], "Module": "M12", "Boundary": [["347.4", "750.2"], ["347.4", "839.6"], ["263.6", "839.6"], ["263.6", "852.9"], ["153.6", "852.9"], ["153.6", "750.2"]], "Module_type": "GATE"}, {"Ports": [{"Location": [["184.4", "36.3"], ["189.1", "36.3"], ["189.1", "131.5"], ["184.4", "131.5"]], "Type": "SD"}, {"Location": [["317.8", "20.0"], ["317.8", "131.1"], ["296.2", "131.1"], ["296.2", "147.8"], ["191.1", "147.8"], ["191.1", "20.0"]], "Type": "GATE"}, {"Location": [["304.7", "26.9"], ["311.9", "26.9"], ["311.9", "123.2"], ["304.7", "123.2"]], "Type": "SD"}], "Module": "M8", "Boundary": [["317.8", "20.0"], ["317.8", "131.1"], ["296.2", "131.1"], ["296.2", "147.8"], ["184.4", "147.8"], ["184.4", "20.0"]], "Module_type": "GATE"}, {"Ports": [{"Location": [["20.0", "972.4"], ["24.6", "972.4"], ["24.6", "1016.5"], ["20.0", "1016.5"]], "Type": "SD"}, {"Location": [["130.7", "957.2"], ["130.7", "1014.2"], ["79.9", "1014.2"], ["79.9", "1031.7"], ["26.5", "1031.7"], ["26.5", "957.2"]], "Type": "GATE"}, {"Location": [["118.9", "962.6"], ["126.3", "962.6"], ["126.3", "1007.8"], ["118.9", "1007.8"]], "Type": "SD"}], "Module": "M4", "Boundary": [["130.7", "957.2"], ["130.7", "1014.2"], ["79.9", "1014.2"], ["79.9", "1031.7"], ["20.0", "1031.7"], ["20.0", "957.2"]], "Module_type": "GATE"}], "Area": [["-30.0", "-20.0"], ["387.4", "-20.0"], ["387.4", "1085.9"], ["-30.0", "1085.9"]], "Rules": ["GATE(5,5)", "SD(5,5)", "GATE_SD(0.5)", "GATE_ITO(0.5)", "SD_ITO(0.5)"]}