{"Modules": [{"Module": "M14", "Boundary": [["649.1", "30.0"], ["649.1", "99.0"], ["503.3", "99.0"], ["503.3", "30.0"]], "Module_type": "GATE", "Ports": [{"Location": [["503.3", "44.3"], ["507.4", "44.3"], ["507.4", "84.7"], ["503.3", "84.7"]], "Type": "SD"}, {"Location": [["649.1", "30.0"], ["649.1", "99.0"], ["510.4", "99.0"], ["510.4", "30.0"]], "Type": "GATE"}, {"Location": [["637.6", "36.6"], ["643.5", "36.6"], ["643.5", "92.4"], ["637.6", "92.4"]], "Type": "SD"}]}, {"Ports": [{"Location": [["306.8", "24.5"], ["312.2", "24.5"], ["312.2", "101.1"], ["306.8", "101.1"]], "Type": "SD"}, {"Location": [["463.3", "10.0"], ["463.3", "115.6"], ["313.9", "115.6"], ["313.9", "10.0"]], "Type": "GATE"}, {"Location": [["451.5", "15.3"], ["459.0", "15.3"], ["459.0", "110.3"], ["451.5", "110.3"]], "Type": "SD"}], "Module": "M9", "Boundary": [["463.3", "10.0"], ["463.3", "115.6"], ["306.8", "115.6"], ["306.8", "10.0"]], "Module_type": "GATE"}, {"Ports": [{"Location": [["103.2", "31.7"], ["107.6", "31.7"], ["107.6", "68.1"], ["103.2", "68.1"]], "Type": "SD"}, {"Location": [["276.8", "20.0"], ["276.8", "79.8"], ["109.6", "79.8"], ["109.6", "20.0"]], "Type": "GATE"}, {"Location": [["267.1", "25.1"], ["272.7", "25.1"], ["272.7", "74.7"], ["267.1", "74.7"]], "Type": "SD"}], "Module": "M5", "Boundary": [["276.8", "20.0"], ["276.8", "79.8"], ["103.2", "79.8"], ["103.2", "20.0"]], "Module_type": "GATE"}, {"Ports": [{"Location": [["701.3", "100.8"], ["754.3", "100.8"], ["754.3", "106.6"], ["701.3", "106.6"]], "Type": "SD"}, {"Location": [["689.1", "10.0"], ["751.4", "10.0"], ["751.4", "10.0"], ["766.5", "10.0"], ["766.5", "98.0"], ["689.1", "98.0"]], "Type": "GATE"}, {"Location": [["696.0", "15.9"], ["744.5", "15.9"], ["744.5", "20.1"], ["696.0", "20.1"]], "Type": "SD"}], "Module": "M11", "Boundary": [["689.1", "10.0"], ["751.4", "10.0"], ["751.4", "10.0"], ["766.5", "10.0"], ["766.5", "106.6"], ["689.1", "106.6"]], "Module_type": "GATE"}, {"Ports": [{"Location": [["400.8", "173.9"], ["406.3", "173.9"], ["406.3", "272.3"], ["400.8", "272.3"]], "Type": "SD"}, {"Location": [["580.6", "159.0"], ["580.6", "269.0"], ["580.1", "269.0"], ["580.1", "287.2"], ["407.6", "287.2"], ["407.6", "159.0"]], "Type": "GATE"}, {"Location": [["568.6", "165.2"], ["575.4", "165.2"], ["575.4", "262.8"], ["568.6", "262.8"]], "Type": "SD"}], "Module": "M1", "Boundary": [["580.6", "159.0"], ["580.6", "269.0"], ["580.1", "269.0"], ["580.1", "287.2"], ["400.8", "287.2"], ["400.8", "159.0"]], "Module_type": "GATE"}, {"Ports": [{"Location": [["93.2", "121.8"], ["99.1", "121.8"], ["99.1", "182.1"], ["93.2", "182.1"]], "Type": "SD"}, {"Location": [["269.9", "109.8"], ["269.9", "194.1"], ["101.6", "194.1"], ["101.6", "109.8"]], "Type": "GATE"}, {"Location": [["259.7", "115.0"], ["265.7", "115.0"], ["265.7", "188.9"], ["259.7", "188.9"]], "Type": "SD"}], "Module": "M6", "Boundary": [["269.9", "109.8"], ["269.9", "194.1"], ["93.2", "194.1"], ["93.2", "109.8"]], "Module_type": "GATE"}, {"Ports": [{"Location": [["669.9", "417.5"], ["754.7", "417.5"], ["754.7", "422.1"], ["669.9", "422.1"]], "Type": "SD"}, {"Location": [["654.7", "294.4"], ["754.2", "294.4"], ["754.2", "294.8"], ["769.9", "294.8"], ["769.9", "415.3"], ["654.7", "415.3"]], "Type": "GATE"}, {"Location": [["661.5", "300.2"], ["747.4", "300.2"], ["747.4", "307.3"], ["661.5", "307.3"]], "Type": "SD"}], "Module": "M2", "Boundary": [["654.7", "294.4"], ["754.2", "294.4"], ["754.2", "294.8"], ["769.9", "294.8"], ["769.9", "422.1"], ["654.7", "422.1"]], "Module_type": "GATE"}, {"Ports": [{"Location": [["10.0", "355.4"], ["15.5", "355.4"], ["15.5", "419.9"], ["10.0", "419.9"]], "Type": "SD"}, {"Location": [["223.3", "343.2"], ["223.3", "417.5"], ["223.3", "417.5"], ["223.3", "432.1"], ["17.5", "432.1"], ["17.5", "343.2"]], "Type": "GATE"}, {"Location": [["213.0", "348.4"], ["219.1", "348.4"], ["219.1", "412.3"], ["213.0", "412.3"]], "Type": "SD"}], "Module": "M16", "Boundary": [["223.3", "343.2"], ["223.3", "417.5"], ["223.3", "417.5"], ["223.3", "432.1"], ["10.0", "432.1"], ["10.0", "343.2"]], "Module_type": "GATE"}, {"Ports": [{"Location": [["23.3", "187.6"], ["59.9", "187.6"], ["59.9", "191.7"], ["23.3", "191.7"]], "Type": "SD"}, {"Location": [["10.0", "10.0"], ["58.4", "10.0"], ["58.4", "10.1"], ["73.2", "10.1"], ["73.2", "186.5"], ["10.0", "186.5"]], "Type": "GATE"}, {"Location": [["16.0", "15.0"], ["52.4", "15.0"], ["52.4", "21.7"], ["16.0", "21.7"]], "Type": "SD"}], "Module": "M13", "Boundary": [["10.0", "10.0"], ["58.4", "10.0"], ["58.4", "10.1"], ["73.2", "10.1"], ["73.2", "191.7"], ["10.0", "191.7"]], "Module_type": "GATE"}, {"Ports": [{"Location": [["305.4", "282.8"], ["345.3", "282.8"], ["345.3", "287.2"], ["305.4", "287.2"]], "Type": "SD"}, {"Location": [["289.9", "135.6"], ["344.3", "135.6"], ["344.3", "135.7"], ["360.8", "135.7"], ["360.8", "280.4"], ["289.9", "280.4"]], "Type": "GATE"}, {"Location": [["296.6", "141.3"], ["337.6", "141.3"], ["337.6", "148.6"], ["296.6", "148.6"]], "Type": "SD"}], "Module": "M10", "Boundary": [["289.9", "135.6"], ["344.3", "135.6"], ["344.3", "135.7"], ["360.8", "135.7"], ["360.8", "287.2"], ["289.9", "287.2"]], "Module_type": "GATE"}, {"Ports": [{"Location": [["20.0", "238.3"], ["24.4", "238.3"], ["24.4", "299.0"], ["20.0", "299.0"]], "Type": "SD"}, {"Location": [["213.7", "224.1"], ["213.7", "295.6"], ["213.7", "295.6"], ["213.7", "313.2"], ["27.3", "313.2"], ["27.3", "224.1"]], "Type": "GATE"}, {"Location": [["202.4", "230.0"], ["208.8", "230.0"], ["208.8", "289.7"], ["202.4", "289.7"]], "Type": "SD"}], "Module": "M7", "Boundary": [["213.7", "224.1"], ["213.7", "295.6"], ["213.7", "295.6"], ["213.7", "313.2"], ["20.0", "313.2"], ["20.0", "224.1"]], "Module_type": "GATE"}, {"Ports": [{"Location": [["342.0", "413.3"], ["376.7", "413.3"], ["376.7", "418.6"], ["342.0", "418.6"]], "Type": "SD"}, {"Location": [["328.6", "327.2"], ["390.1", "327.2"], ["390.1", "410.5"], ["328.6", "410.5"]], "Type": "GATE"}, {"Location": [["335.0", "332.6"], ["383.7", "332.6"], ["383.7", "338.2"], ["335.0", "338.2"]], "Type": "SD"}], "Module": "M3", "Boundary": [["328.6", "327.2"], ["390.1", "327.2"], ["390.1", "418.6"], ["328.6", "418.6"]], "Module_type": "GATE"}, {"Ports": [{"Location": [["743.2", "254.8"], ["769.4", "254.8"], ["769.4", "259.9"], ["743.2", "259.9"]], "Type": "SD"}, {"Location": [["728.7", "126.6"], ["783.9", "126.6"], ["783.9", "252.1"], ["728.7", "252.1"]], "Type": "GATE"}, {"Location": [["735.3", "132.2"], ["777.3", "132.2"], ["777.3", "138.3"], ["735.3", "138.3"]], "Type": "SD"}], "Module": "M15", "Boundary": [["728.7", "126.6"], ["783.9", "126.6"], ["783.9", "259.9"], ["728.7", "259.9"]], "Module_type": "GATE"}, {"Ports": [{"Location": [["256.5", "411.7"], ["295.8", "411.7"], ["295.8", "417.3"], ["256.5", "417.3"]], "Type": "SD"}, {"Location": [["243.7", "307.2"], ["308.6", "307.2"], ["308.6", "409.6"], ["243.7", "409.6"]], "Type": "GATE"}, {"Location": [["249.8", "312.3"], ["302.5", "312.3"], ["302.5", "317.7"], ["249.8", "317.7"]], "Type": "SD"}], "Module": "M12", "Boundary": [["243.7", "307.2"], ["308.6", "307.2"], ["308.6", "417.3"], ["243.7", "417.3"]], "Module_type": "GATE"}, {"Ports": [{"Location": [["644.8", "249.5"], ["684.5", "249.5"], ["684.5", "254.4"], ["644.8", "254.4"]], "Type": "SD"}, {"Location": [["630.6", "149.0"], ["681.9", "149.0"], ["681.9", "149.1"], ["698.7", "149.1"], ["698.7", "247.7"], ["630.6", "247.7"]], "Type": "GATE"}, {"Location": [["636.2", "153.6"], ["676.3", "153.6"], ["676.3", "160.1"], ["636.2", "160.1"]], "Type": "SD"}], "Module": "M8", "Boundary": [["630.6", "149.0"], ["681.9", "149.0"], ["681.9", "149.1"], ["698.7", "149.1"], ["698.7", "254.4"], ["630.6", "254.4"]], "Module_type": "GATE"}], "Area": [["-30.0", "-30.0"], ["823.9", "-30.0"], ["823.9", "472.1"], ["-30.0", "472.1"]], "Rules": ["GATE(5,5)", "SD(5,5)", "GATE_SD(0.5)", "GATE_ITO(0.5)", "SD_ITO(0.5)"]}