{"Modules": [{"Module": "M14", "Boundary": [["262.3", "513.8"], ["344.1", "513.8"], ["344.1", "560.8"], ["359.0", "560.8"], ["359.0", "654.6"], ["262.3", "654.6"]], "Module_type": "GATE", "Ports": [{"Location": [["275.4", "648.8"], ["345.9", "648.8"], ["345.9", "654.6"], ["275.4", "654.6"]], "Type": "SD"}, {"Location": [["262.3", "513.8"], ["344.1", "513.8"], ["344.1", "560.8"], ["359.0", "560.8"], ["359.0", "647.2"], ["262.3", "647.2"]], "Type": "GATE"}, {"Location": [["268.2", "518.7"], ["337.2", "518.7"], ["337.2", "524.6"], ["268.2", "524.6"]], "Type": "SD"}]}, {"Ports": [{"Location": [["136.2", "349.8"], ["173.2", "349.8"], ["173.2", "354.7"], ["136.2", "354.7"]], "Type": "SD"}, {"Location": [["123.0", "254.2"], ["186.4", "254.2"], ["186.4", "347.1"], ["123.0", "347.1"]], "Type": "GATE"}, {"Location": [["128.5", "258.7"], ["180.9", "258.7"], ["180.9", "265.6"], ["128.5", "265.6"]], "Type": "SD"}], "Module": "M9", "Boundary": [["123.0", "254.2"], ["186.4", "254.2"], ["186.4", "354.7"], ["123.0", "354.7"]], "Module_type": "GATE"}, {"Ports": [{"Location": [["170.9", "213.9"], ["228.4", "213.9"], ["228.4", "218.2"], ["170.9", "218.2"]], "Type": "SD"}, {"Location": [["156.2", "20.0"], ["226.1", "20.0"], ["226.1", "20.3"], ["243.1", "20.3"], ["243.1", "211.7"], ["156.2", "211.7"]], "Type": "GATE"}, {"Location": [["162.2", "25.0"], ["220.1", "25.0"], ["220.1", "31.6"], ["162.2", "31.6"]], "Type": "SD"}], "Module": "M5", "Boundary": [["156.2", "20.0"], ["226.1", "20.0"], ["226.1", "20.3"], ["243.1", "20.3"], ["243.1", "218.2"], ["156.2", "218.2"]], "Module_type": "GATE"}, {"Ports": [{"Location": [["219.9", "404.2"], ["264.7", "404.2"], ["264.7", "409.1"], ["219.9", "409.1"]], "Type": "SD"}, {"Location": [["206.4", "248.2"], ["265.3", "248.2"], ["265.3", "248.3"], ["278.2", "248.3"], ["278.2", "401.9"], ["206.4", "401.9"]], "Type": "GATE"}, {"Location": [["213.0", "253.8"], ["258.7", "253.8"], ["258.7", "260.2"], ["213.0", "260.2"]], "Type": "SD"}], "Module": "M11", "Boundary": [["206.4", "248.2"], ["265.3", "248.2"], ["265.3", "248.3"], ["278.2", "248.3"], ["278.2", "409.1"], ["206.4", "409.1"]], "Module_type": "GATE"}, {"Ports": [{"Location": [["257.2", "899.1"], ["352.2", "899.1"], ["352.2", "904.5"], ["257.2", "904.5"]], "Type": "SD"}, {"Location": [["243.6", "714.6"], ["348.3", "714.6"], ["348.3", "714.7"], ["365.8", "714.7"], ["365.8", "897.7"], ["243.6", "897.7"]], "Type": "GATE"}, {"Location": [["249.9", "719.9"], ["342.0", "719.9"], ["342.0", "725.1"], ["249.9", "725.1"]], "Type": "SD"}], "Module": "M1", "Boundary": [["243.6", "714.6"], ["348.3", "714.6"], ["348.3", "714.7"], ["365.8", "714.7"], ["365.8", "904.5"], ["243.6", "904.5"]], "Module_type": "GATE"}, {"Ports": [{"Location": [["148.1", "784.0"], ["190.0", "784.0"], ["190.0", "789.5"], ["148.1", "789.5"]], "Type": "SD"}, {"Location": [["134.5", "621.6"], ["187.4", "621.6"], ["187.4", "693.9"], ["203.6", "693.9"], ["203.6", "782.4"], ["134.5", "782.4"]], "Type": "GATE"}, {"Location": [["141.3", "627.4"], ["179.6", "627.4"], ["179.6", "632.0"], ["141.3", "632.0"]], "Type": "SD"}], "Module": "M6", "Boundary": [["134.5", "621.6"], ["187.4", "621.6"], ["187.4", "693.9"], ["203.6", "693.9"], ["203.6", "789.5"], ["134.5", "789.5"]], "Module_type": "GATE"}, {"Ports": [{"Location": [["20.0", "401.6"], ["25.7", "401.6"], ["25.7", "455.9"], ["20.0", "455.9"]], "Type": "SD"}, {"Location": [["140.1", "387.0"], ["140.1", "455.5"], ["102.4", "455.5"], ["102.4", "470.5"], ["27.5", "470.5"], ["27.5", "387.0"]], "Type": "GATE"}, {"Location": [["127.9", "392.7"], ["135.4", "392.7"], ["135.4", "448.8"], ["127.9", "448.8"]], "Type": "SD"}], "Module": "M2", "Boundary": [["140.1", "387.0"], ["140.1", "455.5"], ["102.4", "455.5"], ["102.4", "470.5"], ["20.0", "470.5"], ["20.0", "387.0"]], "Module_type": "GATE"}, {"Ports": [{"Location": [["21.3", "351.4"], ["91.7", "351.4"], ["91.7", "357.0"], ["21.3", "357.0"]], "Type": "SD"}, {"Location": [["10.0", "254.2"], ["88.3", "254.2"], ["88.3", "294.6"], ["103.0", "294.6"], ["103.0", "349.9"], ["10.0", "349.9"]], "Type": "GATE"}, {"Location": [["15.1", "258.3"], ["82.2", "258.3"], ["82.2", "263.1"], ["15.1", "263.1"]], "Type": "SD"}], "Module": "M16", "Boundary": [["10.0", "254.2"], ["88.3", "254.2"], ["88.3", "294.6"], ["103.0", "294.6"], ["103.0", "357.0"], ["10.0", "357.0"]], "Module_type": "GATE"}, {"Ports": [{"Location": [["170.1", "441.3"], ["175.1", "441.3"], ["175.1", "461.6"], ["170.1", "461.6"]], "Type": "SD"}, {"Location": [["337.6", "429.1"], ["337.6", "473.8"], ["177.6", "473.8"], ["177.6", "429.1"]], "Type": "GATE"}, {"Location": [["326.9", "435.1"], ["332.6", "435.1"], ["332.6", "467.8"], ["326.9", "467.8"]], "Type": "SD"}], "Module": "M13", "Boundary": [["337.6", "429.1"], ["337.6", "473.8"], ["170.1", "473.8"], ["170.1", "429.1"]], "Module_type": "GATE"}, {"Ports": [{"Location": [["21.7", "771.9"], ["95.9", "771.9"], ["95.9", "776.9"], ["21.7", "776.9"]], "Type": "SD"}, {"Location": [["10.0", "666.7"], ["95.0", "666.7"], ["95.0", "675.1"], ["107.6", "675.1"], ["107.6", "769.2"], ["10.0", "769.2"]], "Type": "GATE"}, {"Location": [["16.2", "671.9"], ["87.8", "671.9"], ["87.8", "676.5"], ["16.2", "676.5"]], "Type": "SD"}], "Module": "M10", "Boundary": [["10.0", "666.7"], ["95.0", "666.7"], ["95.0", "675.1"], ["107.6", "675.1"], ["107.6", "776.9"], ["10.0", "776.9"]], "Module_type": "GATE"}, {"Ports": [{"Location": [["296.0", "196.3"], ["372.6", "196.3"], ["372.6", "201.7"], ["296.0", "201.7"]], "Type": "SD"}, {"Location": [["283.1", "20.0"], ["371.4", "20.0"], ["371.4", "20.1"], ["385.5", "20.1"], ["385.5", "193.6"], ["283.1", "193.6"]], "Type": "GATE"}, {"Location": [["288.2", "24.1"], ["366.3", "24.1"], ["366.3", "31.0"], ["288.2", "31.0"]], "Type": "SD"}], "Module": "M7", "Boundary": [["283.1", "20.0"], ["371.4", "20.0"], ["371.4", "20.1"], ["385.5", "20.1"], ["385.5", "201.7"], ["283.1", "201.7"]], "Module_type": "GATE"}, {"Ports": [{"Location": [["10.0", "821.6"], ["15.8", "821.6"], ["15.8", "879.3"], ["10.0", "879.3"]], "Type": "SD"}, {"Location": [["164.8", "809.5"], ["164.8", "874.8"], ["164.8", "874.8"], ["164.8", "891.4"], ["17.3", "891.4"], ["17.3", "809.5"]], "Type": "GATE"}, {"Location": [["154.6", "814.6"], ["160.7", "814.6"], ["160.7", "869.7"], ["154.6", "869.7"]], "Type": "SD"}], "Module": "M3", "Boundary": [["164.8", "809.5"], ["164.8", "874.8"], ["164.8", "874.8"], ["164.8", "891.4"], ["10.0", "891.4"], ["10.0", "809.5"]], "Module_type": "GATE"}, {"Ports": [{"Location": [["310.4", "395.1"], ["379.2", "395.1"], ["379.2", "399.5"], ["310.4", "399.5"]], "Type": "SD"}, {"Location": [["298.2", "231.7"], ["391.4", "231.7"], ["391.4", "393.8"], ["298.2", "393.8"]], "Type": "GATE"}, {"Location": [["303.6", "236.1"], ["386.0", "236.1"], ["386.0", "241.7"], ["303.6", "241.7"]], "Type": "SD"}], "Module": "M15", "Boundary": [["298.2", "231.7"], ["391.4", "231.7"], ["391.4", "399.5"], ["298.2", "399.5"]], "Module_type": "GATE"}, {"Ports": [{"Location": [["23.1", "642.2"], ["101.4", "642.2"], ["101.4", "646.7"], ["23.1", "646.7"]], "Type": "SD"}, {"Location": [["10.0", "500.5"], ["101.1", "500.5"], ["101.1", "561.3"], ["114.5", "561.3"], ["114.5", "639.6"], ["10.0", "639.6"]], "Type": "GATE"}, {"Location": [["16.0", "505.5"], ["94.1", "505.5"], ["94.1", "512.0"], ["16.0", "512.0"]], "Type": "SD"}], "Module": "M12", "Boundary": [["10.0", "500.5"], ["101.1", "500.5"], ["101.1", "561.3"], ["114.5", "561.3"], ["114.5", "646.7"], ["10.0", "646.7"]], "Module_type": "GATE"}, {"Ports": [{"Location": [["158.1", "586.2"], ["198.7", "586.2"], ["198.7", "591.6"], ["158.1", "591.6"]], "Type": "SD"}, {"Location": [["144.5", "510.5"], ["196.9", "510.5"], ["196.9", "549.0"], ["212.3", "549.0"], ["212.3", "583.4"], ["144.5", "583.4"]], "Type": "GATE"}, {"Location": [["149.8", "514.8"], ["190.6", "514.8"], ["190.6", "522.0"], ["149.8", "522.0"]], "Type": "SD"}], "Module": "M8", "Boundary": [["144.5", "510.5"], ["196.9", "510.5"], ["196.9", "549.0"], ["212.3", "549.0"], ["212.3", "591.6"], ["144.5", "591.6"]], "Module_type": "GATE"}], "Area": [["-30.0", "-20.0"], ["431.4", "-20.0"], ["431.4", "944.5"], ["-30.0", "944.5"]], "Rules": ["GATE(5,5)", "SD(5,5)", "GATE_SD(0.5)", "GATE_ITO(0.5)", "SD_ITO(0.5)"]}