{"Modules": [{"Module": "M14", "Boundary": [["30.0", "30.0"], ["82.3", "30.0"], ["82.3", "84.7"], ["98.3", "84.7"], ["98.3", "145.8"], ["30.0", "145.8"]], "Module_type": "GATE", "Ports": [{"Location": [["43.2", "140.5"], ["85.1", "140.5"], ["85.1", "145.8"], ["43.2", "145.8"]], "Type": "SD"}, {"Location": [["30.0", "30.0"], ["82.3", "30.0"], ["82.3", "84.7"], ["98.3", "84.7"], ["98.3", "138.2"], ["30.0", "138.2"]], "Type": "GATE"}, {"Location": [["36.7", "35.7"], ["74.6", "35.7"], ["74.6", "40.4"], ["36.7", "40.4"]], "Type": "SD"}]}, {"Ports": [{"Location": [["197.0", "244.0"], ["202.8", "244.0"], ["202.8", "302.8"], ["197.0", "302.8"]], "Type": "SD"}, {"Location": [["334.6", "230.9"], ["334.6", "302.7"], ["334.3", "302.7"], ["334.3", "315.9"], ["204.7", "315.9"], ["204.7", "230.9"]], "Type": "GATE"}, {"Location": [["323.4", "237.6"], ["328.9", "237.6"], ["328.9", "296.0"], ["323.4", "296.0"]], "Type": "SD"}], "Module": "M9", "Boundary": [["334.6", "230.9"], ["334.6", "302.7"], ["334.3", "302.7"], ["334.3", "315.9"], ["197.0", "315.9"], ["197.0", "230.9"]], "Module_type": "GATE"}, {"Ports": [{"Location": [["33.6", "316.4"], ["71.1", "316.4"], ["71.1", "322.0"], ["33.6", "322.0"]], "Type": "SD"}, {"Location": [["20.0", "195.8"], ["84.7", "195.8"], ["84.7", "314.4"], ["20.0", "314.4"]], "Type": "GATE"}, {"Location": [["26.8", "201.6"], ["77.9", "201.6"], ["77.9", "207.1"], ["26.8", "207.1"]], "Type": "SD"}], "Module": "M5", "Boundary": [["20.0", "195.8"], ["84.7", "195.8"], ["84.7", "322.0"], ["20.0", "322.0"]], "Module_type": "GATE"}, {"Ports": [{"Location": [["225.1", "112.8"], ["231.0", "112.8"], ["231.0", "198.4"], ["225.1", "198.4"]], "Type": "SD"}, {"Location": [["320.6", "100.3"], ["320.6", "195.2"], ["320.3", "195.2"], ["320.3", "210.9"], ["232.1", "210.9"], ["232.1", "100.3"]], "Type": "GATE"}, {"Location": [["310.5", "105.8"], ["316.1", "105.8"], ["316.1", "189.7"], ["310.5", "189.7"]], "Type": "SD"}], "Module": "M11", "Boundary": [["320.6", "100.3"], ["320.6", "195.2"], ["320.3", "195.2"], ["320.3", "210.9"], ["225.1", "210.9"], ["225.1", "100.3"]], "Module_type": "GATE"}, {"Ports": [{"Location": [["208.6", "708.9"], ["304.1", "708.9"], ["304.1", "714.0"], ["208.6", "714.0"]], "Type": "SD"}, {"Location": [["194.6", "617.8"], ["300.5", "617.8"], ["300.5", "617.9"], ["318.1", "617.9"], ["318.1", "706.9"], ["194.6", "706.9"]], "Type": "GATE"}, {"Location": [["200.3", "622.5"], ["294.8", "622.5"], ["294.8", "629.0"], ["200.3", "629.0"]], "Type": "SD"}], "Module": "M1", "Boundary": [["194.6", "617.8"], ["300.5", "617.8"], ["300.5", "617.9"], ["318.1", "617.9"], ["318.1", "714.0"], ["194.6", "714.0"]], "Module_type": "GATE"}, {"Ports": [{"Location": [["225.1", "23.3"], ["229.7", "23.3"], ["229.7", "67.0"], ["225.1", "67.0"]], "Type": "SD"}, {"Location": [["340.3", "10.0"], ["340.3", "63.2"], ["312.6", "63.2"], ["312.6", "80.3"], ["232.4", "80.3"], ["232.4", "10.0"]], "Type": "GATE"}, {"Location": [["330.4", "15.7"], ["335.6", "15.7"], ["335.6", "56.5"], ["330.4", "56.5"]], "Type": "SD"}], "Module": "M6", "Boundary": [["340.3", "10.0"], ["340.3", "63.2"], ["312.6", "63.2"], ["312.6", "80.3"], ["225.1", "80.3"], ["225.1", "10.0"]], "Module_type": "GATE"}, {"Ports": [{"Location": [["34.2", "722.8"], ["130.4", "722.8"], ["130.4", "728.3"], ["34.2", "728.3"]], "Type": "SD"}, {"Location": [["20.0", "607.8"], ["127.9", "607.8"], ["127.9", "617.4"], ["144.6", "617.4"], ["144.6", "720.0"], ["20.0", "720.0"]], "Type": "GATE"}, {"Location": [["25.3", "612.1"], ["121.6", "612.1"], ["121.6", "619.4"], ["25.3", "619.4"]], "Type": "SD"}], "Module": "M2", "Boundary": [["20.0", "607.8"], ["127.9", "607.8"], ["127.9", "617.4"], ["144.6", "617.4"], ["144.6", "728.3"], ["20.0", "728.3"]], "Module_type": "GATE"}, {"Ports": [{"Location": [["10.0", "475.6"], ["15.2", "475.6"], ["15.2", "563.7"], ["10.0", "563.7"]], "Type": "SD"}, {"Location": [["218.6", "461.5"], ["218.6", "562.5"], ["126.2", "562.5"], ["126.2", "577.8"], ["16.8", "577.8"], ["16.8", "461.5"]], "Type": "GATE"}, {"Location": [["207.2", "468.2"], ["212.9", "468.2"], ["212.9", "554.8"], ["207.2", "554.8"]], "Type": "SD"}], "Module": "M16", "Boundary": [["218.6", "461.5"], ["218.6", "562.5"], ["126.2", "562.5"], ["126.2", "577.8"], ["10.0", "577.8"], ["10.0", "461.5"]], "Module_type": "GATE"}, {"Ports": [{"Location": [["10.0", "365.7"], ["16.0", "365.7"], ["16.0", "427.8"], ["10.0", "427.8"]], "Type": "SD"}, {"Location": [["199.4", "352.0"], ["199.4", "427.5"], ["199.3", "427.5"], ["199.3", "441.5"], ["18.8", "441.5"], ["18.8", "352.0"]], "Type": "GATE"}, {"Location": [["187.6", "358.7"], ["193.7", "358.7"], ["193.7", "420.8"], ["187.6", "420.8"]], "Type": "SD"}], "Module": "M13", "Boundary": [["199.4", "352.0"], ["199.4", "427.5"], ["199.3", "427.5"], ["199.3", "441.5"], ["10.0", "441.5"], ["10.0", "352.0"]], "Module_type": "GATE"}, {"Ports": [{"Location": [["151.7", "188.4"], ["191.7", "188.4"], ["191.7", "193.6"], ["151.7", "193.6"]], "Type": "SD"}, {"Location": [["138.3", "10.0"], ["189.7", "10.0"], ["189.7", "90.0"], ["205.1", "90.0"], ["205.1", "186.8"], ["138.3", "186.8"]], "Type": "GATE"}, {"Location": [["143.6", "14.3"], ["183.4", "14.3"], ["183.4", "20.7"], ["143.6", "20.7"]], "Type": "SD"}], "Module": "M10", "Boundary": [["138.3", "10.0"], ["189.7", "10.0"], ["189.7", "90.0"], ["205.1", "90.0"], ["205.1", "193.6"], ["138.3", "193.6"]], "Module_type": "GATE"}, {"Ports": [{"Location": [["382.1", "597.8"], ["448.1", "597.8"], ["448.1", "603.2"], ["382.1", "603.2"]], "Type": "SD"}, {"Location": [["368.1", "385.3"], ["447.4", "385.3"], ["447.4", "385.7"], ["462.1", "385.7"], ["462.1", "595.8"], ["368.1", "595.8"]], "Type": "GATE"}, {"Location": [["375.1", "391.3"], ["440.4", "391.3"], ["440.4", "397.4"], ["375.1", "397.4"]], "Type": "SD"}], "Module": "M7", "Boundary": [["368.1", "385.3"], ["447.4", "385.3"], ["447.4", "385.7"], ["462.1", "385.7"], ["462.1", "603.2"], ["368.1", "603.2"]], "Module_type": "GATE"}, {"Ports": [{"Location": [["126.2", "327.2"], ["165.5", "327.2"], ["165.5", "331.8"], ["126.2", "331.8"]], "Type": "SD"}, {"Location": [["114.7", "213.6"], ["161.0", "213.6"], ["161.0", "213.7"], ["177.0", "213.7"], ["177.0", "326.0"], ["114.7", "326.0"]], "Type": "GATE"}, {"Location": [["120.0", "217.9"], ["155.7", "217.9"], ["155.7", "222.5"], ["120.0", "222.5"]], "Type": "SD"}], "Module": "M3", "Boundary": [["114.7", "213.6"], ["161.0", "213.6"], ["161.0", "213.7"], ["177.0", "213.7"], ["177.0", "331.8"], ["114.7", "331.8"]], "Module_type": "GATE"}, {"Ports": [{"Location": [["368.9", "349.5"], ["459.1", "349.5"], ["459.1", "355.3"], ["368.9", "355.3"]], "Type": "SD"}, {"Location": [["355.4", "146.8"], ["472.6", "146.8"], ["472.6", "346.5"], ["355.4", "346.5"]], "Type": "GATE"}, {"Location": [["361.0", "151.4"], ["467.0", "151.4"], ["467.0", "157.9"], ["361.0", "157.9"]], "Type": "SD"}], "Module": "M15", "Boundary": [["355.4", "146.8"], ["472.6", "146.8"], ["472.6", "355.3"], ["355.4", "355.3"]], "Module_type": "GATE"}, {"Ports": [{"Location": [["358.1", "646.6"], ["363.7", "646.6"], ["363.7", "713.2"], ["358.1", "713.2"]], "Type": "SD"}, {"Location": [["464.1", "633.2"], ["464.1", "712.5"], ["424.2", "712.5"], ["424.2", "726.6"], ["365.5", "726.6"], ["365.5", "633.2"]], "Type": "GATE"}, {"Location": [["452.9", "638.8"], ["459.5", "638.8"], ["459.5", "705.9"], ["452.9", "705.9"]], "Type": "SD"}], "Module": "M12", "Boundary": [["464.1", "633.2"], ["464.1", "712.5"], ["424.2", "712.5"], ["424.2", "726.6"], ["358.1", "726.6"], ["358.1", "633.2"]], "Module_type": "GATE"}, {"Ports": [{"Location": [["262.7", "561.4"], ["311.3", "561.4"], ["311.3", "567.0"], ["262.7", "567.0"]], "Type": "SD"}, {"Location": [["248.6", "345.9"], ["312.3", "345.9"], ["312.3", "481.4"], ["325.4", "481.4"], ["325.4", "559.7"], ["248.6", "559.7"]], "Type": "GATE"}, {"Location": [["254.8", "351.1"], ["305.1", "351.1"], ["305.1", "358.1"], ["254.8", "358.1"]], "Type": "SD"}], "Module": "M8", "Boundary": [["248.6", "345.9"], ["312.3", "345.9"], ["312.3", "481.4"], ["325.4", "481.4"], ["325.4", "567.0"], ["248.6", "567.0"]], "Module_type": "GATE"}, {"Ports": [{"Location": [["383.6", "111.2"], ["426.5", "111.2"], ["426.5", "116.8"], ["383.6", "116.8"]], "Type": "SD"}, {"Location": [["370.3", "20.0"], ["423.2", "20.0"], ["423.2", "55.9"], ["439.8", "55.9"], ["439.8", "108.5"], ["370.3", "108.5"]], "Type": "GATE"}, {"Location": [["377.0", "25.7"], ["415.5", "25.7"], ["415.5", "29.9"], ["377.0", "29.9"]], "Type": "SD"}], "Module": "M4", "Boundary": [["370.3", "20.0"], ["423.2", "20.0"], ["423.2", "55.9"], ["439.8", "55.9"], ["439.8", "116.8"], ["370.3", "116.8"]], "Module_type": "GATE"}], "Area": [["-30.0", "-30.0"], ["512.6", "-30.0"], ["512.6", "768.3"], ["-30.0", "768.3"]], "Rules": ["GATE(5,5)", "SD(5,5)", "GATE_SD(0.5)", "GATE_ITO(0.5)", "SD_ITO(0.5)"]}