{"Modules": [{"Module": "M14", "Boundary": [["349.6", "467.0"], ["349.6", "513.5"], ["325.7", "513.5"], ["325.7", "526.1"], ["265.3", "526.1"], ["265.3", "467.0"]], "Module_type": "GATE", "Ports": [{"Location": [["265.3", "479.8"], ["270.8", "479.8"], ["270.8", "513.3"], ["265.3", "513.3"]], "Type": "SD"}, {"Location": [["349.6", "467.0"], ["349.6", "513.5"], ["325.7", "513.5"], ["325.7", "526.1"], ["271.8", "526.1"], ["271.8", "467.0"]], "Type": "GATE"}, {"Location": [["338.7", "473.5"], ["344.1", "473.5"], ["344.1", "506.0"], ["338.7", "506.0"]], "Type": "SD"}]}, {"Ports": [{"Location": [["215.5", "382.1"], ["253.8", "382.1"], ["253.8", "386.5"], ["215.5", "386.5"]], "Type": "SD"}, {"Location": [["201.8", "244.4"], ["251.8", "244.4"], ["251.8", "244.4"], ["267.5", "244.4"], ["267.5", "380.6"], ["201.8", "380.6"]], "Type": "GATE"}, {"Location": [["207.1", "248.7"], ["246.5", "248.7"], ["246.5", "255.8"], ["207.1", "255.8"]], "Type": "SD"}], "Module": "M9", "Boundary": [["201.8", "244.4"], ["251.8", "244.4"], ["251.8", "244.4"], ["267.5", "244.4"], ["267.5", "386.5"], ["201.8", "386.5"]], "Module_type": "GATE"}, {"Ports": [{"Location": [["351.7", "151.5"], ["357.4", "151.5"], ["357.4", "213.4"], ["351.7", "213.4"]], "Type": "SD"}, {"Location": [["525.6", "136.7"], ["525.6", "210.0"], ["525.3", "210.0"], ["525.3", "228.2"], ["359.9", "228.2"], ["359.9", "136.7"]], "Type": "GATE"}, {"Location": [["514.0", "143.1"], ["520.2", "143.1"], ["520.2", "203.6"], ["514.0", "203.6"]], "Type": "SD"}], "Module": "M5", "Boundary": [["525.6", "136.7"], ["525.6", "210.0"], ["525.3", "210.0"], ["525.3", "228.2"], ["351.7", "228.2"], ["351.7", "136.7"]], "Module_type": "GATE"}, {"Ports": [{"Location": [["10.0", "514.4"], ["14.3", "514.4"], ["14.3", "536.0"], ["10.0", "536.0"]], "Type": "SD"}, {"Location": [["225.3", "501.3"], ["225.3", "549.1"], ["15.3", "549.1"], ["15.3", "501.3"]], "Type": "GATE"}, {"Location": [["214.6", "507.9"], ["219.7", "507.9"], ["219.7", "542.5"], ["214.6", "542.5"]], "Type": "SD"}], "Module": "M11", "Boundary": [["225.3", "501.3"], ["225.3", "549.1"], ["10.0", "549.1"], ["10.0", "501.3"]], "Module_type": "GATE"}, {"Ports": [{"Location": [["307.5", "291.9"], ["312.6", "291.9"], ["312.6", "393.3"], ["307.5", "393.3"]], "Type": "SD"}, {"Location": [["510.8", "278.2"], ["510.8", "407.0"], ["313.7", "407.0"], ["313.7", "278.2"]], "Type": "GATE"}, {"Location": [["500.5", "283.9"], ["506.1", "283.9"], ["506.1", "401.3"], ["500.5", "401.3"]], "Type": "SD"}], "Module": "M1", "Boundary": [["510.8", "278.2"], ["510.8", "407.0"], ["307.5", "407.0"], ["307.5", "278.2"]], "Module_type": "GATE"}, {"Ports": [{"Location": [["288.6", "97.4"], ["327.1", "97.4"], ["327.1", "102.9"], ["288.6", "102.9"]], "Type": "SD"}, {"Location": [["275.4", "10.0"], ["325.5", "10.0"], ["325.5", "57.7"], ["340.3", "57.7"], ["340.3", "95.2"], ["275.4", "95.2"]], "Type": "GATE"}, {"Location": [["282.3", "15.9"], ["317.6", "15.9"], ["317.6", "20.4"], ["282.3", "20.4"]], "Type": "SD"}], "Module": "M6", "Boundary": [["275.4", "10.0"], ["325.5", "10.0"], ["325.5", "57.7"], ["340.3", "57.7"], ["340.3", "102.9"], ["275.4", "102.9"]], "Module_type": "GATE"}, {"Ports": [{"Location": [["268.6", "644.5"], ["305.5", "644.5"], ["305.5", "649.9"], ["268.6", "649.9"]], "Type": "SD"}, {"Location": [["255.3", "576.1"], ["304.5", "576.1"], ["304.5", "605.4"], ["318.8", "605.4"], ["318.8", "642.4"], ["255.3", "642.4"]], "Type": "GATE"}, {"Location": [["261.4", "581.2"], ["297.4", "581.2"], ["297.4", "586.9"], ["261.4", "586.9"]], "Type": "SD"}], "Module": "M2", "Boundary": [["255.3", "576.1"], ["304.5", "576.1"], ["304.5", "605.4"], ["318.8", "605.4"], ["318.8", "649.9"], ["255.3", "649.9"]], "Module_type": "GATE"}, {"Ports": [{"Location": [["182.2", "135.6"], ["187.8", "135.6"], ["187.8", "211.7"], ["182.2", "211.7"]], "Type": "SD"}, {"Location": [["321.7", "122.9"], ["321.7", "211.4"], ["264.4", "211.4"], ["264.4", "224.4"], ["190.2", "224.4"], ["190.2", "122.9"]], "Type": "GATE"}, {"Location": [["311.2", "128.1"], ["317.5", "128.1"], ["317.5", "205.2"], ["311.2", "205.2"]], "Type": "SD"}], "Module": "M16", "Boundary": [["321.7", "122.9"], ["321.7", "211.4"], ["264.4", "211.4"], ["264.4", "224.4"], ["182.2", "224.4"], ["182.2", "122.9"]], "Module_type": "GATE"}, {"Ports": [{"Location": [["10.0", "431.9"], ["14.2", "431.9"], ["14.2", "469.2"], ["10.0", "469.2"]], "Type": "SD"}, {"Location": [["211.2", "419.8"], ["211.2", "466.3"], ["211.1", "466.3"], ["211.1", "481.3"], ["16.6", "481.3"], ["16.6", "419.8"]], "Type": "GATE"}, {"Location": [["200.8", "425.0"], ["207.0", "425.0"], ["207.0", "461.1"], ["200.8", "461.1"]], "Type": "SD"}], "Module": "M13", "Boundary": [["211.2", "419.8"], ["211.2", "466.3"], ["211.1", "466.3"], ["211.1", "481.3"], ["10.0", "481.3"], ["10.0", "419.8"]], "Module_type": "GATE"}, {"Ports": [{"Location": [["360.3", "21.7"], ["365.1", "21.7"], ["365.1", "95.0"], ["360.3", "95.0"]], "Type": "SD"}, {"Location": [["525.6", "10.0"], ["525.6", "94.3"], ["440.7", "94.3"], ["440.7", "106.7"], ["366.7", "106.7"], ["366.7", "10.0"]], "Type": "GATE"}, {"Location": [["515.7", "15.7"], ["520.9", "15.7"], ["520.9", "87.6"], ["515.7", "87.6"]], "Type": "SD"}], "Module": "M10", "Boundary": [["525.6", "10.0"], ["525.6", "94.3"], ["440.7", "94.3"], ["440.7", "106.7"], ["360.3", "106.7"], ["360.3", "10.0"]], "Module_type": "GATE"}, {"Ports": [{"Location": [["20.0", "593.0"], ["24.6", "593.0"], ["24.6", "648.5"], ["20.0", "648.5"]], "Type": "SD"}, {"Location": [["213.5", "579.1"], ["213.5", "646.5"], ["213.2", "646.5"], ["213.2", "662.4"], ["26.4", "662.4"], ["26.4", "579.1"]], "Type": "GATE"}, {"Location": [["201.4", "585.9"], ["207.7", "585.9"], ["207.7", "639.7"], ["201.4", "639.7"]], "Type": "SD"}], "Module": "M7", "Boundary": [["213.5", "579.1"], ["213.5", "646.5"], ["213.2", "646.5"], ["213.2", "662.4"], ["20.0", "662.4"], ["20.0", "579.1"]], "Module_type": "GATE"}, {"Ports": [{"Location": [["389.6", "459.7"], ["395.3", "459.7"], ["395.3", "532.1"], ["389.6", "532.1"]], "Type": "SD"}, {"Location": [["540.3", "447.0"], ["540.3", "544.8"], ["396.9", "544.8"], ["396.9", "447.0"]], "Type": "GATE"}, {"Location": [["529.9", "452.7"], ["535.6", "452.7"], ["535.6", "539.1"], ["529.9", "539.1"]], "Type": "SD"}], "Module": "M3", "Boundary": [["540.3", "447.0"], ["540.3", "544.8"], ["389.6", "544.8"], ["389.6", "447.0"]], "Module_type": "GATE"}, {"Ports": [{"Location": [["348.8", "579.4"], ["354.5", "579.4"], ["354.5", "654.4"], ["348.8", "654.4"]], "Type": "SD"}, {"Location": [["533.6", "566.1"], ["533.6", "667.7"], ["356.1", "667.7"], ["356.1", "566.1"]], "Type": "GATE"}, {"Location": [["523.5", "571.6"], ["529.1", "571.6"], ["529.1", "662.2"], ["523.5", "662.2"]], "Type": "SD"}], "Module": "M15", "Boundary": [["533.6", "566.1"], ["533.6", "667.7"], ["348.8", "667.7"], ["348.8", "566.1"]], "Module_type": "GATE"}, {"Ports": [{"Location": [["182.2", "23.9"], ["187.2", "23.9"], ["187.2", "84.9"], ["182.2", "84.9"]], "Type": "SD"}, {"Location": [["255.4", "10.0"], ["255.4", "81.9"], ["226.2", "81.9"], ["226.2", "98.8"], ["189.6", "98.8"], ["189.6", "10.0"]], "Type": "GATE"}, {"Location": [["244.9", "15.3"], ["251.1", "15.3"], ["251.1", "75.6"], ["244.9", "75.6"]], "Type": "SD"}], "Module": "M12", "Boundary": [["255.4", "10.0"], ["255.4", "81.9"], ["226.2", "81.9"], ["226.2", "98.8"], ["182.2", "98.8"], ["182.2", "10.0"]], "Module_type": "GATE"}, {"Ports": [{"Location": [["36.2", "233.7"], ["136.0", "233.7"], ["136.0", "238.8"], ["36.2", "238.8"]], "Type": "SD"}, {"Location": [["20.0", "20.0"], ["134.8", "20.0"], ["134.8", "97.5"], ["152.2", "97.5"], ["152.2", "232.4"], ["20.0", "232.4"]], "Type": "GATE"}, {"Location": [["26.8", "25.8"], ["127.0", "25.8"], ["127.0", "33.2"], ["26.8", "33.2"]], "Type": "SD"}], "Module": "M8", "Boundary": [["20.0", "20.0"], ["134.8", "20.0"], ["134.8", "97.5"], ["152.2", "97.5"], ["152.2", "238.8"], ["20.0", "238.8"]], "Module_type": "GATE"}, {"Ports": [{"Location": [["20.0", "292.3"], ["24.5", "292.3"], ["24.5", "376.3"], ["20.0", "376.3"]], "Type": "SD"}, {"Location": [["171.8", "278.8"], ["171.8", "375.3"], ["94.5", "375.3"], ["94.5", "389.8"], ["26.1", "389.8"], ["26.1", "278.8"]], "Type": "GATE"}, {"Location": [["161.2", "284.8"], ["166.8", "284.8"], ["166.8", "368.3"], ["161.2", "368.3"]], "Type": "SD"}], "Module": "M4", "Boundary": [["171.8", "278.8"], ["171.8", "375.3"], ["94.5", "375.3"], ["94.5", "389.8"], ["20.0", "389.8"], ["20.0", "278.8"]], "Module_type": "GATE"}], "Area": [["-30.0", "-30.0"], ["580.3", "-30.0"], ["580.3", "707.7"], ["-30.0", "707.7"]], "Rules": ["GATE(5,5)", "SD(5,5)", "GATE_SD(0.5)", "GATE_ITO(0.5)", "SD_ITO(0.5)"]}