{"Modules": [{"Module": "M14", "Boundary": [["30.0", "333.0"], ["138.6", "333.0"], ["138.6", "530.7"], ["30.0", "530.7"]], "Module_type": "GATE", "Ports": [{"Location": [["43.5", "526.1"], ["125.1", "526.1"], ["125.1", "530.7"], ["43.5", "530.7"]], "Type": "SD"}, {"Location": [["30.0", "333.0"], ["138.6", "333.0"], ["138.6", "525.0"], ["30.0", "525.0"]], "Type": "GATE"}, {"Location": [["36.9", "338.9"], ["131.7", "338.9"], ["131.7", "343.7"], ["36.9", "343.7"]], "Type": "SD"}]}, {"Ports": [{"Location": [["174.3", "986.4"], ["247.2", "986.4"], ["247.2", "990.7"], ["174.3", "990.7"]], "Type": "SD"}, {"Location": [["160.4", "846.4"], ["261.1", "846.4"], ["261.1", "984.9"], ["160.4", "984.9"]], "Type": "GATE"}, {"Location": [["166.2", "851.2"], ["255.3", "851.2"], ["255.3", "857.4"], ["166.2", "857.4"]], "Type": "SD"}], "Module": "M9", "Boundary": [["160.4", "846.4"], ["261.1", "846.4"], ["261.1", "990.7"], ["160.4", "990.7"]], "Module_type": "GATE"}, {"Ports": [{"Location": [["20.0", "753.1"], ["24.3", "753.1"], ["24.3", "804.2"], ["20.0", "804.2"]], "Type": "SD"}, {"Location": [["223.1", "740.9"], ["223.1", "816.4"], ["26.9", "816.4"], ["26.9", "740.9"]], "Type": "GATE"}, {"Location": [["212.8", "747.1"], ["217.9", "747.1"], ["217.9", "810.2"], ["212.8", "810.2"]], "Type": "SD"}], "Module": "M5", "Boundary": [["223.1", "740.9"], ["223.1", "816.4"], ["20.0", "816.4"], ["20.0", "740.9"]], "Module_type": "GATE"}, {"Ports": [{"Location": [["209.0", "373.2"], ["246.9", "373.2"], ["246.9", "377.2"], ["209.0", "377.2"]], "Type": "SD"}, {"Location": [["196.1", "205.9"], ["244.8", "205.9"], ["244.8", "206.1"], ["259.8", "206.1"], ["259.8", "370.7"], ["196.1", "370.7"]], "Type": "GATE"}, {"Location": [["202.0", "210.8"], ["238.9", "210.8"], ["238.9", "216.8"], ["202.0", "216.8"]], "Type": "SD"}], "Module": "M11", "Boundary": [["196.1", "205.9"], ["244.8", "205.9"], ["244.8", "206.1"], ["259.8", "206.1"], ["259.8", "377.2"], ["196.1", "377.2"]], "Module_type": "GATE"}, {"Ports": [{"Location": [["41.6", "168.5"], ["94.8", "168.5"], ["94.8", "173.4"], ["41.6", "173.4"]], "Type": "SD"}, {"Location": [["30.0", "30.0"], ["90.9", "30.0"], ["90.9", "30.3"], ["106.4", "30.3"], ["106.4", "166.5"], ["30.0", "166.5"]], "Type": "GATE"}, {"Location": [["35.1", "34.1"], ["85.8", "34.1"], ["85.8", "39.1"], ["35.1", "39.1"]], "Type": "SD"}], "Module": "M1", "Boundary": [["30.0", "30.0"], ["90.9", "30.0"], ["90.9", "30.3"], ["106.4", "30.3"], ["106.4", "173.4"], ["30.0", "173.4"]], "Module_type": "GATE"}, {"Ports": [{"Location": [["293.7", "1039.3"], ["348.4", "1039.3"], ["348.4", "1043.6"], ["293.7", "1043.6"]], "Type": "SD"}, {"Location": [["281.1", "836.3"], ["345.1", "836.3"], ["345.1", "836.6"], ["361.0", "836.6"], ["361.0", "1036.8"], ["281.1", "1036.8"]], "Type": "GATE"}, {"Location": [["287.1", "841.3"], ["339.1", "841.3"], ["339.1", "846.1"], ["287.1", "846.1"]], "Type": "SD"}], "Module": "M6", "Boundary": [["281.1", "836.3"], ["345.1", "836.3"], ["345.1", "836.6"], ["361.0", "836.6"], ["361.0", "1043.6"], ["281.1", "1043.6"]], "Module_type": "GATE"}, {"Ports": [{"Location": [["188.6", "422.4"], ["194.1", "422.4"], ["194.1", "502.4"], ["188.6", "502.4"]], "Type": "SD"}, {"Location": [["345.6", "407.2"], ["345.6", "499.6"], ["345.4", "499.6"], ["345.4", "517.6"], ["195.8", "517.6"], ["195.8", "407.2"]], "Type": "GATE"}, {"Location": [["333.0", "413.9"], ["339.9", "413.9"], ["339.9", "492.9"], ["333.0", "492.9"]], "Type": "SD"}], "Module": "M2", "Boundary": [["345.6", "407.2"], ["345.6", "499.6"], ["345.4", "499.6"], ["345.4", "517.6"], ["188.6", "517.6"], ["188.6", "407.2"]], "Module_type": "GATE"}, {"Ports": [{"Location": [["266.7", "811.0"], ["337.5", "811.0"], ["337.5", "816.3"], ["266.7", "816.3"]], "Type": "SD"}, {"Location": [["253.1", "730.9"], ["351.1", "730.9"], ["351.1", "808.1"], ["253.1", "808.1"]], "Type": "GATE"}, {"Location": [["258.3", "735.1"], ["345.9", "735.1"], ["345.9", "741.7"], ["258.3", "741.7"]], "Type": "SD"}], "Module": "M16", "Boundary": [["253.1", "730.9"], ["351.1", "730.9"], ["351.1", "816.3"], ["253.1", "816.3"]], "Module_type": "GATE"}, {"Ports": [{"Location": [["293.3", "351.1"], ["347.6", "351.1"], ["347.6", "355.8"], ["293.3", "355.8"]], "Type": "SD"}, {"Location": [["279.8", "205.9"], ["361.1", "205.9"], ["361.1", "349.3"], ["279.8", "349.3"]], "Type": "GATE"}, {"Location": [["286.0", "211.1"], ["354.9", "211.1"], ["354.9", "217.5"], ["286.0", "217.5"]], "Type": "SD"}], "Module": "M13", "Boundary": [["279.8", "205.9"], ["361.1", "205.9"], ["361.1", "355.8"], ["279.8", "355.8"]], "Module_type": "GATE"}, {"Ports": [{"Location": [["213.2", "560.1"], ["219.1", "560.1"], ["219.1", "629.7"], ["213.2", "629.7"]], "Type": "SD"}, {"Location": [["326.5", "547.6"], ["326.5", "626.8"], ["326.2", "626.8"], ["326.2", "642.2"], ["220.5", "642.2"], ["220.5", "547.6"]], "Type": "GATE"}, {"Location": [["315.9", "553.9"], ["321.2", "553.9"], ["321.2", "620.5"], ["315.9", "620.5"]], "Type": "SD"}], "Module": "M10", "Boundary": [["326.5", "547.6"], ["326.5", "626.8"], ["326.2", "626.8"], ["326.2", "642.2"], ["213.2", "642.2"], ["213.2", "547.6"]], "Module_type": "GATE"}, {"Ports": [{"Location": [["33.3", "1003.4"], ["117.1", "1003.4"], ["117.1", "1009.0"], ["33.3", "1009.0"]], "Type": "SD"}, {"Location": [["20.0", "856.4"], ["114.9", "856.4"], ["114.9", "856.7"], ["130.4", "856.7"], ["130.4", "1001.7"], ["20.0", "1001.7"]], "Type": "GATE"}, {"Location": [["25.8", "861.2"], ["109.1", "861.2"], ["109.1", "867.2"], ["25.8", "867.2"]], "Type": "SD"}], "Module": "M7", "Boundary": [["20.0", "856.4"], ["114.9", "856.4"], ["114.9", "856.7"], ["130.4", "856.7"], ["130.4", "1009.0"], ["20.0", "1009.0"]], "Module_type": "GATE"}, {"Ports": [{"Location": [["213.2", "675.5"], ["218.3", "675.5"], ["218.3", "697.6"], ["213.2", "697.6"]], "Type": "SD"}, {"Location": [["334.1", "662.2"], ["334.1", "694.9"], ["333.9", "694.9"], ["333.9", "710.9"], ["219.6", "710.9"], ["219.6", "662.2"]], "Type": "GATE"}, {"Location": [["324.1", "667.8"], ["329.5", "667.8"], ["329.5", "689.3"], ["324.1", "689.3"]], "Type": "SD"}], "Module": "M3", "Boundary": [["334.1", "662.2"], ["334.1", "694.9"], ["333.9", "694.9"], ["333.9", "710.9"], ["213.2", "710.9"], ["213.2", "662.2"]], "Module_type": "GATE"}, {"Ports": [{"Location": [["146.4", "149.0"], ["152.2", "149.0"], ["152.2", "171.3"], ["146.4", "171.3"]], "Type": "SD"}, {"Location": [["318.1", "134.4"], ["318.1", "185.9"], ["154.5", "185.9"], ["154.5", "134.4"]], "Type": "GATE"}, {"Location": [["306.7", "140.8"], ["312.7", "140.8"], ["312.7", "179.5"], ["306.7", "179.5"]], "Type": "SD"}], "Module": "M15", "Boundary": [["318.1", "134.4"], ["318.1", "185.9"], ["146.4", "185.9"], ["146.4", "134.4"]], "Module_type": "GATE"}, {"Ports": [{"Location": [["146.4", "23.7"], ["152.4", "23.7"], ["152.4", "100.7"], ["146.4", "100.7"]], "Type": "SD"}, {"Location": [["357.4", "10.0"], ["357.4", "114.4"], ["153.4", "114.4"], ["153.4", "10.0"]], "Type": "GATE"}, {"Location": [["347.0", "16.0"], ["352.4", "16.0"], ["352.4", "108.4"], ["347.0", "108.4"]], "Type": "SD"}], "Module": "M12", "Boundary": [["357.4", "10.0"], ["357.4", "114.4"], ["146.4", "114.4"], ["146.4", "10.0"]], "Module_type": "GATE"}, {"Ports": [{"Location": [["20.0", "236.7"], ["25.1", "236.7"], ["25.1", "269.7"], ["20.0", "269.7"]], "Type": "SD"}, {"Location": [["166.1", "223.4"], ["166.1", "283.0"], ["26.2", "283.0"], ["26.2", "223.4"]], "Type": "GATE"}, {"Location": [["154.4", "229.7"], ["160.8", "229.7"], ["160.8", "276.7"], ["154.4", "276.7"]], "Type": "SD"}], "Module": "M8", "Boundary": [["166.1", "223.4"], ["166.1", "283.0"], ["20.0", "283.0"], ["20.0", "223.4"]], "Module_type": "GATE"}, {"Ports": [{"Location": [["20.0", "595.0"], ["25.9", "595.0"], ["25.9", "678.5"], ["20.0", "678.5"]], "Type": "SD"}, {"Location": [["183.2", "580.7"], ["183.2", "677.4"], ["182.9", "677.4"], ["182.9", "692.8"], ["28.7", "692.8"], ["28.7", "580.7"]], "Type": "GATE"}, {"Location": [["170.9", "586.9"], ["178.0", "586.9"], ["178.0", "671.2"], ["170.9", "671.2"]], "Type": "SD"}], "Module": "M4", "Boundary": [["183.2", "580.7"], ["183.2", "677.4"], ["182.9", "677.4"], ["182.9", "692.8"], ["20.0", "692.8"], ["20.0", "580.7"]], "Module_type": "GATE"}], "Area": [["-20.0", "-30.0"], ["401.1", "-30.0"], ["401.1", "1083.6"], ["-20.0", "1083.6"]], "Rules": ["GATE(5,5)", "SD(5,5)", "GATE_SD(0.5)", "GATE_ITO(0.5)", "SD_ITO(0.5)"]}