{"Modules": [{"Module": "M14", "Boundary": [["470.7", "636.4"], ["519.1", "636.4"], ["519.1", "814.4"], ["470.7", "814.4"]], "Module_type": "GATE", "Ports": [{"Location": [["484.4", "810.3"], ["505.4", "810.3"], ["505.4", "814.4"], ["484.4", "814.4"]], "Type": "SD"}, {"Location": [["470.7", "636.4"], ["519.1", "636.4"], ["519.1", "808.2"], ["470.7", "808.2"]], "Type": "GATE"}, {"Location": [["476.3", "641.0"], ["513.5", "641.0"], ["513.5", "648.3"], ["476.3", "648.3"]], "Type": "SD"}]}, {"Ports": [{"Location": [["150.4", "358.5"], ["254.3", "358.5"], ["254.3", "364.0"], ["150.4", "364.0"]], "Type": "SD"}, {"Location": [["135.5", "151.6"], ["269.2", "151.6"], ["269.2", "356.3"], ["135.5", "356.3"]], "Type": "GATE"}, {"Location": [["140.9", "156.0"], ["263.8", "156.0"], ["263.8", "163.1"], ["140.9", "163.1"]], "Type": "SD"}], "Module": "M9", "Boundary": [["135.5", "151.6"], ["269.2", "151.6"], ["269.2", "364.0"], ["135.5", "364.0"]], "Module_type": "GATE"}, {"Ports": [{"Location": [["34.9", "385.3"], ["90.6", "385.3"], ["90.6", "390.7"], ["34.9", "390.7"]], "Type": "SD"}, {"Location": [["20.0", "161.6"], ["89.5", "161.6"], ["89.5", "161.8"], ["105.5", "161.8"], ["105.5", "383.5"], ["20.0", "383.5"]], "Type": "GATE"}, {"Location": [["26.8", "167.4"], ["82.7", "167.4"], ["82.7", "174.4"], ["26.8", "174.4"]], "Type": "SD"}], "Module": "M5", "Boundary": [["20.0", "161.6"], ["89.5", "161.6"], ["89.5", "161.8"], ["105.5", "161.8"], ["105.5", "390.7"], ["20.0", "390.7"]], "Module_type": "GATE"}, {"Ports": [{"Location": [["490.6", "211.0"], ["534.2", "211.0"], ["534.2", "216.6"], ["490.6", "216.6"]], "Type": "SD"}, {"Location": [["476.5", "10.0"], ["548.3", "10.0"], ["548.3", "208.9"], ["476.5", "208.9"]], "Type": "GATE"}, {"Location": [["481.8", "14.3"], ["543.0", "14.3"], ["543.0", "20.7"], ["481.8", "20.7"]], "Type": "SD"}], "Module": "M11", "Boundary": [["476.5", "10.0"], ["548.3", "10.0"], ["548.3", "216.6"], ["476.5", "216.6"]], "Module_type": "GATE"}, {"Ports": [{"Location": [["324.9", "233.5"], ["420.8", "233.5"], ["420.8", "238.7"], ["324.9", "238.7"]], "Type": "SD"}, {"Location": [["309.2", "30.0"], ["418.8", "30.0"], ["418.8", "30.3"], ["436.5", "30.3"], ["436.5", "231.7"], ["309.2", "231.7"]], "Type": "GATE"}, {"Location": [["315.8", "35.6"], ["412.2", "35.6"], ["412.2", "42.7"], ["315.8", "42.7"]], "Type": "SD"}], "Module": "M1", "Boundary": [["309.2", "30.0"], ["418.8", "30.0"], ["418.8", "30.3"], ["436.5", "30.3"], ["436.5", "238.7"], ["309.2", "238.7"]], "Module_type": "GATE"}, {"Ports": [{"Location": [["428.0", "504.6"], ["433.2", "504.6"], ["433.2", "584.3"], ["428.0", "584.3"]], "Type": "SD"}, {"Location": [["539.1", "492.5"], ["539.1", "596.4"], ["435.1", "596.4"], ["435.1", "492.5"]], "Type": "GATE"}, {"Location": [["529.5", "498.6"], ["534.0", "498.6"], ["534.0", "590.3"], ["529.5", "590.3"]], "Type": "SD"}], "Module": "M6", "Boundary": [["539.1", "492.5"], ["539.1", "596.4"], ["428.0", "596.4"], ["428.0", "492.5"]], "Module_type": "GATE"}, {"Ports": [{"Location": [["299.2", "303.2"], ["305.2", "303.2"], ["305.2", "372.2"], ["299.2", "372.2"]], "Type": "SD"}, {"Location": [["400.5", "288.7"], ["400.5", "386.7"], ["307.4", "386.7"], ["307.4", "288.7"]], "Type": "GATE"}, {"Location": [["388.3", "294.7"], ["395.5", "294.7"], ["395.5", "380.7"], ["388.3", "380.7"]], "Type": "SD"}], "Module": "M2", "Boundary": [["400.5", "288.7"], ["400.5", "386.7"], ["299.2", "386.7"], ["299.2", "288.7"]], "Module_type": "GATE"}, {"Ports": [{"Location": [["444.0", "467.1"], ["528.5", "467.1"], ["528.5", "472.5"], ["444.0", "472.5"]], "Type": "SD"}, {"Location": [["430.5", "278.7"], ["526.6", "278.7"], ["526.6", "279.0"], ["542.0", "279.0"], ["542.0", "465.3"], ["430.5", "465.3"]], "Type": "GATE"}, {"Location": [["437.1", "284.3"], ["520.0", "284.3"], ["520.0", "290.1"], ["437.1", "290.1"]], "Type": "SD"}], "Module": "M16", "Boundary": [["430.5", "278.7"], ["526.6", "278.7"], ["526.6", "279.0"], ["542.0", "279.0"], ["542.0", "472.5"], ["430.5", "472.5"]], "Module_type": "GATE"}, {"Ports": [{"Location": [["254.9", "640.9"], ["260.1", "640.9"], ["260.1", "731.4"], ["254.9", "731.4"]], "Type": "SD"}, {"Location": [["430.7", "627.2"], ["430.7", "728.4"], ["430.2", "728.4"], ["430.2", "745.1"], ["261.7", "745.1"], ["261.7", "627.2"]], "Type": "GATE"}, {"Location": [["420.1", "633.9"], ["425.0", "633.9"], ["425.0", "721.7"], ["420.1", "721.7"]], "Type": "SD"}], "Module": "M13", "Boundary": [["430.7", "627.2"], ["430.7", "728.4"], ["430.2", "728.4"], ["430.2", "745.1"], ["254.9", "745.1"], ["254.9", "627.2"]], "Module_type": "GATE"}, {"Ports": [{"Location": [["23.0", "549.7"], ["98.3", "549.7"], ["98.3", "554.9"], ["23.0", "554.9"]], "Type": "SD"}, {"Location": [["10.0", "420.7"], ["111.3", "420.7"], ["111.3", "547.1"], ["10.0", "547.1"]], "Type": "GATE"}, {"Location": [["15.0", "424.7"], ["106.3", "424.7"], ["106.3", "431.1"], ["15.0", "431.1"]], "Type": "SD"}], "Module": "M10", "Boundary": [["10.0", "420.7"], ["111.3", "420.7"], ["111.3", "554.9"], ["10.0", "554.9"]], "Module_type": "GATE"}, {"Ports": [{"Location": [["20.0", "636.0"], ["25.3", "636.0"], ["25.3", "707.3"], ["20.0", "707.3"]], "Type": "SD"}, {"Location": [["224.9", "622.1"], ["224.9", "705.0"], ["224.5", "705.0"], ["224.5", "721.2"], ["27.4", "721.2"], ["27.4", "622.1"]], "Type": "GATE"}, {"Location": [["214.1", "629.1"], ["218.9", "629.1"], ["218.9", "698.0"], ["214.1", "698.0"]], "Type": "SD"}], "Module": "M7", "Boundary": [["224.9", "622.1"], ["224.9", "705.0"], ["224.5", "705.0"], ["224.5", "721.2"], ["20.0", "721.2"], ["20.0", "622.1"]], "Module_type": "GATE"}, {"Ports": [{"Location": [["149.8", "586.7"], ["239.7", "586.7"], ["239.7", "592.1"], ["149.8", "592.1"]], "Type": "SD"}, {"Location": [["135.5", "384.0"], ["254.0", "384.0"], ["254.0", "585.6"], ["135.5", "585.6"]], "Type": "GATE"}, {"Location": [["142.1", "389.6"], ["247.4", "389.6"], ["247.4", "394.8"], ["142.1", "394.8"]], "Type": "SD"}], "Module": "M3", "Boundary": [["135.5", "384.0"], ["254.0", "384.0"], ["254.0", "592.1"], ["135.5", "592.1"]], "Module_type": "GATE"}, {"Ports": [{"Location": [["10.0", "765.1"], ["15.5", "765.1"], ["15.5", "820.1"], ["10.0", "820.1"]], "Type": "SD"}, {"Location": [["162.7", "751.2"], ["162.7", "817.8"], ["162.3", "817.8"], ["162.3", "834.0"], ["17.0", "834.0"], ["17.0", "751.2"]], "Type": "GATE"}, {"Location": [["152.0", "756.6"], ["158.3", "756.6"], ["158.3", "812.4"], ["152.0", "812.4"]], "Type": "SD"}], "Module": "M15", "Boundary": [["162.7", "751.2"], ["162.7", "817.8"], ["162.3", "817.8"], ["162.3", "834.0"], ["10.0", "834.0"], ["10.0", "751.2"]], "Module_type": "GATE"}, {"Ports": [{"Location": [["182.7", "779.7"], ["187.7", "779.7"], ["187.7", "825.5"], ["182.7", "825.5"]], "Type": "SD"}, {"Location": [["377.6", "765.1"], ["377.6", "840.1"], ["190.0", "840.1"], ["190.0", "765.1"]], "Type": "GATE"}, {"Location": [["366.4", "771.1"], ["372.6", "771.1"], ["372.6", "834.1"], ["366.4", "834.1"]], "Type": "SD"}], "Module": "M12", "Boundary": [["377.6", "765.1"], ["377.6", "840.1"], ["182.7", "840.1"], ["182.7", "765.1"]], "Module_type": "GATE"}, {"Ports": [{"Location": [["20.0", "33.8"], ["25.6", "33.8"], ["25.6", "107.8"], ["20.0", "107.8"]], "Type": "SD"}, {"Location": [["244.1", "20.0"], ["244.1", "121.6"], ["27.4", "121.6"], ["27.4", "20.0"]], "Type": "GATE"}, {"Location": [["233.5", "25.6"], ["239.5", "25.6"], ["239.5", "116.0"], ["233.5", "116.0"]], "Type": "SD"}], "Module": "M8", "Boundary": [["244.1", "20.0"], ["244.1", "121.6"], ["20.0", "121.6"], ["20.0", "20.0"]], "Module_type": "GATE"}, {"Ports": [{"Location": [["300.7", "591.6"], ["381.3", "591.6"], ["381.3", "597.2"], ["300.7", "597.2"]], "Type": "SD"}, {"Location": [["284.0", "426.7"], ["398.0", "426.7"], ["398.0", "589.7"], ["284.0", "589.7"]], "Type": "GATE"}, {"Location": [["290.8", "432.5"], ["391.2", "432.5"], ["391.2", "440.1"], ["290.8", "440.1"]], "Type": "SD"}], "Module": "M4", "Boundary": [["284.0", "426.7"], ["398.0", "426.7"], ["398.0", "597.2"], ["284.0", "597.2"]], "Module_type": "GATE"}], "Area": [["-30.0", "-30.0"], ["588.3", "-30.0"], ["588.3", "880.1"], ["-30.0", "880.1"]], "Rules": ["GATE(5,5)", "SD(5,5)", "GATE_SD(0.5)", "GATE_ITO(0.5)", "SD_ITO(0.5)"]}