{"Modules": [{"Module": "M14", "Boundary": [["30.0", "211.4"], ["98.1", "211.4"], ["98.1", "211.6"], ["114.8", "211.6"], ["114.8", "358.9"], ["30.0", "358.9"]], "Module_type": "GATE", "Ports": [{"Location": [["43.6", "354.9"], ["101.2", "354.9"], ["101.2", "358.9"], ["43.6", "358.9"]], "Type": "SD"}, {"Location": [["30.0", "211.4"], ["98.1", "211.4"], ["98.1", "211.6"], ["114.8", "211.6"], ["114.8", "353.9"], ["30.0", "353.9"]], "Type": "GATE"}, {"Location": [["35.2", "215.6"], ["92.9", "215.6"], ["92.9", "222.6"], ["35.2", "222.6"]], "Type": "SD"}]}, {"Ports": [{"Location": [["173.5", "25.4"], ["178.6", "25.4"], ["178.6", "116.2"], ["173.5", "116.2"]], "Type": "SD"}, {"Location": [["368.3", "10.0"], ["368.3", "131.6"], ["180.9", "131.6"], ["180.9", "10.0"]], "Type": "GATE"}, {"Location": [["356.2", "16.7"], ["362.6", "16.7"], ["362.6", "124.9"], ["356.2", "124.9"]], "Type": "SD"}], "Module": "M9", "Boundary": [["368.3", "10.0"], ["368.3", "131.6"], ["173.5", "131.6"], ["173.5", "10.0"]], "Module_type": "GATE"}, {"Ports": [{"Location": [["532.2", "430.3"], ["568.7", "430.3"], ["568.7", "435.4"], ["532.2", "435.4"]], "Type": "SD"}, {"Location": [["520.3", "329.9"], ["580.6", "329.9"], ["580.6", "428.7"], ["520.3", "428.7"]], "Type": "GATE"}, {"Location": [["525.5", "334.1"], ["575.4", "334.1"], ["575.4", "340.2"], ["525.5", "340.2"]], "Type": "SD"}], "Module": "M5", "Boundary": [["520.3", "329.9"], ["580.6", "329.9"], ["580.6", "435.4"], ["520.3", "435.4"]], "Module_type": "GATE"}, {"Ports": [{"Location": [["311.6", "586.4"], ["335.8", "586.4"], ["335.8", "591.1"], ["311.6", "591.1"]], "Type": "SD"}, {"Location": [["297.1", "488.1"], ["350.3", "488.1"], ["350.3", "583.9"], ["297.1", "583.9"]], "Type": "GATE"}, {"Location": [["302.4", "492.4"], ["345.0", "492.4"], ["345.0", "499.1"], ["302.4", "499.1"]], "Type": "SD"}], "Module": "M11", "Boundary": [["297.1", "488.1"], ["350.3", "488.1"], ["350.3", "591.1"], ["297.1", "591.1"]], "Module_type": "GATE"}, {"Ports": [{"Location": [["414.1", "438.4"], ["456.3", "438.4"], ["456.3", "442.8"], ["414.1", "442.8"]], "Type": "SD"}, {"Location": [["400.1", "339.9"], ["470.3", "339.9"], ["470.3", "436.9"], ["400.1", "436.9"]], "Type": "GATE"}, {"Location": [["406.3", "345.1"], ["464.1", "345.1"], ["464.1", "350.9"], ["406.3", "350.9"]], "Type": "SD"}], "Module": "M1", "Boundary": [["400.1", "339.9"], ["470.3", "339.9"], ["470.3", "442.8"], ["400.1", "442.8"]], "Module_type": "GATE"}, {"Ports": [{"Location": [["10.0", "26.5"], ["14.3", "26.5"], ["14.3", "50.6"], ["10.0", "50.6"]], "Type": "SD"}, {"Location": [["153.5", "10.0"], ["153.5", "67.1"], ["16.1", "67.1"], ["16.1", "10.0"]], "Type": "GATE"}, {"Location": [["140.4", "16.7"], ["147.8", "16.7"], ["147.8", "60.4"], ["140.4", "60.4"]], "Type": "SD"}], "Module": "M6", "Boundary": [["153.5", "10.0"], ["153.5", "67.1"], ["10.0", "67.1"], ["10.0", "10.0"]], "Module_type": "GATE"}, {"Ports": [{"Location": [["412.7", "197.6"], ["477.7", "197.6"], ["477.7", "201.8"], ["412.7", "201.8"]], "Type": "SD"}, {"Location": [["398.3", "20.0"], ["473.1", "20.0"], ["473.1", "20.5"], ["492.1", "20.5"], ["492.1", "195.6"], ["398.3", "195.6"]], "Type": "GATE"}, {"Location": [["404.3", "25.0"], ["467.1", "25.0"], ["467.1", "30.9"], ["404.3", "30.9"]], "Type": "SD"}], "Module": "M2", "Boundary": [["398.3", "20.0"], ["473.1", "20.0"], ["473.1", "20.5"], ["492.1", "20.5"], ["492.1", "201.8"], ["398.3", "201.8"]], "Module_type": "GATE"}, {"Ports": [{"Location": [["536.6", "173.5"], ["575.7", "173.5"], ["575.7", "178.0"], ["536.6", "178.0"]], "Type": "SD"}, {"Location": [["522.1", "10.0"], ["590.2", "10.0"], ["590.2", "171.7"], ["522.1", "171.7"]], "Type": "GATE"}, {"Location": [["529.0", "15.9"], ["583.3", "15.9"], ["583.3", "21.4"], ["529.0", "21.4"]], "Type": "SD"}], "Module": "M16", "Boundary": [["522.1", "10.0"], ["590.2", "10.0"], ["590.2", "178.0"], ["522.1", "178.0"]], "Module_type": "GATE"}, {"Ports": [{"Location": [["154.8", "371.9"], ["160.0", "371.9"], ["160.0", "454.9"], ["154.8", "454.9"]], "Type": "SD"}, {"Location": [["353.9", "358.7"], ["353.9", "452.9"], ["353.4", "452.9"], ["353.4", "468.1"], ["162.4", "468.1"], ["162.4", "358.7"]], "Type": "GATE"}, {"Location": [["342.9", "365.1"], ["348.5", "365.1"], ["348.5", "446.5"], ["342.9", "446.5"]], "Type": "SD"}], "Module": "M13", "Boundary": [["353.9", "358.7"], ["353.9", "452.9"], ["353.4", "452.9"], ["353.4", "468.1"], ["154.8", "468.1"], ["154.8", "358.7"]], "Module_type": "GATE"}, {"Ports": [{"Location": [["145.4", "500.8"], ["149.7", "500.8"], ["149.7", "578.1"], ["145.4", "578.1"]], "Type": "SD"}, {"Location": [["277.1", "488.1"], ["277.1", "573.3"], ["276.9", "573.3"], ["276.9", "590.8"], ["151.0", "590.8"], ["151.0", "488.1"]], "Type": "GATE"}, {"Location": [["267.6", "493.5"], ["272.7", "493.5"], ["272.7", "567.9"], ["267.6", "567.9"]], "Type": "SD"}], "Module": "M10", "Boundary": [["277.1", "488.1"], ["277.1", "573.3"], ["276.9", "573.3"], ["276.9", "590.8"], ["145.4", "590.8"], ["145.4", "488.1"]], "Module_type": "GATE"}, {"Ports": [{"Location": [["390.1", "504.9"], ["396.0", "504.9"], ["396.0", "564.9"], ["390.1", "564.9"]], "Type": "SD"}, {"Location": [["556.1", "492.8"], ["556.1", "563.6"], ["556.0", "563.6"], ["556.0", "577.0"], ["397.2", "577.0"], ["397.2", "492.8"]], "Type": "GATE"}, {"Location": [["545.5", "498.8"], ["551.1", "498.8"], ["551.1", "557.6"], ["545.5", "557.6"]], "Type": "SD"}], "Module": "M7", "Boundary": [["556.1", "492.8"], ["556.1", "563.6"], ["556.0", "563.6"], ["556.0", "577.0"], ["390.1", "577.0"], ["390.1", "492.8"]], "Module_type": "GATE"}, {"Ports": [{"Location": [["380.1", "246.2"], ["384.3", "246.2"], ["384.3", "285.5"], ["380.1", "285.5"]], "Type": "SD"}, {"Location": [["529.5", "231.8"], ["529.5", "283.3"], ["529.4", "283.3"], ["529.4", "299.9"], ["386.2", "299.9"], ["386.2", "231.8"]], "Type": "GATE"}, {"Location": [["518.5", "237.1"], ["525.2", "237.1"], ["525.2", "278.0"], ["518.5", "278.0"]], "Type": "SD"}], "Module": "M3", "Boundary": [["529.5", "231.8"], ["529.5", "283.3"], ["529.4", "283.3"], ["529.4", "299.9"], ["380.1", "299.9"], ["380.1", "231.8"]], "Module_type": "GATE"}, {"Ports": [{"Location": [["10.0", "99.6"], ["15.4", "99.6"], ["15.4", "158.9"], ["10.0", "158.9"]], "Type": "SD"}, {"Location": [["151.7", "87.1"], ["151.7", "158.1"], ["151.6", "158.1"], ["151.6", "171.4"], ["17.9", "171.4"], ["17.9", "87.1"]], "Type": "GATE"}, {"Location": [["140.9", "92.1"], ["147.7", "92.1"], ["147.7", "153.1"], ["140.9", "153.1"]], "Type": "SD"}], "Module": "M15", "Boundary": [["151.7", "87.1"], ["151.7", "158.1"], ["151.6", "158.1"], ["151.6", "171.4"], ["10.0", "171.4"], ["10.0", "87.1"]], "Module_type": "GATE"}, {"Ports": [{"Location": [["173.5", "166.4"], ["178.4", "166.4"], ["178.4", "190.3"], ["173.5", "190.3"]], "Type": "SD"}, {"Location": [["354.4", "151.6"], ["354.4", "205.1"], ["180.7", "205.1"], ["180.7", "151.6"]], "Type": "GATE"}, {"Location": [["342.2", "157.7"], ["349.3", "157.7"], ["349.3", "199.0"], ["342.2", "199.0"]], "Type": "SD"}], "Module": "M12", "Boundary": [["354.4", "151.6"], ["354.4", "205.1"], ["173.5", "205.1"], ["173.5", "151.6"]], "Module_type": "GATE"}, {"Ports": [{"Location": [["183.5", "249.8"], ["187.6", "249.8"], ["187.6", "314.0"], ["183.5", "314.0"]], "Type": "SD"}, {"Location": [["350.1", "235.1"], ["350.1", "328.7"], ["190.3", "328.7"], ["190.3", "235.1"]], "Type": "GATE"}, {"Location": [["338.6", "241.9"], ["344.3", "241.9"], ["344.3", "321.9"], ["338.6", "321.9"]], "Type": "SD"}], "Module": "M8", "Boundary": [["350.1", "235.1"], ["350.1", "328.7"], ["183.5", "328.7"], ["183.5", "235.1"]], "Module_type": "GATE"}, {"Ports": [{"Location": [["33.4", "540.4"], ["102.0", "540.4"], ["102.0", "546.1"], ["33.4", "546.1"]], "Type": "SD"}, {"Location": [["20.0", "408.9"], ["100.2", "408.9"], ["100.2", "409.2"], ["115.4", "409.2"], ["115.4", "538.1"], ["20.0", "538.1"]], "Type": "GATE"}, {"Location": [["26.5", "414.4"], ["93.7", "414.4"], ["93.7", "420.5"], ["26.5", "420.5"]], "Type": "SD"}], "Module": "M4", "Boundary": [["20.0", "408.9"], ["100.2", "408.9"], ["100.2", "409.2"], ["115.4", "409.2"], ["115.4", "546.1"], ["20.0", "546.1"]], "Module_type": "GATE"}], "Area": [["-30.0", "-30.0"], ["630.2", "-30.0"], ["630.2", "631.1"], ["-30.0", "631.1"]], "Rules": ["GATE(5,5)", "SD(5,5)", "GATE_SD(0.5)", "GATE_ITO(0.5)", "SD_ITO(0.5)"]}