{"Modules": [{"Module": "M14", "Boundary": [["337.2", "603.1"], ["337.2", "668.7"], ["239.8", "668.7"], ["239.8", "683.2"], ["149.3", "683.2"], ["149.3", "603.1"]], "Module_type": "GATE", "Ports": [{"Location": [["149.3", "616.4"], ["153.6", "616.4"], ["153.6", "669.9"], ["149.3", "669.9"]], "Type": "SD"}, {"Location": [["337.2", "603.1"], ["337.2", "668.7"], ["239.8", "668.7"], ["239.8", "683.2"], ["155.7", "683.2"], ["155.7", "603.1"]], "Type": "GATE"}, {"Location": [["325.7", "609.3"], ["332.0", "609.3"], ["332.0", "661.5"], ["325.7", "661.5"]], "Type": "SD"}]}, {"Ports": [{"Location": [["208.6", "103.5"], ["213.6", "103.5"], ["213.6", "154.7"], ["208.6", "154.7"]], "Type": "SD"}, {"Location": [["315.8", "91.0"], ["315.8", "167.2"], ["214.8", "167.2"], ["214.8", "91.0"]], "Type": "GATE"}, {"Location": [["305.9", "96.4"], ["311.4", "96.4"], ["311.4", "161.8"], ["305.9", "161.8"]], "Type": "SD"}], "Module": "M9", "Boundary": [["315.8", "91.0"], ["315.8", "167.2"], ["208.6", "167.2"], ["208.6", "91.0"]], "Module_type": "GATE"}, {"Ports": [{"Location": [["193.5", "335.8"], ["198.7", "335.8"], ["198.7", "408.3"], ["193.5", "408.3"]], "Type": "SD"}, {"Location": [["335.8", "321.9"], ["335.8", "422.2"], ["200.7", "422.2"], ["200.7", "321.9"]], "Type": "GATE"}, {"Location": [["324.3", "327.2"], ["331.5", "327.2"], ["331.5", "416.9"], ["324.3", "416.9"]], "Type": "SD"}], "Module": "M5", "Boundary": [["335.8", "321.9"], ["335.8", "422.2"], ["193.5", "422.2"], ["193.5", "321.9"]], "Module_type": "GATE"}, {"Ports": [{"Location": [["25.4", "571.8"], ["67.6", "571.8"], ["67.6", "576.8"], ["25.4", "576.8"]], "Type": "SD"}, {"Location": [["10.0", "392.4"], ["65.4", "392.4"], ["65.4", "392.7"], ["83.0", "392.7"], ["83.0", "569.6"], ["10.0", "569.6"]], "Type": "GATE"}, {"Location": [["17.0", "398.4"], ["58.4", "398.4"], ["58.4", "404.6"], ["17.0", "404.6"]], "Type": "SD"}], "Module": "M11", "Boundary": [["10.0", "392.4"], ["65.4", "392.4"], ["65.4", "392.7"], ["83.0", "392.7"], ["83.0", "576.8"], ["10.0", "576.8"]], "Module_type": "GATE"}, {"Ports": [{"Location": [["178.1", "756.9"], ["182.6", "756.9"], ["182.6", "834.6"], ["178.1", "834.6"]], "Type": "SD"}, {"Location": [["325.9", "743.2"], ["325.9", "830.8"], ["325.8", "830.8"], ["325.8", "848.3"], ["183.9", "848.3"], ["183.9", "743.2"]], "Type": "GATE"}, {"Location": [["315.0", "749.5"], ["320.6", "749.5"], ["320.6", "824.5"], ["315.0", "824.5"]], "Type": "SD"}], "Module": "M1", "Boundary": [["325.9", "743.2"], ["325.9", "830.8"], ["325.8", "830.8"], ["325.8", "848.3"], ["178.1", "848.3"], ["178.1", "743.2"]], "Module_type": "GATE"}, {"Ports": [{"Location": [["115.2", "129.8"], ["169.4", "129.8"], ["169.4", "134.4"], ["115.2", "134.4"]], "Type": "SD"}, {"Location": [["103.4", "10.0"], ["166.7", "10.0"], ["166.7", "69.9"], ["181.2", "69.9"], ["181.2", "127.6"], ["103.4", "127.6"]], "Type": "GATE"}, {"Location": [["109.5", "15.1"], ["159.6", "15.1"], ["159.6", "19.5"], ["109.5", "19.5"]], "Type": "SD"}], "Module": "M6", "Boundary": [["103.4", "10.0"], ["166.7", "10.0"], ["166.7", "69.9"], ["181.2", "69.9"], ["181.2", "134.4"], ["103.4", "134.4"]], "Module_type": "GATE"}, {"Ports": [{"Location": [["234.5", "277.1"], ["314.9", "277.1"], ["314.9", "281.9"], ["234.5", "281.9"]], "Type": "SD"}, {"Location": [["218.6", "197.2"], ["313.4", "197.2"], ["313.4", "226.8"], ["330.8", "226.8"], ["330.8", "275.5"], ["218.6", "275.5"]], "Type": "GATE"}, {"Location": [["225.1", "202.7"], ["305.9", "202.7"], ["305.9", "209.8"], ["225.1", "209.8"]], "Type": "SD"}], "Module": "M2", "Boundary": [["218.6", "197.2"], ["313.4", "197.2"], ["313.4", "226.8"], ["330.8", "226.8"], ["330.8", "281.9"], ["218.6", "281.9"]], "Module_type": "GATE"}, {"Ports": [{"Location": [["10.0", "795.8"], ["15.7", "795.8"], ["15.7", "851.4"], ["10.0", "851.4"]], "Type": "SD"}, {"Location": [["138.1", "782.2"], ["138.1", "849.9"], ["65.8", "849.9"], ["65.8", "865.0"], ["17.7", "865.0"], ["17.7", "782.2"]], "Type": "GATE"}, {"Location": [["126.6", "788.6"], ["132.7", "788.6"], ["132.7", "842.5"], ["126.6", "842.5"]], "Type": "SD"}], "Module": "M16", "Boundary": [["138.1", "782.2"], ["138.1", "849.9"], ["65.8", "849.9"], ["65.8", "865.0"], ["10.0", "865.0"], ["10.0", "782.2"]], "Module_type": "GATE"}, {"Ports": [{"Location": [["25.0", "367.3"], ["47.9", "367.3"], ["47.9", "372.4"], ["25.0", "372.4"]], "Type": "SD"}, {"Location": [["10.0", "238.9"], ["46.8", "238.9"], ["46.8", "239.0"], ["62.9", "239.0"], ["62.9", "364.6"], ["10.0", "364.6"]], "Type": "GATE"}, {"Location": [["16.3", "244.2"], ["40.5", "244.2"], ["40.5", "251.5"], ["16.3", "251.5"]], "Type": "SD"}], "Module": "M13", "Boundary": [["10.0", "238.9"], ["46.8", "238.9"], ["46.8", "239.0"], ["62.9", "239.0"], ["62.9", "372.4"], ["10.0", "372.4"]], "Module_type": "GATE"}, {"Ports": [{"Location": [["208.6", "22.4"], ["213.3", "22.4"], ["213.3", "58.6"], ["208.6", "58.6"]], "Type": "SD"}, {"Location": [["332.1", "10.0"], ["332.1", "57.5"], ["301.9", "57.5"], ["301.9", "71.0"], ["215.1", "71.0"], ["215.1", "10.0"]], "Type": "GATE"}, {"Location": [["321.5", "16.0"], ["327.1", "16.0"], ["327.1", "50.5"], ["321.5", "50.5"]], "Type": "SD"}], "Module": "M10", "Boundary": [["332.1", "10.0"], ["332.1", "57.5"], ["301.9", "57.5"], ["301.9", "71.0"], ["208.6", "71.0"], ["208.6", "10.0"]], "Module_type": "GATE"}, {"Ports": [{"Location": [["247.8", "547.7"], ["329.0", "547.7"], ["329.0", "553.1"], ["247.8", "553.1"]], "Type": "SD"}, {"Location": [["236.8", "462.2"], ["340.0", "462.2"], ["340.0", "546.1"], ["236.8", "546.1"]], "Type": "GATE"}, {"Location": [["242.0", "466.4"], ["334.8", "466.4"], ["334.8", "471.3"], ["242.0", "471.3"]], "Type": "SD"}], "Module": "M7", "Boundary": [["236.8", "462.2"], ["340.0", "462.2"], ["340.0", "553.1"], ["236.8", "553.1"]], "Module_type": "GATE"}, {"Ports": [{"Location": [["21.5", "213.2"], ["71.9", "213.2"], ["71.9", "218.9"], ["21.5", "218.9"]], "Type": "SD"}, {"Location": [["10.0", "10.0"], ["68.8", "10.0"], ["68.8", "10.2"], ["83.4", "10.2"], ["83.4", "210.6"], ["10.0", "210.6"]], "Type": "GATE"}, {"Location": [["15.1", "14.1"], ["63.7", "14.1"], ["63.7", "19.9"], ["15.1", "19.9"]], "Type": "SD"}], "Module": "M3", "Boundary": [["10.0", "10.0"], ["68.8", "10.0"], ["68.8", "10.2"], ["83.4", "10.2"], ["83.4", "218.9"], ["10.0", "218.9"]], "Module_type": "GATE"}, {"Ports": [{"Location": [["116.9", "435.0"], ["150.0", "435.0"], ["150.0", "439.7"], ["116.9", "439.7"]], "Type": "SD"}, {"Location": [["103.4", "267.2"], ["150.1", "267.2"], ["150.1", "267.2"], ["163.5", "267.2"], ["163.5", "433.1"], ["103.4", "433.1"]], "Type": "GATE"}, {"Location": [["109.9", "272.7"], ["143.6", "272.7"], ["143.6", "278.8"], ["109.9", "278.8"]], "Type": "SD"}], "Module": "M15", "Boundary": [["103.4", "267.2"], ["150.1", "267.2"], ["150.1", "267.2"], ["163.5", "267.2"], ["163.5", "439.7"], ["103.4", "439.7"]], "Module_type": "GATE"}, {"Ports": [{"Location": [["115.1", "241.7"], ["176.9", "241.7"], ["176.9", "247.2"], ["115.1", "247.2"]], "Type": "SD"}, {"Location": [["103.4", "154.4"], ["176.0", "154.4"], ["176.0", "168.2"], ["188.6", "168.2"], ["188.6", "240.4"], ["103.4", "240.4"]], "Type": "GATE"}, {"Location": [["109.4", "159.4"], ["169.0", "159.4"], ["169.0", "164.5"], ["109.4", "164.5"]], "Type": "SD"}], "Module": "M12", "Boundary": [["103.4", "154.4"], ["176.0", "154.4"], ["176.0", "168.2"], ["188.6", "168.2"], ["188.6", "247.2"], ["103.4", "247.2"]], "Module_type": "GATE"}, {"Ports": [{"Location": [["127.9", "540.5"], ["182.3", "540.5"], ["182.3", "545.8"], ["127.9", "545.8"]], "Type": "SD"}, {"Location": [["113.4", "469.7"], ["183.0", "469.7"], ["183.0", "499.0"], ["196.8", "499.0"], ["196.8", "539.1"], ["113.4", "539.1"]], "Type": "GATE"}, {"Location": [["120.0", "475.3"], ["174.4", "475.3"], ["174.4", "481.9"], ["120.0", "481.9"]], "Type": "SD"}], "Module": "M8", "Boundary": [["113.4", "469.7"], ["183.0", "469.7"], ["183.0", "499.0"], ["196.8", "499.0"], ["196.8", "545.8"], ["113.4", "545.8"]], "Module_type": "GATE"}], "Area": [["-30.0", "-30.0"], ["380.0", "-30.0"], ["380.0", "905.0"], ["-30.0", "905.0"]], "Rules": ["GATE(5,5)", "SD(5,5)", "GATE_SD(0.5)", "GATE_ITO(0.5)", "SD_ITO(0.5)"]}