{"Modules": [{"Module": "M14", "Boundary": [["169.1", "874.5"], ["169.1", "980.7"], ["122.7", "980.7"], ["122.7", "997.1"], ["30.0", "997.1"], ["30.0", "874.5"]], "Module_type": "GATE", "Ports": [{"Location": [["30.0", "889.0"], ["34.0", "889.0"], ["34.0", "982.6"], ["30.0", "982.6"]], "Type": "SD"}, {"Location": [["169.1", "874.5"], ["169.1", "980.7"], ["122.7", "980.7"], ["122.7", "997.1"], ["36.3", "997.1"], ["36.3", "874.5"]], "Type": "GATE"}, {"Location": [["157.5", "880.9"], ["163.7", "880.9"], ["163.7", "973.3"], ["157.5", "973.3"]], "Type": "SD"}]}, {"Ports": [{"Location": [["24.7", "540.4"], ["47.9", "540.4"], ["47.9", "544.9"], ["24.7", "544.9"]], "Type": "SD"}, {"Location": [["10.0", "353.1"], ["62.6", "353.1"], ["62.6", "539.0"], ["10.0", "539.0"]], "Type": "GATE"}, {"Location": [["16.6", "358.7"], ["56.0", "358.7"], ["56.0", "365.5"], ["16.6", "365.5"]], "Type": "SD"}], "Module": "M9", "Boundary": [["10.0", "353.1"], ["62.6", "353.1"], ["62.6", "544.9"], ["10.0", "544.9"]], "Module_type": "GATE"}, {"Ports": [{"Location": [["220.3", "283.9"], ["310.7", "283.9"], ["310.7", "288.0"], ["220.3", "288.0"]], "Type": "SD"}, {"Location": [["206.4", "151.7"], ["324.6", "151.7"], ["324.6", "281.8"], ["206.4", "281.8"]], "Type": "GATE"}, {"Location": [["212.0", "156.3"], ["319.0", "156.3"], ["319.0", "163.3"], ["212.0", "163.3"]], "Type": "SD"}], "Module": "M5", "Boundary": [["206.4", "151.7"], ["324.6", "151.7"], ["324.6", "288.0"], ["206.4", "288.0"]], "Module_type": "GATE"}, {"Ports": [{"Location": [["258.3", "115.9"], ["319.8", "115.9"], ["319.8", "121.7"], ["258.3", "121.7"]], "Type": "SD"}, {"Location": [["244.4", "10.0"], ["319.9", "10.0"], ["319.9", "10.3"], ["333.7", "10.3"], ["333.7", "113.7"], ["244.4", "113.7"]], "Type": "GATE"}, {"Location": [["251.0", "15.6"], ["313.3", "15.6"], ["313.3", "21.9"], ["251.0", "21.9"]], "Type": "SD"}], "Module": "M11", "Boundary": [["244.4", "10.0"], ["319.9", "10.0"], ["319.9", "10.3"], ["333.7", "10.3"], ["333.7", "121.7"], ["244.4", "121.7"]], "Module_type": "GATE"}, {"Ports": [{"Location": [["243.0", "997.1"], ["299.4", "997.1"], ["299.4", "1002.1"], ["243.0", "1002.1"]], "Type": "SD"}, {"Location": [["229.1", "785.5"], ["297.1", "785.5"], ["297.1", "785.7"], ["313.3", "785.7"], ["313.3", "995.0"], ["229.1", "995.0"]], "Type": "GATE"}, {"Location": [["236.0", "791.4"], ["290.2", "791.4"], ["290.2", "797.5"], ["236.0", "797.5"]], "Type": "SD"}], "Module": "M1", "Boundary": [["229.1", "785.5"], ["297.1", "785.5"], ["297.1", "785.7"], ["313.3", "785.7"], ["313.3", "1002.1"], ["229.1", "1002.1"]], "Module_type": "GATE"}, {"Ports": [{"Location": [["10.0", "148.3"], ["15.6", "148.3"], ["15.6", "200.4"], ["10.0", "200.4"]], "Type": "SD"}, {"Location": [["176.4", "134.3"], ["176.4", "200.3"], ["148.5", "200.3"], ["148.5", "214.4"], ["17.8", "214.4"], ["17.8", "134.3"]], "Type": "GATE"}, {"Location": [["164.9", "140.7"], ["171.0", "140.7"], ["171.0", "192.9"], ["164.9", "192.9"]], "Type": "SD"}], "Module": "M6", "Boundary": [["176.4", "134.3"], ["176.4", "200.3"], ["148.5", "200.3"], ["148.5", "214.4"], ["10.0", "214.4"], ["10.0", "134.3"]], "Module_type": "GATE"}, {"Ports": [{"Location": [["20.0", "752.8"], ["25.0", "752.8"], ["25.0", "810.3"], ["20.0", "810.3"]], "Type": "SD"}, {"Location": [["168.7", "738.6"], ["168.7", "809.0"], ["119.8", "809.0"], ["119.8", "824.5"], ["27.2", "824.5"], ["27.2", "738.6"]], "Type": "GATE"}, {"Location": [["157.2", "745.4"], ["162.9", "745.4"], ["162.9", "801.2"], ["157.2", "801.2"]], "Type": "SD"}], "Module": "M2", "Boundary": [["168.7", "738.6"], ["168.7", "809.0"], ["119.8", "809.0"], ["119.8", "824.5"], ["20.0", "824.5"], ["20.0", "738.6"]], "Module_type": "GATE"}, {"Ports": [{"Location": [["216.3", "454.0"], ["220.4", "454.0"], ["220.4", "490.0"], ["216.3", "490.0"]], "Type": "SD"}, {"Location": [["310.4", "440.3"], ["310.4", "489.9"], ["275.4", "489.9"], ["275.4", "503.7"], ["222.2", "503.7"], ["222.2", "440.3"]], "Type": "GATE"}, {"Location": [["298.4", "446.6"], ["305.1", "446.6"], ["305.1", "482.6"], ["298.4", "482.6"]], "Type": "SD"}], "Module": "M16", "Boundary": [["310.4", "440.3"], ["310.4", "489.9"], ["275.4", "489.9"], ["275.4", "503.7"], ["216.3", "503.7"], ["216.3", "440.3"]], "Module_type": "GATE"}, {"Ports": [{"Location": [["216.3", "331.2"], ["220.9", "331.2"], ["220.9", "407.1"], ["216.3", "407.1"]], "Type": "SD"}, {"Location": [["322.7", "318.0"], ["322.7", "420.3"], ["222.0", "420.3"], ["222.0", "318.0"]], "Type": "GATE"}, {"Location": [["312.5", "323.1"], ["318.6", "323.1"], ["318.6", "415.2"], ["312.5", "415.2"]], "Type": "SD"}], "Module": "M13", "Boundary": [["322.7", "318.0"], ["322.7", "420.3"], ["216.3", "420.3"], ["216.3", "318.0"]], "Module_type": "GATE"}, {"Ports": [{"Location": [["10.0", "24.6"], ["15.1", "24.6"], ["15.1", "99.7"], ["10.0", "99.7"]], "Type": "SD"}, {"Location": [["140.6", "10.0"], ["140.6", "98.1"], ["119.2", "98.1"], ["119.2", "114.3"], ["16.7", "114.3"], ["16.7", "10.0"]], "Type": "GATE"}, {"Location": [["129.4", "15.5"], ["136.1", "15.5"], ["136.1", "91.6"], ["129.4", "91.6"]], "Type": "SD"}], "Module": "M10", "Boundary": [["140.6", "10.0"], ["140.6", "98.1"], ["119.2", "98.1"], ["119.2", "114.3"], ["10.0", "114.3"], ["10.0", "10.0"]], "Module_type": "GATE"}, {"Ports": [{"Location": [["32.6", "694.3"], ["68.6", "694.3"], ["68.6", "698.6"], ["32.6", "698.6"]], "Type": "SD"}, {"Location": [["20.0", "574.9"], ["81.2", "574.9"], ["81.2", "691.6"], ["20.0", "691.6"]], "Type": "GATE"}, {"Location": [["25.0", "578.9"], ["76.2", "578.9"], ["76.2", "586.0"], ["25.0", "586.0"]], "Type": "SD"}], "Module": "M7", "Boundary": [["20.0", "574.9"], ["81.2", "574.9"], ["81.2", "698.6"], ["20.0", "698.6"]], "Module_type": "GATE"}, {"Ports": [{"Location": [["124.9", "683.5"], ["181.4", "683.5"], ["181.4", "688.1"], ["124.9", "688.1"]], "Type": "SD"}, {"Location": [["111.2", "519.2"], ["195.1", "519.2"], ["195.1", "680.8"], ["111.2", "680.8"]], "Type": "GATE"}, {"Location": [["118.0", "525.0"], ["188.3", "525.0"], ["188.3", "529.4"], ["118.0", "529.4"]], "Type": "SD"}], "Module": "M3", "Boundary": [["111.2", "519.2"], ["195.1", "519.2"], ["195.1", "688.1"], ["111.2", "688.1"]], "Module_type": "GATE"}, {"Ports": [{"Location": [["173.0", "106.9"], ["212.0", "106.9"], ["212.0", "112.1"], ["173.0", "112.1"]], "Type": "SD"}, {"Location": [["160.6", "10.0"], ["224.4", "10.0"], ["224.4", "105.7"], ["160.6", "105.7"]], "Type": "GATE"}, {"Location": [["166.2", "14.6"], ["218.8", "14.6"], ["218.8", "20.7"], ["166.2", "20.7"]], "Type": "SD"}], "Module": "M15", "Boundary": [["160.6", "10.0"], ["224.4", "10.0"], ["224.4", "112.1"], ["160.6", "112.1"]], "Module_type": "GATE"}, {"Ports": [{"Location": [["10.0", "247.6"], ["14.5", "247.6"], ["14.5", "319.9"], ["10.0", "319.9"]], "Type": "SD"}, {"Location": [["171.1", "234.4"], ["171.1", "317.8"], ["102.3", "317.8"], ["102.3", "333.1"], ["17.1", "333.1"], ["17.1", "234.4"]], "Type": "GATE"}, {"Location": [["160.4", "240.4"], ["166.1", "240.4"], ["166.1", "310.8"], ["160.4", "310.8"]], "Type": "SD"}], "Module": "M12", "Boundary": [["171.1", "234.4"], ["171.1", "317.8"], ["102.3", "317.8"], ["102.3", "333.1"], ["10.0", "333.1"], ["10.0", "234.4"]], "Module_type": "GATE"}, {"Ports": [{"Location": [["237.8", "731.1"], ["307.5", "731.1"], ["307.5", "735.5"], ["237.8", "735.5"]], "Type": "SD"}, {"Location": [["225.1", "533.7"], ["305.7", "533.7"], ["305.7", "603.7"], ["320.2", "603.7"], ["320.2", "728.1"], ["225.1", "728.1"]], "Type": "GATE"}, {"Location": [["230.5", "538.1"], ["299.3", "538.1"], ["299.3", "544.8"], ["230.5", "544.8"]], "Type": "SD"}], "Module": "M8", "Boundary": [["225.1", "533.7"], ["305.7", "533.7"], ["305.7", "603.7"], ["320.2", "603.7"], ["320.2", "735.5"], ["225.1", "735.5"]], "Module_type": "GATE"}], "Area": [["-30.0", "-30.0"], ["373.7", "-30.0"], ["373.7", "1042.1"], ["-30.0", "1042.1"]], "Rules": ["GATE(5,5)", "SD(5,5)", "GATE_SD(0.5)", "GATE_ITO(0.5)", "SD_ITO(0.5)"]}