{"Modules": [{"Module": "M14", "Boundary": [["172.8", "334.8"], ["172.8", "397.3"], ["113.4", "397.3"], ["113.4", "411.0"], ["30.0", "411.0"], ["30.0", "334.8"]], "Module_type": "GATE", "Ports": [{"Location": [["30.0", "347.5"], ["35.3", "347.5"], ["35.3", "398.3"], ["30.0", "398.3"]], "Type": "SD"}, {"Location": [["172.8", "334.8"], ["172.8", "397.3"], ["113.4", "397.3"], ["113.4", "411.0"], ["37.3", "411.0"], ["37.3", "334.8"]], "Type": "GATE"}, {"Location": [["162.5", "340.5"], ["168.1", "340.5"], ["168.1", "390.6"], ["162.5", "390.6"]], "Type": "SD"}]}, {"Ports": [{"Location": [["270.3", "521.4"], ["274.6", "521.4"], ["274.6", "578.1"], ["270.3", "578.1"]], "Type": "SD"}, {"Location": [["349.8", "506.6"], ["349.8", "576.5"], ["349.7", "576.5"], ["349.7", "592.9"], ["275.7", "592.9"], ["275.7", "506.6"]], "Type": "GATE"}, {"Location": [["337.2", "512.8"], ["344.6", "512.8"], ["344.6", "570.3"], ["337.2", "570.3"]], "Type": "SD"}], "Module": "M9", "Boundary": [["349.8", "506.6"], ["349.8", "576.5"], ["349.7", "576.5"], ["349.7", "592.9"], ["270.3", "592.9"], ["270.3", "506.6"]], "Module_type": "GATE"}, {"Ports": [{"Location": [["20.0", "473.9"], ["24.9", "473.9"], ["24.9", "546.9"], ["20.0", "546.9"]], "Type": "SD"}, {"Location": [["240.3", "461.0"], ["240.3", "559.8"], ["26.4", "559.8"], ["26.4", "461.0"]], "Type": "GATE"}, {"Location": [["229.5", "466.7"], ["235.6", "466.7"], ["235.6", "554.1"], ["229.5", "554.1"]], "Type": "SD"}], "Module": "M5", "Boundary": [["240.3", "461.0"], ["240.3", "559.8"], ["20.0", "559.8"], ["20.0", "461.0"]], "Module_type": "GATE"}, {"Ports": [{"Location": [["181.8", "220.9"], ["186.3", "220.9"], ["186.3", "280.2"], ["181.8", "280.2"]], "Type": "SD"}, {"Location": [["307.4", "206.3"], ["307.4", "294.8"], ["188.4", "294.8"], ["188.4", "206.3"]], "Type": "GATE"}, {"Location": [["295.6", "212.7"], ["302.0", "212.7"], ["302.0", "288.4"], ["295.6", "288.4"]], "Type": "SD"}], "Module": "M11", "Boundary": [["307.4", "206.3"], ["307.4", "294.8"], ["181.8", "294.8"], ["181.8", "206.3"]], "Module_type": "GATE"}, {"Ports": [{"Location": [["45.9", "257.6"], ["125.9", "257.6"], ["125.9", "263.6"], ["45.9", "263.6"]], "Type": "SD"}, {"Location": [["30.0", "155.8"], ["123.6", "155.8"], ["123.6", "156.0"], ["141.8", "156.0"], ["141.8", "255.9"], ["30.0", "255.9"]], "Type": "GATE"}, {"Location": [["36.8", "161.6"], ["116.8", "161.6"], ["116.8", "168.6"], ["36.8", "168.6"]], "Type": "SD"}], "Module": "M1", "Boundary": [["30.0", "155.8"], ["123.6", "155.8"], ["123.6", "156.0"], ["141.8", "156.0"], ["141.8", "263.6"], ["30.0", "263.6"]], "Module_type": "GATE"}, {"Ports": [{"Location": [["389.0", "131.2"], ["449.9", "131.2"], ["449.9", "137.0"], ["389.0", "137.0"]], "Type": "SD"}, {"Location": [["375.2", "10.0"], ["447.0", "10.0"], ["447.0", "30.7"], ["463.7", "30.7"], ["463.7", "130.1"], ["375.2", "130.1"]], "Type": "GATE"}, {"Location": [["380.3", "14.1"], ["440.9", "14.1"], ["440.9", "20.7"], ["380.3", "20.7"]], "Type": "SD"}], "Module": "M6", "Boundary": [["375.2", "10.0"], ["447.0", "10.0"], ["447.0", "30.7"], ["463.7", "30.7"], ["463.7", "137.0"], ["375.2", "137.0"]], "Module_type": "GATE"}, {"Ports": [{"Location": [["408.0", "512.4"], ["444.5", "512.4"], ["444.5", "517.4"], ["408.0", "517.4"]], "Type": "SD"}, {"Location": [["395.5", "310.5"], ["443.2", "310.5"], ["443.2", "437.6"], ["457.0", "437.6"], ["457.0", "509.9"], ["395.5", "509.9"]], "Type": "GATE"}, {"Location": [["401.7", "315.7"], ["436.0", "315.7"], ["436.0", "321.3"], ["401.7", "321.3"]], "Type": "SD"}], "Module": "M2", "Boundary": [["395.5", "310.5"], ["443.2", "310.5"], ["443.2", "437.6"], ["457.0", "437.6"], ["457.0", "517.4"], ["395.5", "517.4"]], "Module_type": "GATE"}, {"Ports": [{"Location": [["231.4", "625.4"], ["236.5", "625.4"], ["236.5", "687.5"], ["231.4", "687.5"]], "Type": "SD"}, {"Location": [["347.8", "612.9"], ["347.8", "687.0"], ["301.1", "687.0"], ["301.1", "700.0"], ["238.2", "700.0"], ["238.2", "612.9"]], "Type": "GATE"}, {"Location": [["337.5", "618.4"], ["343.3", "618.4"], ["343.3", "680.5"], ["337.5", "680.5"]], "Type": "SD"}], "Module": "M16", "Boundary": [["347.8", "612.9"], ["347.8", "687.0"], ["301.1", "687.0"], ["301.1", "700.0"], ["231.4", "700.0"], ["231.4", "612.9"]], "Module_type": "GATE"}, {"Ports": [{"Location": [["212.8", "326.7"], ["218.4", "326.7"], ["218.4", "379.1"], ["212.8", "379.1"]], "Type": "SD"}, {"Location": [["360.3", "314.8"], ["360.3", "391.0"], ["220.5", "391.0"], ["220.5", "314.8"]], "Type": "GATE"}, {"Location": [["351.1", "320.3"], ["355.8", "320.3"], ["355.8", "385.5"], ["351.1", "385.5"]], "Type": "SD"}], "Module": "M13", "Boundary": [["360.3", "314.8"], ["360.3", "391.0"], ["212.8", "391.0"], ["212.8", "314.8"]], "Module_type": "GATE"}, {"Ports": [{"Location": [["10.0", "602.7"], ["15.4", "602.7"], ["15.4", "693.5"], ["10.0", "693.5"]], "Type": "SD"}, {"Location": [["211.4", "589.8"], ["211.4", "690.5"], ["124.0", "690.5"], ["124.0", "706.4"], ["18.1", "706.4"], ["18.1", "589.8"]], "Type": "GATE"}, {"Location": [["201.6", "594.9"], ["207.3", "594.9"], ["207.3", "684.4"], ["201.6", "684.4"]], "Type": "SD"}], "Module": "M10", "Boundary": [["211.4", "589.8"], ["211.4", "690.5"], ["124.0", "690.5"], ["124.0", "706.4"], ["10.0", "706.4"], ["10.0", "589.8"]], "Module_type": "GATE"}, {"Ports": [{"Location": [["207.6", "31.3"], ["212.9", "31.3"], ["212.9", "52.7"], ["207.6", "52.7"]], "Type": "SD"}, {"Location": [["345.2", "20.0"], ["345.2", "64.0"], ["215.9", "64.0"], ["215.9", "20.0"]], "Type": "GATE"}, {"Location": [["335.7", "25.1"], ["341.1", "25.1"], ["341.1", "58.9"], ["335.7", "58.9"]], "Type": "SD"}], "Module": "M7", "Boundary": [["345.2", "20.0"], ["345.2", "64.0"], ["207.6", "64.0"], ["207.6", "20.0"]], "Module_type": "GATE"}, {"Ports": [{"Location": [["197.6", "105.2"], ["202.0", "105.2"], ["202.0", "175.1"], ["197.6", "175.1"]], "Type": "SD"}, {"Location": [["322.6", "94.0"], ["322.6", "186.3"], ["203.2", "186.3"], ["203.2", "94.0"]], "Type": "GATE"}, {"Location": [["313.2", "99.1"], ["318.5", "99.1"], ["318.5", "181.2"], ["313.2", "181.2"]], "Type": "SD"}], "Module": "M3", "Boundary": [["322.6", "94.0"], ["322.6", "186.3"], ["197.6", "186.3"], ["197.6", "94.0"]], "Module_type": "GATE"}, {"Ports": [{"Location": [["382.9", "701.8"], ["454.5", "701.8"], ["454.5", "706.5"], ["382.9", "706.5"]], "Type": "SD"}, {"Location": [["369.8", "547.4"], ["451.3", "547.4"], ["451.3", "547.9"], ["467.6", "547.9"], ["467.6", "699.2"], ["369.8", "699.2"]], "Type": "GATE"}, {"Location": [["375.1", "551.7"], ["446.0", "551.7"], ["446.0", "557.2"], ["375.1", "557.2"]], "Type": "SD"}], "Module": "M15", "Boundary": [["369.8", "547.4"], ["451.3", "547.4"], ["451.3", "547.9"], ["467.6", "547.9"], ["467.6", "706.5"], ["369.8", "706.5"]], "Module_type": "GATE"}, {"Ports": [{"Location": [["270.3", "423.5"], ["274.9", "423.5"], ["274.9", "474.1"], ["270.3", "474.1"]], "Type": "SD"}, {"Location": [["365.5", "411.0"], ["365.5", "473.0"], ["337.1", "473.0"], ["337.1", "486.6"], ["277.2", "486.6"], ["277.2", "411.0"]], "Type": "GATE"}, {"Location": [["355.3", "417.4"], ["360.1", "417.4"], ["360.1", "465.6"], ["355.3", "465.6"]], "Type": "SD"}], "Module": "M12", "Boundary": [["365.5", "411.0"], ["365.5", "473.0"], ["337.1", "473.0"], ["337.1", "486.6"], ["270.3", "486.6"], ["270.3", "411.0"]], "Module_type": "GATE"}, {"Ports": [{"Location": [["352.6", "179.2"], ["357.6", "179.2"], ["357.6", "258.3"], ["352.6", "258.3"]], "Type": "SD"}, {"Location": [["460.0", "167.0"], ["460.0", "257.0"], ["451.9", "257.0"], ["451.9", "270.5"], ["358.7", "270.5"], ["358.7", "167.0"]], "Type": "GATE"}, {"Location": [["449.9", "172.3"], ["455.7", "172.3"], ["455.7", "250.7"], ["449.9", "250.7"]], "Type": "SD"}], "Module": "M8", "Boundary": [["460.0", "167.0"], ["460.0", "257.0"], ["451.9", "257.0"], ["451.9", "270.5"], ["352.6", "270.5"], ["352.6", "167.0"]], "Module_type": "GATE"}], "Area": [["-30.0", "-30.0"], ["507.6", "-30.0"], ["507.6", "746.5"], ["-30.0", "746.5"]], "Rules": ["GATE(5,5)", "SD(5,5)", "GATE_SD(0.5)", "GATE_ITO(0.5)", "SD_ITO(0.5)"]}