{"Modules": [{"Module": "M14", "Boundary": [["648.0", "273.3"], ["648.0", "321.5"], ["636.7", "321.5"], ["636.7", "334.9"], ["509.4", "334.9"], ["509.4", "273.3"]], "Module_type": "GATE", "Ports": [{"Location": [["509.4", "286.1"], ["514.4", "286.1"], ["514.4", "322.1"], ["509.4", "322.1"]], "Type": "SD"}, {"Location": [["648.0", "273.3"], ["648.0", "321.5"], ["636.7", "321.5"], ["636.7", "334.9"], ["516.3", "334.9"], ["516.3", "273.3"]], "Type": "GATE"}, {"Location": [["636.9", "278.6"], ["643.7", "278.6"], ["643.7", "315.2"], ["636.9", "315.2"]], "Type": "SD"}]}, {"Ports": [{"Location": [["298.9", "261.6"], ["304.0", "261.6"], ["304.0", "308.8"], ["298.9", "308.8"]], "Type": "SD"}, {"Location": [["469.4", "249.1"], ["469.4", "321.3"], ["306.0", "321.3"], ["306.0", "249.1"]], "Type": "GATE"}, {"Location": [["458.6", "255.6"], ["463.9", "255.6"], ["463.9", "314.8"], ["458.6", "314.8"]], "Type": "SD"}], "Module": "M9", "Boundary": [["469.4", "249.1"], ["469.4", "321.3"], ["298.9", "321.3"], ["298.9", "249.1"]], "Module_type": "GATE"}, {"Ports": [{"Location": [["33.5", "431.8"], ["120.6", "431.8"], ["120.6", "436.6"], ["33.5", "436.6"]], "Type": "SD"}, {"Location": [["20.0", "331.5"], ["118.0", "331.5"], ["118.0", "331.9"], ["134.1", "331.9"], ["134.1", "429.9"], ["20.0", "429.9"]], "Type": "GATE"}, {"Location": [["25.3", "335.8"], ["112.7", "335.8"], ["112.7", "342.7"], ["25.3", "342.7"]], "Type": "SD"}], "Module": "M5", "Boundary": [["20.0", "331.5"], ["118.0", "331.5"], ["118.0", "331.9"], ["134.1", "331.9"], ["134.1", "436.6"], ["20.0", "436.6"]], "Module_type": "GATE"}, {"Ports": [{"Location": [["643.2", "22.6"], ["647.6", "22.6"], ["647.6", "112.4"], ["643.2", "112.4"]], "Type": "SD"}, {"Location": [["773.7", "10.0"], ["773.7", "108.4"], ["773.7", "108.4"], ["773.7", "125.0"], ["650.5", "125.0"], ["650.5", "10.0"]], "Type": "GATE"}, {"Location": [["764.5", "15.8"], ["768.9", "15.8"], ["768.9", "102.6"], ["764.5", "102.6"]], "Type": "SD"}], "Module": "M11", "Boundary": [["773.7", "10.0"], ["773.7", "108.4"], ["773.7", "108.4"], ["773.7", "125.0"], ["643.2", "125.0"], ["643.2", "10.0"]], "Module_type": "GATE"}, {"Ports": [{"Location": [["45.1", "161.6"], ["121.4", "161.6"], ["121.4", "167.6"], ["45.1", "167.6"]], "Type": "SD"}, {"Location": [["30.0", "30.0"], ["136.5", "30.0"], ["136.5", "160.2"], ["30.0", "160.2"]], "Type": "GATE"}, {"Location": [["36.9", "35.9"], ["129.6", "35.9"], ["129.6", "42.7"], ["36.9", "42.7"]], "Type": "SD"}], "Module": "M1", "Boundary": [["30.0", "30.0"], ["136.5", "30.0"], ["136.5", "167.6"], ["30.0", "167.6"]], "Module_type": "GATE"}, {"Ports": [{"Location": [["581.5", "388.8"], ["586.0", "388.8"], ["586.0", "433.5"], ["581.5", "433.5"]], "Type": "SD"}, {"Location": [["761.8", "374.9"], ["761.8", "429.9"], ["653.2", "429.9"], ["653.2", "447.4"], ["588.2", "447.4"], ["588.2", "374.9"]], "Type": "GATE"}, {"Location": [["750.8", "380.1"], ["757.6", "380.1"], ["757.6", "423.7"], ["750.8", "423.7"]], "Type": "SD"}], "Module": "M6", "Boundary": [["761.8", "374.9"], ["761.8", "429.9"], ["653.2", "429.9"], ["653.2", "447.4"], ["581.5", "447.4"], ["581.5", "374.9"]], "Module_type": "GATE"}, {"Ports": [{"Location": [["197.5", "325.6"], ["257.9", "325.6"], ["257.9", "331.3"], ["197.5", "331.3"]], "Type": "SD"}, {"Location": [["186.5", "156.0"], ["256.4", "156.0"], ["256.4", "246.8"], ["268.9", "246.8"], ["268.9", "324.0"], ["186.5", "324.0"]], "Type": "GATE"}, {"Location": [["191.7", "160.2"], ["250.2", "160.2"], ["250.2", "165.3"], ["191.7", "165.3"]], "Type": "SD"}], "Module": "M2", "Boundary": [["186.5", "156.0"], ["256.4", "156.0"], ["256.4", "246.8"], ["268.9", "246.8"], ["268.9", "331.3"], ["186.5", "331.3"]], "Module_type": "GATE"}, {"Ports": [{"Location": [["406.4", "389.5"], ["411.3", "389.5"], ["411.3", "430.1"], ["406.4", "430.1"]], "Type": "SD"}, {"Location": [["561.5", "374.9"], ["561.5", "428.8"], ["483.5", "428.8"], ["483.5", "444.7"], ["412.9", "444.7"], ["412.9", "374.9"]], "Type": "GATE"}, {"Location": [["549.5", "380.4"], ["557.0", "380.4"], ["557.0", "422.3"], ["549.5", "422.3"]], "Type": "SD"}], "Module": "M16", "Boundary": [["561.5", "374.9"], ["561.5", "428.8"], ["483.5", "428.8"], ["483.5", "444.7"], ["406.4", "444.7"], ["406.4", "374.9"]], "Module_type": "GATE"}, {"Ports": [{"Location": [["387.3", "22.9"], ["391.6", "22.9"], ["391.6", "114.5"], ["387.3", "114.5"]], "Type": "SD"}, {"Location": [["501.9", "10.0"], ["501.9", "127.4"], ["393.8", "127.4"], ["393.8", "10.0"]], "Type": "GATE"}, {"Location": [["491.3", "15.3"], ["497.6", "15.3"], ["497.6", "122.1"], ["491.3", "122.1"]], "Type": "SD"}], "Module": "M13", "Boundary": [["501.9", "10.0"], ["501.9", "127.4"], ["387.3", "127.4"], ["387.3", "10.0"]], "Module_type": "GATE"}, {"Ports": [{"Location": [["298.9", "159.9"], ["303.1", "159.9"], ["303.1", "216.6"], ["298.9", "216.6"]], "Type": "SD"}, {"Location": [["507.8", "147.4"], ["507.8", "213.7"], ["396.1", "213.7"], ["396.1", "229.1"], ["305.5", "229.1"], ["305.5", "147.4"]], "Type": "GATE"}, {"Location": [["497.8", "152.5"], ["503.7", "152.5"], ["503.7", "207.6"], ["497.8", "207.6"]], "Type": "SD"}], "Module": "M10", "Boundary": [["507.8", "147.4"], ["507.8", "213.7"], ["396.1", "213.7"], ["396.1", "229.1"], ["298.9", "229.1"], ["298.9", "147.4"]], "Module_type": "GATE"}, {"Ports": [{"Location": [["186.5", "33.1"], ["191.2", "33.1"], ["191.2", "102.9"], ["186.5", "102.9"]], "Type": "SD"}, {"Location": [["357.3", "20.0"], ["357.3", "100.4"], ["356.9", "100.4"], ["356.9", "116.0"], ["193.7", "116.0"], ["193.7", "20.0"]], "Type": "GATE"}, {"Location": [["346.3", "25.5"], ["352.8", "25.5"], ["352.8", "94.9"], ["346.3", "94.9"]], "Type": "SD"}], "Module": "M7", "Boundary": [["357.3", "20.0"], ["357.3", "100.4"], ["356.9", "100.4"], ["356.9", "116.0"], ["186.5", "116.0"], ["186.5", "20.0"]], "Module_type": "GATE"}, {"Ports": [{"Location": [["527.8", "159.9"], ["532.6", "159.9"], ["532.6", "218.4"], ["527.8", "218.4"]], "Type": "SD"}, {"Location": [["662.0", "145.0"], ["662.0", "215.9"], ["661.6", "215.9"], ["661.6", "233.3"], ["535.3", "233.3"], ["535.3", "145.0"]], "Type": "GATE"}, {"Location": [["650.5", "151.5"], ["656.5", "151.5"], ["656.5", "209.4"], ["650.5", "209.4"]], "Type": "SD"}], "Module": "M3", "Boundary": [["662.0", "145.0"], ["662.0", "215.9"], ["661.6", "215.9"], ["661.6", "233.3"], ["527.8", "233.3"], ["527.8", "145.0"]], "Module_type": "GATE"}, {"Ports": [{"Location": [["25.7", "296.6"], ["101.3", "296.6"], ["101.3", "301.5"], ["25.7", "301.5"]], "Type": "SD"}, {"Location": [["10.0", "207.6"], ["117.0", "207.6"], ["117.0", "293.7"], ["10.0", "293.7"]], "Type": "GATE"}, {"Location": [["16.8", "213.4"], ["110.2", "213.4"], ["110.2", "220.8"], ["16.8", "220.8"]], "Type": "SD"}], "Module": "M15", "Boundary": [["10.0", "207.6"], ["117.0", "207.6"], ["117.0", "301.5"], ["10.0", "301.5"]], "Module_type": "GATE"}, {"Ports": [{"Location": [["702.1", "348.5"], ["768.2", "348.5"], ["768.2", "354.4"], ["702.1", "354.4"]], "Type": "SD"}, {"Location": [["688.0", "145.0"], ["768.4", "145.0"], ["768.4", "181.5"], ["782.3", "181.5"], ["782.3", "346.3"], ["688.0", "346.3"]], "Type": "GATE"}, {"Location": [["694.0", "150.0"], ["761.4", "150.0"], ["761.4", "156.9"], ["694.0", "156.9"]], "Type": "SD"}], "Module": "M12", "Boundary": [["688.0", "145.0"], ["768.4", "145.0"], ["768.4", "181.5"], ["782.3", "181.5"], ["782.3", "354.4"], ["688.0", "354.4"]], "Module_type": "GATE"}, {"Ports": [{"Location": [["537.8", "33.1"], ["542.6", "33.1"], ["542.6", "98.9"], ["537.8", "98.9"]], "Type": "SD"}, {"Location": [["613.2", "20.0"], ["613.2", "98.3"], ["588.5", "98.3"], ["588.5", "112.0"], ["545.5", "112.0"], ["545.5", "20.0"]], "Type": "GATE"}, {"Location": [["602.0", "26.7"], ["607.5", "26.7"], ["607.5", "90.6"], ["602.0", "90.6"]], "Type": "SD"}], "Module": "M8", "Boundary": [["613.2", "20.0"], ["613.2", "98.3"], ["588.5", "98.3"], ["588.5", "112.0"], ["537.8", "112.0"], ["537.8", "20.0"]], "Module_type": "GATE"}], "Area": [["-30.0", "-30.0"], ["822.3", "-30.0"], ["822.3", "487.4"], ["-30.0", "487.4"]], "Rules": ["GATE(5,5)", "SD(5,5)", "GATE_SD(0.5)", "GATE_ITO(0.5)", "SD_ITO(0.5)"]}