{"Modules": [{"Module": "M14", "Boundary": [["283.3", "140.6"], ["283.3", "198.7"], ["283.1", "198.7"], ["283.1", "216.5"], ["173.9", "216.5"], ["173.9", "140.6"]], "Module_type": "GATE", "Ports": [{"Location": [["173.9", "157.3"], ["179.1", "157.3"], ["179.1", "199.8"], ["173.9", "199.8"]], "Type": "SD"}, {"Location": [["283.3", "140.6"], ["283.3", "198.7"], ["283.1", "198.7"], ["283.1", "216.5"], ["181.2", "216.5"], ["181.2", "140.6"]], "Type": "GATE"}, {"Location": [["269.6", "147.5"], ["277.4", "147.5"], ["277.4", "191.8"], ["269.6", "191.8"]], "Type": "SD"}]}, {"Ports": [{"Location": [["290.4", "648.0"], ["364.5", "648.0"], ["364.5", "653.8"], ["290.4", "653.8"]], "Type": "SD"}, {"Location": [["274.9", "563.2"], ["363.2", "563.2"], ["363.2", "563.6"], ["380.0", "563.6"], ["380.0", "646.2"], ["274.9", "646.2"]], "Type": "GATE"}, {"Location": [["281.8", "569.1"], ["356.3", "569.1"], ["356.3", "575.9"], ["281.8", "575.9"]], "Type": "SD"}], "Module": "M9", "Boundary": [["274.9", "563.2"], ["363.2", "563.2"], ["363.2", "563.6"], ["380.0", "563.6"], ["380.0", "653.8"], ["274.9", "653.8"]], "Module_type": "GATE"}, {"Ports": [{"Location": [["32.9", "553.5"], ["95.8", "553.5"], ["95.8", "558.7"], ["32.9", "558.7"]], "Type": "SD"}, {"Location": [["20.0", "414.8"], ["108.7", "414.8"], ["108.7", "550.7"], ["20.0", "550.7"]], "Type": "GATE"}, {"Location": [["26.3", "420.1"], ["102.4", "420.1"], ["102.4", "425.9"], ["26.3", "425.9"]], "Type": "SD"}], "Module": "M5", "Boundary": [["20.0", "414.8"], ["108.7", "414.8"], ["108.7", "558.7"], ["20.0", "558.7"]], "Module_type": "GATE"}, {"Ports": [{"Location": [["116.5", "272.1"], ["122.3", "272.1"], ["122.3", "317.3"], ["116.5", "317.3"]], "Type": "SD"}, {"Location": [["278.2", "256.5"], ["278.2", "314.0"], ["278.0", "314.0"], ["278.0", "332.9"], ["125.0", "332.9"], ["125.0", "256.5"]], "Type": "GATE"}, {"Location": [["266.0", "262.3"], ["273.4", "262.3"], ["273.4", "308.2"], ["266.0", "308.2"]], "Type": "SD"}], "Module": "M11", "Boundary": [["278.2", "256.5"], ["278.2", "314.0"], ["278.0", "314.0"], ["278.0", "332.9"], ["116.5", "332.9"], ["116.5", "256.5"]], "Module_type": "GATE"}, {"Ports": [{"Location": [["43.1", "203.9"], ["100.8", "203.9"], ["100.8", "208.7"], ["43.1", "208.7"]], "Type": "SD"}, {"Location": [["30.0", "30.0"], ["97.1", "30.0"], ["97.1", "30.2"], ["113.9", "30.2"], ["113.9", "202.1"], ["30.0", "202.1"]], "Type": "GATE"}, {"Location": [["35.9", "34.9"], ["91.2", "34.9"], ["91.2", "40.3"], ["35.9", "40.3"]], "Type": "SD"}], "Module": "M1", "Boundary": [["30.0", "30.0"], ["97.1", "30.0"], ["97.1", "30.2"], ["113.9", "30.2"], ["113.9", "208.7"], ["30.0", "208.7"]], "Module_type": "GATE"}, {"Ports": [{"Location": [["285.6", "537.8"], ["363.3", "537.8"], ["363.3", "543.2"], ["285.6", "543.2"]], "Type": "SD"}, {"Location": [["270.2", "366.1"], ["378.7", "366.1"], ["378.7", "535.5"], ["270.2", "535.5"]], "Type": "GATE"}, {"Location": [["276.6", "371.5"], ["372.3", "371.5"], ["372.3", "378.7"], ["276.6", "378.7"]], "Type": "SD"}], "Module": "M6", "Boundary": [["270.2", "366.1"], ["378.7", "366.1"], ["378.7", "543.2"], ["270.2", "543.2"]], "Module_type": "GATE"}, {"Ports": [{"Location": [["462.6", "161.8"], ["485.1", "161.8"], ["485.1", "165.9"], ["462.6", "165.9"]], "Type": "SD"}, {"Location": [["449.3", "20.0"], ["482.6", "20.0"], ["482.6", "20.1"], ["498.4", "20.1"], ["498.4", "160.7"], ["449.3", "160.7"]], "Type": "GATE"}, {"Location": [["455.9", "25.6"], ["476.0", "25.6"], ["476.0", "30.8"], ["455.9", "30.8"]], "Type": "SD"}], "Module": "M2", "Boundary": [["449.3", "20.0"], ["482.6", "20.0"], ["482.6", "20.1"], ["498.4", "20.1"], ["498.4", "165.9"], ["449.3", "165.9"]], "Module_type": "GATE"}, {"Ports": [{"Location": [["10.0", "601.9"], ["15.0", "601.9"], ["15.0", "639.5"], ["10.0", "639.5"]], "Type": "SD"}, {"Location": [["146.6", "588.7"], ["146.6", "637.3"], ["146.5", "637.3"], ["146.5", "652.7"], ["16.0", "652.7"], ["16.0", "588.7"]], "Type": "GATE"}, {"Location": [["135.8", "594.5"], ["141.8", "594.5"], ["141.8", "631.5"], ["135.8", "631.5"]], "Type": "SD"}], "Module": "M16", "Boundary": [["146.6", "588.7"], ["146.6", "637.3"], ["146.5", "637.3"], ["146.5", "652.7"], ["10.0", "652.7"], ["10.0", "588.7"]], "Module_type": "GATE"}, {"Ports": [{"Location": [["21.3", "379.0"], ["85.2", "379.0"], ["85.2", "384.8"], ["21.3", "384.8"]], "Type": "SD"}, {"Location": [["10.0", "248.7"], ["82.1", "248.7"], ["82.1", "249.0"], ["96.5", "249.0"], ["96.5", "376.1"], ["10.0", "376.1"]], "Type": "GATE"}, {"Location": [["15.3", "253.0"], ["76.8", "253.0"], ["76.8", "257.5"], ["15.3", "257.5"]], "Type": "SD"}], "Module": "M13", "Boundary": [["10.0", "248.7"], ["82.1", "248.7"], ["82.1", "249.0"], ["96.5", "249.0"], ["96.5", "384.8"], ["10.0", "384.8"]], "Module_type": "GATE"}, {"Ports": [{"Location": [["166.6", "597.0"], ["171.1", "597.0"], ["171.1", "638.9"], ["166.6", "638.9"]], "Type": "SD"}, {"Location": [["254.9", "583.5"], ["254.9", "652.4"], ["173.3", "652.4"], ["173.3", "583.5"]], "Type": "GATE"}, {"Location": [["244.8", "590.4"], ["249.0", "590.4"], ["249.0", "645.5"], ["244.8", "645.5"]], "Type": "SD"}], "Module": "M10", "Boundary": [["254.9", "583.5"], ["254.9", "652.4"], ["166.6", "652.4"], ["166.6", "583.5"]], "Module_type": "GATE"}, {"Ports": [{"Location": [["161.9", "548.4"], ["227.0", "548.4"], ["227.0", "553.5"], ["161.9", "553.5"]], "Type": "SD"}, {"Location": [["148.7", "362.9"], ["240.2", "362.9"], ["240.2", "547.0"], ["148.7", "547.0"]], "Type": "GATE"}, {"Location": [["154.4", "367.6"], ["234.5", "367.6"], ["234.5", "374.3"], ["154.4", "374.3"]], "Type": "SD"}], "Module": "M7", "Boundary": [["148.7", "362.9"], ["240.2", "362.9"], ["240.2", "553.5"], ["148.7", "553.5"]], "Module_type": "GATE"}, {"Ports": [{"Location": [["153.9", "24.6"], ["158.9", "24.6"], ["158.9", "86.0"], ["153.9", "86.0"]], "Type": "SD"}, {"Location": [["314.6", "10.0"], ["314.6", "100.6"], ["160.3", "100.6"], ["160.3", "10.0"]], "Type": "GATE"}, {"Location": [["302.9", "16.8"], ["308.8", "16.8"], ["308.8", "93.8"], ["302.9", "93.8"]], "Type": "SD"}], "Module": "M3", "Boundary": [["314.6", "10.0"], ["314.6", "100.6"], ["153.9", "100.6"], ["153.9", "10.0"]], "Module_type": "GATE"}, {"Ports": [{"Location": [["335.5", "341.7"], ["390.4", "341.7"], ["390.4", "346.1"], ["335.5", "346.1"]], "Type": "SD"}, {"Location": [["323.3", "149.6"], ["402.6", "149.6"], ["402.6", "340.4"], ["323.3", "340.4"]], "Type": "GATE"}, {"Location": [["328.3", "153.6"], ["397.6", "153.6"], ["397.6", "160.2"], ["328.3", "160.2"]], "Type": "SD"}], "Module": "M15", "Boundary": [["323.3", "149.6"], ["402.6", "149.6"], ["402.6", "346.1"], ["323.3", "346.1"]], "Module_type": "GATE"}, {"Ports": [{"Location": [["433.2", "415.7"], ["498.9", "415.7"], ["498.9", "420.8"], ["433.2", "420.8"]], "Type": "SD"}, {"Location": [["422.6", "195.9"], ["509.5", "195.9"], ["509.5", "413.4"], ["422.6", "413.4"]], "Type": "GATE"}, {"Location": [["428.0", "200.3"], ["504.1", "200.3"], ["504.1", "204.6"], ["428.0", "204.6"]], "Type": "SD"}], "Module": "M12", "Boundary": [["422.6", "195.9"], ["509.5", "195.9"], ["509.5", "420.8"], ["422.6", "420.8"]], "Module_type": "GATE"}, {"Ports": [{"Location": [["421.9", "628.3"], ["487.4", "628.3"], ["487.4", "633.5"], ["421.9", "633.5"]], "Type": "SD"}, {"Location": [["410.0", "450.8"], ["484.8", "450.8"], ["484.8", "450.8"], ["499.3", "450.8"], ["499.3", "625.8"], ["410.0", "625.8"]], "Type": "GATE"}, {"Location": [["416.4", "456.2"], ["478.4", "456.2"], ["478.4", "461.0"], ["416.4", "461.0"]], "Type": "SD"}], "Module": "M8", "Boundary": [["410.0", "450.8"], ["484.8", "450.8"], ["484.8", "450.8"], ["499.3", "450.8"], ["499.3", "633.5"], ["410.0", "633.5"]], "Module_type": "GATE"}, {"Ports": [{"Location": [["356.9", "114.4"], ["397.0", "114.4"], ["397.0", "119.6"], ["356.9", "119.6"]], "Type": "SD"}, {"Location": [["344.6", "20.0"], ["409.3", "20.0"], ["409.3", "112.3"], ["344.6", "112.3"]], "Type": "GATE"}, {"Location": [["349.7", "24.1"], ["404.2", "24.1"], ["404.2", "29.4"], ["349.7", "29.4"]], "Type": "SD"}], "Module": "M4", "Boundary": [["344.6", "20.0"], ["409.3", "20.0"], ["409.3", "119.6"], ["344.6", "119.6"]], "Module_type": "GATE"}], "Area": [["-30.0", "-30.0"], ["549.5", "-30.0"], ["549.5", "693.8"], ["-30.0", "693.8"]], "Rules": ["GATE(5,5)", "SD(5,5)", "GATE_SD(0.5)", "GATE_ITO(0.5)", "SD_ITO(0.5)"]}