{"Modules": [{"Module": "M14", "Boundary": [["298.6", "399.7"], ["298.6", "488.5"], ["161.5", "488.5"], ["161.5", "399.7"]], "Module_type": "GATE", "Ports": [{"Location": [["161.5", "414.5"], ["166.5", "414.5"], ["166.5", "473.7"], ["161.5", "473.7"]], "Type": "SD"}, {"Location": [["298.6", "399.7"], ["298.6", "488.5"], ["168.4", "488.5"], ["168.4", "399.7"]], "Type": "GATE"}, {"Location": [["287.2", "406.0"], ["293.3", "406.0"], ["293.3", "482.2"], ["287.2", "482.2"]], "Type": "SD"}]}, {"Ports": [{"Location": [["353.9", "23.8"], ["358.5", "23.8"], ["358.5", "101.5"], ["353.9", "101.5"]], "Type": "SD"}, {"Location": [["424.6", "10.0"], ["424.6", "97.8"], ["424.5", "97.8"], ["424.5", "115.3"], ["359.7", "115.3"], ["359.7", "10.0"]], "Type": "GATE"}, {"Location": [["413.4", "15.6"], ["420.0", "15.6"], ["420.0", "92.2"], ["413.4", "92.2"]], "Type": "SD"}], "Module": "M9", "Boundary": [["424.6", "10.0"], ["424.6", "97.8"], ["424.5", "97.8"], ["424.5", "115.3"], ["353.9", "115.3"], ["353.9", "10.0"]], "Module_type": "GATE"}, {"Ports": [{"Location": [["20.0", "403.3"], ["25.8", "403.3"], ["25.8", "486.0"], ["20.0", "486.0"]], "Type": "SD"}, {"Location": [["111.5", "389.7"], ["111.5", "484.4"], ["111.3", "484.4"], ["111.3", "499.6"], ["28.1", "499.6"], ["28.1", "389.7"]], "Type": "GATE"}, {"Location": [["100.6", "396.6"], ["105.6", "396.6"], ["105.6", "477.5"], ["100.6", "477.5"]], "Type": "SD"}], "Module": "M5", "Boundary": [["111.5", "389.7"], ["111.5", "484.4"], ["111.3", "484.4"], ["111.3", "499.6"], ["20.0", "499.6"], ["20.0", "389.7"]], "Module_type": "GATE"}, {"Ports": [{"Location": [["10.0", "541.4"], ["14.1", "541.4"], ["14.1", "590.6"], ["10.0", "590.6"]], "Type": "SD"}, {"Location": [["106.9", "529.6"], ["106.9", "588.3"], ["106.7", "588.3"], ["106.7", "602.4"], ["16.1", "602.4"], ["16.1", "529.6"]], "Type": "GATE"}, {"Location": [["97.0", "535.4"], ["102.1", "535.4"], ["102.1", "582.5"], ["97.0", "582.5"]], "Type": "SD"}], "Module": "M11", "Boundary": [["106.9", "529.6"], ["106.9", "588.3"], ["106.7", "588.3"], ["106.7", "602.4"], ["10.0", "602.4"], ["10.0", "529.6"]], "Module_type": "GATE"}, {"Ports": [{"Location": [["358.6", "417.0"], ["364.2", "417.0"], ["364.2", "490.1"], ["358.6", "490.1"]], "Type": "SD"}, {"Location": [["526.0", "403.9"], ["526.0", "486.5"], ["525.6", "486.5"], ["525.6", "503.2"], ["366.4", "503.2"], ["366.4", "403.9"]], "Type": "GATE"}, {"Location": [["516.1", "409.5"], ["521.4", "409.5"], ["521.4", "480.9"], ["516.1", "480.9"]], "Type": "SD"}], "Module": "M1", "Boundary": [["526.0", "403.9"], ["526.0", "486.5"], ["525.6", "486.5"], ["525.6", "503.2"], ["358.6", "503.2"], ["358.6", "403.9"]], "Module_type": "GATE"}, {"Ports": [{"Location": [["184.0", "145.4"], ["188.7", "145.4"], ["188.7", "215.3"], ["184.0", "215.3"]], "Type": "SD"}, {"Location": [["326.4", "131.2"], ["326.4", "229.5"], ["191.0", "229.5"], ["191.0", "131.2"]], "Type": "GATE"}, {"Location": [["314.3", "137.8"], ["320.8", "137.8"], ["320.8", "222.9"], ["314.3", "222.9"]], "Type": "SD"}], "Module": "M6", "Boundary": [["326.4", "131.2"], ["326.4", "229.5"], ["184.0", "229.5"], ["184.0", "131.2"]], "Module_type": "GATE"}, {"Ports": [{"Location": [["20.0", "294.6"], ["25.4", "294.6"], ["25.4", "336.1"], ["20.0", "336.1"]], "Type": "SD"}, {"Location": [["238.2", "281.0"], ["238.2", "332.7"], ["238.1", "332.7"], ["238.1", "349.7"], ["27.9", "349.7"], ["27.9", "281.0"]], "Type": "GATE"}, {"Location": [["227.0", "287.4"], ["232.8", "287.4"], ["232.8", "326.3"], ["227.0", "326.3"]], "Type": "SD"}], "Module": "M2", "Boundary": [["238.2", "281.0"], ["238.2", "332.7"], ["238.1", "332.7"], ["238.1", "349.7"], ["20.0", "349.7"], ["20.0", "281.0"]], "Module_type": "GATE"}, {"Ports": [{"Location": [["358.7", "264.3"], ["363.9", "264.3"], ["363.9", "348.7"], ["358.7", "348.7"]], "Type": "SD"}, {"Location": [["545.7", "249.1"], ["545.7", "363.9"], ["366.0", "363.9"], ["366.0", "249.1"]], "Type": "GATE"}, {"Location": [["533.8", "254.3"], ["541.5", "254.3"], ["541.5", "358.7"], ["533.8", "358.7"]], "Type": "SD"}], "Module": "M16", "Boundary": [["545.7", "249.1"], ["545.7", "363.9"], ["358.7", "363.9"], ["358.7", "249.1"]], "Module_type": "GATE"}, {"Ports": [{"Location": [["346.4", "150.9"], ["352.3", "150.9"], ["352.3", "213.0"], ["346.4", "213.0"]], "Type": "SD"}, {"Location": [["459.4", "135.3"], ["459.4", "210.4"], ["459.1", "210.4"], ["459.1", "228.6"], ["354.0", "228.6"], ["354.0", "135.3"]], "Type": "GATE"}, {"Location": [["447.0", "142.0"], ["453.7", "142.0"], ["453.7", "203.7"], ["447.0", "203.7"]], "Type": "SD"}], "Module": "M13", "Boundary": [["459.4", "135.3"], ["459.4", "210.4"], ["459.1", "210.4"], ["459.1", "228.6"], ["346.4", "228.6"], ["346.4", "135.3"]], "Module_type": "GATE"}, {"Ports": [{"Location": [["10.0", "171.0"], ["15.0", "171.0"], ["15.0", "237.6"], ["10.0", "237.6"]], "Type": "SD"}, {"Location": [["164.0", "157.6"], ["164.0", "251.0"], ["17.9", "251.0"], ["17.9", "157.6"]], "Type": "GATE"}, {"Location": [["152.1", "163.7"], ["158.9", "163.7"], ["158.9", "244.9"], ["152.1", "244.9"]], "Type": "SD"}], "Module": "M10", "Boundary": [["164.0", "157.6"], ["164.0", "251.0"], ["10.0", "251.0"], ["10.0", "157.6"]], "Module_type": "GATE"}, {"Ports": [{"Location": [["136.9", "552.2"], ["141.9", "552.2"], ["141.9", "602.3"], ["136.9", "602.3"]], "Type": "SD"}, {"Location": [["308.0", "539.6"], ["308.0", "614.9"], ["143.8", "614.9"], ["143.8", "539.6"]], "Type": "GATE"}, {"Location": [["297.0", "545.5"], ["303.1", "545.5"], ["303.1", "609.0"], ["297.0", "609.0"]], "Type": "SD"}], "Module": "M7", "Boundary": [["308.0", "539.6"], ["308.0", "614.9"], ["136.9", "614.9"], ["136.9", "539.6"]], "Module_type": "GATE"}, {"Ports": [{"Location": [["495.4", "223.2"], ["519.6", "223.2"], ["519.6", "229.1"], ["495.4", "229.1"]], "Type": "SD"}, {"Location": [["479.4", "10.0"], ["535.6", "10.0"], ["535.6", "221.0"], ["479.4", "221.0"]], "Type": "GATE"}, {"Location": [["486.2", "15.8"], ["528.8", "15.8"], ["528.8", "22.5"], ["486.2", "22.5"]], "Type": "SD"}], "Module": "M3", "Boundary": [["479.4", "10.0"], ["535.6", "10.0"], ["535.6", "229.1"], ["479.4", "229.1"]], "Module_type": "GATE"}, {"Ports": [{"Location": [["268.2", "264.1"], ["272.8", "264.1"], ["272.8", "340.7"], ["268.2", "340.7"]], "Type": "SD"}, {"Location": [["338.7", "249.5"], ["338.7", "355.3"], ["274.5", "355.3"], ["274.5", "249.5"]], "Type": "GATE"}, {"Location": [["326.3", "256.1"], ["333.1", "256.1"], ["333.1", "348.7"], ["326.3", "348.7"]], "Type": "SD"}], "Module": "M15", "Boundary": [["338.7", "249.5"], ["338.7", "355.3"], ["268.2", "355.3"], ["268.2", "249.5"]], "Module_type": "GATE"}, {"Ports": [{"Location": [["338.0", "556.8"], ["343.9", "556.8"], ["343.9", "596.0"], ["338.0", "596.0"]], "Type": "SD"}, {"Location": [["539.2", "543.2"], ["539.2", "593.7"], ["539.1", "593.7"], ["539.1", "609.6"], ["345.4", "609.6"], ["345.4", "543.2"]], "Type": "GATE"}, {"Location": [["527.7", "550.0"], ["533.4", "550.0"], ["533.4", "586.9"], ["527.7", "586.9"]], "Type": "SD"}], "Module": "M12", "Boundary": [["539.2", "543.2"], ["539.2", "593.7"], ["539.1", "593.7"], ["539.1", "609.6"], ["338.0", "609.6"], ["338.0", "543.2"]], "Module_type": "GATE"}, {"Ports": [{"Location": [["188.7", "34.3"], ["193.8", "34.3"], ["193.8", "86.9"], ["188.7", "86.9"]], "Type": "SD"}, {"Location": [["323.9", "20.0"], ["323.9", "101.2"], ["195.0", "101.2"], ["195.0", "20.0"]], "Type": "GATE"}, {"Location": [["312.0", "26.3"], ["318.6", "26.3"], ["318.6", "94.9"], ["312.0", "94.9"]], "Type": "SD"}], "Module": "M8", "Boundary": [["323.9", "20.0"], ["323.9", "101.2"], ["188.7", "101.2"], ["188.7", "20.0"]], "Module_type": "GATE"}, {"Ports": [{"Location": [["20.0", "32.1"], ["25.4", "32.1"], ["25.4", "115.5"], ["20.0", "115.5"]], "Type": "SD"}, {"Location": [["148.7", "20.0"], ["148.7", "127.6"], ["27.4", "127.6"], ["27.4", "20.0"]], "Type": "GATE"}, {"Location": [["138.2", "25.3"], ["144.4", "25.3"], ["144.4", "122.3"], ["138.2", "122.3"]], "Type": "SD"}], "Module": "M4", "Boundary": [["148.7", "20.0"], ["148.7", "127.6"], ["20.0", "127.6"], ["20.0", "20.0"]], "Module_type": "GATE"}], "Area": [["-30.0", "-30.0"], ["585.7", "-30.0"], ["585.7", "654.9"], ["-30.0", "654.9"]], "Rules": ["GATE(5,5)", "SD(5,5)", "GATE_SD(0.5)", "GATE_ITO(0.5)", "SD_ITO(0.5)"]}