{"Modules": [{"Module": "M14", "Boundary": [["295.5", "908.7"], ["295.5", "994.7"], ["240.5", "994.7"], ["240.5", "1009.9"], ["191.2", "1009.9"], ["191.2", "908.7"]], "Module_type": "GATE", "Ports": [{"Location": [["191.2", "923.1"], ["195.8", "923.1"], ["195.8", "995.5"], ["191.2", "995.5"]], "Type": "SD"}, {"Location": [["295.5", "908.7"], ["295.5", "994.7"], ["240.5", "994.7"], ["240.5", "1009.9"], ["197.4", "1009.9"], ["197.4", "908.7"]], "Type": "GATE"}, {"Location": [["283.8", "915.3"], ["289.9", "915.3"], ["289.9", "987.1"], ["283.8", "987.1"]], "Type": "SD"}]}, {"Ports": [{"Location": [["10.0", "205.8"], ["14.9", "205.8"], ["14.9", "262.7"], ["10.0", "262.7"]], "Type": "SD"}, {"Location": [["109.7", "191.9"], ["109.7", "260.0"], ["109.7", "260.0"], ["109.7", "276.6"], ["17.3", "276.6"], ["17.3", "191.9"]], "Type": "GATE"}, {"Location": [["98.6", "197.5"], ["105.1", "197.5"], ["105.1", "254.4"], ["98.6", "254.4"]], "Type": "SD"}], "Module": "M9", "Boundary": [["109.7", "191.9"], ["109.7", "260.0"], ["109.7", "260.0"], ["109.7", "276.6"], ["10.0", "276.6"], ["10.0", "191.9"]], "Module_type": "GATE"}, {"Ports": [{"Location": [["139.7", "207.5"], ["144.9", "207.5"], ["144.9", "277.8"], ["139.7", "277.8"]], "Type": "SD"}, {"Location": [["235.7", "193.8"], ["235.7", "275.8"], ["235.4", "275.8"], ["235.4", "291.5"], ["146.0", "291.5"], ["146.0", "193.8"]], "Type": "GATE"}, {"Location": [["224.2", "200.0"], ["230.5", "200.0"], ["230.5", "269.6"], ["224.2", "269.6"]], "Type": "SD"}], "Module": "M5", "Boundary": [["235.7", "193.8"], ["235.7", "275.8"], ["235.4", "275.8"], ["235.4", "291.5"], ["139.7", "291.5"], ["139.7", "193.8"]], "Module_type": "GATE"}, {"Ports": [{"Location": [["278.8", "544.2"], ["320.1", "544.2"], ["320.1", "550.2"], ["278.8", "550.2"]], "Type": "SD"}, {"Location": [["265.1", "374.2"], ["317.0", "374.2"], ["317.0", "374.3"], ["333.8", "374.3"], ["333.8", "542.8"], ["265.1", "542.8"]], "Type": "GATE"}, {"Location": [["271.1", "379.2"], ["311.0", "379.2"], ["311.0", "385.6"], ["271.1", "385.6"]], "Type": "SD"}], "Module": "M11", "Boundary": [["265.1", "374.2"], ["317.0", "374.2"], ["317.0", "374.3"], ["333.8", "374.3"], ["333.8", "550.2"], ["265.1", "550.2"]], "Module_type": "GATE"}, {"Ports": [{"Location": [["42.5", "491.2"], ["76.2", "491.2"], ["76.2", "495.9"], ["42.5", "495.9"]], "Type": "SD"}, {"Location": [["30.0", "316.6"], ["75.0", "316.6"], ["75.0", "316.8"], ["88.7", "316.8"], ["88.7", "488.5"], ["30.0", "488.5"]], "Type": "GATE"}, {"Location": [["36.4", "322.0"], ["68.6", "322.0"], ["68.6", "327.2"], ["36.4", "327.2"]], "Type": "SD"}], "Module": "M1", "Boundary": [["30.0", "316.6"], ["75.0", "316.6"], ["75.0", "316.8"], ["88.7", "316.8"], ["88.7", "495.9"], ["30.0", "495.9"]], "Module_type": "GATE"}, {"Ports": [{"Location": [["10.0", "783.0"], ["15.4", "783.0"], ["15.4", "864.8"], ["10.0", "864.8"]], "Type": "SD"}, {"Location": [["135.7", "769.3"], ["135.7", "861.0"], ["75.2", "861.0"], ["75.2", "878.5"], ["16.6", "878.5"], ["16.6", "769.3"]], "Type": "GATE"}, {"Location": [["124.9", "774.5"], ["131.5", "774.5"], ["131.5", "854.8"], ["124.9", "854.8"]], "Type": "SD"}], "Module": "M6", "Boundary": [["135.7", "769.3"], ["135.7", "861.0"], ["75.2", "861.0"], ["75.2", "878.5"], ["10.0", "878.5"], ["10.0", "769.3"]], "Module_type": "GATE"}, {"Ports": [{"Location": [["165.7", "792.0"], ["169.7", "792.0"], ["169.7", "846.0"], ["165.7", "846.0"]], "Type": "SD"}, {"Location": [["277.6", "779.3"], ["277.6", "843.2"], ["277.4", "843.2"], ["277.4", "858.7"], ["171.0", "858.7"], ["171.0", "779.3"]], "Type": "GATE"}, {"Location": [["267.2", "784.6"], ["273.3", "784.6"], ["273.3", "837.9"], ["267.2", "837.9"]], "Type": "SD"}], "Module": "M2", "Boundary": [["277.6", "779.3"], ["277.6", "843.2"], ["277.4", "843.2"], ["277.4", "858.7"], ["165.7", "858.7"], ["165.7", "779.3"]], "Module_type": "GATE"}, {"Ports": [{"Location": [["142.5", "524.6"], ["231.3", "524.6"], ["231.3", "530.0"], ["142.5", "530.0"]], "Type": "SD"}, {"Location": [["128.7", "321.5"], ["228.8", "321.5"], ["228.8", "321.6"], ["245.1", "321.6"], ["245.1", "522.0"], ["128.7", "522.0"]], "Type": "GATE"}, {"Location": [["134.5", "326.3"], ["223.0", "326.3"], ["223.0", "332.4"], ["134.5", "332.4"]], "Type": "SD"}], "Module": "M16", "Boundary": [["128.7", "321.5"], ["228.8", "321.5"], ["228.8", "321.6"], ["245.1", "321.6"], ["245.1", "530.0"], ["128.7", "530.0"]], "Module_type": "GATE"}, {"Ports": [{"Location": [["22.3", "166.2"], ["87.1", "166.2"], ["87.1", "171.9"], ["22.3", "171.9"]], "Type": "SD"}, {"Location": [["10.0", "10.0"], ["99.4", "10.0"], ["99.4", "165.0"], ["10.0", "165.0"]], "Type": "GATE"}, {"Location": [["15.4", "14.4"], ["94.0", "14.4"], ["94.0", "19.9"], ["15.4", "19.9"]], "Type": "SD"}], "Module": "M13", "Boundary": [["10.0", "10.0"], ["99.4", "10.0"], ["99.4", "171.9"], ["10.0", "171.9"]], "Module_type": "GATE"}, {"Ports": [{"Location": [["130.1", "159.7"], ["203.3", "159.7"], ["203.3", "163.8"], ["130.1", "163.8"]], "Type": "SD"}, {"Location": [["119.4", "10.0"], ["201.6", "10.0"], ["201.6", "62.6"], ["214.0", "62.6"], ["214.0", "158.3"], ["119.4", "158.3"]], "Type": "GATE"}, {"Location": [["124.4", "14.0"], ["195.6", "14.0"], ["195.6", "18.7"], ["124.4", "18.7"]], "Type": "SD"}], "Module": "M10", "Boundary": [["119.4", "10.0"], ["201.6", "10.0"], ["201.6", "62.6"], ["214.0", "62.6"], ["214.0", "163.8"], ["119.4", "163.8"]], "Module_type": "GATE"}, {"Ports": [{"Location": [["265.2", "733.8"], ["304.1", "733.8"], ["304.1", "738.2"], ["265.2", "738.2"]], "Type": "SD"}, {"Location": [["249.5", "580.2"], ["303.4", "580.2"], ["303.4", "580.3"], ["319.8", "580.3"], ["319.8", "732.3"], ["249.5", "732.3"]], "Type": "GATE"}, {"Location": [["256.5", "586.2"], ["296.4", "586.2"], ["296.4", "592.7"], ["256.5", "592.7"]], "Type": "SD"}], "Module": "M7", "Boundary": [["249.5", "580.2"], ["303.4", "580.2"], ["303.4", "580.3"], ["319.8", "580.3"], ["319.8", "738.2"], ["249.5", "738.2"]], "Module_type": "GATE"}, {"Ports": [{"Location": [["246.9", "131.3"], ["308.2", "131.3"], ["308.2", "135.7"], ["246.9", "135.7"]], "Type": "SD"}, {"Location": [["234.0", "10.0"], ["307.5", "10.0"], ["307.5", "10.2"], ["321.1", "10.2"], ["321.1", "130.0"], ["234.0", "130.0"]], "Type": "GATE"}, {"Location": [["240.4", "15.4"], ["301.1", "15.4"], ["301.1", "21.2"], ["240.4", "21.2"]], "Type": "SD"}], "Module": "M3", "Boundary": [["234.0", "10.0"], ["307.5", "10.0"], ["307.5", "10.2"], ["321.1", "10.2"], ["321.1", "135.7"], ["234.0", "135.7"]], "Module_type": "GATE"}, {"Ports": [{"Location": [["279.2", "349.1"], ["319.9", "349.1"], ["319.9", "354.2"], ["279.2", "354.2"]], "Type": "SD"}, {"Location": [["265.7", "155.7"], ["333.4", "155.7"], ["333.4", "346.7"], ["265.7", "346.7"]], "Type": "GATE"}, {"Location": [["271.8", "160.8"], ["327.3", "160.8"], ["327.3", "167.4"], ["271.8", "167.4"]], "Type": "SD"}], "Module": "M15", "Boundary": [["265.7", "155.7"], ["333.4", "155.7"], ["333.4", "354.2"], ["265.7", "354.2"]], "Module_type": "GATE"}, {"Ports": [{"Location": [["24.7", "725.9"], ["64.3", "725.9"], ["64.3", "730.3"], ["24.7", "730.3"]], "Type": "SD"}, {"Location": [["10.0", "535.9"], ["63.2", "535.9"], ["63.2", "604.3"], ["79.0", "604.3"], ["79.0", "724.1"], ["10.0", "724.1"]], "Type": "GATE"}, {"Location": [["16.1", "541.0"], ["56.1", "541.0"], ["56.1", "547.3"], ["16.1", "547.3"]], "Type": "SD"}], "Module": "M12", "Boundary": [["10.0", "535.9"], ["63.2", "535.9"], ["63.2", "604.3"], ["79.0", "604.3"], ["79.0", "730.3"], ["10.0", "730.3"]], "Module_type": "GATE"}, {"Ports": [{"Location": [["20.0", "920.8"], ["25.3", "920.8"], ["25.3", "1009.2"], ["20.0", "1009.2"]], "Type": "SD"}, {"Location": [["141.2", "908.5"], ["141.2", "1006.4"], ["131.5", "1006.4"], ["131.5", "1021.5"], ["27.1", "1021.5"], ["27.1", "908.5"]], "Type": "GATE"}, {"Location": [["131.5", "914.3"], ["136.4", "914.3"], ["136.4", "999.6"], ["131.5", "999.6"]], "Type": "SD"}], "Module": "M8", "Boundary": [["141.2", "908.5"], ["141.2", "1006.4"], ["131.5", "1006.4"], ["131.5", "1021.5"], ["20.0", "1021.5"], ["20.0", "908.5"]], "Module_type": "GATE"}, {"Ports": [{"Location": [["122.5", "734.9"], ["196.0", "734.9"], ["196.0", "739.3"], ["122.5", "739.3"]], "Type": "SD"}, {"Location": [["109.0", "560.0"], ["194.0", "560.0"], ["194.0", "622.8"], ["209.5", "622.8"], ["209.5", "733.5"], ["109.0", "733.5"]], "Type": "GATE"}, {"Location": [["114.1", "564.1"], ["187.9", "564.1"], ["187.9", "571.4"], ["114.1", "571.4"]], "Type": "SD"}], "Module": "M4", "Boundary": [["109.0", "560.0"], ["194.0", "560.0"], ["194.0", "622.8"], ["209.5", "622.8"], ["209.5", "739.3"], ["109.0", "739.3"]], "Module_type": "GATE"}], "Area": [["-30.0", "-30.0"], ["373.8", "-30.0"], ["373.8", "1061.5"], ["-30.0", "1061.5"]], "Rules": ["GATE(5,5)", "SD(5,5)", "GATE_SD(0.5)", "GATE_ITO(0.5)", "SD_ITO(0.5)"]}