{"Modules": [{"Module": "M14", "Boundary": [["30.0", "470.4"], ["125.1", "470.4"], ["125.1", "555.3"], ["139.5", "555.3"], ["139.5", "665.8"], ["30.0", "665.8"]], "Module_type": "GATE", "Ports": [{"Location": [["42.8", "660.2"], ["126.7", "660.2"], ["126.7", "665.8"], ["42.8", "665.8"]], "Type": "SD"}, {"Location": [["30.0", "470.4"], ["125.1", "470.4"], ["125.1", "555.3"], ["139.5", "555.3"], ["139.5", "657.5"], ["30.0", "657.5"]], "Type": "GATE"}, {"Location": [["36.5", "475.9"], ["117.6", "475.9"], ["117.6", "481.0"], ["36.5", "481.0"]], "Type": "SD"}]}, {"Ports": [{"Location": [["127.3", "1032.6"], ["132.3", "1032.6"], ["132.3", "1069.2"], ["127.3", "1069.2"]], "Type": "SD"}, {"Location": [["312.2", "1018.3"], ["312.2", "1083.5"], ["133.4", "1083.5"], ["133.4", "1018.3"]], "Type": "GATE"}, {"Location": [["300.2", "1025.2"], ["306.3", "1025.2"], ["306.3", "1076.6"], ["300.2", "1076.6"]], "Type": "SD"}], "Module": "M9", "Boundary": [["312.2", "1018.3"], ["312.2", "1083.5"], ["127.3", "1083.5"], ["127.3", "1018.3"]], "Module_type": "GATE"}, {"Ports": [{"Location": [["189.5", "623.9"], ["194.1", "623.9"], ["194.1", "689.5"], ["189.5", "689.5"]], "Type": "SD"}, {"Location": [["294.5", "610.4"], ["294.5", "703.0"], ["195.5", "703.0"], ["195.5", "610.4"]], "Type": "GATE"}, {"Location": [["282.8", "616.6"], ["289.3", "616.6"], ["289.3", "696.8"], ["282.8", "696.8"]], "Type": "SD"}], "Module": "M5", "Boundary": [["294.5", "610.4"], ["294.5", "703.0"], ["189.5", "703.0"], ["189.5", "610.4"]], "Module_type": "GATE"}, {"Ports": [{"Location": [["165.3", "425.4"], ["185.9", "425.4"], ["185.9", "430.4"], ["165.3", "430.4"]], "Type": "SD"}, {"Location": [["151.7", "289.5"], ["185.1", "289.5"], ["185.1", "289.6"], ["199.5", "289.6"], ["199.5", "423.7"], ["151.7", "423.7"]], "Type": "GATE"}, {"Location": [["158.2", "295.0"], ["178.6", "295.0"], ["178.6", "300.8"], ["158.2", "300.8"]], "Type": "SD"}], "Module": "M11", "Boundary": [["151.7", "289.5"], ["185.1", "289.5"], ["185.1", "289.6"], ["199.5", "289.6"], ["199.5", "430.4"], ["151.7", "430.4"]], "Module_type": "GATE"}, {"Ports": [{"Location": [["199.5", "494.1"], ["205.0", "494.1"], ["205.0", "546.5"], ["199.5", "546.5"]], "Type": "SD"}, {"Location": [["299.8", "480.2"], ["299.8", "560.4"], ["207.6", "560.4"], ["207.6", "480.2"]], "Type": "GATE"}, {"Location": [["288.3", "487.2"], ["293.8", "487.2"], ["293.8", "553.4"], ["288.3", "553.4"]], "Type": "SD"}], "Module": "M1", "Boundary": [["299.8", "480.2"], ["299.8", "560.4"], ["199.5", "560.4"], ["199.5", "480.2"]], "Module_type": "GATE"}, {"Ports": [{"Location": [["219.5", "365.8"], ["224.4", "365.8"], ["224.4", "427.1"], ["219.5", "427.1"]], "Type": "SD"}, {"Location": [["337.6", "352.7"], ["337.6", "427.4"], ["318.7", "427.4"], ["318.7", "440.2"], ["227.3", "440.2"], ["227.3", "352.7"]], "Type": "GATE"}, {"Location": [["326.7", "359.0"], ["332.3", "359.0"], ["332.3", "420.1"], ["326.7", "420.1"]], "Type": "SD"}], "Module": "M6", "Boundary": [["337.6", "352.7"], ["337.6", "427.4"], ["318.7", "427.4"], ["318.7", "440.2"], ["219.5", "440.2"], ["219.5", "352.7"]], "Module_type": "GATE"}, {"Ports": [{"Location": [["32.0", "239.5"], ["65.7", "239.5"], ["65.7", "243.6"], ["32.0", "243.6"]], "Type": "SD"}, {"Location": [["20.0", "20.0"], ["65.1", "20.0"], ["65.1", "121.5"], ["77.7", "121.5"], ["77.7", "238.1"], ["20.0", "238.1"]], "Type": "GATE"}, {"Location": [["25.2", "24.2"], ["58.9", "24.2"], ["58.9", "30.3"], ["25.2", "30.3"]], "Type": "SD"}], "Module": "M2", "Boundary": [["20.0", "20.0"], ["65.1", "20.0"], ["65.1", "121.5"], ["77.7", "121.5"], ["77.7", "243.6"], ["20.0", "243.6"]], "Module_type": "GATE"}, {"Ports": [{"Location": [["24.7", "1008.3"], ["78.8", "1008.3"], ["78.8", "1013.4"], ["24.7", "1013.4"]], "Type": "SD"}, {"Location": [["10.0", "932.5"], ["78.7", "932.5"], ["78.7", "960.3"], ["93.5", "960.3"], ["93.5", "1006.9"], ["10.0", "1006.9"]], "Type": "GATE"}, {"Location": [["16.3", "937.8"], ["71.4", "937.8"], ["71.4", "945.1"], ["16.3", "945.1"]], "Type": "SD"}], "Module": "M16", "Boundary": [["10.0", "932.5"], ["78.7", "932.5"], ["78.7", "960.3"], ["93.5", "960.3"], ["93.5", "1013.4"], ["10.0", "1013.4"]], "Module_type": "GATE"}, {"Ports": [{"Location": [["256.9", "224.0"], ["338.5", "224.0"], ["338.5", "229.7"], ["256.9", "229.7"]], "Type": "SD"}, {"Location": [["242.3", "10.0"], ["334.6", "10.0"], ["334.6", "10.4"], ["353.1", "10.4"], ["353.1", "221.1"], ["242.3", "221.1"]], "Type": "GATE"}, {"Location": [["248.0", "14.7"], ["328.9", "14.7"], ["328.9", "21.5"], ["248.0", "21.5"]], "Type": "SD"}], "Module": "M13", "Boundary": [["242.3", "10.0"], ["334.6", "10.0"], ["334.6", "10.4"], ["353.1", "10.4"], ["353.1", "229.7"], ["242.3", "229.7"]], "Module_type": "GATE"}, {"Ports": [{"Location": [["242.3", "263.3"], ["247.3", "263.3"], ["247.3", "319.1"], ["242.3", "319.1"]], "Type": "SD"}, {"Location": [["329.6", "249.7"], ["329.6", "317.7"], ["285.9", "317.7"], ["285.9", "332.7"], ["250.0", "332.7"], ["250.0", "249.7"]], "Type": "GATE"}, {"Location": [["318.4", "256.0"], ["324.3", "256.0"], ["324.3", "310.4"], ["318.4", "310.4"]], "Type": "SD"}], "Module": "M10", "Boundary": [["329.6", "249.7"], ["329.6", "317.7"], ["285.9", "317.7"], ["285.9", "332.7"], ["242.3", "332.7"], ["242.3", "249.7"]], "Module_type": "GATE"}, {"Ports": [{"Location": [["137.3", "920.3"], ["141.4", "920.3"], ["141.4", "975.3"], ["137.3", "975.3"]], "Type": "SD"}, {"Location": [["342.1", "907.3"], ["342.1", "972.3"], ["342.1", "972.3"], ["342.1", "988.3"], ["143.3", "988.3"], ["143.3", "907.3"]], "Type": "GATE"}, {"Location": [["331.8", "913.0"], ["337.4", "913.0"], ["337.4", "966.6"], ["331.8", "966.6"]], "Type": "SD"}], "Module": "M7", "Boundary": [["342.1", "907.3"], ["342.1", "972.3"], ["342.1", "972.3"], ["342.1", "988.3"], ["137.3", "988.3"], ["137.3", "907.3"]], "Module_type": "GATE"}, {"Ports": [{"Location": [["107.7", "207.2"], ["112.7", "207.2"], ["112.7", "257.5"], ["107.7", "257.5"]], "Type": "SD"}, {"Location": [["222.3", "195.2"], ["222.3", "255.2"], ["222.1", "255.2"], ["222.1", "269.5"], ["115.0", "269.5"], ["115.0", "195.2"]], "Type": "GATE"}, {"Location": [["212.2", "200.7"], ["217.8", "200.7"], ["217.8", "249.7"], ["212.2", "249.7"]], "Type": "SD"}], "Module": "M3", "Boundary": [["222.3", "195.2"], ["222.3", "255.2"], ["222.1", "255.2"], ["222.1", "269.5"], ["107.7", "269.5"], ["107.7", "195.2"]], "Module_type": "GATE"}, {"Ports": [{"Location": [["119.1", "170.1"], ["197.4", "170.1"], ["197.4", "175.2"], ["119.1", "175.2"]], "Type": "SD"}, {"Location": [["107.7", "10.0"], ["208.8", "10.0"], ["208.8", "169.1"], ["107.7", "169.1"]], "Type": "GATE"}, {"Location": [["112.8", "14.1"], ["203.7", "14.1"], ["203.7", "19.8"], ["112.8", "19.8"]], "Type": "SD"}], "Module": "M15", "Boundary": [["107.7", "10.0"], ["208.8", "10.0"], ["208.8", "175.2"], ["107.7", "175.2"]], "Module_type": "GATE"}, {"Ports": [{"Location": [["23.1", "906.7"], ["94.2", "906.7"], ["94.2", "912.5"], ["23.1", "912.5"]], "Type": "SD"}, {"Location": [["10.0", "705.8"], ["92.2", "705.8"], ["92.2", "833.6"], ["107.3", "833.6"], ["107.3", "904.9"], ["10.0", "904.9"]], "Type": "GATE"}, {"Location": [["15.9", "710.7"], ["85.3", "710.7"], ["85.3", "716.4"], ["15.9", "716.4"]], "Type": "SD"}], "Module": "M12", "Boundary": [["10.0", "705.8"], ["92.2", "705.8"], ["92.2", "833.6"], ["107.3", "833.6"], ["107.3", "912.5"], ["10.0", "912.5"]], "Module_type": "GATE"}, {"Ports": [{"Location": [["31.3", "397.1"], ["110.4", "397.1"], ["110.4", "402.0"], ["31.3", "402.0"]], "Type": "SD"}, {"Location": [["20.0", "299.5"], ["108.4", "299.5"], ["108.4", "348.4"], ["121.7", "348.4"], ["121.7", "395.5"], ["20.0", "395.5"]], "Type": "GATE"}, {"Location": [["25.0", "303.5"], ["102.4", "303.5"], ["102.4", "309.1"], ["25.0", "309.1"]], "Type": "SD"}], "Module": "M8", "Boundary": [["20.0", "299.5"], ["108.4", "299.5"], ["108.4", "348.4"], ["121.7", "348.4"], ["121.7", "402.0"], ["20.0", "402.0"]], "Module_type": "GATE"}, {"Ports": [{"Location": [["137.3", "758.2"], ["142.5", "758.2"], ["142.5", "852.1"], ["137.3", "852.1"]], "Type": "SD"}, {"Location": [["335.4", "743.0"], ["335.4", "850.9"], ["232.6", "850.9"], ["232.6", "867.3"], ["145.2", "867.3"], ["145.2", "743.0"]], "Type": "GATE"}, {"Location": [["323.5", "749.2"], ["330.2", "749.2"], ["330.2", "843.7"], ["323.5", "843.7"]], "Type": "SD"}], "Module": "M4", "Boundary": [["335.4", "743.0"], ["335.4", "850.9"], ["232.6", "850.9"], ["232.6", "867.3"], ["137.3", "867.3"], ["137.3", "743.0"]], "Module_type": "GATE"}], "Area": [["-30.0", "-30.0"], ["393.1", "-30.0"], ["393.1", "1123.5"], ["-30.0", "1123.5"]], "Rules": ["GATE(5,5)", "SD(5,5)", "GATE_SD(0.5)", "GATE_ITO(0.5)", "SD_ITO(0.5)"]}