{"Modules": [{"Module": "M14", "Boundary": [["651.5", "206.0"], ["767.9", "206.0"], ["767.9", "358.6"], ["651.5", "358.6"]], "Module_type": "GATE", "Ports": [{"Location": [["664.0", "353.5"], ["755.4", "353.5"], ["755.4", "358.6"], ["664.0", "358.6"]], "Type": "SD"}, {"Location": [["651.5", "206.0"], ["767.9", "206.0"], ["767.9", "351.9"], ["651.5", "351.9"]], "Type": "GATE"}, {"Location": [["656.6", "210.1"], ["762.8", "210.1"], ["762.8", "215.8"], ["656.6", "215.8"]], "Type": "SD"}]}, {"Ports": [{"Location": [["346.9", "229.5"], ["352.6", "229.5"], ["352.6", "285.7"], ["346.9", "285.7"]], "Type": "SD"}, {"Location": [["446.1", "217.1"], ["446.1", "298.1"], ["355.0", "298.1"], ["355.0", "217.1"]], "Type": "GATE"}, {"Location": [["436.5", "222.8"], ["441.4", "222.8"], ["441.4", "292.4"], ["436.5", "292.4"]], "Type": "SD"}], "Module": "M9", "Boundary": [["446.1", "217.1"], ["446.1", "298.1"], ["346.9", "298.1"], ["346.9", "217.1"]], "Module_type": "GATE"}, {"Ports": [{"Location": [["157.8", "35.6"], ["161.9", "35.6"], ["161.9", "102.0"], ["157.8", "102.0"]], "Type": "SD"}, {"Location": [["364.8", "20.0"], ["364.8", "117.6"], ["163.0", "117.6"], ["163.0", "20.0"]], "Type": "GATE"}, {"Location": [["352.6", "26.0"], ["359.8", "26.0"], ["359.8", "111.6"], ["352.6", "111.6"]], "Type": "SD"}], "Module": "M5", "Boundary": [["364.8", "20.0"], ["364.8", "117.6"], ["157.8", "117.6"], ["157.8", "20.0"]], "Module_type": "GATE"}, {"Ports": [{"Location": [["325.2", "163.4"], ["329.3", "163.4"], ["329.3", "185.9"], ["325.2", "185.9"]], "Type": "SD"}, {"Location": [["471.6", "152.2"], ["471.6", "197.1"], ["332.1", "197.1"], ["332.1", "152.2"]], "Type": "GATE"}, {"Location": [["462.1", "158.1"], ["466.7", "158.1"], ["466.7", "191.2"], ["462.1", "191.2"]], "Type": "SD"}], "Module": "M11", "Boundary": [["471.6", "152.2"], ["471.6", "197.1"], ["325.2", "197.1"], ["325.2", "152.2"]], "Module_type": "GATE"}, {"Ports": [{"Location": [["30.0", "280.5"], ["35.9", "280.5"], ["35.9", "349.2"], ["30.0", "349.2"]], "Type": "SD"}, {"Location": [["197.9", "266.9"], ["197.9", "347.4"], ["197.8", "347.4"], ["197.8", "362.8"], ["38.0", "362.8"], ["38.0", "266.9"]], "Type": "GATE"}, {"Location": [["186.1", "273.4"], ["192.4", "273.4"], ["192.4", "340.9"], ["186.1", "340.9"]], "Type": "SD"}], "Module": "M1", "Boundary": [["197.9", "266.9"], ["197.9", "347.4"], ["197.8", "347.4"], ["197.8", "362.8"], ["30.0", "362.8"], ["30.0", "266.9"]], "Module_type": "GATE"}, {"Ports": [{"Location": [["237.9", "331.7"], ["242.6", "331.7"], ["242.6", "368.5"], ["237.9", "368.5"]], "Type": "SD"}, {"Location": [["438.3", "318.1"], ["438.3", "368.3"], ["385.9", "368.3"], ["385.9", "382.1"], ["245.5", "382.1"], ["245.5", "318.1"]], "Type": "GATE"}, {"Location": [["426.9", "324.6"], ["432.8", "324.6"], ["432.8", "360.8"], ["426.9", "360.8"]], "Type": "SD"}], "Module": "M6", "Boundary": [["438.3", "318.1"], ["438.3", "368.3"], ["385.9", "368.3"], ["385.9", "382.1"], ["237.9", "382.1"], ["237.9", "318.1"]], "Module_type": "GATE"}, {"Ports": [{"Location": [["505.8", "35.4"], ["510.4", "35.4"], ["510.4", "140.6"], ["505.8", "140.6"]], "Type": "SD"}, {"Location": [["657.0", "20.0"], ["657.0", "136.5"], ["656.5", "136.5"], ["656.5", "156.0"], ["512.4", "156.0"], ["512.4", "20.0"]], "Type": "GATE"}, {"Location": [["645.1", "25.6"], ["652.4", "25.6"], ["652.4", "130.9"], ["645.1", "130.9"]], "Type": "SD"}], "Module": "M2", "Boundary": [["657.0", "20.0"], ["657.0", "136.5"], ["656.5", "136.5"], ["656.5", "156.0"], ["505.8", "156.0"], ["505.8", "20.0"]], "Module_type": "GATE"}, {"Ports": [{"Location": [["407.6", "126.2"], ["463.0", "126.2"], ["463.0", "132.2"], ["407.6", "132.2"]], "Type": "SD"}, {"Location": [["394.8", "10.0"], ["475.8", "10.0"], ["475.8", "125.2"], ["394.8", "125.2"]], "Type": "GATE"}, {"Location": [["400.4", "14.6"], ["470.2", "14.6"], ["470.2", "20.1"], ["400.4", "20.1"]], "Type": "SD"}], "Module": "M16", "Boundary": [["394.8", "10.0"], ["475.8", "10.0"], ["475.8", "132.2"], ["394.8", "132.2"]], "Module_type": "GATE"}, {"Ports": [{"Location": [["491.6", "199.6"], ["495.9", "199.6"], ["495.9", "252.8"], ["491.6", "252.8"]], "Type": "SD"}, {"Location": [["609.6", "186.0"], ["609.6", "251.0"], ["609.3", "251.0"], ["609.3", "266.4"], ["498.9", "266.4"], ["498.9", "186.0"]], "Type": "GATE"}, {"Location": [["598.4", "191.7"], ["604.9", "191.7"], ["604.9", "245.3"], ["598.4", "245.3"]], "Type": "SD"}], "Module": "M13", "Boundary": [["609.6", "186.0"], ["609.6", "251.0"], ["609.3", "251.0"], ["609.3", "266.4"], ["491.6", "266.4"], ["491.6", "186.0"]], "Module_type": "GATE"}, {"Ports": [{"Location": [["807.9", "330.1"], ["813.5", "330.1"], ["813.5", "354.6"], ["807.9", "354.6"]], "Type": "SD"}, {"Location": [["959.5", "314.4"], ["959.5", "352.6"], ["959.4", "352.6"], ["959.4", "370.3"], ["814.9", "370.3"], ["814.9", "314.4"]], "Type": "GATE"}, {"Location": [["947.2", "321.3"], ["953.6", "321.3"], ["953.6", "345.7"], ["947.2", "345.7"]], "Type": "SD"}], "Module": "M10", "Boundary": [["959.5", "314.4"], ["959.5", "352.6"], ["959.4", "352.6"], ["959.4", "370.3"], ["807.9", "370.3"], ["807.9", "314.4"]], "Module_type": "GATE"}, {"Ports": [{"Location": [["34.1", "212.3"], ["103.7", "212.3"], ["103.7", "216.9"], ["34.1", "216.9"]], "Type": "SD"}, {"Location": [["20.0", "20.0"], ["117.8", "20.0"], ["117.8", "210.8"], ["20.0", "210.8"]], "Type": "GATE"}, {"Location": [["25.9", "24.9"], ["111.9", "24.9"], ["111.9", "30.9"], ["25.9", "30.9"]], "Type": "SD"}], "Module": "M7", "Boundary": [["20.0", "20.0"], ["117.8", "20.0"], ["117.8", "216.9"], ["20.0", "216.9"]], "Module_type": "GATE"}, {"Ports": [{"Location": [["147.8", "159.6"], ["153.1", "159.6"], ["153.1", "197.0"], ["147.8", "197.0"]], "Type": "SD"}, {"Location": [["305.2", "147.6"], ["305.2", "193.7"], ["304.9", "193.7"], ["304.9", "209.0"], ["156.0", "209.0"], ["156.0", "147.6"]], "Type": "GATE"}, {"Location": [["295.9", "153.0"], ["300.8", "153.0"], ["300.8", "188.3"], ["295.9", "188.3"]], "Type": "SD"}], "Module": "M3", "Boundary": [["305.2", "147.6"], ["305.2", "193.7"], ["304.9", "193.7"], ["304.9", "209.0"], ["147.8", "209.0"], ["147.8", "147.6"]], "Module_type": "GATE"}, {"Ports": [{"Location": [["466.1", "300.0"], ["470.6", "300.0"], ["470.6", "353.6"], ["466.1", "353.6"]], "Type": "SD"}, {"Location": [["611.5", "286.4"], ["611.5", "351.7"], ["611.1", "351.7"], ["611.1", "367.2"], ["473.2", "367.2"], ["473.2", "286.4"]], "Type": "GATE"}, {"Location": [["600.5", "293.0"], ["605.9", "293.0"], ["605.9", "345.1"], ["600.5", "345.1"]], "Type": "SD"}], "Module": "M15", "Boundary": [["611.5", "286.4"], ["611.5", "351.7"], ["611.1", "351.7"], ["611.1", "367.2"], ["466.1", "367.2"], ["466.1", "286.4"]], "Module_type": "GATE"}, {"Ports": [{"Location": [["237.9", "242.2"], ["243.7", "242.2"], ["243.7", "281.9"], ["237.9", "281.9"]], "Type": "SD"}, {"Location": [["326.9", "229.0"], ["326.9", "279.1"], ["326.8", "279.1"], ["326.8", "295.1"], ["245.9", "295.1"], ["245.9", "229.0"]], "Type": "GATE"}, {"Location": [["316.2", "235.8"], ["321.1", "235.8"], ["321.1", "272.3"], ["316.2", "272.3"]], "Type": "SD"}], "Module": "M12", "Boundary": [["326.9", "229.0"], ["326.9", "279.1"], ["326.8", "279.1"], ["326.8", "295.1"], ["237.9", "295.1"], ["237.9", "229.0"]], "Module_type": "GATE"}, {"Ports": [{"Location": [["697.0", "32.2"], ["702.6", "32.2"], ["702.6", "109.4"], ["697.0", "109.4"]], "Type": "SD"}, {"Location": [["903.6", "20.0"], ["903.6", "121.6"], ["705.0", "121.6"], ["705.0", "20.0"]], "Type": "GATE"}, {"Location": [["893.7", "25.4"], ["899.2", "25.4"], ["899.2", "116.2"], ["893.7", "116.2"]], "Type": "SD"}], "Module": "M8", "Boundary": [["903.6", "20.0"], ["903.6", "121.6"], ["697.0", "121.6"], ["697.0", "20.0"]], "Module_type": "GATE"}], "Area": [["-20.0", "-30.0"], ["999.5", "-30.0"], ["999.5", "422.1"], ["-20.0", "422.1"]], "Rules": ["GATE(5,5)", "SD(5,5)", "GATE_SD(0.5)", "GATE_ITO(0.5)", "SD_ITO(0.5)"]}