{"Modules": [{"Module": "M14", "Boundary": [["148.1", "392.9"], ["232.9", "392.9"], ["232.9", "544.6"], ["148.1", "544.6"]], "Module_type": "GATE", "Ports": [{"Location": [["161.2", "540.1"], ["219.8", "540.1"], ["219.8", "544.6"], ["161.2", "544.6"]], "Type": "SD"}, {"Location": [["148.1", "392.9"], ["232.9", "392.9"], ["232.9", "538.0"], ["148.1", "538.0"]], "Type": "GATE"}, {"Location": [["153.7", "397.5"], ["227.3", "397.5"], ["227.3", "403.1"], ["153.7", "403.1"]], "Type": "SD"}]}, {"Ports": [{"Location": [["326.1", "23.5"], ["331.0", "23.5"], ["331.0", "62.9"], ["326.1", "62.9"]], "Type": "SD"}, {"Location": [["473.7", "10.0"], ["473.7", "59.9"], ["473.4", "59.9"], ["473.4", "76.4"], ["333.2", "76.4"], ["333.2", "10.0"]], "Type": "GATE"}, {"Location": [["463.3", "16.3"], ["468.4", "16.3"], ["468.4", "53.6"], ["463.3", "53.6"]], "Type": "SD"}], "Module": "M9", "Boundary": [["473.7", "10.0"], ["473.7", "59.9"], ["473.4", "59.9"], ["473.4", "76.4"], ["326.1", "76.4"], ["326.1", "10.0"]], "Module_type": "GATE"}, {"Ports": [{"Location": [["32.3", "319.8"], ["71.3", "319.8"], ["71.3", "324.7"], ["32.3", "324.7"]], "Type": "SD"}, {"Location": [["20.0", "154.1"], ["83.6", "154.1"], ["83.6", "317.0"], ["20.0", "317.0"]], "Type": "GATE"}, {"Location": [["25.2", "158.3"], ["78.4", "158.3"], ["78.4", "163.8"], ["25.2", "163.8"]], "Type": "SD"}], "Module": "M5", "Boundary": [["20.0", "154.1"], ["83.6", "154.1"], ["83.6", "324.7"], ["20.0", "324.7"]], "Module_type": "GATE"}, {"Ports": [{"Location": [["263.7", "620.4"], ["267.9", "620.4"], ["267.9", "708.6"], ["263.7", "708.6"]], "Type": "SD"}, {"Location": [["484.9", "606.5"], ["484.9", "722.5"], ["269.5", "722.5"], ["269.5", "606.5"]], "Type": "GATE"}, {"Location": [["474.3", "611.8"], ["480.6", "611.8"], ["480.6", "717.2"], ["474.3", "717.2"]], "Type": "SD"}], "Module": "M11", "Boundary": [["484.9", "606.5"], ["484.9", "722.5"], ["263.7", "722.5"], ["263.7", "606.5"]], "Module_type": "GATE"}, {"Ports": [{"Location": [["41.7", "569.1"], ["76.4", "569.1"], ["76.4", "575.0"], ["41.7", "575.0"]], "Type": "SD"}, {"Location": [["30.0", "374.7"], ["74.3", "374.7"], ["74.3", "374.7"], ["88.1", "374.7"], ["88.1", "567.4"], ["30.0", "567.4"]], "Type": "GATE"}, {"Location": [["36.2", "379.9"], ["68.1", "379.9"], ["68.1", "384.7"], ["36.2", "384.7"]], "Type": "SD"}], "Module": "M1", "Boundary": [["30.0", "374.7"], ["74.3", "374.7"], ["74.3", "374.7"], ["88.1", "374.7"], ["88.1", "575.0"], ["30.0", "575.0"]], "Module_type": "GATE"}, {"Ports": [{"Location": [["289.3", "344.8"], ["293.5", "344.8"], ["293.5", "399.0"], ["289.3", "399.0"]], "Type": "SD"}, {"Location": [["483.3", "330.6"], ["483.3", "397.2"], ["483.2", "397.2"], ["483.2", "413.2"], ["295.4", "413.2"], ["295.4", "330.6"]], "Type": "GATE"}, {"Location": [["472.3", "336.9"], ["478.0", "336.9"], ["478.0", "390.9"], ["472.3", "390.9"]], "Type": "SD"}], "Module": "M6", "Boundary": [["483.3", "330.6"], ["483.3", "397.2"], ["483.2", "397.2"], ["483.2", "413.2"], ["289.3", "413.2"], ["289.3", "330.6"]], "Module_type": "GATE"}, {"Ports": [{"Location": [["282.9", "458.9"], ["287.9", "458.9"], ["287.9", "560.8"], ["282.9", "560.8"]], "Type": "SD"}, {"Location": [["474.5", "443.2"], ["474.5", "557.7"], ["474.4", "557.7"], ["474.4", "576.5"], ["289.8", "576.5"], ["289.8", "443.2"]], "Type": "GATE"}, {"Location": [["461.9", "449.5"], ["469.2", "449.5"], ["469.2", "551.4"], ["461.9", "551.4"]], "Type": "SD"}], "Module": "M2", "Boundary": [["474.5", "443.2"], ["474.5", "557.7"], ["474.4", "557.7"], ["474.4", "576.5"], ["282.9", "576.5"], ["282.9", "443.2"]], "Module_type": "GATE"}, {"Ports": [{"Location": [["128.1", "281.4"], ["132.4", "281.4"], ["132.4", "337.4"], ["128.1", "337.4"]], "Type": "SD"}, {"Location": [["269.3", "265.9"], ["269.3", "336.3"], ["269.1", "336.3"], ["269.1", "352.9"], ["134.8", "352.9"], ["134.8", "265.9"]], "Type": "GATE"}, {"Location": [["256.8", "272.3"], ["263.9", "272.3"], ["263.9", "329.9"], ["256.8", "329.9"]], "Type": "SD"}], "Module": "M16", "Boundary": [["269.3", "265.9"], ["269.3", "336.3"], ["269.1", "336.3"], ["269.1", "352.9"], ["128.1", "352.9"], ["128.1", "265.9"]], "Module_type": "GATE"}, {"Ports": [{"Location": [["131.6", "102.4"], ["173.5", "102.4"], ["173.5", "106.8"], ["131.6", "106.8"]], "Type": "SD"}, {"Location": [["118.2", "10.0"], ["186.9", "10.0"], ["186.9", "99.7"], ["118.2", "99.7"]], "Type": "GATE"}, {"Location": [["123.4", "14.2"], ["181.7", "14.2"], ["181.7", "20.5"], ["123.4", "20.5"]], "Type": "SD"}], "Module": "M13", "Boundary": [["118.2", "10.0"], ["186.9", "10.0"], ["186.9", "106.8"], ["118.2", "106.8"]], "Module_type": "GATE"}, {"Ports": [{"Location": [["219.4", "76.0"], ["293.6", "76.0"], ["293.6", "81.3"], ["219.4", "81.3"]], "Type": "SD"}, {"Location": [["206.9", "10.0"], ["289.5", "10.0"], ["289.5", "10.1"], ["306.1", "10.1"], ["306.1", "73.8"], ["206.9", "73.8"]], "Type": "GATE"}, {"Location": [["211.9", "14.0"], ["284.5", "14.0"], ["284.5", "20.6"], ["211.9", "20.6"]], "Type": "SD"}], "Module": "M10", "Boundary": [["206.9", "10.0"], ["289.5", "10.0"], ["289.5", "10.1"], ["306.1", "10.1"], ["306.1", "81.3"], ["206.9", "81.3"]], "Module_type": "GATE"}, {"Ports": [{"Location": [["177.5", "710.2"], ["218.3", "710.2"], ["218.3", "715.7"], ["177.5", "715.7"]], "Type": "SD"}, {"Location": [["162.1", "594.6"], ["216.7", "594.6"], ["216.7", "594.8"], ["233.7", "594.8"], ["233.7", "707.8"], ["162.1", "707.8"]], "Type": "GATE"}, {"Location": [["168.6", "600.1"], ["210.2", "600.1"], ["210.2", "607.1"], ["168.6", "607.1"]], "Type": "SD"}], "Module": "M7", "Boundary": [["162.1", "594.6"], ["216.7", "594.6"], ["216.7", "594.8"], ["233.7", "594.8"], ["233.7", "715.7"], ["162.1", "715.7"]], "Module_type": "GATE"}, {"Ports": [{"Location": [["10.0", "630.0"], ["14.9", "630.0"], ["14.9", "693.4"], ["10.0", "693.4"]], "Type": "SD"}, {"Location": [["132.1", "615.0"], ["132.1", "689.8"], ["132.0", "689.8"], ["132.0", "708.4"], ["17.5", "708.4"], ["17.5", "615.0"]], "Type": "GATE"}, {"Location": [["120.4", "621.1"], ["127.0", "621.1"], ["127.0", "683.7"], ["120.4", "683.7"]], "Type": "SD"}], "Module": "M3", "Boundary": [["132.1", "615.0"], ["132.1", "689.8"], ["132.0", "689.8"], ["132.0", "708.4"], ["10.0", "708.4"], ["10.0", "615.0"]], "Module_type": "GATE"}, {"Ports": [{"Location": [["22.0", "118.6"], ["86.2", "118.6"], ["86.2", "124.1"], ["22.0", "124.1"]], "Type": "SD"}, {"Location": [["10.0", "10.0"], ["84.0", "10.0"], ["84.0", "10.4"], ["98.2", "10.4"], ["98.2", "117.4"], ["10.0", "117.4"]], "Type": "GATE"}, {"Location": [["16.5", "15.5"], ["77.5", "15.5"], ["77.5", "20.1"], ["16.5", "20.1"]], "Type": "SD"}], "Module": "M15", "Boundary": [["10.0", "10.0"], ["84.0", "10.0"], ["84.0", "10.4"], ["98.2", "10.4"], ["98.2", "124.1"], ["10.0", "124.1"]], "Module_type": "GATE"}, {"Ports": [{"Location": [["118.2", "141.3"], ["124.0", "141.3"], ["124.0", "231.4"], ["118.2", "231.4"]], "Type": "SD"}, {"Location": [["285.0", "126.8"], ["285.0", "229.4"], ["284.5", "229.4"], ["284.5", "245.9"], ["126.6", "245.9"], ["126.6", "126.8"]], "Type": "GATE"}, {"Location": [["272.8", "133.5"], ["279.3", "133.5"], ["279.3", "222.7"], ["272.8", "222.7"]], "Type": "SD"}], "Module": "M12", "Boundary": [["285.0", "126.8"], ["285.0", "229.4"], ["284.5", "229.4"], ["284.5", "245.9"], ["118.2", "245.9"], ["118.2", "126.8"]], "Module_type": "GATE"}, {"Ports": [{"Location": [["327.4", "294.7"], ["349.4", "294.7"], ["349.4", "300.6"], ["327.4", "300.6"]], "Type": "SD"}, {"Location": [["315.0", "111.3"], ["361.8", "111.3"], ["361.8", "292.4"], ["315.0", "292.4"]], "Type": "GATE"}, {"Location": [["320.1", "115.4"], ["356.7", "115.4"], ["356.7", "121.5"], ["320.1", "121.5"]], "Type": "SD"}], "Module": "M8", "Boundary": [["315.0", "111.3"], ["361.8", "111.3"], ["361.8", "300.6"], ["315.0", "300.6"]], "Module_type": "GATE"}], "Area": [["-30.0", "-30.0"], ["524.9", "-30.0"], ["524.9", "762.5"], ["-30.0", "762.5"]], "Rules": ["GATE(5,5)", "SD(5,5)", "GATE_SD(0.5)", "GATE_ITO(0.5)", "SD_ITO(0.5)"]}