{"Modules": [{"Module": "M14", "Boundary": [["578.7", "30.0"], ["578.7", "137.3"], ["508.4", "137.3"], ["508.4", "154.0"], ["377.7", "154.0"], ["377.7", "30.0"]], "Module_type": "GATE", "Ports": [{"Location": [["377.7", "44.7"], ["382.1", "44.7"], ["382.1", "139.3"], ["377.7", "139.3"]], "Type": "SD"}, {"Location": [["578.7", "30.0"], ["578.7", "137.3"], ["508.4", "137.3"], ["508.4", "154.0"], ["384.9", "154.0"], ["384.9", "30.0"]], "Type": "GATE"}, {"Location": [["567.4", "35.5"], ["574.2", "35.5"], ["574.2", "130.8"], ["567.4", "130.8"]], "Type": "SD"}]}, {"Ports": [{"Location": [["760.4", "146.7"], ["856.1", "146.7"], ["856.1", "152.3"], ["760.4", "152.3"]], "Type": "SD"}, {"Location": [["744.3", "10.0"], ["854.4", "10.0"], ["854.4", "10.1"], ["872.2", "10.1"], ["872.2", "144.7"], ["744.3", "144.7"]], "Type": "GATE"}, {"Location": [["750.5", "15.2"], ["848.2", "15.2"], ["848.2", "23.0"], ["750.5", "23.0"]], "Type": "SD"}], "Module": "M9", "Boundary": [["744.3", "10.0"], ["854.4", "10.0"], ["854.4", "10.1"], ["872.2", "10.1"], ["872.2", "152.3"], ["744.3", "152.3"]], "Module_type": "GATE"}, {"Ports": [{"Location": [["754.3", "197.0"], ["759.7", "197.0"], ["759.7", "266.6"], ["754.3", "266.6"]], "Type": "SD"}, {"Location": [["875.9", "182.3"], ["875.9", "265.6"], ["875.6", "265.6"], ["875.6", "281.3"], ["761.3", "281.3"], ["761.3", "182.3"]], "Type": "GATE"}, {"Location": [["863.6", "189.1"], ["870.1", "189.1"], ["870.1", "258.8"], ["863.6", "258.8"]], "Type": "SD"}], "Module": "M5", "Boundary": [["875.9", "182.3"], ["875.9", "265.6"], ["875.6", "265.6"], ["875.6", "281.3"], ["754.3", "281.3"], ["754.3", "182.3"]], "Module_type": "GATE"}, {"Ports": [{"Location": [["690.4", "401.0"], ["712.3", "401.0"], ["712.3", "405.2"], ["690.4", "405.2"]], "Type": "SD"}, {"Location": [["678.4", "226.4"], ["709.3", "226.4"], ["709.3", "226.6"], ["724.3", "226.6"], ["724.3", "399.3"], ["678.4", "399.3"]], "Type": "GATE"}, {"Location": [["683.4", "230.4"], ["704.3", "230.4"], ["704.3", "236.2"], ["683.4", "236.2"]], "Type": "SD"}], "Module": "M11", "Boundary": [["678.4", "226.4"], ["709.3", "226.4"], ["709.3", "226.6"], ["724.3", "226.6"], ["724.3", "405.2"], ["678.4", "405.2"]], "Module_type": "GATE"}, {"Ports": [{"Location": [["103.8", "296.4"], ["109.3", "296.4"], ["109.3", "393.1"], ["103.8", "393.1"]], "Type": "SD"}, {"Location": [["241.7", "281.0"], ["241.7", "408.5"], ["111.4", "408.5"], ["111.4", "281.0"]], "Type": "GATE"}, {"Location": [["229.8", "287.0"], ["236.7", "287.0"], ["236.7", "402.5"], ["229.8", "402.5"]], "Type": "SD"}], "Module": "M1", "Boundary": [["241.7", "281.0"], ["241.7", "408.5"], ["103.8", "408.5"], ["103.8", "281.0"]], "Module_type": "GATE"}, {"Ports": [{"Location": [["10.0", "196.7"], ["15.8", "196.7"], ["15.8", "229.4"], ["10.0", "229.4"]], "Type": "SD"}, {"Location": [["126.4", "185.1"], ["126.4", "228.8"], ["108.0", "228.8"], ["108.0", "241.0"], ["17.2", "241.0"], ["17.2", "185.1"]], "Type": "GATE"}, {"Location": [["116.4", "190.3"], ["122.2", "190.3"], ["122.2", "222.6"], ["116.4", "222.6"]], "Type": "SD"}], "Module": "M6", "Boundary": [["126.4", "185.1"], ["126.4", "228.8"], ["108.0", "228.8"], ["108.0", "241.0"], ["10.0", "241.0"], ["10.0", "185.1"]], "Module_type": "GATE"}, {"Ports": [{"Location": [["150.4", "34.0"], ["154.6", "34.0"], ["154.6", "114.5"], ["150.4", "114.5"]], "Type": "SD"}, {"Location": [["327.7", "20.0"], ["327.7", "111.3"], ["312.8", "111.3"], ["312.8", "128.5"], ["156.3", "128.5"], ["156.3", "20.0"]], "Type": "GATE"}, {"Location": [["316.8", "25.7"], ["323.0", "25.7"], ["323.0", "104.6"], ["316.8", "104.6"]], "Type": "SD"}], "Module": "M2", "Boundary": [["327.7", "20.0"], ["327.7", "111.3"], ["312.8", "111.3"], ["312.8", "128.5"], ["150.4", "128.5"], ["150.4", "20.0"]], "Module_type": "GATE"}, {"Ports": [{"Location": [["479.2", "339.2"], ["572.2", "339.2"], ["572.2", "344.5"], ["479.2", "344.5"]], "Type": "SD"}, {"Location": [["466.0", "194.0"], ["569.3", "194.0"], ["569.3", "231.8"], ["585.4", "231.8"], ["585.4", "337.4"], ["466.0", "337.4"]], "Type": "GATE"}, {"Location": [["472.3", "199.3"], ["562.0", "199.3"], ["562.0", "204.3"], ["472.3", "204.3"]], "Type": "SD"}], "Module": "M16", "Boundary": [["466.0", "194.0"], ["569.3", "194.0"], ["569.3", "231.8"], ["585.4", "231.8"], ["585.4", "344.5"], ["466.0", "344.5"]], "Module_type": "GATE"}, {"Ports": [{"Location": [["744.3", "325.2"], ["748.3", "325.2"], ["748.3", "413.4"], ["744.3", "413.4"]], "Type": "SD"}, {"Location": [["898.3", "311.3"], ["898.3", "411.2"], ["898.0", "411.2"], ["898.0", "427.3"], ["751.1", "427.3"], ["751.1", "311.3"]], "Type": "GATE"}, {"Location": [["886.9", "318.3"], ["892.3", "318.3"], ["892.3", "404.2"], ["886.9", "404.2"]], "Type": "SD"}], "Module": "M13", "Boundary": [["898.3", "311.3"], ["898.3", "411.2"], ["898.0", "411.2"], ["898.0", "427.3"], ["744.3", "427.3"], ["744.3", "311.3"]], "Module_type": "GATE"}, {"Ports": [{"Location": [["146.4", "171.1"], ["150.6", "171.1"], ["150.6", "222.8"], ["146.4", "222.8"]], "Type": "SD"}, {"Location": [["274.5", "158.5"], ["274.5", "221.5"], ["233.0", "221.5"], ["233.0", "235.4"], ["153.0", "235.4"], ["153.0", "158.5"]], "Type": "GATE"}, {"Location": [["263.5", "164.2"], ["269.8", "164.2"], ["269.8", "214.8"], ["263.5", "214.8"]], "Type": "SD"}], "Module": "M10", "Boundary": [["274.5", "158.5"], ["274.5", "221.5"], ["233.0", "221.5"], ["233.0", "235.4"], ["146.4", "235.4"], ["146.4", "158.5"]], "Module_type": "GATE"}, {"Ports": [{"Location": [["642.6", "190.4"], ["696.9", "190.4"], ["696.9", "196.4"], ["642.6", "196.4"]], "Type": "SD"}, {"Location": [["628.7", "20.0"], ["710.8", "20.0"], ["710.8", "187.5"], ["628.7", "187.5"]], "Type": "GATE"}, {"Location": [["635.2", "25.5"], ["704.3", "25.5"], ["704.3", "31.7"], ["635.2", "31.7"]], "Type": "SD"}], "Module": "M7", "Boundary": [["628.7", "20.0"], ["710.8", "20.0"], ["710.8", "196.4"], ["628.7", "196.4"]], "Module_type": "GATE"}, {"Ports": [{"Location": [["294.5", "378.2"], ["298.5", "378.2"], ["298.5", "403.3"], ["294.5", "403.3"]], "Type": "SD"}, {"Location": [["451.6", "365.9"], ["451.6", "398.0"], ["451.6", "398.0"], ["451.6", "415.6"], ["301.0", "415.6"], ["301.0", "365.9"]], "Type": "GATE"}, {"Location": [["442.3", "371.1"], ["447.4", "371.1"], ["447.4", "392.8"], ["442.3", "392.8"]], "Type": "SD"}], "Module": "M3", "Boundary": [["451.6", "365.9"], ["451.6", "398.0"], ["451.6", "398.0"], ["451.6", "415.6"], ["294.5", "415.6"], ["294.5", "365.9"]], "Module_type": "GATE"}, {"Ports": [{"Location": [["23.8", "419.2"], ["50.0", "419.2"], ["50.0", "424.4"], ["23.8", "424.4"]], "Type": "SD"}, {"Location": [["10.0", "261.0"], ["63.8", "261.0"], ["63.8", "417.5"], ["10.0", "417.5"]], "Type": "GATE"}, {"Location": [["15.6", "265.6"], ["58.2", "265.6"], ["58.2", "271.7"], ["15.6", "271.7"]], "Type": "SD"}], "Module": "M15", "Boundary": [["10.0", "261.0"], ["63.8", "261.0"], ["63.8", "424.4"], ["10.0", "424.4"]], "Module_type": "GATE"}, {"Ports": [{"Location": [["471.6", "375.4"], ["475.8", "375.4"], ["475.8", "420.7"], ["471.6", "420.7"]], "Type": "SD"}, {"Location": [["658.4", "364.5"], ["658.4", "419.7"], ["577.0", "419.7"], ["577.0", "431.6"], ["478.6", "431.6"], ["478.6", "364.5"]], "Type": "GATE"}, {"Location": [["649.1", "369.8"], ["654.1", "369.8"], ["654.1", "413.4"], ["649.1", "413.4"]], "Type": "SD"}], "Module": "M12", "Boundary": [["658.4", "364.5"], ["658.4", "419.7"], ["577.0", "419.7"], ["577.0", "431.6"], ["471.6", "431.6"], ["471.6", "364.5"]], "Module_type": "GATE"}, {"Ports": [{"Location": [["319.8", "331.8"], ["420.7", "331.8"], ["420.7", "335.9"], ["319.8", "335.9"]], "Type": "SD"}, {"Location": [["304.5", "204.0"], ["418.4", "204.0"], ["418.4", "268.2"], ["436.0", "268.2"], ["436.0", "330.4"], ["304.5", "330.4"]], "Type": "GATE"}, {"Location": [["311.2", "209.7"], ["410.7", "209.7"], ["410.7", "216.3"], ["311.2", "216.3"]], "Type": "SD"}], "Module": "M8", "Boundary": [["304.5", "204.0"], ["418.4", "204.0"], ["418.4", "268.2"], ["436.0", "268.2"], ["436.0", "335.9"], ["304.5", "335.9"]], "Module_type": "GATE"}, {"Ports": [{"Location": [["32.6", "149.3"], ["97.8", "149.3"], ["97.8", "155.1"], ["32.6", "155.1"]], "Type": "SD"}, {"Location": [["20.0", "20.0"], ["96.8", "20.0"], ["96.8", "74.9"], ["110.4", "74.9"], ["110.4", "148.0"], ["20.0", "148.0"]], "Type": "GATE"}, {"Location": [["25.4", "24.4"], ["90.4", "24.4"], ["90.4", "30.6"], ["25.4", "30.6"]], "Type": "SD"}], "Module": "M4", "Boundary": [["20.0", "20.0"], ["96.8", "20.0"], ["96.8", "74.9"], ["110.4", "74.9"], ["110.4", "155.1"], ["20.0", "155.1"]], "Module_type": "GATE"}], "Area": [["-30.0", "-30.0"], ["938.3", "-30.0"], ["938.3", "471.6"], ["-30.0", "471.6"]], "Rules": ["GATE(5,5)", "SD(5,5)", "GATE_SD(0.5)", "GATE_ITO(0.5)", "SD_ITO(0.5)"]}