{"Modules": [{"Module": "M14", "Boundary": [["30.0", "303.6"], ["146.0", "303.6"], ["146.0", "434.3"], ["30.0", "434.3"]], "Module_type": "GATE", "Ports": [{"Location": [["45.4", "428.8"], ["130.6", "428.8"], ["130.6", "434.3"], ["45.4", "434.3"]], "Type": "SD"}, {"Location": [["30.0", "303.6"], ["146.0", "303.6"], ["146.0", "427.6"], ["30.0", "427.6"]], "Type": "GATE"}, {"Location": [["36.1", "308.7"], ["139.9", "308.7"], ["139.9", "315.6"], ["36.1", "315.6"]], "Type": "SD"}]}, {"Ports": [{"Location": [["170.6", "566.3"], ["244.0", "566.3"], ["244.0", "571.3"], ["170.6", "571.3"]], "Type": "SD"}, {"Location": [["156.4", "474.3"], ["241.4", "474.3"], ["241.4", "474.6"], ["258.2", "474.6"], ["258.2", "564.2"], ["156.4", "564.2"]], "Type": "GATE"}, {"Location": [["162.0", "478.9"], ["235.8", "478.9"], ["235.8", "485.7"], ["162.0", "485.7"]], "Type": "SD"}], "Module": "M9", "Boundary": [["156.4", "474.3"], ["241.4", "474.3"], ["241.4", "474.6"], ["258.2", "474.6"], ["258.2", "571.3"], ["156.4", "571.3"]], "Module_type": "GATE"}, {"Ports": [{"Location": [["122.8", "130.9"], ["163.5", "130.9"], ["163.5", "136.3"], ["122.8", "136.3"]], "Type": "SD"}, {"Location": [["108.9", "20.0"], ["177.4", "20.0"], ["177.4", "128.0"], ["108.9", "128.0"]], "Type": "GATE"}, {"Location": [["114.9", "25.0"], ["171.4", "25.0"], ["171.4", "31.2"], ["114.9", "31.2"]], "Type": "SD"}], "Module": "M5", "Boundary": [["108.9", "20.0"], ["177.4", "20.0"], ["177.4", "136.3"], ["108.9", "136.3"]], "Module_type": "GATE"}, {"Ports": [{"Location": [["10.0", "199.1"], ["15.5", "199.1"], ["15.5", "251.8"], ["10.0", "251.8"]], "Type": "SD"}, {"Location": [["177.6", "187.3"], ["177.6", "248.2"], ["177.5", "248.2"], ["177.5", "263.6"], ["17.1", "263.6"], ["17.1", "187.3"]], "Type": "GATE"}, {"Location": [["168.3", "192.6"], ["173.3", "192.6"], ["173.3", "242.9"], ["168.3", "242.9"]], "Type": "SD"}], "Module": "M11", "Boundary": [["177.6", "187.3"], ["177.6", "248.2"], ["177.5", "248.2"], ["177.5", "263.6"], ["10.0", "263.6"], ["10.0", "187.3"]], "Module_type": "GATE"}, {"Ports": [{"Location": [["43.4", "686.5"], ["103.0", "686.5"], ["103.0", "692.3"], ["43.4", "692.3"]], "Type": "SD"}, {"Location": [["30.0", "494.3"], ["116.4", "494.3"], ["116.4", "684.1"], ["30.0", "684.1"]], "Type": "GATE"}, {"Location": [["36.2", "499.5"], ["110.2", "499.5"], ["110.2", "504.6"], ["36.2", "504.6"]], "Type": "SD"}], "Module": "M1", "Boundary": [["30.0", "494.3"], ["116.4", "494.3"], ["116.4", "692.3"], ["30.0", "692.3"]], "Module_type": "GATE"}, {"Ports": [{"Location": [["25.0", "163.0"], ["63.9", "163.0"], ["63.9", "167.3"], ["25.0", "167.3"]], "Type": "SD"}, {"Location": [["10.0", "10.0"], ["62.6", "10.0"], ["62.6", "10.3"], ["78.9", "10.3"], ["78.9", "161.2"], ["10.0", "161.2"]], "Type": "GATE"}, {"Location": [["15.9", "14.9"], ["56.7", "14.9"], ["56.7", "22.2"], ["15.9", "22.2"]], "Type": "SD"}], "Module": "M6", "Boundary": [["10.0", "10.0"], ["62.6", "10.0"], ["62.6", "10.3"], ["78.9", "10.3"], ["78.9", "167.3"], ["10.0", "167.3"]], "Module_type": "GATE"}, {"Ports": [{"Location": [["20.0", "859.9"], ["25.0", "859.9"], ["25.0", "911.5"], ["20.0", "911.5"]], "Type": "SD"}, {"Location": [["219.6", "847.6"], ["219.6", "923.8"], ["26.9", "923.8"], ["26.9", "847.6"]], "Type": "GATE"}, {"Location": [["209.4", "853.3"], ["214.9", "853.3"], ["214.9", "918.1"], ["209.4", "918.1"]], "Type": "SD"}], "Module": "M2", "Boundary": [["219.6", "847.6"], ["219.6", "923.8"], ["20.0", "923.8"], ["20.0", "847.6"]], "Module_type": "GATE"}, {"Ports": [{"Location": [["170.1", "703.1"], ["205.3", "703.1"], ["205.3", "708.3"], ["170.1", "708.3"]], "Type": "SD"}, {"Location": [["156.4", "591.3"], ["204.4", "591.3"], ["204.4", "591.3"], ["219.0", "591.3"], ["219.0", "700.1"], ["156.4", "700.1"]], "Type": "GATE"}, {"Location": [["161.9", "595.8"], ["198.9", "595.8"], ["198.9", "603.1"], ["161.9", "603.1"]], "Type": "SD"}], "Module": "M16", "Boundary": [["156.4", "591.3"], ["204.4", "591.3"], ["204.4", "591.3"], ["219.0", "591.3"], ["219.0", "708.3"], ["156.4", "708.3"]], "Module_type": "GATE"}, {"Ports": [{"Location": [["336.6", "179.2"], ["361.7", "179.2"], ["361.7", "184.5"], ["336.6", "184.5"]], "Type": "SD"}, {"Location": [["322.2", "10.0"], ["376.1", "10.0"], ["376.1", "177.1"], ["322.2", "177.1"]], "Type": "GATE"}, {"Location": [["327.6", "14.4"], ["370.7", "14.4"], ["370.7", "21.1"], ["327.6", "21.1"]], "Type": "SD"}], "Module": "M13", "Boundary": [["322.2", "10.0"], ["376.1", "10.0"], ["376.1", "184.5"], ["322.2", "184.5"]], "Module_type": "GATE"}, {"Ports": [{"Location": [["213.2", "277.9"], ["297.5", "277.9"], ["297.5", "282.8"], ["213.2", "282.8"]], "Type": "SD"}, {"Location": [["197.6", "204.5"], ["313.1", "204.5"], ["313.1", "276.8"], ["197.6", "276.8"]], "Type": "GATE"}, {"Location": [["204.4", "210.3"], ["306.3", "210.3"], ["306.3", "216.6"], ["204.4", "216.6"]], "Type": "SD"}], "Module": "M10", "Boundary": [["197.6", "204.5"], ["313.1", "204.5"], ["313.1", "282.8"], ["197.6", "282.8"]], "Module_type": "GATE"}, {"Ports": [{"Location": [["196.0", "329.1"], ["201.1", "329.1"], ["201.1", "426.9"], ["196.0", "426.9"]], "Type": "SD"}, {"Location": [["365.3", "312.8"], ["365.3", "425.1"], ["364.7", "425.1"], ["364.7", "443.2"], ["204.1", "443.2"], ["204.1", "312.8"]], "Type": "GATE"}, {"Location": [["352.0", "319.6"], ["359.5", "319.6"], ["359.5", "418.3"], ["352.0", "418.3"]], "Type": "SD"}], "Module": "M7", "Boundary": [["365.3", "312.8"], ["365.3", "425.1"], ["364.7", "425.1"], ["364.7", "443.2"], ["196.0", "443.2"], ["196.0", "312.8"]], "Module_type": "GATE"}, {"Ports": [{"Location": [["262.2", "921.7"], ["350.8", "921.7"], ["350.8", "926.2"], ["262.2", "926.2"]], "Type": "SD"}, {"Location": [["249.6", "737.6"], ["346.9", "737.6"], ["346.9", "738.0"], ["363.4", "738.0"], ["363.4", "920.1"], ["249.6", "920.1"]], "Type": "GATE"}, {"Location": [["254.9", "741.9"], ["341.6", "741.9"], ["341.6", "746.8"], ["254.9", "746.8"]], "Type": "SD"}], "Module": "M3", "Boundary": [["249.6", "737.6"], ["346.9", "737.6"], ["346.9", "738.0"], ["363.4", "738.0"], ["363.4", "926.2"], ["249.6", "926.2"]], "Module_type": "GATE"}, {"Ports": [{"Location": [["292.8", "571.5"], ["354.7", "571.5"], ["354.7", "576.4"], ["292.8", "576.4"]], "Type": "SD"}, {"Location": [["278.2", "473.2"], ["350.9", "473.2"], ["350.9", "473.3"], ["369.3", "473.3"], ["369.3", "570.2"], ["278.2", "570.2"]], "Type": "GATE"}, {"Location": [["284.0", "478.0"], ["345.1", "478.0"], ["345.1", "484.3"], ["284.0", "484.3"]], "Type": "SD"}], "Module": "M15", "Boundary": [["278.2", "473.2"], ["350.9", "473.2"], ["350.9", "473.3"], ["369.3", "473.3"], ["369.3", "576.4"], ["278.2", "576.4"]], "Module_type": "GATE"}, {"Ports": [{"Location": [["10.0", "745.0"], ["15.7", "745.0"], ["15.7", "804.9"], ["10.0", "804.9"]], "Type": "SD"}, {"Location": [["205.0", "732.3"], ["205.0", "817.6"], ["17.0", "817.6"], ["17.0", "732.3"]], "Type": "GATE"}, {"Location": [["195.0", "737.6"], ["200.7", "737.6"], ["200.7", "812.3"], ["195.0", "812.3"]], "Type": "SD"}], "Module": "M12", "Boundary": [["205.0", "732.3"], ["205.0", "817.6"], ["10.0", "817.6"], ["10.0", "732.3"]], "Module_type": "GATE"}, {"Ports": [{"Location": [["249.0", "619.7"], ["254.1", "619.7"], ["254.1", "694.3"], ["249.0", "694.3"]], "Type": "SD"}, {"Location": [["360.9", "606.4"], ["360.9", "690.7"], ["360.9", "690.7"], ["360.9", "707.6"], ["256.5", "707.6"], ["256.5", "606.4"]], "Type": "GATE"}, {"Location": [["351.0", "612.3"], ["356.0", "612.3"], ["356.0", "684.8"], ["351.0", "684.8"]], "Type": "SD"}], "Module": "M8", "Boundary": [["360.9", "606.4"], ["360.9", "690.7"], ["360.9", "690.7"], ["360.9", "707.6"], ["249.0", "707.6"], ["249.0", "606.4"]], "Module_type": "GATE"}, {"Ports": [{"Location": [["231.1", "162.4"], ["278.5", "162.4"], ["278.5", "166.4"], ["231.1", "166.4"]], "Type": "SD"}, {"Location": [["217.4", "20.0"], ["278.5", "20.0"], ["278.5", "20.0"], ["292.2", "20.0"], ["292.2", "160.4"], ["217.4", "160.4"]], "Type": "GATE"}, {"Location": [["224.3", "25.9"], ["271.6", "25.9"], ["271.6", "32.1"], ["224.3", "32.1"]], "Type": "SD"}], "Module": "M4", "Boundary": [["217.4", "20.0"], ["278.5", "20.0"], ["278.5", "20.0"], ["292.2", "20.0"], ["292.2", "166.4"], ["217.4", "166.4"]], "Module_type": "GATE"}], "Area": [["-30.0", "-30.0"], ["416.1", "-30.0"], ["416.1", "966.2"], ["-30.0", "966.2"]], "Rules": ["GATE(5,5)", "SD(5,5)", "GATE_SD(0.5)", "GATE_ITO(0.5)", "SD_ITO(0.5)"]}