{"Modules": [{"Module": "M14", "Boundary": [["618.3", "30.0"], ["618.3", "129.2"], ["617.8", "129.2"], ["617.8", "144.7"], ["438.5", "144.7"], ["438.5", "30.0"]], "Module_type": "GATE", "Ports": [{"Location": [["438.5", "45.4"], ["443.2", "45.4"], ["443.2", "129.3"], ["438.5", "129.3"]], "Type": "SD"}, {"Location": [["618.3", "30.0"], ["618.3", "129.2"], ["617.8", "129.2"], ["617.8", "144.7"], ["444.8", "144.7"], ["444.8", "30.0"]], "Type": "GATE"}, {"Location": [["605.4", "36.9"], ["612.4", "36.9"], ["612.4", "122.3"], ["605.4", "122.3"]], "Type": "SD"}]}, {"Ports": [{"Location": [["195.0", "114.7"], ["200.1", "114.7"], ["200.1", "137.4"], ["195.0", "137.4"]], "Type": "SD"}, {"Location": [["375.4", "100.0"], ["375.4", "135.7"], ["375.2", "135.7"], ["375.2", "152.1"], ["202.1", "152.1"], ["202.1", "100.0"]], "Type": "GATE"}, {"Location": [["364.1", "106.4"], ["370.0", "106.4"], ["370.0", "129.3"], ["364.1", "129.3"]], "Type": "SD"}], "Module": "M9", "Boundary": [["375.4", "100.0"], ["375.4", "135.7"], ["375.2", "135.7"], ["375.2", "152.1"], ["195.0", "152.1"], ["195.0", "100.0"]], "Module_type": "GATE"}, {"Ports": [{"Location": [["557.1", "209.9"], ["562.9", "209.9"], ["562.9", "284.9"], ["557.1", "284.9"]], "Type": "SD"}, {"Location": [["679.5", "194.7"], ["679.5", "283.2"], ["679.2", "283.2"], ["679.2", "300.1"], ["564.0", "300.1"], ["564.0", "194.7"]], "Type": "GATE"}, {"Location": [["666.8", "201.0"], ["674.2", "201.0"], ["674.2", "276.9"], ["666.8", "276.9"]], "Type": "SD"}], "Module": "M5", "Boundary": [["679.5", "194.7"], ["679.5", "283.2"], ["679.2", "283.2"], ["679.2", "300.1"], ["557.1", "300.1"], ["557.1", "194.7"]], "Module_type": "GATE"}, {"Ports": [{"Location": [["195.0", "24.3"], ["199.7", "24.3"], ["199.7", "65.7"], ["195.0", "65.7"]], "Type": "SD"}, {"Location": [["398.5", "10.0"], ["398.5", "80.0"], ["201.3", "80.0"], ["201.3", "10.0"]], "Type": "GATE"}, {"Location": [["386.4", "15.7"], ["393.8", "15.7"], ["393.8", "74.3"], ["386.4", "74.3"]], "Type": "SD"}], "Module": "M11", "Boundary": [["398.5", "10.0"], ["398.5", "80.0"], ["195.0", "80.0"], ["195.0", "10.0"]], "Module_type": "GATE"}, {"Ports": [{"Location": [["429.8", "333.0"], ["492.7", "333.0"], ["492.7", "338.7"], ["429.8", "338.7"]], "Type": "SD"}, {"Location": [["415.4", "204.7"], ["492.9", "204.7"], ["492.9", "205.0"], ["507.1", "205.0"], ["507.1", "330.5"], ["415.4", "330.5"]], "Type": "GATE"}, {"Location": [["422.3", "210.6"], ["486.0", "210.6"], ["486.0", "217.3"], ["422.3", "217.3"]], "Type": "SD"}], "Module": "M1", "Boundary": [["415.4", "204.7"], ["492.9", "204.7"], ["492.9", "205.0"], ["507.1", "205.0"], ["507.1", "338.7"], ["415.4", "338.7"]], "Module_type": "GATE"}, {"Ports": [{"Location": [["183.8", "187.6"], ["188.2", "187.6"], ["188.2", "254.2"], ["183.8", "254.2"]], "Type": "SD"}, {"Location": [["366.5", "172.1"], ["366.5", "269.7"], ["189.6", "269.7"], ["189.6", "172.1"]], "Type": "GATE"}, {"Location": [["354.4", "177.6"], ["362.0", "177.6"], ["362.0", "264.2"], ["354.4", "264.2"]], "Type": "SD"}], "Module": "M6", "Boundary": [["366.5", "172.1"], ["366.5", "269.7"], ["183.8", "269.7"], ["183.8", "172.1"]], "Module_type": "GATE"}, {"Ports": [{"Location": [["502.5", "447.4"], ["506.7", "447.4"], ["506.7", "519.7"], ["502.5", "519.7"]], "Type": "SD"}, {"Location": [["681.6", "433.8"], ["681.6", "533.3"], ["507.9", "533.3"], ["507.9", "433.8"]], "Type": "GATE"}, {"Location": [["670.8", "439.9"], ["676.5", "439.9"], ["676.5", "527.2"], ["670.8", "527.2"]], "Type": "SD"}], "Module": "M2", "Boundary": [["681.6", "433.8"], ["681.6", "533.3"], ["502.5", "533.3"], ["502.5", "433.8"]], "Module_type": "GATE"}, {"Ports": [{"Location": [["10.0", "127.1"], ["14.5", "127.1"], ["14.5", "203.6"], ["10.0", "203.6"]], "Type": "SD"}, {"Location": [["163.8", "111.7"], ["163.8", "201.4"], ["163.7", "201.4"], ["163.7", "219.0"], ["17.0", "219.0"], ["17.0", "111.7"]], "Type": "GATE"}, {"Location": [["151.9", "117.9"], ["158.6", "117.9"], ["158.6", "195.2"], ["151.9", "195.2"]], "Type": "SD"}], "Module": "M16", "Boundary": [["163.8", "111.7"], ["163.8", "201.4"], ["163.7", "201.4"], ["163.7", "219.0"], ["10.0", "219.0"], ["10.0", "111.7"]], "Module_type": "GATE"}, {"Ports": [{"Location": [["10.0", "251.8"], ["15.9", "251.8"], ["15.9", "274.4"], ["10.0", "274.4"]], "Type": "SD"}, {"Location": [["146.7", "239.0"], ["146.7", "287.2"], ["18.4", "287.2"], ["18.4", "239.0"]], "Type": "GATE"}, {"Location": [["135.5", "245.1"], ["141.6", "245.1"], ["141.6", "281.1"], ["135.5", "281.1"]], "Type": "SD"}], "Module": "M13", "Boundary": [["146.7", "239.0"], ["146.7", "287.2"], ["10.0", "287.2"], ["10.0", "239.0"]], "Module_type": "GATE"}, {"Ports": [{"Location": [["136.9", "389.2"], ["195.7", "389.2"], ["195.7", "393.9"], ["136.9", "393.9"]], "Type": "SD"}, {"Location": [["121.3", "307.2"], ["211.3", "307.2"], ["211.3", "388.2"], ["121.3", "388.2"]], "Type": "GATE"}, {"Location": [["128.1", "313.0"], ["204.5", "313.0"], ["204.5", "319.3"], ["128.1", "319.3"]], "Type": "SD"}], "Module": "M10", "Boundary": [["121.3", "307.2"], ["211.3", "307.2"], ["211.3", "393.9"], ["121.3", "393.9"]], "Module_type": "GATE"}, {"Ports": [{"Location": [["253.6", "432.1"], ["259.3", "432.1"], ["259.3", "518.9"], ["253.6", "518.9"]], "Type": "SD"}, {"Location": [["462.5", "417.0"], ["462.5", "517.9"], ["462.3", "517.9"], ["462.3", "534.0"], ["262.0", "534.0"], ["262.0", "417.0"]], "Type": "GATE"}, {"Location": [["450.2", "423.9"], ["456.6", "423.9"], ["456.6", "511.0"], ["450.2", "511.0"]], "Type": "SD"}], "Module": "M7", "Boundary": [["462.5", "417.0"], ["462.5", "517.9"], ["462.3", "517.9"], ["462.3", "534.0"], ["253.6", "534.0"], ["253.6", "417.0"]], "Module_type": "GATE"}, {"Ports": [{"Location": [["547.1", "345.7"], ["552.7", "345.7"], ["552.7", "388.2"], ["547.1", "388.2"]], "Type": "SD"}, {"Location": [["684.8", "330.1"], ["684.8", "403.8"], ["554.9", "403.8"], ["554.9", "330.1"]], "Type": "GATE"}, {"Location": [["671.9", "336.9"], ["679.0", "336.9"], ["679.0", "397.0"], ["671.9", "397.0"]], "Type": "SD"}], "Module": "M3", "Boundary": [["684.8", "330.1"], ["684.8", "403.8"], ["547.1", "403.8"], ["547.1", "330.1"]], "Module_type": "GATE"}, {"Ports": [{"Location": [["22.0", "405.5"], ["89.3", "405.5"], ["89.3", "411.2"], ["22.0", "411.2"]], "Type": "SD"}, {"Location": [["10.0", "307.2"], ["86.3", "307.2"], ["86.3", "307.5"], ["101.3", "307.5"], ["101.3", "403.4"], ["10.0", "403.4"]], "Type": "GATE"}, {"Location": [["15.2", "311.4"], ["81.1", "311.4"], ["81.1", "317.4"], ["15.2", "317.4"]], "Type": "SD"}], "Module": "M15", "Boundary": [["10.0", "307.2"], ["86.3", "307.2"], ["86.3", "307.5"], ["101.3", "307.5"], ["101.3", "411.2"], ["10.0", "411.2"]], "Module_type": "GATE"}, {"Ports": [{"Location": [["10.0", "22.3"], ["15.7", "22.3"], ["15.7", "79.4"], ["10.0", "79.4"]], "Type": "SD"}, {"Location": [["175.0", "10.0"], ["175.0", "91.7"], ["18.1", "91.7"], ["18.1", "10.0"]], "Type": "GATE"}, {"Location": [["164.3", "15.7"], ["170.3", "15.7"], ["170.3", "86.0"], ["164.3", "86.0"]], "Type": "SD"}], "Module": "M12", "Boundary": [["175.0", "10.0"], ["175.0", "91.7"], ["10.0", "91.7"], ["10.0", "10.0"]], "Module_type": "GATE"}, {"Ports": [{"Location": [["20.0", "452.6"], ["25.1", "452.6"], ["25.1", "517.7"], ["20.0", "517.7"]], "Type": "SD"}, {"Location": [["213.6", "441.2"], ["213.6", "514.5"], ["213.4", "514.5"], ["213.4", "529.1"], ["27.9", "529.1"], ["27.9", "441.2"]], "Type": "GATE"}, {"Location": [["204.6", "446.4"], ["209.4", "446.4"], ["209.4", "509.3"], ["204.6", "509.3"]], "Type": "SD"}], "Module": "M8", "Boundary": [["213.6", "441.2"], ["213.6", "514.5"], ["213.4", "514.5"], ["213.4", "529.1"], ["20.0", "529.1"], ["20.0", "441.2"]], "Module_type": "GATE"}, {"Ports": [{"Location": [["241.3", "314.1"], ["245.6", "314.1"], ["245.6", "362.6"], ["241.3", "362.6"]], "Type": "SD"}, {"Location": [["362.3", "299.7"], ["362.3", "363.0"], ["362.2", "363.0"], ["362.2", "377.0"], ["247.5", "377.0"], ["247.5", "299.7"]], "Type": "GATE"}, {"Location": [["349.4", "306.5"], ["356.5", "306.5"], ["356.5", "356.2"], ["349.4", "356.2"]], "Type": "SD"}], "Module": "M4", "Boundary": [["362.3", "299.7"], ["362.3", "363.0"], ["362.2", "363.0"], ["362.2", "377.0"], ["241.3", "377.0"], ["241.3", "299.7"]], "Module_type": "GATE"}], "Area": [["-30.0", "-30.0"], ["724.8", "-30.0"], ["724.8", "574.0"], ["-30.0", "574.0"]], "Rules": ["GATE(5,5)", "SD(5,5)", "GATE_SD(0.5)", "GATE_ITO(0.5)", "SD_ITO(0.5)"]}