{"Modules": [{"Module": "M14", "Boundary": [["475.9", "359.8"], ["509.5", "359.8"], ["509.5", "359.9"], ["526.0", "359.9"], ["526.0", "525.6"], ["475.9", "525.6"]], "Module_type": "GATE", "Ports": [{"Location": [["489.3", "520.1"], ["512.6", "520.1"], ["512.6", "525.6"], ["489.3", "525.6"]], "Type": "SD"}, {"Location": [["475.9", "359.8"], ["509.5", "359.8"], ["509.5", "359.9"], ["526.0", "359.9"], ["526.0", "517.9"], ["475.9", "517.9"]], "Type": "GATE"}, {"Location": [["481.1", "364.0"], ["504.3", "364.0"], ["504.3", "370.6"], ["481.1", "370.6"]], "Type": "SD"}]}, {"Ports": [{"Location": [["10.0", "454.2"], ["15.1", "454.2"], ["15.1", "528.7"], ["10.0", "528.7"]], "Type": "SD"}, {"Location": [["235.9", "439.8"], ["235.9", "543.1"], ["17.8", "543.1"], ["17.8", "439.8"]], "Type": "GATE"}, {"Location": [["224.0", "446.5"], ["230.2", "446.5"], ["230.2", "536.4"], ["224.0", "536.4"]], "Type": "SD"}], "Module": "M9", "Boundary": [["235.9", "439.8"], ["235.9", "543.1"], ["10.0", "543.1"], ["10.0", "439.8"]], "Module_type": "GATE"}, {"Ports": [{"Location": [["556.3", "304.5"], ["609.3", "304.5"], ["609.3", "309.8"], ["556.3", "309.8"]], "Type": "SD"}, {"Location": [["543.4", "162.5"], ["622.2", "162.5"], ["622.2", "302.8"], ["543.4", "302.8"]], "Type": "GATE"}, {"Location": [["548.6", "166.7"], ["617.0", "166.7"], ["617.0", "173.8"], ["548.6", "173.8"]], "Type": "SD"}], "Module": "M5", "Boundary": [["543.4", "162.5"], ["622.2", "162.5"], ["622.2", "309.8"], ["543.4", "309.8"]], "Module_type": "GATE"}, {"Ports": [{"Location": [["210.1", "23.7"], ["215.8", "23.7"], ["215.8", "90.4"], ["210.1", "90.4"]], "Type": "SD"}, {"Location": [["336.4", "10.0"], ["336.4", "89.2"], ["336.2", "89.2"], ["336.2", "104.1"], ["218.7", "104.1"], ["218.7", "10.0"]], "Type": "GATE"}, {"Location": [["324.6", "16.1"], ["331.3", "16.1"], ["331.3", "83.1"], ["324.6", "83.1"]], "Type": "SD"}], "Module": "M11", "Boundary": [["336.4", "10.0"], ["336.4", "89.2"], ["336.2", "89.2"], ["336.2", "104.1"], ["210.1", "104.1"], ["210.1", "10.0"]], "Module_type": "GATE"}, {"Ports": [{"Location": [["367.0", "170.9"], ["371.8", "170.9"], ["371.8", "221.1"], ["367.0", "221.1"]], "Type": "SD"}, {"Location": [["493.4", "159.0"], ["493.4", "233.0"], ["374.2", "233.0"], ["374.2", "159.0"]], "Type": "GATE"}, {"Location": [["484.0", "164.6"], ["488.8", "164.6"], ["488.8", "227.4"], ["484.0", "227.4"]], "Type": "SD"}], "Module": "M1", "Boundary": [["493.4", "159.0"], ["493.4", "233.0"], ["367.0", "233.0"], ["367.0", "159.0"]], "Module_type": "GATE"}, {"Ports": [{"Location": [["121.4", "399.3"], ["171.7", "399.3"], ["171.7", "404.4"], ["121.4", "404.4"]], "Type": "SD"}, {"Location": [["109.2", "230.5"], ["169.3", "230.5"], ["169.3", "230.5"], ["183.9", "230.5"], ["183.9", "396.6"], ["109.2", "396.6"]], "Type": "GATE"}, {"Location": [["114.7", "235.0"], ["163.8", "235.0"], ["163.8", "240.4"], ["114.7", "240.4"]], "Type": "SD"}], "Module": "M6", "Boundary": [["109.2", "230.5"], ["169.3", "230.5"], ["169.3", "230.5"], ["183.9", "230.5"], ["183.9", "404.4"], ["109.2", "404.4"]], "Module_type": "GATE"}, {"Ports": [{"Location": [["366.4", "31.0"], ["371.9", "31.0"], ["371.9", "98.0"], ["366.4", "98.0"]], "Type": "SD"}, {"Location": [["506.0", "20.0"], ["506.0", "109.0"], ["374.5", "109.0"], ["374.5", "20.0"]], "Type": "GATE"}, {"Location": [["497.4", "25.2"], ["501.8", "25.2"], ["501.8", "103.8"], ["497.4", "103.8"]], "Type": "SD"}], "Module": "M2", "Boundary": [["506.0", "20.0"], ["506.0", "109.0"], ["366.4", "109.0"], ["366.4", "20.0"]], "Module_type": "GATE"}, {"Ports": [{"Location": [["549.4", "126.5"], ["611.6", "126.5"], ["611.6", "132.5"], ["549.4", "132.5"]], "Type": "SD"}, {"Location": [["536.0", "10.0"], ["625.0", "10.0"], ["625.0", "124.4"], ["536.0", "124.4"]], "Type": "GATE"}, {"Location": [["542.2", "15.2"], ["618.8", "15.2"], ["618.8", "21.8"], ["542.2", "21.8"]], "Type": "SD"}], "Module": "M16", "Boundary": [["536.0", "10.0"], ["625.0", "10.0"], ["625.0", "132.5"], ["536.0", "132.5"]], "Module_type": "GATE"}, {"Ports": [{"Location": [["268.2", "513.9"], ["290.5", "513.9"], ["290.5", "519.0"], ["268.2", "519.0"]], "Type": "SD"}, {"Location": [["255.9", "437.3"], ["302.8", "437.3"], ["302.8", "512.1"], ["255.9", "512.1"]], "Type": "GATE"}, {"Location": [["261.4", "441.8"], ["297.3", "441.8"], ["297.3", "447.3"], ["261.4", "447.3"]], "Type": "SD"}], "Module": "M13", "Boundary": [["255.9", "437.3"], ["302.8", "437.3"], ["302.8", "519.0"], ["255.9", "519.0"]], "Module_type": "GATE"}, {"Ports": [{"Location": [["23.7", "414.9"], ["75.5", "414.9"], ["75.5", "419.8"], ["23.7", "419.8"]], "Type": "SD"}, {"Location": [["10.0", "230.5"], ["74.4", "230.5"], ["74.4", "230.7"], ["89.2", "230.7"], ["89.2", "411.9"], ["10.0", "411.9"]], "Type": "GATE"}, {"Location": [["16.2", "235.7"], ["68.2", "235.7"], ["68.2", "242.3"], ["16.2", "242.3"]], "Type": "SD"}], "Module": "M10", "Boundary": [["10.0", "230.5"], ["74.4", "230.5"], ["74.4", "230.7"], ["89.2", "230.7"], ["89.2", "419.8"], ["10.0", "419.8"]], "Module_type": "GATE"}, {"Ports": [{"Location": [["20.0", "32.7"], ["24.6", "32.7"], ["24.6", "98.0"], ["20.0", "98.0"]], "Type": "SD"}, {"Location": [["180.1", "20.0"], ["180.1", "110.7"], ["27.6", "110.7"], ["27.6", "20.0"]], "Type": "GATE"}, {"Location": [["169.2", "25.6"], ["175.5", "25.6"], ["175.5", "105.1"], ["169.2", "105.1"]], "Type": "SD"}], "Module": "M7", "Boundary": [["180.1", "20.0"], ["180.1", "110.7"], ["20.0", "110.7"], ["20.0", "20.0"]], "Module_type": "GATE"}, {"Ports": [{"Location": [["579.8", "472.7"], ["620.8", "472.7"], ["620.8", "477.7"], ["579.8", "477.7"]], "Type": "SD"}, {"Location": [["566.0", "339.8"], ["634.6", "339.8"], ["634.6", "470.2"], ["566.0", "470.2"]], "Type": "GATE"}, {"Location": [["572.1", "344.9"], ["628.5", "344.9"], ["628.5", "351.1"], ["572.1", "351.1"]], "Type": "SD"}], "Module": "M3", "Boundary": [["566.0", "339.8"], ["634.6", "339.8"], ["634.6", "477.7"], ["566.0", "477.7"]], "Module_type": "GATE"}, {"Ports": [{"Location": [["10.0", "152.2"], ["15.3", "152.2"], ["15.3", "199.0"], ["10.0", "199.0"]], "Type": "SD"}, {"Location": [["220.3", "140.7"], ["220.3", "210.5"], ["16.8", "210.5"], ["16.8", "140.7"]], "Type": "GATE"}, {"Location": [["210.4", "146.4"], ["215.6", "146.4"], ["215.6", "204.8"], ["210.4", "204.8"]], "Type": "SD"}], "Module": "M15", "Boundary": [["220.3", "140.7"], ["220.3", "210.5"], ["10.0", "210.5"], ["10.0", "140.7"]], "Module_type": "GATE"}, {"Ports": [{"Location": [["254.8", "250.2"], ["312.5", "250.2"], ["312.5", "255.3"], ["254.8", "255.3"]], "Type": "SD"}, {"Location": [["240.3", "124.1"], ["327.0", "124.1"], ["327.0", "247.2"], ["240.3", "247.2"]], "Type": "GATE"}, {"Location": [["247.2", "130.0"], ["320.1", "130.0"], ["320.1", "135.5"], ["247.2", "135.5"]], "Type": "SD"}], "Module": "M12", "Boundary": [["240.3", "124.1"], ["327.0", "124.1"], ["327.0", "255.3"], ["240.3", "255.3"]], "Module_type": "GATE"}, {"Ports": [{"Location": [["213.9", "299.9"], ["219.7", "299.9"], ["219.7", "392.7"], ["213.9", "392.7"]], "Type": "SD"}, {"Location": [["425.9", "285.3"], ["425.9", "390.2"], ["425.6", "390.2"], ["425.6", "407.3"], ["222.3", "407.3"], ["222.3", "285.3"]], "Type": "GATE"}, {"Location": [["413.8", "291.4"], ["420.8", "291.4"], ["420.8", "384.1"], ["413.8", "384.1"]], "Type": "SD"}], "Module": "M8", "Boundary": [["425.9", "285.3"], ["425.9", "390.2"], ["425.6", "390.2"], ["425.6", "407.3"], ["213.9", "407.3"], ["213.9", "285.3"]], "Module_type": "GATE"}], "Area": [["-30.0", "-30.0"], ["674.6", "-30.0"], ["674.6", "583.1"], ["-30.0", "583.1"]], "Rules": ["GATE(5,5)", "SD(5,5)", "GATE_SD(0.5)", "GATE_ITO(0.5)", "SD_ITO(0.5)"]}