{"Modules": [{"Module": "M14", "Boundary": [["405.8", "30.0"], ["472.8", "30.0"], ["472.8", "109.5"], ["488.5", "109.5"], ["488.5", "212.2"], ["405.8", "212.2"]], "Module_type": "GATE", "Ports": [{"Location": [["418.9", "207.8"], ["475.4", "207.8"], ["475.4", "212.2"], ["418.9", "212.2"]], "Type": "SD"}, {"Location": [["405.8", "30.0"], ["472.8", "30.0"], ["472.8", "109.5"], ["488.5", "109.5"], ["488.5", "205.6"], ["405.8", "205.6"]], "Type": "GATE"}, {"Location": [["410.8", "34.0"], ["466.8", "34.0"], ["466.8", "39.8"], ["410.8", "39.8"]], "Type": "SD"}]}, {"Ports": [{"Location": [["154.0", "123.5"], ["159.1", "123.5"], ["159.1", "191.4"], ["154.0", "191.4"]], "Type": "SD"}, {"Location": [["339.4", "111.5"], ["339.4", "188.1"], ["339.2", "188.1"], ["339.2", "203.4"], ["160.6", "203.4"], ["160.6", "111.5"]], "Type": "GATE"}, {"Location": [["330.1", "117.1"], ["334.8", "117.1"], ["334.8", "182.5"], ["330.1", "182.5"]], "Type": "SD"}], "Module": "M9", "Boundary": [["339.4", "111.5"], ["339.4", "188.1"], ["339.2", "188.1"], ["339.2", "203.4"], ["154.0", "203.4"], ["154.0", "111.5"]], "Module_type": "GATE"}, {"Ports": [{"Location": [["32.0", "311.6"], ["111.5", "311.6"], ["111.5", "316.9"], ["32.0", "316.9"]], "Type": "SD"}, {"Location": [["20.0", "154.5"], ["108.9", "154.5"], ["108.9", "154.9"], ["123.5", "154.9"], ["123.5", "309.7"], ["20.0", "309.7"]], "Type": "GATE"}, {"Location": [["25.5", "159.0"], ["103.4", "159.0"], ["103.4", "164.4"], ["25.5", "164.4"]], "Type": "SD"}], "Module": "M5", "Boundary": [["20.0", "154.5"], ["108.9", "154.5"], ["108.9", "154.9"], ["123.5", "154.9"], ["123.5", "316.9"], ["20.0", "316.9"]], "Module_type": "GATE"}, {"Ports": [{"Location": [["438.7", "633.9"], ["497.0", "633.9"], ["497.0", "638.1"], ["438.7", "638.1"]], "Type": "SD"}, {"Location": [["424.8", "481.2"], ["493.8", "481.2"], ["493.8", "481.3"], ["510.9", "481.3"], ["510.9", "631.7"], ["424.8", "631.7"]], "Type": "GATE"}, {"Location": [["431.5", "486.9"], ["487.1", "486.9"], ["487.1", "491.8"], ["431.5", "491.8"]], "Type": "SD"}], "Module": "M11", "Boundary": [["424.8", "481.2"], ["493.8", "481.2"], ["493.8", "481.3"], ["510.9", "481.3"], ["510.9", "638.1"], ["424.8", "638.1"]], "Module_type": "GATE"}, {"Ports": [{"Location": [["30.0", "386.6"], ["35.9", "386.6"], ["35.9", "409.6"], ["30.0", "409.6"]], "Type": "SD"}, {"Location": [["162.0", "374.7"], ["162.0", "421.5"], ["38.6", "421.5"], ["38.6", "374.7"]], "Type": "GATE"}, {"Location": [["151.8", "380.2"], ["157.5", "380.2"], ["157.5", "416.0"], ["151.8", "416.0"]], "Type": "SD"}], "Module": "M1", "Boundary": [["162.0", "374.7"], ["162.0", "421.5"], ["30.0", "421.5"], ["30.0", "374.7"]], "Module_type": "GATE"}, {"Ports": [{"Location": [["10.0", "472.4"], ["14.2", "472.4"], ["14.2", "528.6"], ["10.0", "528.6"]], "Type": "SD"}, {"Location": [["138.5", "461.5"], ["138.5", "528.0"], ["106.4", "528.0"], ["106.4", "539.5"], ["15.4", "539.5"], ["15.4", "461.5"]], "Type": "GATE"}, {"Location": [["129.2", "467.4"], ["133.6", "467.4"], ["133.6", "521.1"], ["129.2", "521.1"]], "Type": "SD"}], "Module": "M6", "Boundary": [["138.5", "461.5"], ["138.5", "528.0"], ["106.4", "528.0"], ["106.4", "539.5"], ["10.0", "539.5"], ["10.0", "461.5"]], "Module_type": "GATE"}, {"Ports": [{"Location": [["358.3", "273.4"], ["363.0", "273.4"], ["363.0", "306.8"], ["358.3", "306.8"]], "Type": "SD"}, {"Location": [["479.0", "262.2"], ["479.0", "305.4"], ["420.3", "305.4"], ["420.3", "318.0"], ["364.1", "318.0"], ["364.1", "262.2"]], "Type": "GATE"}, {"Location": [["469.9", "267.2"], ["475.0", "267.2"], ["475.0", "299.4"], ["469.9", "299.4"]], "Type": "SD"}], "Module": "M2", "Boundary": [["479.0", "262.2"], ["479.0", "305.4"], ["420.3", "305.4"], ["420.3", "318.0"], ["358.3", "318.0"], ["358.3", "262.2"]], "Module_type": "GATE"}, {"Ports": [{"Location": [["463.9", "455.8"], ["504.1", "455.8"], ["504.1", "461.2"], ["463.9", "461.2"]], "Type": "SD"}, {"Location": [["451.1", "348.0"], ["501.5", "348.0"], ["501.5", "383.9"], ["516.9", "383.9"], ["516.9", "454.2"], ["451.1", "454.2"]], "Type": "GATE"}, {"Location": [["456.7", "352.6"], ["494.9", "352.6"], ["494.9", "358.2"], ["456.7", "358.2"]], "Type": "SD"}], "Module": "M16", "Boundary": [["451.1", "348.0"], ["501.5", "348.0"], ["501.5", "383.9"], ["516.9", "383.9"], ["516.9", "461.2"], ["451.1", "461.2"]], "Module_type": "GATE"}, {"Ports": [{"Location": [["273.9", "598.8"], ["278.9", "598.8"], ["278.9", "641.4"], ["273.9", "641.4"]], "Type": "SD"}, {"Location": [["400.4", "584.0"], ["400.4", "656.2"], ["281.9", "656.2"], ["281.9", "584.0"]], "Type": "GATE"}, {"Location": [["388.3", "589.5"], ["395.9", "589.5"], ["395.9", "650.7"], ["388.3", "650.7"]], "Type": "SD"}], "Module": "M13", "Boundary": [["400.4", "584.0"], ["400.4", "656.2"], ["273.9", "656.2"], ["273.9", "584.0"]], "Module_type": "GATE"}, {"Ports": [{"Location": [["202.0", "369.8"], ["207.2", "369.8"], ["207.2", "425.7"], ["202.0", "425.7"]], "Type": "SD"}, {"Location": [["431.1", "354.7"], ["431.1", "425.2"], ["410.9", "425.2"], ["410.9", "440.8"], ["209.3", "440.8"], ["209.3", "354.7"]], "Type": "GATE"}, {"Location": [["418.9", "361.5"], ["425.3", "361.5"], ["425.3", "417.4"], ["418.9", "417.4"]], "Type": "SD"}], "Module": "M10", "Boundary": [["431.1", "354.7"], ["431.1", "425.2"], ["410.9", "425.2"], ["410.9", "440.8"], ["202.0", "440.8"], ["202.0", "354.7"]], "Module_type": "GATE"}, {"Ports": [{"Location": [["168.5", "482.2"], ["173.2", "482.2"], ["173.2", "531.8"], ["168.5", "531.8"]], "Type": "SD"}, {"Location": [["280.1", "471.5"], ["280.1", "528.4"], ["279.8", "528.4"], ["279.8", "542.5"], ["176.2", "542.5"], ["176.2", "471.5"]], "Type": "GATE"}, {"Location": [["271.2", "477.0"], ["275.6", "477.0"], ["275.6", "522.9"], ["271.2", "522.9"]], "Type": "SD"}], "Module": "M7", "Boundary": [["280.1", "471.5"], ["280.1", "528.4"], ["279.8", "528.4"], ["279.8", "542.5"], ["168.5", "542.5"], ["168.5", "471.5"]], "Module_type": "GATE"}, {"Ports": [{"Location": [["153.5", "236.9"], ["157.9", "236.9"], ["157.9", "321.2"], ["153.5", "321.2"]], "Type": "SD"}, {"Location": [["328.3", "223.4"], ["328.3", "319.1"], ["328.3", "319.1"], ["328.3", "334.7"], ["158.9", "334.7"], ["158.9", "223.4"]], "Type": "GATE"}, {"Location": [["317.5", "229.8"], ["322.9", "229.8"], ["322.9", "312.7"], ["317.5", "312.7"]], "Type": "SD"}], "Module": "M3", "Boundary": [["328.3", "223.4"], ["328.3", "319.1"], ["328.3", "319.1"], ["328.3", "334.7"], ["153.5", "334.7"], ["153.5", "223.4"]], "Module_type": "GATE"}, {"Ports": [{"Location": [["154.0", "23.7"], ["158.3", "23.7"], ["158.3", "77.8"], ["154.0", "77.8"]], "Type": "SD"}, {"Location": [["365.8", "10.0"], ["365.8", "75.7"], ["365.7", "75.7"], ["365.7", "91.5"], ["160.9", "91.5"], ["160.9", "10.0"]], "Type": "GATE"}, {"Location": [["354.8", "16.2"], ["360.6", "16.2"], ["360.6", "69.5"], ["354.8", "69.5"]], "Type": "SD"}], "Module": "M15", "Boundary": [["365.8", "10.0"], ["365.8", "75.7"], ["365.7", "75.7"], ["365.7", "91.5"], ["154.0", "91.5"], ["154.0", "10.0"]], "Module_type": "GATE"}, {"Ports": [{"Location": [["310.1", "474.6"], ["314.6", "474.6"], ["314.6", "550.2"], ["310.1", "550.2"]], "Type": "SD"}, {"Location": [["404.8", "460.8"], ["404.8", "547.6"], ["369.9", "547.6"], ["369.9", "564.0"], ["315.6", "564.0"], ["315.6", "460.8"]], "Type": "GATE"}, {"Location": [["394.4", "466.6"], ["400.0", "466.6"], ["400.0", "540.8"], ["394.4", "540.8"]], "Type": "SD"}], "Module": "M12", "Boundary": [["404.8", "460.8"], ["404.8", "547.6"], ["369.9", "547.6"], ["369.9", "564.0"], ["310.1", "564.0"], ["310.1", "460.8"]], "Module_type": "GATE"}, {"Ports": [{"Location": [["33.3", "109.2"], ["110.7", "109.2"], ["110.7", "114.5"], ["33.3", "114.5"]], "Type": "SD"}, {"Location": [["20.0", "20.0"], ["107.5", "20.0"], ["107.5", "62.4"], ["124.0", "62.4"], ["124.0", "106.4"], ["20.0", "106.4"]], "Type": "GATE"}, {"Location": [["25.7", "24.7"], ["100.8", "24.7"], ["100.8", "30.6"], ["25.7", "30.6"]], "Type": "SD"}], "Module": "M8", "Boundary": [["20.0", "20.0"], ["107.5", "20.0"], ["107.5", "62.4"], ["124.0", "62.4"], ["124.0", "114.5"], ["20.0", "114.5"]], "Module_type": "GATE"}, {"Ports": [{"Location": [["20.0", "596.1"], ["26.0", "596.1"], ["26.0", "631.9"], ["20.0", "631.9"]], "Type": "SD"}, {"Location": [["243.9", "582.5"], ["243.9", "631.6"], ["144.3", "631.6"], ["144.3", "645.5"], ["27.7", "645.5"], ["27.7", "582.5"]], "Type": "GATE"}, {"Location": [["232.8", "587.8"], ["239.6", "587.8"], ["239.6", "625.3"], ["232.8", "625.3"]], "Type": "SD"}], "Module": "M4", "Boundary": [["243.9", "582.5"], ["243.9", "631.6"], ["144.3", "631.6"], ["144.3", "645.5"], ["20.0", "645.5"], ["20.0", "582.5"]], "Module_type": "GATE"}], "Area": [["-30.0", "-30.0"], ["556.9", "-30.0"], ["556.9", "696.2"], ["-30.0", "696.2"]], "Rules": ["GATE(5,5)", "SD(5,5)", "GATE_SD(0.5)", "GATE_ITO(0.5)", "SD_ITO(0.5)"]}