{"Modules": [{"Module": "M14", "Boundary": [["360.5", "268.1"], ["360.5", "374.3"], ["280.9", "374.3"], ["280.9", "390.6"], ["201.4", "390.6"], ["201.4", "268.1"]], "Module_type": "GATE", "Ports": [{"Location": [["201.4", "283.1"], ["206.7", "283.1"], ["206.7", "375.6"], ["201.4", "375.6"]], "Type": "SD"}, {"Location": [["360.5", "268.1"], ["360.5", "374.3"], ["280.9", "374.3"], ["280.9", "390.6"], ["208.8", "390.6"], ["208.8", "268.1"]], "Type": "GATE"}, {"Location": [["348.9", "273.3"], ["356.3", "273.3"], ["356.3", "368.1"], ["348.9", "368.1"]], "Type": "SD"}]}, {"Ports": [{"Location": [["203.1", "670.2"], ["207.6", "670.2"], ["207.6", "735.0"], ["203.1", "735.0"]], "Type": "SD"}, {"Location": [["390.9", "654.7"], ["390.9", "731.4"], ["390.5", "731.4"], ["390.5", "750.5"], ["210.4", "750.5"], ["210.4", "654.7"]], "Type": "GATE"}, {"Location": [["378.7", "660.9"], ["385.7", "660.9"], ["385.7", "725.2"], ["378.7", "725.2"]], "Type": "SD"}], "Module": "M9", "Boundary": [["390.9", "654.7"], ["390.9", "731.4"], ["390.5", "731.4"], ["390.5", "750.5"], ["203.1", "750.5"], ["203.1", "654.7"]], "Module_type": "GATE"}, {"Ports": [{"Location": [["187.1", "453.0"], ["192.2", "453.0"], ["192.2", "505.7"], ["187.1", "505.7"]], "Type": "SD"}, {"Location": [["377.1", "440.6"], ["377.1", "518.1"], ["193.5", "518.1"], ["193.5", "440.6"]], "Type": "GATE"}, {"Location": [["366.7", "445.7"], ["373.0", "445.7"], ["373.0", "513.0"], ["366.7", "513.0"]], "Type": "SD"}], "Module": "M5", "Boundary": [["377.1", "440.6"], ["377.1", "518.1"], ["187.1", "518.1"], ["187.1", "440.6"]], "Module_type": "GATE"}, {"Ports": [{"Location": [["10.0", "921.8"], ["15.8", "921.8"], ["15.8", "962.1"], ["10.0", "962.1"]], "Type": "SD"}, {"Location": [["206.0", "908.5"], ["206.0", "975.4"], ["17.8", "975.4"], ["17.8", "908.5"]], "Type": "GATE"}, {"Location": [["194.9", "915.5"], ["200.0", "915.5"], ["200.0", "968.4"], ["194.9", "968.4"]], "Type": "SD"}], "Module": "M11", "Boundary": [["206.0", "908.5"], ["206.0", "975.4"], ["10.0", "975.4"], ["10.0", "908.5"]], "Module_type": "GATE"}, {"Ports": [{"Location": [["173.7", "124.7"], ["228.6", "124.7"], ["228.6", "130.7"], ["173.7", "130.7"]], "Type": "SD"}, {"Location": [["160.1", "30.0"], ["242.2", "30.0"], ["242.2", "121.9"], ["160.1", "121.9"]], "Type": "GATE"}, {"Location": [["165.8", "34.7"], ["236.5", "34.7"], ["236.5", "41.6"], ["165.8", "41.6"]], "Type": "SD"}], "Module": "M1", "Boundary": [["160.1", "30.0"], ["242.2", "30.0"], ["242.2", "130.7"], ["160.1", "130.7"]], "Module_type": "GATE"}, {"Ports": [{"Location": [["22.7", "219.5"], ["107.4", "219.5"], ["107.4", "223.9"], ["22.7", "223.9"]], "Type": "SD"}, {"Location": [["10.0", "10.0"], ["105.7", "10.0"], ["105.7", "105.3"], ["120.1", "105.3"], ["120.1", "216.9"], ["10.0", "216.9"]], "Type": "GATE"}, {"Location": [["15.5", "14.5"], ["99.2", "14.5"], ["99.2", "20.8"], ["15.5", "20.8"]], "Type": "SD"}], "Module": "M6", "Boundary": [["10.0", "10.0"], ["105.7", "10.0"], ["105.7", "105.3"], ["120.1", "105.3"], ["120.1", "223.9"], ["10.0", "223.9"]], "Module_type": "GATE"}, {"Ports": [{"Location": [["307.2", "213.0"], ["368.2", "213.0"], ["368.2", "218.1"], ["307.2", "218.1"]], "Type": "SD"}, {"Location": [["292.2", "20.0"], ["366.3", "20.0"], ["366.3", "141.5"], ["383.2", "141.5"], ["383.2", "211.4"], ["292.2", "211.4"]], "Type": "GATE"}, {"Location": [["298.9", "25.7"], ["358.6", "25.7"], ["358.6", "32.0"], ["298.9", "32.0"]], "Type": "SD"}], "Module": "M2", "Boundary": [["292.2", "20.0"], ["366.3", "20.0"], ["366.3", "141.5"], ["383.2", "141.5"], ["383.2", "218.1"], ["292.2", "218.1"]], "Module_type": "GATE"}, {"Ports": [{"Location": [["24.5", "668.9"], ["63.4", "668.9"], ["63.4", "673.9"], ["24.5", "673.9"]], "Type": "SD"}, {"Location": [["10.0", "580.3"], ["63.0", "580.3"], ["63.0", "621.3"], ["77.9", "621.3"], ["77.9", "667.6"], ["10.0", "667.6"]], "Type": "GATE"}, {"Location": [["15.8", "585.1"], ["56.2", "585.1"], ["56.2", "592.7"], ["15.8", "592.7"]], "Type": "SD"}], "Module": "M16", "Boundary": [["10.0", "580.3"], ["63.0", "580.3"], ["63.0", "621.3"], ["77.9", "621.3"], ["77.9", "673.9"], ["10.0", "673.9"]], "Module_type": "GATE"}, {"Ports": [{"Location": [["23.8", "880.5"], ["60.3", "880.5"], ["60.3", "885.4"], ["23.8", "885.4"]], "Type": "SD"}, {"Location": [["10.0", "693.9"], ["74.1", "693.9"], ["74.1", "878.2"], ["10.0", "878.2"]], "Type": "GATE"}, {"Location": [["15.9", "698.8"], ["68.2", "698.8"], ["68.2", "705.2"], ["15.9", "705.2"]], "Type": "SD"}], "Module": "M13", "Boundary": [["10.0", "693.9"], ["74.1", "693.9"], ["74.1", "885.4"], ["10.0", "885.4"]], "Module_type": "GATE"}, {"Ports": [{"Location": [["10.0", "255.9"], ["15.2", "255.9"], ["15.2", "295.0"], ["10.0", "295.0"]], "Type": "SD"}, {"Location": [["161.4", "243.9"], ["161.4", "292.3"], ["123.0", "292.3"], ["123.0", "307.0"], ["16.9", "307.0"], ["16.9", "243.9"]], "Type": "GATE"}, {"Location": [["151.8", "249.9"], ["156.4", "249.9"], ["156.4", "285.3"], ["151.8", "285.3"]], "Type": "SD"}], "Module": "M10", "Boundary": [["161.4", "243.9"], ["161.4", "292.3"], ["123.0", "292.3"], ["123.0", "307.0"], ["10.0", "307.0"], ["10.0", "243.9"]], "Module_type": "GATE"}, {"Ports": [{"Location": [["33.6", "546.0"], ["133.5", "546.0"], ["133.5", "550.3"], ["33.6", "550.3"]], "Type": "SD"}, {"Location": [["20.0", "337.0"], ["147.1", "337.0"], ["147.1", "544.8"], ["20.0", "544.8"]], "Type": "GATE"}, {"Location": [["25.1", "341.1"], ["142.0", "341.1"], ["142.0", "347.2"], ["25.1", "347.2"]], "Type": "SD"}], "Module": "M7", "Boundary": [["20.0", "337.0"], ["147.1", "337.0"], ["147.1", "550.3"], ["20.0", "550.3"]], "Module_type": "GATE"}, {"Ports": [{"Location": [["109.3", "771.3"], ["171.7", "771.3"], ["171.7", "775.9"], ["109.3", "775.9"]], "Type": "SD"}, {"Location": [["97.9", "580.3"], ["183.1", "580.3"], ["183.1", "769.5"], ["97.9", "769.5"]], "Type": "GATE"}, {"Location": [["103.2", "584.6"], ["177.8", "584.6"], ["177.8", "589.9"], ["103.2", "589.9"]], "Type": "SD"}], "Module": "M3", "Boundary": [["97.9", "580.3"], ["183.1", "580.3"], ["183.1", "775.9"], ["97.9", "775.9"]], "Module_type": "GATE"}, {"Ports": [{"Location": [["94.1", "808.9"], ["98.3", "808.9"], ["98.3", "875.5"], ["94.1", "875.5"]], "Type": "SD"}, {"Location": [["202.0", "795.9"], ["202.0", "873.6"], ["201.9", "873.6"], ["201.9", "888.5"], ["100.7", "888.5"], ["100.7", "795.9"]], "Type": "GATE"}, {"Location": [["190.5", "801.5"], ["197.4", "801.5"], ["197.4", "868.0"], ["190.5", "868.0"]], "Type": "SD"}], "Module": "M15", "Boundary": [["202.0", "795.9"], ["202.0", "873.6"], ["201.9", "873.6"], ["201.9", "888.5"], ["94.1", "888.5"], ["94.1", "795.9"]], "Module_type": "GATE"}, {"Ports": [{"Location": [["226.0", "905.8"], ["231.9", "905.8"], ["231.9", "964.5"], ["226.0", "964.5"]], "Type": "SD"}, {"Location": [["387.0", "891.5"], ["387.0", "962.5"], ["320.5", "962.5"], ["320.5", "978.8"], ["234.3", "978.8"], ["234.3", "891.5"]], "Type": "GATE"}, {"Location": [["375.6", "898.1"], ["381.4", "898.1"], ["381.4", "954.9"], ["375.6", "954.9"]], "Type": "SD"}], "Module": "M12", "Boundary": [["387.0", "891.5"], ["387.0", "962.5"], ["320.5", "962.5"], ["320.5", "978.8"], ["226.0", "978.8"], ["226.0", "891.5"]], "Module_type": "GATE"}, {"Ports": [{"Location": [["213.1", "572.1"], ["218.1", "572.1"], ["218.1", "610.7"], ["213.1", "610.7"]], "Type": "SD"}, {"Location": [["378.2", "558.1"], ["378.2", "609.6"], ["279.9", "609.6"], ["279.9", "624.7"], ["220.5", "624.7"], ["220.5", "558.1"]], "Type": "GATE"}, {"Location": [["366.6", "563.3"], ["374.0", "563.3"], ["374.0", "603.4"], ["366.6", "603.4"]], "Type": "SD"}], "Module": "M8", "Boundary": [["378.2", "558.1"], ["378.2", "609.6"], ["279.9", "609.6"], ["279.9", "624.7"], ["213.1", "624.7"], ["213.1", "558.1"]], "Module_type": "GATE"}, {"Ports": [{"Location": [["232.0", "793.4"], ["236.2", "793.4"], ["236.2", "848.6"], ["232.0", "848.6"]], "Type": "SD"}, {"Location": [["347.5", "780.5"], ["347.5", "846.3"], ["310.7", "846.3"], ["310.7", "861.5"], ["238.2", "861.5"], ["238.2", "780.5"]], "Type": "GATE"}, {"Location": [["337.2", "785.7"], ["343.3", "785.7"], ["343.3", "840.1"], ["337.2", "840.1"]], "Type": "SD"}], "Module": "M4", "Boundary": [["347.5", "780.5"], ["347.5", "846.3"], ["310.7", "846.3"], ["310.7", "861.5"], ["232.0", "861.5"], ["232.0", "780.5"]], "Module_type": "GATE"}], "Area": [["-30.0", "-30.0"], ["430.9", "-30.0"], ["430.9", "1018.8"], ["-30.0", "1018.8"]], "Rules": ["GATE(5,5)", "SD(5,5)", "GATE_SD(0.5)", "GATE_ITO(0.5)", "SD_ITO(0.5)"]}