{"Modules": [{"Module": "M14", "Boundary": [["429.1", "30.0"], ["429.1", "118.1"], ["296.4", "118.1"], ["296.4", "30.0"]], "Module_type": "GATE", "Ports": [{"Location": [["296.4", "43.9"], ["301.0", "43.9"], ["301.0", "104.2"], ["296.4", "104.2"]], "Type": "SD"}, {"Location": [["429.1", "30.0"], ["429.1", "118.1"], ["303.6", "118.1"], ["303.6", "30.0"]], "Type": "GATE"}, {"Location": [["418.3", "35.2"], ["424.9", "35.2"], ["424.9", "112.9"], ["418.3", "112.9"]], "Type": "SD"}]}, {"Ports": [{"Location": [["22.3", "308.9"], ["66.7", "308.9"], ["66.7", "314.4"], ["22.3", "314.4"]], "Type": "SD"}, {"Location": [["10.0", "119.4"], ["66.3", "119.4"], ["66.3", "119.6"], ["79.0", "119.6"], ["79.0", "307.9"], ["10.0", "307.9"]], "Type": "GATE"}, {"Location": [["16.6", "125.0"], ["59.7", "125.0"], ["59.7", "130.1"], ["16.6", "130.1"]], "Type": "SD"}], "Module": "M9", "Boundary": [["10.0", "119.4"], ["66.3", "119.4"], ["66.3", "119.6"], ["79.0", "119.6"], ["79.0", "314.4"], ["10.0", "314.4"]], "Module_type": "GATE"}, {"Ports": [{"Location": [["194.2", "535.9"], ["198.3", "535.9"], ["198.3", "584.1"], ["194.2", "584.1"]], "Type": "SD"}, {"Location": [["301.4", "524.3"], ["301.4", "595.7"], ["200.8", "595.7"], ["200.8", "524.3"]], "Type": "GATE"}, {"Location": [["291.3", "530.9"], ["295.8", "530.9"], ["295.8", "589.1"], ["291.3", "589.1"]], "Type": "SD"}], "Module": "M5", "Boundary": [["301.4", "524.3"], ["301.4", "595.7"], ["194.2", "595.7"], ["194.2", "524.3"]], "Module_type": "GATE"}, {"Ports": [{"Location": [["152.4", "24.5"], ["157.1", "24.5"], ["157.1", "83.1"], ["152.4", "83.1"]], "Type": "SD"}, {"Location": [["256.4", "10.0"], ["256.4", "80.4"], ["256.3", "80.4"], ["256.3", "97.6"], ["158.2", "97.6"], ["158.2", "10.0"]], "Type": "GATE"}, {"Location": [["245.0", "16.3"], ["251.1", "16.3"], ["251.1", "74.1"], ["245.0", "74.1"]], "Type": "SD"}], "Module": "M11", "Boundary": [["256.4", "10.0"], ["256.4", "80.4"], ["256.3", "80.4"], ["256.3", "97.6"], ["152.4", "97.6"], ["152.4", "10.0"]], "Module_type": "GATE"}, {"Ports": [{"Location": [["204.5", "670.5"], ["210.1", "670.5"], ["210.1", "728.2"], ["204.5", "728.2"]], "Type": "SD"}, {"Location": [["415.0", "657.5"], ["415.0", "741.2"], ["211.4", "741.2"], ["211.4", "657.5"]], "Type": "GATE"}, {"Location": [["404.9", "663.8"], ["409.7", "663.8"], ["409.7", "734.9"], ["404.9", "734.9"]], "Type": "SD"}], "Module": "M1", "Boundary": [["415.0", "657.5"], ["415.0", "741.2"], ["204.5", "741.2"], ["204.5", "657.5"]], "Module_type": "GATE"}, {"Ports": [{"Location": [["99.0", "281.4"], ["103.3", "281.4"], ["103.3", "322.8"], ["99.0", "322.8"]], "Type": "SD"}, {"Location": [["194.6", "266.7"], ["194.6", "320.3"], ["194.3", "320.3"], ["194.3", "337.5"], ["105.9", "337.5"], ["105.9", "266.7"]], "Type": "GATE"}, {"Location": [["183.0", "273.2"], ["189.1", "273.2"], ["189.1", "313.8"], ["183.0", "313.8"]], "Type": "SD"}], "Module": "M6", "Boundary": [["194.6", "266.7"], ["194.6", "320.3"], ["194.3", "320.3"], ["194.3", "337.5"], ["99.0", "337.5"], ["99.0", "266.7"]], "Module_type": "GATE"}, {"Ports": [{"Location": [["20.0", "519.9"], ["24.6", "519.9"], ["24.6", "577.4"], ["20.0", "577.4"]], "Type": "SD"}, {"Location": [["154.2", "508.4"], ["154.2", "576.1"], ["154.2", "576.1"], ["154.2", "588.9"], ["26.3", "588.9"], ["26.3", "508.4"]], "Type": "GATE"}, {"Location": [["144.3", "514.5"], ["149.1", "514.5"], ["149.1", "570.0"], ["144.3", "570.0"]], "Type": "SD"}], "Module": "M2", "Boundary": [["154.2", "508.4"], ["154.2", "576.1"], ["154.2", "576.1"], ["154.2", "588.9"], ["20.0", "588.9"], ["20.0", "508.4"]], "Module_type": "GATE"}, {"Ports": [{"Location": [["331.4", "527.2"], ["337.0", "527.2"], ["337.0", "604.6"], ["331.4", "604.6"]], "Type": "SD"}, {"Location": [["440.7", "514.3"], ["440.7", "600.1"], ["440.3", "600.1"], ["440.3", "617.5"], ["338.2", "617.5"], ["338.2", "514.3"]], "Type": "GATE"}, {"Location": [["430.4", "519.6"], ["436.4", "519.6"], ["436.4", "594.8"], ["430.4", "594.8"]], "Type": "SD"}], "Module": "M16", "Boundary": [["440.7", "514.3"], ["440.7", "600.1"], ["440.3", "600.1"], ["440.3", "617.5"], ["331.4", "617.5"], ["331.4", "514.3"]], "Module_type": "GATE"}, {"Ports": [{"Location": [["10.0", "26.0"], ["15.4", "26.0"], ["15.4", "83.4"], ["10.0", "83.4"]], "Type": "SD"}, {"Location": [["132.4", "10.0"], ["132.4", "99.4"], ["16.4", "99.4"], ["16.4", "10.0"]], "Type": "GATE"}, {"Location": [["118.9", "16.8"], ["126.6", "16.8"], ["126.6", "92.6"], ["118.9", "92.6"]], "Type": "SD"}], "Module": "M13", "Boundary": [["132.4", "10.0"], ["132.4", "99.4"], ["10.0", "99.4"], ["10.0", "10.0"]], "Module_type": "GATE"}, {"Ports": [{"Location": [["266.1", "170.7"], ["271.5", "170.7"], ["271.5", "233.4"], ["266.1", "233.4"]], "Type": "SD"}, {"Location": [["452.3", "158.1"], ["452.3", "232.1"], ["452.0", "232.1"], ["452.0", "246.0"], ["273.2", "246.0"], ["273.2", "158.1"]], "Type": "GATE"}, {"Location": [["441.3", "163.9"], ["447.5", "163.9"], ["447.5", "226.3"], ["441.3", "226.3"]], "Type": "SD"}], "Module": "M10", "Boundary": [["452.3", "158.1"], ["452.3", "232.1"], ["452.0", "232.1"], ["452.0", "246.0"], ["266.1", "246.0"], ["266.1", "158.1"]], "Module_type": "GATE"}, {"Ports": [{"Location": [["20.0", "380.9"], ["25.1", "380.9"], ["25.1", "455.0"], ["20.0", "455.0"]], "Type": "SD"}, {"Location": [["213.7", "367.5"], ["213.7", "451.7"], ["213.5", "451.7"], ["213.5", "468.4"], ["26.7", "468.4"], ["26.7", "367.5"]], "Type": "GATE"}, {"Location": [["203.0", "374.1"], ["208.1", "374.1"], ["208.1", "445.1"], ["203.0", "445.1"]], "Type": "SD"}], "Module": "M7", "Boundary": [["213.7", "367.5"], ["213.7", "451.7"], ["213.5", "451.7"], ["213.5", "468.4"], ["20.0", "468.4"], ["20.0", "367.5"]], "Module_type": "GATE"}, {"Ports": [{"Location": [["243.7", "280.6"], ["249.2", "280.6"], ["249.2", "372.4"], ["243.7", "372.4"]], "Type": "SD"}, {"Location": [["451.4", "266.7"], ["451.4", "369.5"], ["451.1", "369.5"], ["451.1", "386.3"], ["251.7", "386.3"], ["251.7", "266.7"]], "Type": "GATE"}, {"Location": [["439.8", "272.4"], ["446.7", "272.4"], ["446.7", "363.8"], ["439.8", "363.8"]], "Type": "SD"}], "Module": "M3", "Boundary": [["451.4", "266.7"], ["451.4", "369.5"], ["451.1", "369.5"], ["451.1", "386.3"], ["243.7", "386.3"], ["243.7", "266.7"]], "Module_type": "GATE"}, {"Ports": [{"Location": [["10.0", "630.6"], ["14.9", "630.6"], ["14.9", "654.0"], ["10.0", "654.0"]], "Type": "SD"}, {"Location": [["138.8", "618.9"], ["138.8", "665.7"], ["17.1", "665.7"], ["17.1", "618.9"]], "Type": "GATE"}, {"Location": [["128.9", "624.4"], ["134.3", "624.4"], ["134.3", "660.2"], ["128.9", "660.2"]], "Type": "SD"}], "Module": "M15", "Boundary": [["138.8", "618.9"], ["138.8", "665.7"], ["10.0", "665.7"], ["10.0", "618.9"]], "Module_type": "GATE"}, {"Ports": [{"Location": [["243.7", "417.6"], ["249.0", "417.6"], ["249.0", "483.0"], ["243.7", "483.0"]], "Type": "SD"}, {"Location": [["450.8", "406.3"], ["450.8", "479.5"], ["450.3", "479.5"], ["450.3", "494.3"], ["252.0", "494.3"], ["252.0", "406.3"]], "Type": "GATE"}, {"Location": [["442.3", "411.7"], ["446.4", "411.7"], ["446.4", "474.1"], ["442.3", "474.1"]], "Type": "SD"}], "Module": "M12", "Boundary": [["450.8", "406.3"], ["450.8", "479.5"], ["450.3", "479.5"], ["450.3", "494.3"], ["243.7", "494.3"], ["243.7", "406.3"]], "Module_type": "GATE"}, {"Ports": [{"Location": [["20.0", "711.1"], ["25.7", "711.1"], ["25.7", "735.1"], ["20.0", "735.1"]], "Type": "SD"}, {"Location": [["154.5", "695.7"], ["154.5", "733.1"], ["154.4", "733.1"], ["154.4", "750.5"], ["27.8", "750.5"], ["27.8", "695.7"]], "Type": "GATE"}, {"Location": [["142.3", "702.0"], ["149.2", "702.0"], ["149.2", "726.8"], ["142.3", "726.8"]], "Type": "SD"}], "Module": "M8", "Boundary": [["154.5", "695.7"], ["154.5", "733.1"], ["154.4", "733.1"], ["154.4", "750.5"], ["20.0", "750.5"], ["20.0", "695.7"]], "Module_type": "GATE"}, {"Ports": [{"Location": [["109.0", "144.5"], ["114.2", "144.5"], ["114.2", "221.6"], ["109.0", "221.6"]], "Type": "SD"}, {"Location": [["236.1", "129.4"], ["236.1", "236.7"], ["116.2", "236.7"], ["116.2", "129.4"]], "Type": "GATE"}, {"Location": [["223.5", "135.4"], ["231.1", "135.4"], ["231.1", "230.7"], ["223.5", "230.7"]], "Type": "SD"}], "Module": "M4", "Boundary": [["236.1", "129.4"], ["236.1", "236.7"], ["109.0", "236.7"], ["109.0", "129.4"]], "Module_type": "GATE"}], "Area": [["-30.0", "-30.0"], ["492.3", "-30.0"], ["492.3", "790.5"], ["-30.0", "790.5"]], "Rules": ["GATE(5,5)", "SD(5,5)", "GATE_SD(0.5)", "GATE_ITO(0.5)", "SD_ITO(0.5)"]}