{"Modules": [{"Module": "M14", "Boundary": [["649.4", "30.0"], ["649.4", "89.9"], ["620.3", "89.9"], ["620.3", "103.4"], ["552.1", "103.4"], ["552.1", "30.0"]], "Module_type": "GATE", "Ports": [{"Location": [["552.1", "41.7"], ["557.9", "41.7"], ["557.9", "91.7"], ["552.1", "91.7"]], "Type": "SD"}, {"Location": [["649.4", "30.0"], ["649.4", "89.9"], ["620.3", "89.9"], ["620.3", "103.4"], ["559.9", "103.4"], ["559.9", "30.0"]], "Type": "GATE"}, {"Location": [["640.0", "35.6"], ["644.8", "35.6"], ["644.8", "83.3"], ["640.0", "83.3"]], "Type": "SD"}]}, {"Ports": [{"Location": [["10.0", "280.8"], ["15.3", "280.8"], ["15.3", "358.7"], ["10.0", "358.7"]], "Type": "SD"}, {"Location": [["166.1", "267.2"], ["166.1", "354.8"], ["165.9", "354.8"], ["165.9", "372.3"], ["17.9", "372.3"], ["17.9", "267.2"]], "Type": "GATE"}, {"Location": [["155.2", "273.0"], ["161.3", "273.0"], ["161.3", "349.0"], ["155.2", "349.0"]], "Type": "SD"}], "Module": "M9", "Boundary": [["166.1", "267.2"], ["166.1", "354.8"], ["165.9", "354.8"], ["165.9", "372.3"], ["10.0", "372.3"], ["10.0", "267.2"]], "Module_type": "GATE"}, {"Ports": [{"Location": [["225.2", "133.8"], ["230.5", "133.8"], ["230.5", "210.7"], ["225.2", "210.7"]], "Type": "SD"}, {"Location": [["354.0", "119.6"], ["354.0", "224.9"], ["232.1", "224.9"], ["232.1", "119.6"]], "Type": "GATE"}, {"Location": [["342.6", "125.9"], ["348.7", "125.9"], ["348.7", "218.6"], ["342.6", "218.6"]], "Type": "SD"}], "Module": "M5", "Boundary": [["354.0", "119.6"], ["354.0", "224.9"], ["225.2", "224.9"], ["225.2", "119.6"]], "Module_type": "GATE"}, {"Ports": [{"Location": [["454.5", "325.2"], ["459.3", "325.2"], ["459.3", "364.6"], ["454.5", "364.6"]], "Type": "SD"}, {"Location": [["648.5", "312.4"], ["648.5", "361.4"], ["648.3", "361.4"], ["648.3", "377.4"], ["460.5", "377.4"], ["460.5", "312.4"]], "Type": "GATE"}, {"Location": [["638.4", "319.2"], ["642.7", "319.2"], ["642.7", "354.6"], ["638.4", "354.6"]], "Type": "SD"}], "Module": "M11", "Boundary": [["648.5", "312.4"], ["648.5", "361.4"], ["648.3", "361.4"], ["648.3", "377.4"], ["454.5", "377.4"], ["454.5", "312.4"]], "Module_type": "GATE"}, {"Ports": [{"Location": [["126.3", "222.2"], ["160.9", "222.2"], ["160.9", "227.2"], ["126.3", "227.2"]], "Type": "SD"}, {"Location": [["112.0", "138.9"], ["161.0", "138.9"], ["161.0", "138.9"], ["175.2", "138.9"], ["175.2", "220.1"], ["112.0", "220.1"]], "Type": "GATE"}, {"Location": [["118.7", "144.6"], ["154.3", "144.6"], ["154.3", "151.5"], ["118.7", "151.5"]], "Type": "SD"}], "Module": "M1", "Boundary": [["112.0", "138.9"], ["161.0", "138.9"], ["161.0", "138.9"], ["175.2", "138.9"], ["175.2", "227.2"], ["112.0", "227.2"]], "Module_type": "GATE"}, {"Ports": [{"Location": [["468.8", "278.8"], ["543.2", "278.8"], ["543.2", "283.9"], ["468.8", "283.9"]], "Type": "SD"}, {"Location": [["454.5", "143.4"], ["541.8", "143.4"], ["541.8", "212.8"], ["557.5", "212.8"], ["557.5", "277.3"], ["454.5", "277.3"]], "Type": "GATE"}, {"Location": [["461.2", "149.1"], ["534.1", "149.1"], ["534.1", "155.4"], ["461.2", "155.4"]], "Type": "SD"}], "Module": "M6", "Boundary": [["454.5", "143.4"], ["541.8", "143.4"], ["541.8", "212.8"], ["557.5", "212.8"], ["557.5", "283.9"], ["454.5", "283.9"]], "Module_type": "GATE"}, {"Ports": [{"Location": [["600.9", "277.5"], ["641.7", "277.5"], ["641.7", "282.4"], ["600.9", "282.4"]], "Type": "SD"}, {"Location": [["587.5", "153.4"], ["639.6", "153.4"], ["639.6", "205.8"], ["655.1", "205.8"], ["655.1", "276.4"], ["587.5", "276.4"]], "Type": "GATE"}, {"Location": [["593.7", "158.6"], ["632.4", "158.6"], ["632.4", "164.2"], ["593.7", "164.2"]], "Type": "SD"}], "Module": "M2", "Boundary": [["587.5", "153.4"], ["639.6", "153.4"], ["639.6", "205.8"], ["655.1", "205.8"], ["655.1", "282.4"], ["587.5", "282.4"]], "Module_type": "GATE"}, {"Ports": [{"Location": [["312.7", "22.7"], ["317.8", "22.7"], ["317.8", "72.6"], ["312.7", "72.6"]], "Type": "SD"}, {"Location": [["512.1", "10.0"], ["512.1", "71.9"], ["407.5", "71.9"], ["407.5", "85.3"], ["319.6", "85.3"], ["319.6", "10.0"]], "Type": "GATE"}, {"Location": [["501.6", "16.5"], ["506.6", "16.5"], ["506.6", "64.4"], ["501.6", "64.4"]], "Type": "SD"}], "Module": "M16", "Boundary": [["512.1", "10.0"], ["512.1", "71.9"], ["407.5", "71.9"], ["407.5", "85.3"], ["312.7", "85.3"], ["312.7", "10.0"]], "Module_type": "GATE"}, {"Ports": [{"Location": [["703.2", "185.0"], ["774.7", "185.0"], ["774.7", "190.8"], ["703.2", "190.8"]], "Type": "SD"}, {"Location": [["689.4", "10.0"], ["788.5", "10.0"], ["788.5", "182.1"], ["689.4", "182.1"]], "Type": "GATE"}, {"Location": [["695.3", "14.9"], ["782.6", "14.9"], ["782.6", "20.9"], ["695.3", "20.9"]], "Type": "SD"}], "Module": "M13", "Boundary": [["689.4", "10.0"], ["788.5", "10.0"], ["788.5", "190.8"], ["689.4", "190.8"]], "Module_type": "GATE"}, {"Ports": [{"Location": [["685.1", "323.8"], ["690.7", "323.8"], ["690.7", "360.5"], ["685.1", "360.5"]], "Type": "SD"}, {"Location": [["900.8", "312.8"], ["900.8", "357.8"], ["785.4", "357.8"], ["785.4", "371.5"], ["693.1", "371.5"], ["693.1", "312.8"]], "Type": "GATE"}, {"Location": [["891.5", "317.9"], ["896.7", "317.9"], ["896.7", "351.7"], ["891.5", "351.7"]], "Type": "SD"}], "Module": "M10", "Boundary": [["900.8", "312.8"], ["900.8", "357.8"], ["785.4", "357.8"], ["785.4", "371.5"], ["685.1", "371.5"], ["685.1", "312.8"]], "Module_type": "GATE"}, {"Ports": [{"Location": [["225.2", "277.7"], ["231.2", "277.7"], ["231.2", "353.9"], ["225.2", "353.9"]], "Type": "SD"}, {"Location": [["424.5", "264.9"], ["424.5", "352.8"], ["424.5", "352.8"], ["424.5", "366.7"], ["232.9", "366.7"], ["232.9", "264.9"]], "Type": "GATE"}, {"Location": [["413.2", "271.7"], ["418.7", "271.7"], ["418.7", "346.0"], ["413.2", "346.0"]], "Type": "SD"}], "Module": "M7", "Boundary": [["424.5", "264.9"], ["424.5", "352.8"], ["424.5", "352.8"], ["424.5", "366.7"], ["225.2", "366.7"], ["225.2", "264.9"]], "Module_type": "GATE"}, {"Ports": [{"Location": [["820.1", "202.9"], ["879.3", "202.9"], ["879.3", "207.6"], ["820.1", "207.6"]], "Type": "SD"}, {"Location": [["808.5", "10.0"], ["877.7", "10.0"], ["877.7", "10.1"], ["890.9", "10.1"], ["890.9", "201.3"], ["808.5", "201.3"]], "Type": "GATE"}, {"Location": [["813.9", "14.4"], ["872.3", "14.4"], ["872.3", "19.8"], ["813.9", "19.8"]], "Type": "SD"}], "Module": "M3", "Boundary": [["808.5", "10.0"], ["877.7", "10.0"], ["877.7", "10.1"], ["890.9", "10.1"], ["890.9", "207.6"], ["808.5", "207.6"]], "Module_type": "GATE"}, {"Ports": [{"Location": [["685.1", "241.2"], ["689.6", "241.2"], ["689.6", "279.2"], ["685.1", "279.2"]], "Type": "SD"}, {"Location": [["891.9", "227.6"], ["891.9", "292.8"], ["691.8", "292.8"], ["691.8", "227.6"]], "Type": "GATE"}, {"Location": [["880.5", "234.4"], ["886.1", "234.4"], ["886.1", "286.0"], ["880.5", "286.0"]], "Type": "SD"}], "Module": "M15", "Boundary": [["891.9", "227.6"], ["891.9", "292.8"], ["685.1", "292.8"], ["685.1", "227.6"]], "Module_type": "GATE"}, {"Ports": [{"Location": [["22.5", "231.0"], ["59.5", "231.0"], ["59.5", "235.4"], ["22.5", "235.4"]], "Type": "SD"}, {"Location": [["10.0", "118.9"], ["58.2", "118.9"], ["58.2", "128.4"], ["72.0", "128.4"], ["72.0", "228.7"], ["10.0", "228.7"]], "Type": "GATE"}, {"Location": [["16.2", "124.1"], ["51.0", "124.1"], ["51.0", "129.4"], ["16.2", "129.4"]], "Type": "SD"}], "Module": "M12", "Boundary": [["10.0", "118.9"], ["58.2", "118.9"], ["58.2", "128.4"], ["72.0", "128.4"], ["72.0", "235.4"], ["10.0", "235.4"]], "Module_type": "GATE"}, {"Ports": [{"Location": [["20.0", "30.6"], ["24.0", "30.6"], ["24.0", "78.3"], ["20.0", "78.3"]], "Type": "SD"}, {"Location": [["169.6", "20.0"], ["169.6", "76.0"], ["105.6", "76.0"], ["105.6", "88.9"], ["25.8", "88.9"], ["25.8", "20.0"]], "Type": "GATE"}, {"Location": [["161.4", "25.1"], ["165.5", "25.1"], ["165.5", "69.9"], ["161.4", "69.9"]], "Type": "SD"}], "Module": "M8", "Boundary": [["169.6", "20.0"], ["169.6", "76.0"], ["105.6", "76.0"], ["105.6", "88.9"], ["20.0", "88.9"], ["20.0", "20.0"]], "Module_type": "GATE"}, {"Ports": [{"Location": [["209.6", "32.1"], ["213.8", "32.1"], ["213.8", "67.5"], ["209.6", "67.5"]], "Type": "SD"}, {"Location": [["282.7", "20.0"], ["282.7", "65.9"], ["263.7", "65.9"], ["263.7", "79.6"], ["216.6", "79.6"], ["216.6", "20.0"]], "Type": "GATE"}, {"Location": [["273.1", "25.8"], ["277.9", "25.8"], ["277.9", "59.1"], ["273.1", "59.1"]], "Type": "SD"}], "Module": "M4", "Boundary": [["282.7", "20.0"], ["282.7", "65.9"], ["263.7", "65.9"], ["263.7", "79.6"], ["209.6", "79.6"], ["209.6", "20.0"]], "Module_type": "GATE"}], "Area": [["-30.0", "-30.0"], ["940.8", "-30.0"], ["940.8", "417.4"], ["-30.0", "417.4"]], "Rules": ["GATE(5,5)", "SD(5,5)", "GATE_SD(0.5)", "GATE_ITO(0.5)", "SD_ITO(0.5)"]}