{"Modules": [{"Module": "M14", "Boundary": [["144.0", "206.4"], ["194.9", "206.4"], ["194.9", "238.7"], ["208.7", "238.7"], ["208.7", "296.4"], ["144.0", "296.4"]], "Module_type": "GATE", "Ports": [{"Location": [["158.4", "290.8"], ["194.3", "290.8"], ["194.3", "296.4"], ["158.4", "296.4"]], "Type": "SD"}, {"Location": [["144.0", "206.4"], ["194.9", "206.4"], ["194.9", "238.7"], ["208.7", "238.7"], ["208.7", "289.2"], ["144.0", "289.2"]], "Type": "GATE"}, {"Location": [["150.4", "211.8"], ["187.5", "211.8"], ["187.5", "218.4"], ["150.4", "218.4"]], "Type": "SD"}]}, {"Ports": [{"Location": [["238.1", "957.8"], ["242.3", "957.8"], ["242.3", "982.5"], ["238.1", "982.5"]], "Type": "SD"}, {"Location": [["328.8", "943.6"], ["328.8", "979.4"], ["328.6", "979.4"], ["328.6", "996.7"], ["243.4", "996.7"], ["243.4", "943.6"]], "Type": "GATE"}, {"Location": [["317.4", "949.6"], ["323.8", "949.6"], ["323.8", "973.4"], ["317.4", "973.4"]], "Type": "SD"}], "Module": "M9", "Boundary": [["328.8", "943.6"], ["328.8", "979.4"], ["328.6", "979.4"], ["328.6", "996.7"], ["238.1", "996.7"], ["238.1", "943.6"]], "Module_type": "GATE"}, {"Ports": [{"Location": [["35.0", "301.2"], ["79.0", "301.2"], ["79.0", "306.4"], ["35.0", "306.4"]], "Type": "SD"}, {"Location": [["20.0", "152.0"], ["75.9", "152.0"], ["75.9", "152.3"], ["94.0", "152.3"], ["94.0", "298.7"], ["20.0", "298.7"]], "Type": "GATE"}, {"Location": [["26.9", "157.9"], ["69.0", "157.9"], ["69.0", "164.0"], ["26.9", "164.0"]], "Type": "SD"}], "Module": "M5", "Boundary": [["20.0", "152.0"], ["75.9", "152.0"], ["75.9", "152.3"], ["94.0", "152.3"], ["94.0", "306.4"], ["20.0", "306.4"]], "Module_type": "GATE"}, {"Ports": [{"Location": [["10.0", "22.6"], ["16.0", "22.6"], ["16.0", "109.4"], ["10.0", "109.4"]], "Type": "SD"}, {"Location": [["138.5", "10.0"], ["138.5", "106.2"], ["138.0", "106.2"], ["138.0", "122.0"], ["18.6", "122.0"], ["18.6", "10.0"]], "Type": "GATE"}, {"Location": [["127.7", "16.4"], ["133.1", "16.4"], ["133.1", "99.8"], ["127.7", "99.8"]], "Type": "SD"}], "Module": "M11", "Boundary": [["138.5", "10.0"], ["138.5", "106.2"], ["138.0", "106.2"], ["138.0", "122.0"], ["10.0", "122.0"], ["10.0", "10.0"]], "Module_type": "GATE"}, {"Ports": [{"Location": [["152.4", "406.2"], ["157.1", "406.2"], ["157.1", "490.6"], ["152.4", "490.6"]], "Type": "SD"}, {"Location": [["319.4", "393.6"], ["319.4", "503.2"], ["159.5", "503.2"], ["159.5", "393.6"]], "Type": "GATE"}, {"Location": [["308.5", "400.3"], ["313.7", "400.3"], ["313.7", "496.5"], ["308.5", "496.5"]], "Type": "SD"}], "Module": "M1", "Boundary": [["319.4", "393.6"], ["319.4", "503.2"], ["152.4", "503.2"], ["152.4", "393.6"]], "Module_type": "GATE"}, {"Ports": [{"Location": [["23.3", "499.6"], ["99.1", "499.6"], ["99.1", "504.4"], ["23.3", "504.4"]], "Type": "SD"}, {"Location": [["10.0", "336.4"], ["99.5", "336.4"], ["99.5", "423.3"], ["112.4", "423.3"], ["112.4", "498.3"], ["10.0", "498.3"]], "Type": "GATE"}, {"Location": [["16.6", "342.0"], ["91.9", "342.0"], ["91.9", "347.9"], ["16.6", "347.9"]], "Type": "SD"}], "Module": "M6", "Boundary": [["10.0", "336.4"], ["99.5", "336.4"], ["99.5", "423.3"], ["112.4", "423.3"], ["112.4", "504.4"], ["10.0", "504.4"]], "Module_type": "GATE"}, {"Ports": [{"Location": [["105.8", "863.4"], ["145.1", "863.4"], ["145.1", "867.7"], ["105.8", "867.7"]], "Type": "SD"}, {"Location": [["91.5", "689.8"], ["144.2", "689.8"], ["144.2", "705.1"], ["159.4", "705.1"], ["159.4", "861.8"], ["91.5", "861.8"]], "Type": "GATE"}, {"Location": [["98.1", "695.4"], ["136.6", "695.4"], ["136.6", "701.2"], ["98.1", "701.2"]], "Type": "SD"}], "Module": "M2", "Boundary": [["91.5", "689.8"], ["144.2", "689.8"], ["144.2", "705.1"], ["159.4", "705.1"], ["159.4", "867.7"], ["91.5", "867.7"]], "Module_type": "GATE"}, {"Ports": [{"Location": [["10.0", "911.3"], ["14.7", "911.3"], ["14.7", "989.3"], ["10.0", "989.3"]], "Type": "SD"}, {"Location": [["218.1", "897.7"], ["218.1", "989.6"], ["127.1", "989.6"], ["127.1", "1002.9"], ["17.1", "1002.9"], ["17.1", "897.7"]], "Type": "GATE"}, {"Location": [["206.0", "904.6"], ["212.2", "904.6"], ["212.2", "981.7"], ["206.0", "981.7"]], "Type": "SD"}], "Module": "M16", "Boundary": [["218.1", "897.7"], ["218.1", "989.6"], ["127.1", "989.6"], ["127.1", "1002.9"], ["10.0", "1002.9"], ["10.0", "897.7"]], "Module_type": "GATE"}, {"Ports": [{"Location": [["238.1", "873.3"], ["243.9", "873.3"], ["243.9", "911.9"], ["238.1", "911.9"]], "Type": "SD"}, {"Location": [["319.7", "861.6"], ["319.7", "908.0"], ["319.6", "908.0"], ["319.6", "923.6"], ["245.0", "923.6"], ["245.0", "861.6"]], "Type": "GATE"}, {"Location": [["310.4", "866.8"], ["315.5", "866.8"], ["315.5", "902.8"], ["310.4", "902.8"]], "Type": "SD"}], "Module": "M13", "Boundary": [["319.7", "861.6"], ["319.7", "908.0"], ["319.6", "908.0"], ["319.6", "923.6"], ["238.1", "923.6"], ["238.1", "861.6"]], "Module_type": "GATE"}, {"Ports": [{"Location": [["158.5", "107.4"], ["164.5", "107.4"], ["164.5", "151.8"], ["158.5", "151.8"]], "Type": "SD"}, {"Location": [["298.1", "92.8"], ["298.1", "148.8"], ["230.5", "148.8"], ["230.5", "166.4"], ["166.6", "166.4"], ["166.6", "92.8"]], "Type": "GATE"}, {"Location": [["286.9", "98.7"], ["293.2", "98.7"], ["293.2", "141.9"], ["286.9", "141.9"]], "Type": "SD"}], "Module": "M10", "Boundary": [["298.1", "92.8"], ["298.1", "148.8"], ["230.5", "148.8"], ["230.5", "166.4"], ["158.5", "166.4"], ["158.5", "92.8"]], "Module_type": "GATE"}, {"Ports": [{"Location": [["274.4", "339.3"], ["313.7", "339.3"], ["313.7", "343.6"], ["274.4", "343.6"]], "Type": "SD"}, {"Location": [["258.7", "196.4"], ["329.4", "196.4"], ["329.4", "336.9"], ["258.7", "336.9"]], "Type": "GATE"}, {"Location": [["265.3", "202.0"], ["322.8", "202.0"], ["322.8", "209.2"], ["265.3", "209.2"]], "Type": "SD"}], "Module": "M7", "Boundary": [["258.7", "196.4"], ["329.4", "196.4"], ["329.4", "343.6"], ["258.7", "343.6"]], "Module_type": "GATE"}, {"Ports": [{"Location": [["23.1", "643.8"], ["60.3", "643.8"], ["60.3", "649.6"], ["23.1", "649.6"]], "Type": "SD"}, {"Location": [["10.0", "524.4"], ["57.9", "524.4"], ["57.9", "524.5"], ["73.4", "524.5"], ["73.4", "642.2"], ["10.0", "642.2"]], "Type": "GATE"}, {"Location": [["16.0", "529.4"], ["51.9", "529.4"], ["51.9", "534.4"], ["16.0", "534.4"]], "Type": "SD"}], "Module": "M3", "Boundary": [["10.0", "524.4"], ["57.9", "524.4"], ["57.9", "524.5"], ["73.4", "524.5"], ["73.4", "649.6"], ["10.0", "649.6"]], "Module_type": "GATE"}, {"Ports": [{"Location": [["24.0", "866.5"], ["47.5", "866.5"], ["47.5", "872.5"], ["24.0", "872.5"]], "Type": "SD"}, {"Location": [["10.0", "669.6"], ["44.3", "669.6"], ["44.3", "669.8"], ["61.5", "669.8"], ["61.5", "863.8"], ["10.0", "863.8"]], "Type": "GATE"}, {"Location": [["16.1", "674.7"], ["38.2", "674.7"], ["38.2", "680.2"], ["16.1", "680.2"]], "Type": "SD"}], "Module": "M15", "Boundary": [["10.0", "669.6"], ["44.3", "669.6"], ["44.3", "669.8"], ["61.5", "669.8"], ["61.5", "872.5"], ["10.0", "872.5"]], "Module_type": "GATE"}, {"Ports": [{"Location": [["158.5", "22.5"], ["163.7", "22.5"], ["163.7", "60.3"], ["158.5", "60.3"]], "Type": "SD"}, {"Location": [["325.8", "10.0"], ["325.8", "58.7"], ["268.7", "58.7"], ["268.7", "72.8"], ["165.1", "72.8"], ["165.1", "10.0"]], "Type": "GATE"}, {"Location": [["315.3", "15.7"], ["321.1", "15.7"], ["321.1", "52.0"], ["315.3", "52.0"]], "Type": "SD"}], "Module": "M12", "Boundary": [["325.8", "10.0"], ["325.8", "58.7"], ["268.7", "58.7"], ["268.7", "72.8"], ["158.5", "72.8"], ["158.5", "10.0"]], "Module_type": "GATE"}, {"Ports": [{"Location": [["213.5", "826.0"], ["305.3", "826.0"], ["305.3", "831.6"], ["213.5", "831.6"]], "Type": "SD"}, {"Location": [["199.4", "689.8"], ["303.6", "689.8"], ["303.6", "748.1"], ["319.4", "748.1"], ["319.4", "824.7"], ["199.4", "824.7"]], "Type": "GATE"}, {"Location": [["205.7", "695.1"], ["296.3", "695.1"], ["296.3", "701.8"], ["205.7", "701.8"]], "Type": "SD"}], "Module": "M8", "Boundary": [["199.4", "689.8"], ["303.6", "689.8"], ["303.6", "748.1"], ["319.4", "748.1"], ["319.4", "831.6"], ["199.4", "831.6"]], "Module_type": "GATE"}, {"Ports": [{"Location": [["103.4", "566.1"], ["109.0", "566.1"], ["109.0", "636.9"], ["103.4", "636.9"]], "Type": "SD"}, {"Location": [["328.4", "553.2"], ["328.4", "634.7"], ["248.3", "634.7"], ["248.3", "649.8"], ["111.8", "649.8"], ["111.8", "553.2"]], "Type": "GATE"}, {"Location": [["318.4", "558.9"], ["323.7", "558.9"], ["323.7", "628.0"], ["318.4", "628.0"]], "Type": "SD"}], "Module": "M4", "Boundary": [["328.4", "553.2"], ["328.4", "634.7"], ["248.3", "634.7"], ["248.3", "649.8"], ["103.4", "649.8"], ["103.4", "553.2"]], "Module_type": "GATE"}], "Area": [["-30.0", "-30.0"], ["369.4", "-30.0"], ["369.4", "1042.9"], ["-30.0", "1042.9"]], "Rules": ["GATE(5,5)", "SD(5,5)", "GATE_SD(0.5)", "GATE_ITO(0.5)", "SD_ITO(0.5)"]}