{"Modules": [{"Module": "M14", "Boundary": [["279.6", "190.9"], ["353.3", "190.9"], ["353.3", "264.5"], ["370.3", "264.5"], ["370.3", "364.1"], ["279.6", "364.1"]], "Module_type": "GATE", "Ports": [{"Location": [["294.2", "358.2"], ["355.7", "358.2"], ["355.7", "364.1"], ["294.2", "364.1"]], "Type": "SD"}, {"Location": [["279.6", "190.9"], ["353.3", "190.9"], ["353.3", "264.5"], ["370.3", "264.5"], ["370.3", "356.3"], ["279.6", "356.3"]], "Type": "GATE"}, {"Location": [["284.6", "194.9"], ["347.3", "194.9"], ["347.3", "202.6"], ["284.6", "202.6"]], "Type": "SD"}]}, {"Ports": [{"Location": [["10.0", "911.3"], ["14.9", "911.3"], ["14.9", "948.0"], ["10.0", "948.0"]], "Type": "SD"}, {"Location": [["182.8", "897.3"], ["182.8", "946.8"], ["182.6", "946.8"], ["182.6", "962.0"], ["16.0", "962.0"], ["16.0", "897.3"]], "Type": "GATE"}, {"Location": [["171.2", "904.0"], ["177.1", "904.0"], ["177.1", "940.1"], ["171.2", "940.1"]], "Type": "SD"}], "Module": "M9", "Boundary": [["182.8", "897.3"], ["182.8", "946.8"], ["182.6", "946.8"], ["182.6", "962.0"], ["10.0", "962.0"], ["10.0", "897.3"]], "Module_type": "GATE"}, {"Ports": [{"Location": [["212.8", "901.3"], ["218.3", "901.3"], ["218.3", "943.0"], ["212.8", "943.0"]], "Type": "SD"}, {"Location": [["358.9", "886.3"], ["358.9", "940.6"], ["358.6", "940.6"], ["358.6", "958.0"], ["220.0", "958.0"], ["220.0", "886.3"]], "Type": "GATE"}, {"Location": [["346.8", "892.4"], ["353.8", "892.4"], ["353.8", "934.5"], ["346.8", "934.5"]], "Type": "SD"}], "Module": "M5", "Boundary": [["358.9", "886.3"], ["358.9", "940.6"], ["358.6", "940.6"], ["358.6", "958.0"], ["212.8", "958.0"], ["212.8", "886.3"]], "Module_type": "GATE"}, {"Ports": [{"Location": [["10.0", "202.2"], ["14.6", "202.2"], ["14.6", "241.7"], ["10.0", "241.7"]], "Type": "SD"}, {"Location": [["117.2", "188.7"], ["117.2", "238.9"], ["117.1", "238.9"], ["117.1", "255.2"], ["17.6", "255.2"], ["17.6", "188.7"]], "Type": "GATE"}, {"Location": [["106.0", "194.3"], ["112.6", "194.3"], ["112.6", "233.3"], ["106.0", "233.3"]], "Type": "SD"}], "Module": "M11", "Boundary": [["117.2", "188.7"], ["117.2", "238.9"], ["117.1", "238.9"], ["117.1", "255.2"], ["10.0", "255.2"], ["10.0", "188.7"]], "Module_type": "GATE"}, {"Ports": [{"Location": [["259.8", "43.4"], ["264.2", "43.4"], ["264.2", "117.5"], ["259.8", "117.5"]], "Type": "SD"}, {"Location": [["368.2", "30.0"], ["368.2", "130.9"], ["266.2", "130.9"], ["266.2", "30.0"]], "Type": "GATE"}, {"Location": [["357.5", "35.4"], ["363.8", "35.4"], ["363.8", "125.5"], ["357.5", "125.5"]], "Type": "SD"}], "Module": "M1", "Boundary": [["368.2", "30.0"], ["368.2", "130.9"], ["259.8", "130.9"], ["259.8", "30.0"]], "Module_type": "GATE"}, {"Ports": [{"Location": [["231.8", "428.2"], ["236.5", "428.2"], ["236.5", "465.2"], ["231.8", "465.2"]], "Type": "SD"}, {"Location": [["377.1", "415.7"], ["377.1", "463.7"], ["353.0", "463.7"], ["353.0", "477.7"], ["238.8", "477.7"], ["238.8", "415.7"]], "Type": "GATE"}, {"Location": [["366.7", "421.9"], ["371.9", "421.9"], ["371.9", "456.5"], ["366.7", "456.5"]], "Type": "SD"}], "Module": "M6", "Boundary": [["377.1", "415.7"], ["377.1", "463.7"], ["353.0", "463.7"], ["353.0", "477.7"], ["231.8", "477.7"], ["231.8", "415.7"]], "Module_type": "GATE"}, {"Ports": [{"Location": [["33.8", "644.9"], ["96.1", "644.9"], ["96.1", "649.4"], ["33.8", "649.4"]], "Type": "SD"}, {"Location": [["20.0", "439.5"], ["92.8", "439.5"], ["92.8", "458.0"], ["109.9", "458.0"], ["109.9", "643.0"], ["20.0", "643.0"]], "Type": "GATE"}, {"Location": [["26.4", "444.9"], ["85.4", "444.9"], ["85.4", "449.8"], ["26.4", "449.8"]], "Type": "SD"}], "Module": "M2", "Boundary": [["20.0", "439.5"], ["92.8", "439.5"], ["92.8", "458.0"], ["109.9", "458.0"], ["109.9", "649.4"], ["20.0", "649.4"]], "Module_type": "GATE"}, {"Ports": [{"Location": [["23.4", "404.5"], ["91.9", "404.5"], ["91.9", "409.5"], ["23.4", "409.5"]], "Type": "SD"}, {"Location": [["10.0", "275.2"], ["90.9", "275.2"], ["90.9", "340.9"], ["105.3", "340.9"], ["105.3", "402.6"], ["10.0", "402.6"]], "Type": "GATE"}, {"Location": [["17.0", "281.2"], ["82.9", "281.2"], ["82.9", "286.4"], ["17.0", "286.4"]], "Type": "SD"}], "Module": "M16", "Boundary": [["10.0", "275.2"], ["90.9", "275.2"], ["90.9", "340.9"], ["105.3", "340.9"], ["105.3", "409.5"], ["10.0", "409.5"]], "Module_type": "GATE"}, {"Ports": [{"Location": [["231.8", "512.2"], ["236.0", "512.2"], ["236.0", "599.7"], ["231.8", "599.7"]], "Type": "SD"}, {"Location": [["390.5", "497.7"], ["390.5", "597.9"], ["390.3", "597.9"], ["390.3", "614.2"], ["237.9", "614.2"], ["237.9", "497.7"]], "Type": "GATE"}, {"Location": [["379.3", "504.6"], ["384.6", "504.6"], ["384.6", "591.0"], ["379.3", "591.0"]], "Type": "SD"}], "Module": "M13", "Boundary": [["390.5", "497.7"], ["390.5", "597.9"], ["390.3", "597.9"], ["390.3", "614.2"], ["231.8", "614.2"], ["231.8", "497.7"]], "Module_type": "GATE"}, {"Ports": [{"Location": [["163.7", "161.8"], ["208.1", "161.8"], ["208.1", "166.4"], ["163.7", "166.4"]], "Type": "SD"}, {"Location": [["152.0", "10.0"], ["208.1", "10.0"], ["208.1", "76.9"], ["219.8", "76.9"], ["219.8", "160.4"], ["152.0", "160.4"]], "Type": "GATE"}, {"Location": [["157.0", "14.0"], ["202.1", "14.0"], ["202.1", "20.0"], ["157.0", "20.0"]], "Type": "SD"}], "Module": "M10", "Boundary": [["152.0", "10.0"], ["208.1", "10.0"], ["208.1", "76.9"], ["219.8", "76.9"], ["219.8", "166.4"], ["152.0", "166.4"]], "Module_type": "GATE"}, {"Ports": [{"Location": [["197.7", "803.3"], ["221.9", "803.3"], ["221.9", "808.3"], ["197.7", "808.3"]], "Type": "SD"}, {"Location": [["185.3", "653.0"], ["234.3", "653.0"], ["234.3", "802.2"], ["185.3", "802.2"]], "Type": "GATE"}, {"Location": [["191.1", "657.8"], ["228.5", "657.8"], ["228.5", "662.1"], ["191.1", "662.1"]], "Type": "SD"}], "Module": "M7", "Boundary": [["185.3", "653.0"], ["234.3", "653.0"], ["234.3", "808.3"], ["185.3", "808.3"]], "Module_type": "GATE"}, {"Ports": [{"Location": [["278.1", "851.9"], ["374.8", "851.9"], ["374.8", "856.3"], ["278.1", "856.3"]], "Type": "SD"}, {"Location": [["264.3", "634.2"], ["370.8", "634.2"], ["370.8", "634.4"], ["388.6", "634.4"], ["388.6", "850.1"], ["264.3", "850.1"]], "Type": "GATE"}, {"Location": [["270.5", "639.4"], ["364.6", "639.4"], ["364.6", "644.8"], ["270.5", "644.8"]], "Type": "SD"}], "Module": "M3", "Boundary": [["264.3", "634.2"], ["370.8", "634.2"], ["370.8", "634.4"], ["388.6", "634.4"], ["388.6", "856.3"], ["264.3", "856.3"]], "Module_type": "GATE"}, {"Ports": [{"Location": [["154.9", "617.2"], ["196.8", "617.2"], ["196.8", "623.0"], ["154.9", "623.0"]], "Type": "SD"}, {"Location": [["139.9", "415.7"], ["194.8", "415.7"], ["194.8", "415.8"], ["211.8", "415.8"], ["211.8", "614.7"], ["139.9", "614.7"]], "Type": "GATE"}, {"Location": [["146.6", "421.4"], ["188.1", "421.4"], ["188.1", "428.5"], ["146.6", "428.5"]], "Type": "SD"}], "Module": "M15", "Boundary": [["139.9", "415.7"], ["194.8", "415.7"], ["194.8", "415.8"], ["211.8", "415.8"], ["211.8", "623.0"], ["139.9", "623.0"]], "Module_type": "GATE"}, {"Ports": [{"Location": [["24.3", "163.5"], ["117.7", "163.5"], ["117.7", "168.7"], ["24.3", "168.7"]], "Type": "SD"}, {"Location": [["10.0", "10.0"], ["115.9", "10.0"], ["115.9", "102.0"], ["132.0", "102.0"], ["132.0", "161.4"], ["10.0", "161.4"]], "Type": "GATE"}, {"Location": [["16.9", "15.9"], ["108.0", "15.9"], ["108.0", "21.8"], ["16.9", "21.8"]], "Type": "SD"}], "Module": "M12", "Boundary": [["10.0", "10.0"], ["115.9", "10.0"], ["115.9", "102.0"], ["132.0", "102.0"], ["132.0", "168.7"], ["10.0", "168.7"]], "Module_type": "GATE"}, {"Ports": [{"Location": [["159.7", "380.1"], ["217.1", "380.1"], ["217.1", "385.7"], ["159.7", "385.7"]], "Type": "SD"}, {"Location": [["147.2", "198.7"], ["214.0", "198.7"], ["214.0", "280.9"], ["229.6", "280.9"], ["229.6", "378.4"], ["147.2", "378.4"]], "Type": "GATE"}, {"Location": [["153.4", "203.9"], ["206.8", "203.9"], ["206.8", "208.5"], ["153.4", "208.5"]], "Type": "SD"}], "Module": "M8", "Boundary": [["147.2", "198.7"], ["214.0", "198.7"], ["214.0", "280.9"], ["229.6", "280.9"], ["229.6", "385.7"], ["147.2", "385.7"]], "Module_type": "GATE"}], "Area": [["-30.0", "-30.0"], ["430.5", "-30.0"], ["430.5", "1002.0"], ["-30.0", "1002.0"]], "Rules": ["GATE(5,5)", "SD(5,5)", "GATE_SD(0.5)", "GATE_ITO(0.5)", "SD_ITO(0.5)"]}