{"Modules": [{"Module": "M14", "Boundary": [["353.0", "30.0"], ["353.0", "99.8"], ["262.9", "99.8"], ["262.9", "115.6"], ["177.2", "115.6"], ["177.2", "30.0"]], "Module_type": "GATE", "Ports": [{"Location": [["177.2", "44.0"], ["182.7", "44.0"], ["182.7", "101.6"], ["177.2", "101.6"]], "Type": "SD"}, {"Location": [["353.0", "30.0"], ["353.0", "99.8"], ["262.9", "99.8"], ["262.9", "115.6"], ["185.4", "115.6"], ["185.4", "30.0"]], "Type": "GATE"}, {"Location": [["342.3", "36.5"], ["347.5", "36.5"], ["347.5", "92.3"], ["342.3", "92.3"]], "Type": "SD"}]}, {"Ports": [{"Location": [["199.2", "520.1"], ["203.5", "520.1"], ["203.5", "574.8"], ["199.2", "574.8"]], "Type": "SD"}, {"Location": [["383.2", "506.7"], ["383.2", "588.2"], ["204.7", "588.2"], ["204.7", "506.7"]], "Type": "GATE"}, {"Location": [["372.1", "512.7"], ["378.2", "512.7"], ["378.2", "582.2"], ["372.1", "582.2"]], "Type": "SD"}], "Module": "M9", "Boundary": [["383.2", "506.7"], ["383.2", "588.2"], ["199.2", "588.2"], ["199.2", "506.7"]], "Module_type": "GATE"}, {"Ports": [{"Location": [["20.0", "850.7"], ["25.1", "850.7"], ["25.1", "938.2"], ["20.0", "938.2"]], "Type": "SD"}, {"Location": [["210.5", "836.2"], ["210.5", "952.7"], ["26.8", "952.7"], ["26.8", "836.2"]], "Type": "GATE"}, {"Location": [["198.2", "842.7"], ["205.0", "842.7"], ["205.0", "946.2"], ["198.2", "946.2"]], "Type": "SD"}], "Module": "M5", "Boundary": [["210.5", "836.2"], ["210.5", "952.7"], ["20.0", "952.7"], ["20.0", "836.2"]], "Module_type": "GATE"}, {"Ports": [{"Location": [["22.6", "593.9"], ["58.9", "593.9"], ["58.9", "599.4"], ["22.6", "599.4"]], "Type": "SD"}, {"Location": [["10.0", "419.8"], ["56.7", "419.8"], ["56.7", "419.8"], ["71.5", "419.8"], ["71.5", "592.2"], ["10.0", "592.2"]], "Type": "GATE"}, {"Location": [["15.7", "424.5"], ["51.0", "424.5"], ["51.0", "430.1"], ["15.7", "430.1"]], "Type": "SD"}], "Module": "M11", "Boundary": [["10.0", "419.8"], ["56.7", "419.8"], ["56.7", "419.8"], ["71.5", "419.8"], ["71.5", "599.4"], ["10.0", "599.4"]], "Module_type": "GATE"}, {"Ports": [{"Location": [["277.3", "801.7"], ["345.7", "801.7"], ["345.7", "806.8"], ["277.3", "806.8"]], "Type": "SD"}, {"Location": [["264.9", "628.2"], ["342.8", "628.2"], ["342.8", "628.4"], ["358.1", "628.4"], ["358.1", "799.3"], ["264.9", "799.3"]], "Type": "GATE"}, {"Location": [["270.6", "632.9"], ["337.1", "632.9"], ["337.1", "638.8"], ["270.6", "638.8"]], "Type": "SD"}], "Module": "M1", "Boundary": [["264.9", "628.2"], ["342.8", "628.2"], ["342.8", "628.4"], ["358.1", "628.4"], ["358.1", "806.8"], ["264.9", "806.8"]], "Module_type": "GATE"}, {"Ports": [{"Location": [["157.2", "169.5"], ["163.1", "169.5"], ["163.1", "218.5"], ["157.2", "218.5"]], "Type": "SD"}, {"Location": [["305.8", "155.6"], ["305.8", "219.1"], ["232.4", "219.1"], ["232.4", "232.4"], ["165.5", "232.4"], ["165.5", "155.6"]], "Type": "GATE"}, {"Location": [["294.4", "161.8"], ["300.6", "161.8"], ["300.6", "211.9"], ["294.4", "211.9"]], "Type": "SD"}], "Module": "M6", "Boundary": [["305.8", "155.6"], ["305.8", "219.1"], ["232.4", "219.1"], ["232.4", "232.4"], ["157.2", "232.4"], ["157.2", "155.6"]], "Module_type": "GATE"}, {"Ports": [{"Location": [["32.7", "783.9"], ["81.9", "783.9"], ["81.9", "788.0"], ["32.7", "788.0"]], "Type": "SD"}, {"Location": [["20.0", "629.4"], ["81.3", "629.4"], ["81.3", "683.6"], ["94.6", "683.6"], ["94.6", "781.6"], ["20.0", "781.6"]], "Type": "GATE"}, {"Location": [["25.0", "633.4"], ["75.3", "633.4"], ["75.3", "640.1"], ["25.0", "640.1"]], "Type": "SD"}], "Module": "M2", "Boundary": [["20.0", "629.4"], ["81.3", "629.4"], ["81.3", "683.6"], ["94.6", "683.6"], ["94.6", "788.0"], ["20.0", "788.0"]], "Module_type": "GATE"}, {"Ports": [{"Location": [["106.0", "584.8"], ["164.7", "584.8"], ["164.7", "590.0"], ["106.0", "590.0"]], "Type": "SD"}, {"Location": [["91.5", "419.8"], ["163.2", "419.8"], ["163.2", "448.7"], ["179.2", "448.7"], ["179.2", "582.9"], ["91.5", "582.9"]], "Type": "GATE"}, {"Location": [["97.2", "424.5"], ["156.5", "424.5"], ["156.5", "432.1"], ["97.2", "432.1"]], "Type": "SD"}], "Module": "M16", "Boundary": [["91.5", "419.8"], ["163.2", "419.8"], ["163.2", "448.7"], ["179.2", "448.7"], ["179.2", "590.0"], ["91.5", "590.0"]], "Module_type": "GATE"}, {"Ports": [{"Location": [["199.2", "266.6"], ["204.6", "266.6"], ["204.6", "339.0"], ["199.2", "339.0"]], "Type": "SD"}, {"Location": [["305.8", "252.4"], ["305.8", "337.0"], ["305.4", "337.0"], ["305.4", "353.2"], ["207.4", "353.2"], ["207.4", "252.4"]], "Type": "GATE"}, {"Location": [["293.7", "258.2"], ["301.0", "258.2"], ["301.0", "331.2"], ["293.7", "331.2"]], "Type": "SD"}], "Module": "M13", "Boundary": [["305.8", "252.4"], ["305.8", "337.0"], ["305.4", "337.0"], ["305.4", "353.2"], ["199.2", "353.2"], ["199.2", "252.4"]], "Module_type": "GATE"}, {"Ports": [{"Location": [["199.2", "387.1"], ["203.7", "387.1"], ["203.7", "472.8"], ["199.2", "472.8"]], "Type": "SD"}, {"Location": [["401.7", "373.2"], ["401.7", "472.0"], ["330.8", "472.0"], ["330.8", "486.7"], ["205.2", "486.7"], ["205.2", "373.2"]], "Type": "GATE"}, {"Location": [["390.2", "380.0"], ["395.9", "380.0"], ["395.9", "464.2"], ["390.2", "464.2"]], "Type": "SD"}], "Module": "M10", "Boundary": [["401.7", "373.2"], ["401.7", "472.0"], ["330.8", "472.0"], ["330.8", "486.7"], ["199.2", "486.7"], ["199.2", "373.2"]], "Module_type": "GATE"}, {"Ports": [{"Location": [["147.7", "791.0"], ["201.8", "791.0"], ["201.8", "796.2"], ["147.7", "796.2"]], "Type": "SD"}, {"Location": [["134.6", "620.0"], ["199.4", "620.0"], ["199.4", "620.1"], ["214.9", "620.1"], ["214.9", "788.3"], ["134.6", "788.3"]], "Type": "GATE"}, {"Location": [["140.1", "624.5"], ["193.9", "624.5"], ["193.9", "631.1"], ["140.1", "631.1"]], "Type": "SD"}], "Module": "M7", "Boundary": [["134.6", "620.0"], ["199.4", "620.0"], ["199.4", "620.1"], ["214.9", "620.1"], ["214.9", "796.2"], ["134.6", "796.2"]], "Module_type": "GATE"}, {"Ports": [{"Location": [["339.7", "344.4"], ["372.3", "344.4"], ["372.3", "349.6"], ["339.7", "349.6"]], "Type": "SD"}, {"Location": [["325.8", "155.6"], ["386.2", "155.6"], ["386.2", "342.4"], ["325.8", "342.4"]], "Type": "GATE"}, {"Location": [["332.7", "161.5"], ["379.3", "161.5"], ["379.3", "167.4"], ["332.7", "167.4"]], "Type": "SD"}], "Module": "M3", "Boundary": [["325.8", "155.6"], ["386.2", "155.6"], ["386.2", "349.6"], ["325.8", "349.6"]], "Module_type": "GATE"}, {"Ports": [{"Location": [["107.3", "350.4"], ["163.0", "350.4"], ["163.0", "354.9"], ["107.3", "354.9"]], "Type": "SD"}, {"Location": [["94.9", "256.1"], ["175.4", "256.1"], ["175.4", "348.9"], ["94.9", "348.9"]], "Type": "GATE"}, {"Location": [["100.8", "261.0"], ["169.5", "261.0"], ["169.5", "265.4"], ["100.8", "265.4"]], "Type": "SD"}], "Module": "M15", "Boundary": [["94.9", "256.1"], ["175.4", "256.1"], ["175.4", "354.9"], ["94.9", "354.9"]], "Module_type": "GATE"}, {"Ports": [{"Location": [["24.0", "395.3"], ["60.9", "395.3"], ["60.9", "399.8"], ["24.0", "399.8"]], "Type": "SD"}, {"Location": [["10.0", "256.1"], ["61.1", "256.1"], ["61.1", "327.0"], ["74.9", "327.0"], ["74.9", "393.0"], ["10.0", "393.0"]], "Type": "GATE"}, {"Location": [["17.0", "262.1"], ["53.1", "262.1"], ["53.1", "267.9"], ["17.0", "267.9"]], "Type": "SD"}], "Module": "M12", "Boundary": [["10.0", "256.1"], ["61.1", "256.1"], ["61.1", "327.0"], ["74.9", "327.0"], ["74.9", "399.8"], ["10.0", "399.8"]], "Module_type": "GATE"}, {"Ports": [{"Location": [["34.0", "221.9"], ["113.2", "221.9"], ["113.2", "226.1"], ["34.0", "226.1"]], "Type": "SD"}, {"Location": [["20.0", "20.0"], ["110.1", "20.0"], ["110.1", "75.2"], ["127.2", "75.2"], ["127.2", "220.7"], ["20.0", "220.7"]], "Type": "GATE"}, {"Location": [["25.3", "24.3"], ["103.8", "24.3"], ["103.8", "30.8"], ["25.3", "30.8"]], "Type": "SD"}], "Module": "M8", "Boundary": [["20.0", "20.0"], ["110.1", "20.0"], ["110.1", "75.2"], ["127.2", "75.2"], ["127.2", "226.1"], ["20.0", "226.1"]], "Module_type": "GATE"}, {"Ports": [{"Location": [["250.5", "869.5"], ["255.4", "869.5"], ["255.4", "951.9"], ["250.5", "951.9"]], "Type": "SD"}, {"Location": [["391.0", "856.8"], ["391.0", "950.6"], ["332.7", "950.6"], ["332.7", "964.6"], ["256.7", "964.6"], ["256.7", "856.8"]], "Type": "GATE"}, {"Location": [["380.5", "862.3"], ["386.5", "862.3"], ["386.5", "944.1"], ["380.5", "944.1"]], "Type": "SD"}], "Module": "M4", "Boundary": [["391.0", "856.8"], ["391.0", "950.6"], ["332.7", "950.6"], ["332.7", "964.6"], ["250.5", "964.6"], ["250.5", "856.8"]], "Module_type": "GATE"}], "Area": [["-30.0", "-20.0"], ["441.7", "-20.0"], ["441.7", "1004.6"], ["-30.0", "1004.6"]], "Rules": ["GATE(5,5)", "SD(5,5)", "GATE_SD(0.5)", "GATE_ITO(0.5)", "SD_ITO(0.5)"]}