{"Modules": [{"Module": "M14", "Boundary": [["682.8", "30.0"], ["682.8", "127.5"], ["591.3", "127.5"], ["591.3", "142.1"], ["504.3", "142.1"], ["504.3", "30.0"]], "Module_type": "GATE", "Ports": [{"Location": [["504.3", "43.4"], ["509.9", "43.4"], ["509.9", "128.7"], ["504.3", "128.7"]], "Type": "SD"}, {"Location": [["682.8", "30.0"], ["682.8", "127.5"], ["591.3", "127.5"], ["591.3", "142.1"], ["511.1", "142.1"], ["511.1", "30.0"]], "Type": "GATE"}, {"Location": [["671.8", "36.3"], ["677.5", "36.3"], ["677.5", "120.2"], ["671.8", "120.2"]], "Type": "SD"}]}, {"Ports": [{"Location": [["274.9", "339.8"], ["280.3", "339.8"], ["280.3", "373.7"], ["274.9", "373.7"]], "Type": "SD"}, {"Location": [["346.8", "327.0"], ["346.8", "372.7"], ["346.6", "372.7"], ["346.6", "386.5"], ["283.1", "386.5"], ["283.1", "327.0"]], "Type": "GATE"}, {"Location": [["335.5", "332.9"], ["341.9", "332.9"], ["341.9", "366.8"], ["335.5", "366.8"]], "Type": "SD"}], "Module": "M9", "Boundary": [["346.8", "327.0"], ["346.8", "372.7"], ["346.6", "372.7"], ["346.6", "386.5"], ["274.9", "386.5"], ["274.9", "327.0"]], "Module_type": "GATE"}, {"Ports": [{"Location": [["405.1", "179.8"], ["442.5", "179.8"], ["442.5", "185.4"], ["405.1", "185.4"]], "Type": "SD"}, {"Location": [["393.3", "20.0"], ["454.3", "20.0"], ["454.3", "178.2"], ["393.3", "178.2"]], "Type": "GATE"}, {"Location": [["399.0", "24.7"], ["448.6", "24.7"], ["448.6", "29.8"], ["399.0", "29.8"]], "Type": "SD"}], "Module": "M5", "Boundary": [["393.3", "20.0"], ["454.3", "20.0"], ["454.3", "185.4"], ["393.3", "185.4"]], "Module_type": "GATE"}, {"Ports": [{"Location": [["165.2", "23.6"], ["170.5", "23.6"], ["170.5", "87.6"], ["165.2", "87.6"]], "Type": "SD"}, {"Location": [["363.3", "10.0"], ["363.3", "101.2"], ["172.8", "101.2"], ["172.8", "10.0"]], "Type": "GATE"}, {"Location": [["351.3", "16.7"], ["357.6", "16.7"], ["357.6", "94.5"], ["351.3", "94.5"]], "Type": "SD"}], "Module": "M11", "Boundary": [["363.3", "10.0"], ["363.3", "101.2"], ["165.2", "101.2"], ["165.2", "10.0"]], "Module_type": "GATE"}, {"Ports": [{"Location": [["45.2", "144.1"], ["110.0", "144.1"], ["110.0", "148.1"], ["45.2", "148.1"]], "Type": "SD"}, {"Location": [["30.0", "30.0"], ["106.2", "30.0"], ["106.2", "30.0"], ["125.2", "30.0"], ["125.2", "143.1"], ["30.0", "143.1"]], "Type": "GATE"}, {"Location": [["36.3", "35.3"], ["99.9", "35.3"], ["99.9", "41.8"], ["36.3", "41.8"]], "Type": "SD"}], "Module": "M1", "Boundary": [["30.0", "30.0"], ["106.2", "30.0"], ["106.2", "30.0"], ["125.2", "30.0"], ["125.2", "148.1"], ["30.0", "148.1"]], "Module_type": "GATE"}, {"Ports": [{"Location": [["22.9", "391.0"], ["106.9", "391.0"], ["106.9", "396.3"], ["22.9", "396.3"]], "Type": "SD"}, {"Location": [["10.0", "188.1"], ["105.5", "188.1"], ["105.5", "297.5"], ["119.8", "297.5"], ["119.8", "388.1"], ["10.0", "388.1"]], "Type": "GATE"}, {"Location": [["15.9", "193.0"], ["98.6", "193.0"], ["98.6", "198.8"], ["15.9", "198.8"]], "Type": "SD"}], "Module": "M6", "Boundary": [["10.0", "188.1"], ["105.5", "188.1"], ["105.5", "297.5"], ["119.8", "297.5"], ["119.8", "396.3"], ["10.0", "396.3"]], "Module_type": "GATE"}, {"Ports": [{"Location": [["586.9", "326.6"], ["591.3", "326.6"], ["591.3", "367.5"], ["586.9", "367.5"]], "Type": "SD"}, {"Location": [["683.1", "313.5"], ["683.1", "365.0"], ["638.8", "365.0"], ["638.8", "380.6"], ["592.6", "380.6"], ["592.6", "313.5"]], "Type": "GATE"}, {"Location": [["672.9", "319.8"], ["677.8", "319.8"], ["677.8", "357.7"], ["672.9", "357.7"]], "Type": "SD"}], "Module": "M2", "Boundary": [["683.1", "313.5"], ["683.1", "365.0"], ["638.8", "365.0"], ["638.8", "380.6"], ["586.9", "380.6"], ["586.9", "313.5"]], "Module_type": "GATE"}, {"Ports": [{"Location": [["713.1", "316.7"], ["717.9", "316.7"], ["717.9", "377.2"], ["713.1", "377.2"]], "Type": "SD"}, {"Location": [["829.7", "303.5"], ["829.7", "373.9"], ["783.3", "373.9"], ["783.3", "390.4"], ["719.4", "390.4"], ["719.4", "303.5"]], "Type": "GATE"}, {"Location": [["818.8", "309.0"], ["825.2", "309.0"], ["825.2", "367.4"], ["818.8", "367.4"]], "Type": "SD"}], "Module": "M16", "Boundary": [["829.7", "303.5"], ["829.7", "373.9"], ["783.3", "373.9"], ["783.3", "390.4"], ["713.1", "390.4"], ["713.1", "303.5"]], "Module_type": "GATE"}, {"Ports": [{"Location": [["179.1", "258.4"], ["241.0", "258.4"], ["241.0", "263.6"], ["179.1", "263.6"]], "Type": "SD"}, {"Location": [["165.2", "121.2"], ["236.9", "121.2"], ["236.9", "121.2"], ["254.9", "121.2"], ["254.9", "257.0"], ["165.2", "257.0"]], "Type": "GATE"}, {"Location": [["170.5", "125.5"], ["231.6", "125.5"], ["231.6", "131.9"], ["170.5", "131.9"]], "Type": "SD"}], "Module": "M13", "Boundary": [["165.2", "121.2"], ["236.9", "121.2"], ["236.9", "121.2"], ["254.9", "121.2"], ["254.9", "263.6"], ["165.2", "263.6"]], "Module_type": "GATE"}, {"Ports": [{"Location": [["139.8", "298.6"], ["144.0", "298.6"], ["144.0", "375.0"], ["139.8", "375.0"]], "Type": "SD"}, {"Location": [["254.7", "283.6"], ["254.7", "373.4"], ["236.9", "373.4"], ["236.9", "390.0"], ["146.2", "390.0"], ["146.2", "283.6"]], "Type": "GATE"}, {"Location": [["243.1", "290.0"], ["249.3", "290.0"], ["249.3", "366.0"], ["243.1", "366.0"]], "Type": "SD"}], "Module": "M10", "Boundary": [["254.7", "283.6"], ["254.7", "373.4"], ["236.9", "373.4"], ["236.9", "390.0"], ["139.8", "390.0"], ["139.8", "283.6"]], "Module_type": "GATE"}, {"Ports": [{"Location": [["738.2", "181.6"], ["742.7", "181.6"], ["742.7", "251.3"], ["738.2", "251.3"]], "Type": "SD"}, {"Location": [["896.1", "166.7"], ["896.1", "250.4"], ["895.9", "250.4"], ["895.9", "266.2"], ["744.3", "266.2"], ["744.3", "166.7"]], "Type": "GATE"}, {"Location": [["883.6", "172.8"], ["891.0", "172.8"], ["891.0", "244.3"], ["883.6", "244.3"]], "Type": "SD"}], "Module": "M7", "Boundary": [["896.1", "166.7"], ["896.1", "250.4"], ["895.9", "250.4"], ["895.9", "266.2"], ["738.2", "266.2"], ["738.2", "166.7"]], "Module_type": "GATE"}, {"Ports": [{"Location": [["289.4", "301.2"], ["342.4", "301.2"], ["342.4", "307.0"], ["289.4", "307.0"]], "Type": "SD"}, {"Location": [["274.9", "121.2"], ["356.9", "121.2"], ["356.9", "299.7"], ["274.9", "299.7"]], "Type": "GATE"}, {"Location": [["281.3", "126.6"], ["350.5", "126.6"], ["350.5", "133.3"], ["281.3", "133.3"]], "Type": "SD"}], "Module": "M3", "Boundary": [["274.9", "121.2"], ["356.9", "121.2"], ["356.9", "307.0"], ["274.9", "307.0"]], "Module_type": "GATE"}, {"Ports": [{"Location": [["376.9", "323.4"], ["381.7", "323.4"], ["381.7", "372.6"], ["376.9", "372.6"]], "Type": "SD"}, {"Location": [["556.9", "310.7"], ["556.9", "371.1"], ["556.6", "371.1"], ["556.6", "385.3"], ["383.2", "385.3"], ["383.2", "310.7"]], "Type": "GATE"}, {"Location": [["545.9", "317.3"], ["551.3", "317.3"], ["551.3", "364.5"], ["545.9", "364.5"]], "Type": "SD"}], "Module": "M15", "Boundary": [["556.9", "310.7"], ["556.9", "371.1"], ["556.6", "371.1"], ["556.6", "385.3"], ["376.9", "385.3"], ["376.9", "310.7"]], "Module_type": "GATE"}, {"Ports": [{"Location": [["396.3", "286.5"], ["485.3", "286.5"], ["485.3", "290.7"], ["396.3", "290.7"]], "Type": "SD"}, {"Location": [["383.3", "215.4"], ["482.9", "215.4"], ["482.9", "235.7"], ["498.3", "235.7"], ["498.3", "284.0"], ["383.3", "284.0"]], "Type": "GATE"}, {"Location": [["389.6", "220.7"], ["475.6", "220.7"], ["475.6", "225.6"], ["389.6", "225.6"]], "Type": "SD"}], "Module": "M12", "Boundary": [["383.3", "215.4"], ["482.9", "215.4"], ["482.9", "235.7"], ["498.3", "235.7"], ["498.3", "290.7"], ["383.3", "290.7"]], "Module_type": "GATE"}, {"Ports": [{"Location": [["732.8", "31.9"], ["738.4", "31.9"], ["738.4", "114.8"], ["732.8", "114.8"]], "Type": "SD"}, {"Location": [["899.9", "20.0"], ["899.9", "112.4"], ["814.1", "112.4"], ["814.1", "126.7"], ["740.5", "126.7"], ["740.5", "20.0"]], "Type": "GATE"}, {"Location": [["890.9", "25.8"], ["895.1", "25.8"], ["895.1", "105.6"], ["890.9", "105.6"]], "Type": "SD"}], "Module": "M8", "Boundary": [["899.9", "20.0"], ["899.9", "112.4"], ["814.1", "112.4"], ["814.1", "126.7"], ["732.8", "126.7"], ["732.8", "20.0"]], "Module_type": "GATE"}], "Area": [["-30.0", "-30.0"], ["939.9", "-30.0"], ["939.9", "436.3"], ["-30.0", "436.3"]], "Rules": ["GATE(5,5)", "SD(5,5)", "GATE_SD(0.5)", "GATE_ITO(0.5)", "SD_ITO(0.5)"]}