{"Modules": [{"Module": "M14", "Boundary": [["30.0", "148.7"], ["90.9", "148.7"], ["90.9", "148.9"], ["104.9", "148.9"], ["104.9", "302.8"], ["30.0", "302.8"]], "Module_type": "GATE", "Ports": [{"Location": [["43.2", "298.6"], ["91.7", "298.6"], ["91.7", "302.8"], ["43.2", "302.8"]], "Type": "SD"}, {"Location": [["30.0", "148.7"], ["90.9", "148.7"], ["90.9", "148.9"], ["104.9", "148.9"], ["104.9", "296.8"], ["30.0", "296.8"]], "Type": "GATE"}, {"Location": [["35.6", "153.3"], ["85.3", "153.3"], ["85.3", "160.4"], ["35.6", "160.4"]], "Type": "SD"}]}, {"Ports": [{"Location": [["10.0", "806.1"], ["15.1", "806.1"], ["15.1", "859.1"], ["10.0", "859.1"]], "Type": "SD"}, {"Location": [["190.7", "791.4"], ["190.7", "858.5"], ["190.6", "858.5"], ["190.6", "873.8"], ["16.8", "873.8"], ["16.8", "791.4"]], "Type": "GATE"}, {"Location": [["177.9", "797.8"], ["185.3", "797.8"], ["185.3", "852.1"], ["177.9", "852.1"]], "Type": "SD"}], "Module": "M9", "Boundary": [["190.7", "791.4"], ["190.7", "858.5"], ["190.6", "858.5"], ["190.6", "873.8"], ["10.0", "873.8"], ["10.0", "791.4"]], "Module_type": "GATE"}, {"Ports": [{"Location": [["34.3", "490.7"], ["87.2", "490.7"], ["87.2", "495.5"], ["34.3", "495.5"]], "Type": "SD"}, {"Location": [["20.0", "352.8"], ["101.5", "352.8"], ["101.5", "489.5"], ["20.0", "489.5"]], "Type": "GATE"}, {"Location": [["26.9", "358.7"], ["94.6", "358.7"], ["94.6", "364.7"], ["26.9", "364.7"]], "Type": "SD"}], "Module": "M5", "Boundary": [["20.0", "352.8"], ["101.5", "352.8"], ["101.5", "495.5"], ["20.0", "495.5"]], "Module_type": "GATE"}, {"Ports": [{"Location": [["10.0", "538.0"], ["14.8", "538.0"], ["14.8", "570.6"], ["10.0", "570.6"]], "Type": "SD"}, {"Location": [["206.6", "525.5"], ["206.6", "569.9"], ["206.4", "569.9"], ["206.4", "583.1"], ["17.3", "583.1"], ["17.3", "525.5"]], "Type": "GATE"}, {"Location": [["195.8", "531.8"], ["201.3", "531.8"], ["201.3", "563.6"], ["195.8", "563.6"]], "Type": "SD"}], "Module": "M11", "Boundary": [["206.6", "525.5"], ["206.6", "569.9"], ["206.4", "569.9"], ["206.4", "583.1"], ["10.0", "583.1"], ["10.0", "525.5"]], "Module_type": "GATE"}, {"Ports": [{"Location": [["30.0", "41.4"], ["34.2", "41.4"], ["34.2", "77.3"], ["30.0", "77.3"]], "Type": "SD"}, {"Location": [["144.4", "30.0"], ["144.4", "74.3"], ["144.3", "74.3"], ["144.3", "88.7"], ["37.1", "88.7"], ["37.1", "30.0"]], "Type": "GATE"}, {"Location": [["134.9", "35.5"], ["139.9", "35.5"], ["139.9", "68.8"], ["134.9", "68.8"]], "Type": "SD"}], "Module": "M1", "Boundary": [["144.4", "30.0"], ["144.4", "74.3"], ["144.3", "74.3"], ["144.3", "88.7"], ["30.0", "88.7"], ["30.0", "30.0"]], "Module_type": "GATE"}, {"Ports": [{"Location": [["10.0", "616.8"], ["15.6", "616.8"], ["15.6", "654.6"], ["10.0", "654.6"]], "Type": "SD"}, {"Location": [["128.9", "603.1"], ["128.9", "653.0"], ["128.8", "653.0"], ["128.8", "668.3"], ["17.6", "668.3"], ["17.6", "603.1"]], "Type": "GATE"}, {"Location": [["117.3", "609.5"], ["123.5", "609.5"], ["123.5", "646.6"], ["117.3", "646.6"]], "Type": "SD"}], "Module": "M6", "Boundary": [["128.9", "603.1"], ["128.9", "653.0"], ["128.8", "653.0"], ["128.8", "668.3"], ["10.0", "668.3"], ["10.0", "603.1"]], "Module_type": "GATE"}, {"Ports": [{"Location": [["290.9", "478.3"], ["372.2", "478.3"], ["372.2", "483.1"], ["290.9", "483.1"]], "Type": "SD"}, {"Location": [["277.0", "366.6"], ["386.1", "366.6"], ["386.1", "476.5"], ["277.0", "476.5"]], "Type": "GATE"}, {"Location": [["282.7", "371.3"], ["380.4", "371.3"], ["380.4", "378.5"], ["282.7", "378.5"]], "Type": "SD"}], "Module": "M2", "Boundary": [["277.0", "366.6"], ["386.1", "366.6"], ["386.1", "483.1"], ["277.0", "483.1"]], "Module_type": "GATE"}, {"Ports": [{"Location": [["210.7", "779.1"], ["215.4", "779.1"], ["215.4", "853.4"], ["210.7", "853.4"]], "Type": "SD"}, {"Location": [["389.2", "766.2"], ["389.2", "866.3"], ["217.4", "866.3"], ["217.4", "766.2"]], "Type": "GATE"}, {"Location": [["379.2", "771.4"], ["385.0", "771.4"], ["385.0", "861.1"], ["379.2", "861.1"]], "Type": "SD"}], "Module": "M16", "Boundary": [["389.2", "766.2"], ["389.2", "866.3"], ["210.7", "866.3"], ["210.7", "766.2"]], "Module_type": "GATE"}, {"Ports": [{"Location": [["175.3", "658.3"], ["179.4", "658.3"], ["179.4", "731.3"], ["175.3", "731.3"]], "Type": "SD"}, {"Location": [["376.2", "643.4"], ["376.2", "729.6"], ["375.6", "729.6"], ["375.6", "746.2"], ["181.5", "746.2"], ["181.5", "643.4"]], "Type": "GATE"}, {"Location": [["364.5", "650.2"], ["370.4", "650.2"], ["370.4", "722.8"], ["364.5", "722.8"]], "Type": "SD"}], "Module": "M13", "Boundary": [["376.2", "643.4"], ["376.2", "729.6"], ["375.6", "729.6"], ["375.6", "746.2"], ["175.3", "746.2"], ["175.3", "643.4"]], "Module_type": "GATE"}, {"Ports": [{"Location": [["317.7", "330.6"], ["386.8", "330.6"], ["386.8", "336.6"], ["317.7", "336.6"]], "Type": "SD"}, {"Location": [["304.5", "142.2"], ["400.0", "142.2"], ["400.0", "328.0"], ["304.5", "328.0"]], "Type": "GATE"}, {"Location": [["311.0", "147.7"], ["393.5", "147.7"], ["393.5", "153.9"], ["311.0", "153.9"]], "Type": "SD"}], "Module": "M10", "Boundary": [["304.5", "142.2"], ["400.0", "142.2"], ["400.0", "336.6"], ["304.5", "336.6"]], "Module_type": "GATE"}, {"Ports": [{"Location": [["169.0", "265.4"], ["260.4", "265.4"], ["260.4", "271.2"], ["169.0", "271.2"]], "Type": "SD"}, {"Location": [["154.9", "147.4"], ["257.5", "147.4"], ["257.5", "148.0"], ["274.5", "148.0"], ["274.5", "264.1"], ["154.9", "264.1"]], "Type": "GATE"}, {"Location": [["161.0", "152.5"], ["251.4", "152.5"], ["251.4", "158.0"], ["161.0", "158.0"]], "Type": "SD"}], "Module": "M7", "Boundary": [["154.9", "147.4"], ["257.5", "147.4"], ["257.5", "148.0"], ["274.5", "148.0"], ["274.5", "271.2"], ["154.9", "271.2"]], "Module_type": "GATE"}, {"Ports": [{"Location": [["329.8", "116.9"], ["364.5", "116.9"], ["364.5", "122.2"], ["329.8", "122.2"]], "Type": "SD"}, {"Location": [["317.7", "10.0"], ["376.6", "10.0"], ["376.6", "115.1"], ["317.7", "115.1"]], "Type": "GATE"}, {"Location": [["323.3", "14.6"], ["371.0", "14.6"], ["371.0", "20.2"], ["323.3", "20.2"]], "Type": "SD"}], "Module": "M3", "Boundary": [["317.7", "10.0"], ["376.6", "10.0"], ["376.6", "122.2"], ["317.7", "122.2"]], "Module_type": "GATE"}, {"Ports": [{"Location": [["226.6", "534.1"], ["232.4", "534.1"], ["232.4", "609.1"], ["226.6", "609.1"]], "Type": "SD"}, {"Location": [["388.4", "519.8"], ["388.4", "606.6"], ["388.1", "606.6"], ["388.1", "623.4"], ["234.3", "623.4"], ["234.3", "519.8"]], "Type": "GATE"}, {"Location": [["376.7", "526.0"], ["383.2", "526.0"], ["383.2", "600.4"], ["376.7", "600.4"]], "Type": "SD"}], "Module": "M15", "Boundary": [["388.4", "519.8"], ["388.4", "606.6"], ["388.1", "606.6"], ["388.1", "623.4"], ["226.6", "623.4"], ["226.6", "519.8"]], "Module_type": "GATE"}, {"Ports": [{"Location": [["10.0", "701.7"], ["14.5", "701.7"], ["14.5", "758.0"], ["10.0", "758.0"]], "Type": "SD"}, {"Location": [["155.3", "688.3"], ["155.3", "755.2"], ["155.1", "755.2"], ["155.1", "771.4"], ["16.3", "771.4"], ["16.3", "688.3"]], "Type": "GATE"}, {"Location": [["144.1", "693.7"], ["150.9", "693.7"], ["150.9", "749.8"], ["144.1", "749.8"]], "Type": "SD"}], "Module": "M12", "Boundary": [["155.3", "688.3"], ["155.3", "755.2"], ["155.1", "755.2"], ["155.1", "771.4"], ["10.0", "771.4"], ["10.0", "688.3"]], "Module_type": "GATE"}, {"Ports": [{"Location": [["167.3", "485.0"], ["224.6", "485.0"], ["224.6", "489.8"], ["167.3", "489.8"]], "Type": "SD"}, {"Location": [["154.9", "311.2"], ["220.2", "311.2"], ["220.2", "311.4"], ["237.0", "311.4"], ["237.0", "483.2"], ["154.9", "483.2"]], "Type": "GATE"}, {"Location": [["160.7", "316.0"], ["214.4", "316.0"], ["214.4", "320.3"], ["160.7", "320.3"]], "Type": "SD"}], "Module": "M8", "Boundary": [["154.9", "311.2"], ["220.2", "311.2"], ["220.2", "311.4"], ["237.0", "311.4"], ["237.0", "489.8"], ["154.9", "489.8"]], "Module_type": "GATE"}], "Area": [["-30.0", "-30.0"], ["440.0", "-30.0"], ["440.0", "913.8"], ["-30.0", "913.8"]], "Rules": ["GATE(5,5)", "SD(5,5)", "GATE_SD(0.5)", "GATE_ITO(0.5)", "SD_ITO(0.5)"]}