{"Modules": [{"Module": "M14", "Boundary": [["30.0", "30.0"], ["81.9", "30.0"], ["81.9", "168.6"], ["97.0", "168.6"], ["97.0", "251.5"], ["30.0", "251.5"]], "Module_type": "GATE", "Ports": [{"Location": [["43.7", "247.0"], ["83.3", "247.0"], ["83.3", "251.5"], ["43.7", "251.5"]], "Type": "SD"}, {"Location": [["30.0", "30.0"], ["81.9", "30.0"], ["81.9", "168.6"], ["97.0", "168.6"], ["97.0", "245.6"], ["30.0", "245.6"]], "Type": "GATE"}, {"Location": [["35.4", "34.4"], ["75.5", "34.4"], ["75.5", "41.3"], ["35.4", "41.3"]], "Type": "SD"}]}, {"Ports": [{"Location": [["260.6", "286.7"], ["265.4", "286.7"], ["265.4", "339.2"], ["260.6", "339.2"]], "Type": "SD"}, {"Location": [["368.4", "272.3"], ["368.4", "338.1"], ["368.2", "338.1"], ["368.2", "353.6"], ["267.0", "353.6"], ["267.0", "272.3"]], "Type": "GATE"}, {"Location": [["356.8", "278.4"], ["363.3", "278.4"], ["363.3", "332.0"], ["356.8", "332.0"]], "Type": "SD"}], "Module": "M9", "Boundary": [["368.4", "272.3"], ["368.4", "338.1"], ["368.2", "338.1"], ["368.2", "353.6"], ["260.6", "353.6"], ["260.6", "272.3"]], "Module_type": "GATE"}, {"Ports": [{"Location": [["185.6", "785.5"], ["190.8", "785.5"], ["190.8", "825.6"], ["185.6", "825.6"]], "Type": "SD"}, {"Location": [["366.2", "770.0"], ["366.2", "824.1"], ["366.1", "824.1"], ["366.1", "841.1"], ["193.0", "841.1"], ["193.0", "770.0"]], "Type": "GATE"}, {"Location": [["354.1", "776.8"], ["360.4", "776.8"], ["360.4", "817.3"], ["354.1", "817.3"]], "Type": "SD"}], "Module": "M5", "Boundary": [["366.2", "770.0"], ["366.2", "824.1"], ["366.1", "824.1"], ["366.1", "841.1"], ["185.6", "841.1"], ["185.6", "770.0"]], "Module_type": "GATE"}, {"Ports": [{"Location": [["10.0", "656.9"], ["14.4", "656.9"], ["14.4", "701.0"], ["10.0", "701.0"]], "Type": "SD"}, {"Location": [["195.2", "641.9"], ["195.2", "716.0"], ["16.6", "716.0"], ["16.6", "641.9"]], "Type": "GATE"}, {"Location": [["183.3", "648.5"], ["189.6", "648.5"], ["189.6", "709.4"], ["183.3", "709.4"]], "Type": "SD"}], "Module": "M11", "Boundary": [["195.2", "641.9"], ["195.2", "716.0"], ["10.0", "716.0"], ["10.0", "641.9"]], "Module_type": "GATE"}, {"Ports": [{"Location": [["171.9", "170.9"], ["212.4", "170.9"], ["212.4", "175.0"], ["171.9", "175.0"]], "Type": "SD"}, {"Location": [["157.0", "30.0"], ["210.8", "30.0"], ["210.8", "30.2"], ["227.3", "30.2"], ["227.3", "168.4"], ["157.0", "168.4"]], "Type": "GATE"}, {"Location": [["163.5", "35.5"], ["204.3", "35.5"], ["204.3", "42.8"], ["163.5", "42.8"]], "Type": "SD"}], "Module": "M1", "Boundary": [["157.0", "30.0"], ["210.8", "30.0"], ["210.8", "30.2"], ["227.3", "30.2"], ["227.3", "175.0"], ["157.0", "175.0"]], "Module_type": "GATE"}, {"Ports": [{"Location": [["247.0", "547.4"], ["252.0", "547.4"], ["252.0", "617.5"], ["247.0", "617.5"]], "Type": "SD"}, {"Location": [["384.8", "535.1"], ["384.8", "614.9"], ["350.1", "614.9"], ["350.1", "629.8"], ["253.7", "629.8"], ["253.7", "535.1"]], "Type": "GATE"}, {"Location": [["375.5", "540.5"], ["380.4", "540.5"], ["380.4", "608.5"], ["375.5", "608.5"]], "Type": "SD"}], "Module": "M6", "Boundary": [["384.8", "535.1"], ["384.8", "614.9"], ["350.1", "614.9"], ["350.1", "629.8"], ["247.0", "629.8"], ["247.0", "535.1"]], "Module_type": "GATE"}, {"Ports": [{"Location": [["233.8", "397.9"], ["239.0", "397.9"], ["239.0", "490.8"], ["233.8", "490.8"]], "Type": "SD"}, {"Location": [["362.3", "383.6"], ["362.3", "488.8"], ["319.7", "488.8"], ["319.7", "505.1"], ["241.1", "505.1"], ["241.1", "383.6"]], "Type": "GATE"}, {"Location": [["351.3", "389.6"], ["357.3", "389.6"], ["357.3", "481.8"], ["351.3", "481.8"]], "Type": "SD"}], "Module": "M2", "Boundary": [["362.3", "383.6"], ["362.3", "488.8"], ["319.7", "488.8"], ["319.7", "505.1"], ["233.8", "505.1"], ["233.8", "383.6"]], "Module_type": "GATE"}, {"Ports": [{"Location": [["151.4", "335.6"], ["227.8", "335.6"], ["227.8", "339.6"], ["151.4", "339.6"]], "Type": "SD"}, {"Location": [["138.6", "215.0"], ["227.6", "215.0"], ["227.6", "275.2"], ["240.6", "275.2"], ["240.6", "333.9"], ["138.6", "333.9"]], "Type": "GATE"}, {"Location": [["145.2", "220.6"], ["220.0", "220.6"], ["220.0", "225.8"], ["145.2", "225.8"]], "Type": "SD"}], "Module": "M16", "Boundary": [["138.6", "215.0"], ["227.6", "215.0"], ["227.6", "275.2"], ["240.6", "275.2"], ["240.6", "339.6"], ["138.6", "339.6"]], "Module_type": "GATE"}, {"Ports": [{"Location": [["22.3", "937.7"], ["97.0", "937.7"], ["97.0", "941.9"], ["22.3", "941.9"]], "Type": "SD"}, {"Location": [["10.0", "840.8"], ["92.4", "840.8"], ["92.4", "841.4"], ["109.3", "841.4"], ["109.3", "934.8"], ["10.0", "934.8"]], "Type": "GATE"}, {"Location": [["15.5", "845.3"], ["86.9", "845.3"], ["86.9", "849.8"], ["15.5", "849.8"]], "Type": "SD"}], "Module": "M13", "Boundary": [["10.0", "840.8"], ["92.4", "840.8"], ["92.4", "841.4"], ["109.3", "841.4"], ["109.3", "941.9"], ["10.0", "941.9"]], "Module_type": "GATE"}, {"Ports": [{"Location": [["129.3", "884.9"], ["135.2", "884.9"], ["135.2", "930.3"], ["129.3", "930.3"]], "Type": "SD"}, {"Location": [["318.4", "871.1"], ["318.4", "926.3"], ["252.7", "926.3"], ["252.7", "944.1"], ["137.3", "944.1"], ["137.3", "871.1"]], "Type": "GATE"}, {"Location": [["308.1", "876.2"], ["314.3", "876.2"], ["314.3", "920.2"], ["308.1", "920.2"]], "Type": "SD"}], "Module": "M10", "Boundary": [["318.4", "871.1"], ["318.4", "926.3"], ["252.7", "926.3"], ["252.7", "944.1"], ["129.3", "944.1"], ["129.3", "871.1"]], "Module_type": "GATE"}, {"Ports": [{"Location": [["20.0", "562.7"], ["25.1", "562.7"], ["25.1", "600.4"], ["20.0", "600.4"]], "Type": "SD"}, {"Location": [["217.0", "551.2"], ["217.0", "611.9"], ["27.2", "611.9"], ["27.2", "551.2"]], "Type": "GATE"}, {"Location": [["207.0", "556.7"], ["212.5", "556.7"], ["212.5", "606.4"], ["207.0", "606.4"]], "Type": "SD"}], "Module": "M7", "Boundary": [["217.0", "551.2"], ["217.0", "611.9"], ["20.0", "611.9"], ["20.0", "551.2"]], "Module_type": "GATE"}, {"Ports": [{"Location": [["10.0", "748.3"], ["14.3", "748.3"], ["14.3", "808.5"], ["10.0", "808.5"]], "Type": "SD"}, {"Location": [["155.6", "736.0"], ["155.6", "820.8"], ["16.1", "820.8"], ["16.1", "736.0"]], "Type": "GATE"}, {"Location": [["146.8", "741.6"], ["151.0", "741.6"], ["151.0", "815.2"], ["146.8", "815.2"]], "Type": "SD"}], "Module": "M3", "Boundary": [["155.6", "736.0"], ["155.6", "820.8"], ["10.0", "820.8"], ["10.0", "736.0"]], "Module_type": "GATE"}, {"Ports": [{"Location": [["215.2", "661.6"], ["220.7", "661.6"], ["220.7", "728.2"], ["215.2", "728.2"]], "Type": "SD"}, {"Location": [["387.3", "649.8"], ["387.3", "740.0"], ["221.8", "740.0"], ["221.8", "649.8"]], "Type": "GATE"}, {"Location": [["377.8", "654.8"], ["383.3", "654.8"], ["383.3", "735.0"], ["377.8", "735.0"]], "Type": "SD"}], "Module": "M15", "Boundary": [["387.3", "649.8"], ["387.3", "740.0"], ["215.2", "740.0"], ["215.2", "649.8"]], "Module_type": "GATE"}, {"Ports": [{"Location": [["153.3", "516.6"], ["189.1", "516.6"], ["189.1", "521.2"], ["153.3", "521.2"]], "Type": "SD"}, {"Location": [["138.6", "359.6"], ["190.1", "359.6"], ["190.1", "427.6"], ["203.8", "427.6"], ["203.8", "514.6"], ["138.6", "514.6"]], "Type": "GATE"}, {"Location": [["145.6", "365.6"], ["182.1", "365.6"], ["182.1", "372.0"], ["145.6", "372.0"]], "Type": "SD"}], "Module": "M12", "Boundary": [["138.6", "359.6"], ["190.1", "359.6"], ["190.1", "427.6"], ["203.8", "427.6"], ["203.8", "521.2"], ["138.6", "521.2"]], "Module_type": "GATE"}, {"Ports": [{"Location": [["290.2", "237.6"], ["362.5", "237.6"], ["362.5", "242.3"], ["290.2", "242.3"]], "Type": "SD"}, {"Location": [["277.3", "20.0"], ["360.2", "20.0"], ["360.2", "80.7"], ["375.4", "80.7"], ["375.4", "236.4"], ["277.3", "236.4"]], "Type": "GATE"}, {"Location": [["283.8", "25.5"], ["352.7", "25.5"], ["352.7", "30.3"], ["283.8", "30.3"]], "Type": "SD"}], "Module": "M8", "Boundary": [["277.3", "20.0"], ["360.2", "20.0"], ["360.2", "80.7"], ["375.4", "80.7"], ["375.4", "242.3"], ["277.3", "242.3"]], "Module_type": "GATE"}], "Area": [["-30.0", "-20.0"], ["427.3", "-20.0"], ["427.3", "984.1"], ["-30.0", "984.1"]], "Rules": ["GATE(5,5)", "SD(5,5)", "GATE_SD(0.5)", "GATE_ITO(0.5)", "SD_ITO(0.5)"]}