{"Modules": [{"Module": "M14", "Boundary": [["263.2", "146.8"], ["296.4", "146.8"], ["296.4", "147.0"], ["312.3", "147.0"], ["312.3", "344.3"], ["263.2", "344.3"]], "Module_type": "GATE", "Ports": [{"Location": [["276.6", "338.9"], ["298.9", "338.9"], ["298.9", "344.3"], ["276.6", "344.3"]], "Type": "SD"}, {"Location": [["263.2", "146.8"], ["296.4", "146.8"], ["296.4", "147.0"], ["312.3", "147.0"], ["312.3", "337.0"], ["263.2", "337.0"]], "Type": "GATE"}, {"Location": [["269.2", "151.8"], ["290.4", "151.8"], ["290.4", "157.3"], ["269.2", "157.3"]], "Type": "SD"}]}, {"Ports": [{"Location": [["10.0", "23.0"], ["15.4", "23.0"], ["15.4", "89.2"], ["10.0", "89.2"]], "Type": "SD"}, {"Location": [["191.7", "10.0"], ["191.7", "87.2"], ["191.4", "87.2"], ["191.4", "102.2"], ["17.6", "102.2"], ["17.6", "10.0"]], "Type": "GATE"}, {"Location": [["181.3", "15.8"], ["186.9", "15.8"], ["186.9", "81.4"], ["181.3", "81.4"]], "Type": "SD"}], "Module": "M9", "Boundary": [["191.7", "10.0"], ["191.7", "87.2"], ["191.4", "87.2"], ["191.4", "102.2"], ["10.0", "102.2"], ["10.0", "10.0"]], "Module_type": "GATE"}, {"Ports": [{"Location": [["688.0", "398.2"], ["741.6", "398.2"], ["741.6", "403.2"], ["688.0", "403.2"]], "Type": "SD"}, {"Location": [["675.6", "179.4"], ["754.0", "179.4"], ["754.0", "395.9"], ["675.6", "395.9"]], "Type": "GATE"}, {"Location": [["680.6", "183.4"], ["749.0", "183.4"], ["749.0", "188.7"], ["680.6", "188.7"]], "Type": "SD"}], "Module": "M5", "Boundary": [["675.6", "179.4"], ["754.0", "179.4"], ["754.0", "403.2"], ["675.6", "403.2"]], "Module_type": "GATE"}, {"Ports": [{"Location": [["573.6", "213.6"], ["610.0", "213.6"], ["610.0", "219.1"], ["573.6", "219.1"]], "Type": "SD"}, {"Location": [["561.2", "10.0"], ["607.7", "10.0"], ["607.7", "10.3"], ["622.4", "10.3"], ["622.4", "212.6"], ["561.2", "212.6"]], "Type": "GATE"}, {"Location": [["567.7", "15.5"], ["601.2", "15.5"], ["601.2", "20.2"], ["567.7", "20.2"]], "Type": "SD"}], "Module": "M11", "Boundary": [["561.2", "10.0"], ["607.7", "10.0"], ["607.7", "10.3"], ["622.4", "10.3"], ["622.4", "219.1"], ["561.2", "219.1"]], "Module_type": "GATE"}, {"Ports": [{"Location": [["675.0", "124.5"], ["733.7", "124.5"], ["733.7", "129.4"], ["675.0", "129.4"]], "Type": "SD"}, {"Location": [["662.4", "30.0"], ["729.3", "30.0"], ["729.3", "30.3"], ["746.3", "30.3"], ["746.3", "123.3"], ["662.4", "123.3"]], "Type": "GATE"}, {"Location": [["667.9", "34.5"], ["723.8", "34.5"], ["723.8", "39.9"], ["667.9", "39.9"]], "Type": "SD"}], "Module": "M1", "Boundary": [["662.4", "30.0"], ["729.3", "30.0"], ["729.3", "30.3"], ["746.3", "30.3"], ["746.3", "129.4"], ["662.4", "129.4"]], "Module_type": "GATE"}, {"Ports": [{"Location": [["391.3", "118.4"], ["434.6", "118.4"], ["434.6", "123.7"], ["391.3", "123.7"]], "Type": "SD"}, {"Location": [["378.4", "10.0"], ["429.8", "10.0"], ["429.8", "10.2"], ["447.5", "10.2"], ["447.5", "116.5"], ["378.4", "116.5"]], "Type": "GATE"}, {"Location": [["384.0", "14.6"], ["424.2", "14.6"], ["424.2", "20.1"], ["384.0", "20.1"]], "Type": "SD"}], "Module": "M6", "Boundary": [["378.4", "10.0"], ["429.8", "10.0"], ["429.8", "10.2"], ["447.5", "10.2"], ["447.5", "123.7"], ["378.4", "123.7"]], "Module_type": "GATE"}, {"Ports": [{"Location": [["20.0", "394.2"], ["25.5", "394.2"], ["25.5", "431.0"], ["20.0", "431.0"]], "Type": "SD"}, {"Location": [["206.9", "379.6"], ["206.9", "445.6"], ["26.6", "445.6"], ["26.6", "379.6"]], "Type": "GATE"}, {"Location": [["194.4", "385.8"], ["201.7", "385.8"], ["201.7", "439.4"], ["194.4", "439.4"]], "Type": "SD"}], "Module": "M2", "Boundary": [["206.9", "379.6"], ["206.9", "445.6"], ["20.0", "445.6"], ["20.0", "379.6"]], "Module_type": "GATE"}, {"Ports": [{"Location": [["376.6", "370.0"], ["463.9", "370.0"], ["463.9", "374.1"], ["376.6", "374.1"]], "Type": "SD"}, {"Location": [["362.7", "271.4"], ["461.6", "271.4"], ["461.6", "271.7"], ["477.8", "271.7"], ["477.8", "367.3"], ["362.7", "367.3"]], "Type": "GATE"}, {"Location": [["368.1", "275.8"], ["456.2", "275.8"], ["456.2", "282.5"], ["368.1", "282.5"]], "Type": "SD"}], "Module": "M16", "Boundary": [["362.7", "271.4"], ["461.6", "271.4"], ["461.6", "271.7"], ["477.8", "271.7"], ["477.8", "374.1"], ["362.7", "374.1"]], "Module_type": "GATE"}, {"Ports": [{"Location": [["243.2", "398.3"], ["248.7", "398.3"], ["248.7", "438.6"], ["243.2", "438.6"]], "Type": "SD"}, {"Location": [["342.7", "384.3"], ["342.7", "452.6"], ["251.2", "452.6"], ["251.2", "384.3"]], "Type": "GATE"}, {"Location": [["331.3", "390.6"], ["337.4", "390.6"], ["337.4", "446.3"], ["331.3", "446.3"]], "Type": "SD"}], "Module": "M13", "Boundary": [["342.7", "384.3"], ["342.7", "452.6"], ["243.2", "452.6"], ["243.2", "384.3"]], "Module_type": "GATE"}, {"Ports": [{"Location": [["479.1", "119.9"], ["529.6", "119.9"], ["529.6", "125.3"], ["479.1", "125.3"]], "Type": "SD"}, {"Location": [["467.5", "10.0"], ["526.8", "10.0"], ["526.8", "10.2"], ["541.2", "10.2"], ["541.2", "118.4"], ["467.5", "118.4"]], "Type": "GATE"}, {"Location": [["473.7", "15.2"], ["520.6", "15.2"], ["520.6", "19.6"], ["473.7", "19.6"]], "Type": "SD"}], "Module": "M10", "Boundary": [["467.5", "10.0"], ["526.8", "10.0"], ["526.8", "10.2"], ["541.2", "10.2"], ["541.2", "125.3"], ["467.5", "125.3"]], "Module_type": "GATE"}, {"Ports": [{"Location": [["20.0", "145.0"], ["25.8", "145.0"], ["25.8", "179.6"], ["20.0", "179.6"]], "Type": "SD"}, {"Location": [["178.8", "132.2"], ["178.8", "192.4"], ["27.2", "192.4"], ["27.2", "132.2"]], "Type": "GATE"}, {"Location": [["168.4", "138.5"], ["173.5", "138.5"], ["173.5", "186.1"], ["168.4", "186.1"]], "Type": "SD"}], "Module": "M7", "Boundary": [["178.8", "132.2"], ["178.8", "192.4"], ["20.0", "192.4"], ["20.0", "132.2"]], "Module_type": "GATE"}, {"Ports": [{"Location": [["352.3", "160.0"], ["357.5", "160.0"], ["357.5", "236.7"], ["352.3", "236.7"]], "Type": "SD"}, {"Location": [["515.9", "145.3"], ["515.9", "234.1"], ["515.8", "234.1"], ["515.8", "251.4"], ["359.4", "251.4"], ["359.4", "145.3"]], "Type": "GATE"}, {"Location": [["503.8", "151.6"], ["510.6", "151.6"], ["510.6", "227.8"], ["503.8", "227.8"]], "Type": "SD"}], "Module": "M3", "Boundary": [["515.9", "145.3"], ["515.9", "234.1"], ["515.8", "234.1"], ["515.8", "251.4"], ["352.3", "251.4"], ["352.3", "145.3"]], "Module_type": "GATE"}, {"Ports": [{"Location": [["362.7", "406.4"], ["368.1", "406.4"], ["368.1", "443.1"], ["362.7", "443.1"]], "Type": "SD"}, {"Location": [["566.3", "394.1"], ["566.3", "455.4"], ["369.7", "455.4"], ["369.7", "394.1"]], "Type": "GATE"}, {"Location": [["556.4", "399.8"], ["561.6", "399.8"], ["561.6", "449.7"], ["556.4", "449.7"]], "Type": "SD"}], "Module": "M15", "Boundary": [["566.3", "394.1"], ["566.3", "455.4"], ["362.7", "455.4"], ["362.7", "394.1"]], "Module_type": "GATE"}, {"Ports": [{"Location": [["10.0", "236.6"], ["14.8", "236.6"], ["14.8", "335.4"], ["10.0", "335.4"]], "Type": "SD"}, {"Location": [["223.2", "222.4"], ["223.2", "331.4"], ["222.9", "331.4"], ["222.9", "349.6"], ["17.3", "349.6"], ["17.3", "222.4"]], "Type": "GATE"}, {"Location": [["211.8", "228.8"], ["217.8", "228.8"], ["217.8", "325.0"], ["211.8", "325.0"]], "Type": "SD"}], "Module": "M12", "Boundary": [["223.2", "222.4"], ["223.2", "331.4"], ["222.9", "331.4"], ["222.9", "349.6"], ["10.0", "349.6"], ["10.0", "222.4"]], "Module_type": "GATE"}, {"Ports": [{"Location": [["221.7", "33.3"], ["225.8", "33.3"], ["225.8", "83.5"], ["221.7", "83.5"]], "Type": "SD"}, {"Location": [["348.4", "20.0"], ["348.4", "82.1"], ["348.1", "82.1"], ["348.1", "96.8"], ["228.4", "96.8"], ["228.4", "20.0"]], "Type": "GATE"}, {"Location": [["337.0", "26.0"], ["343.4", "26.0"], ["343.4", "76.1"], ["337.0", "76.1"]], "Type": "SD"}], "Module": "M8", "Boundary": [["348.4", "20.0"], ["348.4", "82.1"], ["348.1", "82.1"], ["348.1", "96.8"], ["221.7", "96.8"], ["221.7", "20.0"]], "Module_type": "GATE"}], "Area": [["-30.0", "-30.0"], ["794.0", "-30.0"], ["794.0", "495.4"], ["-30.0", "495.4"]], "Rules": ["GATE(5,5)", "SD(5,5)", "GATE_SD(0.5)", "GATE_ITO(0.5)", "SD_ITO(0.5)"]}