{"Modules": [{"Module": "M14", "Boundary": [["394.5", "249.9"], ["450.8", "249.9"], ["450.8", "250.1"], ["469.9", "250.1"], ["469.9", "393.2"], ["394.5", "393.2"]], "Module_type": "GATE", "Ports": [{"Location": [["409.1", "388.9"], ["455.3", "388.9"], ["455.3", "393.2"], ["409.1", "393.2"]], "Type": "SD"}, {"Location": [["394.5", "249.9"], ["450.8", "249.9"], ["450.8", "250.1"], ["469.9", "250.1"], ["469.9", "387.7"], ["394.5", "387.7"]], "Type": "GATE"}, {"Location": [["400.4", "254.8"], ["444.9", "254.8"], ["444.9", "261.2"], ["400.4", "261.2"]], "Type": "SD"}]}, {"Ports": [{"Location": [["507.9", "199.1"], ["563.6", "199.1"], ["563.6", "205.0"], ["507.9", "205.0"]], "Type": "SD"}, {"Location": [["494.9", "10.0"], ["576.6", "10.0"], ["576.6", "196.8"], ["494.9", "196.8"]], "Type": "GATE"}, {"Location": [["500.8", "14.9"], ["570.7", "14.9"], ["570.7", "20.8"], ["500.8", "20.8"]], "Type": "SD"}], "Module": "M9", "Boundary": [["494.9", "10.0"], ["576.6", "10.0"], ["576.6", "205.0"], ["494.9", "205.0"]], "Module_type": "GATE"}, {"Ports": [{"Location": [["20.0", "322.0"], ["25.0", "322.0"], ["25.0", "369.8"], ["20.0", "369.8"]], "Type": "SD"}, {"Location": [["198.4", "309.3"], ["198.4", "382.5"], ["27.2", "382.5"], ["27.2", "309.3"]], "Type": "GATE"}, {"Location": [["187.4", "315.1"], ["193.6", "315.1"], ["193.6", "376.7"], ["187.4", "376.7"]], "Type": "SD"}], "Module": "M5", "Boundary": [["198.4", "309.3"], ["198.4", "382.5"], ["20.0", "382.5"], ["20.0", "309.3"]], "Module_type": "GATE"}, {"Ports": [{"Location": [["545.2", "464.6"], ["549.9", "464.6"], ["549.9", "504.6"], ["545.2", "504.6"]], "Type": "SD"}, {"Location": [["708.1", "452.4"], ["708.1", "516.8"], ["552.2", "516.8"], ["552.2", "452.4"]], "Type": "GATE"}, {"Location": [["698.5", "458.5"], ["703.0", "458.5"], ["703.0", "510.7"], ["698.5", "510.7"]], "Type": "SD"}], "Module": "M11", "Boundary": [["708.1", "452.4"], ["708.1", "516.8"], ["545.2", "516.8"], ["545.2", "452.4"]], "Module_type": "GATE"}, {"Ports": [{"Location": [["159.3", "44.6"], ["164.9", "44.6"], ["164.9", "119.6"], ["159.3", "119.6"]], "Type": "SD"}, {"Location": [["334.5", "30.0"], ["334.5", "134.2"], ["166.3", "134.2"], ["166.3", "30.0"]], "Type": "GATE"}, {"Location": [["322.7", "36.2"], ["329.3", "36.2"], ["329.3", "128.0"], ["322.7", "128.0"]], "Type": "SD"}], "Module": "M1", "Boundary": [["334.5", "30.0"], ["334.5", "134.2"], ["159.3", "134.2"], ["159.3", "30.0"]], "Module_type": "GATE"}, {"Ports": [{"Location": [["20.5", "273.4"], ["103.2", "273.4"], ["103.2", "279.3"], ["20.5", "279.3"]], "Type": "SD"}, {"Location": [["10.0", "176.5"], ["98.7", "176.5"], ["98.7", "176.7"], ["113.7", "176.7"], ["113.7", "271.6"], ["10.0", "271.6"]], "Type": "GATE"}, {"Location": [["15.0", "180.5"], ["93.7", "180.5"], ["93.7", "185.0"], ["15.0", "185.0"]], "Type": "SD"}], "Module": "M6", "Boundary": [["10.0", "176.5"], ["98.7", "176.5"], ["98.7", "176.7"], ["113.7", "176.7"], ["113.7", "279.3"], ["10.0", "279.3"]], "Module_type": "GATE"}, {"Ports": [{"Location": [["20.0", "434.6"], ["25.7", "434.6"], ["25.7", "494.2"], ["20.0", "494.2"]], "Type": "SD"}, {"Location": [["100.8", "422.5"], ["100.8", "494.0"], ["95.6", "494.0"], ["95.6", "506.3"], ["28.2", "506.3"], ["28.2", "422.5"]], "Type": "GATE"}, {"Location": [["90.5", "427.6"], ["96.7", "427.6"], ["96.7", "487.9"], ["90.5", "487.9"]], "Type": "SD"}], "Module": "M2", "Boundary": [["100.8", "422.5"], ["100.8", "494.0"], ["95.6", "494.0"], ["95.6", "506.3"], ["20.0", "506.3"], ["20.0", "422.5"]], "Module_type": "GATE"}, {"Ports": [{"Location": [["611.3", "225.9"], ["688.6", "225.9"], ["688.6", "231.6"], ["611.3", "231.6"]], "Type": "SD"}, {"Location": [["596.6", "10.0"], ["703.3", "10.0"], ["703.3", "223.4"], ["596.6", "223.4"]], "Type": "GATE"}, {"Location": [["603.3", "15.7"], ["696.6", "15.7"], ["696.6", "21.8"], ["603.3", "21.8"]], "Type": "SD"}], "Module": "M16", "Boundary": [["596.6", "10.0"], ["703.3", "10.0"], ["703.3", "231.6"], ["596.6", "231.6"]], "Module_type": "GATE"}, {"Ports": [{"Location": [["139.3", "187.7"], ["143.6", "187.7"], ["143.6", "228.2"], ["139.3", "228.2"]], "Type": "SD"}, {"Location": [["351.9", "174.2"], ["351.9", "224.7"], ["351.7", "224.7"], ["351.7", "241.7"], ["145.5", "241.7"], ["145.5", "174.2"]], "Type": "GATE"}, {"Location": [["341.7", "179.5"], ["347.6", "179.5"], ["347.6", "219.4"], ["341.7", "219.4"]], "Type": "SD"}], "Module": "M13", "Boundary": [["351.9", "174.2"], ["351.9", "224.7"], ["351.7", "224.7"], ["351.7", "241.7"], ["139.3", "241.7"], ["139.3", "174.2"]], "Module_type": "GATE"}, {"Ports": [{"Location": [["605.6", "427.1"], ["672.5", "427.1"], ["672.5", "432.4"], ["605.6", "432.4"]], "Type": "SD"}, {"Location": [["592.8", "251.6"], ["671.1", "251.6"], ["671.1", "314.3"], ["685.3", "314.3"], ["685.3", "426.1"], ["592.8", "426.1"]], "Type": "GATE"}, {"Location": [["598.0", "255.8"], ["664.9", "255.8"], ["664.9", "262.0"], ["598.0", "262.0"]], "Type": "SD"}], "Module": "M10", "Boundary": [["592.8", "251.6"], ["671.1", "251.6"], ["671.1", "314.3"], ["685.3", "314.3"], ["685.3", "432.4"], ["592.8", "432.4"]], "Module_type": "GATE"}, {"Ports": [{"Location": [["238.4", "286.6"], ["243.5", "286.6"], ["243.5", "376.5"], ["238.4", "376.5"]], "Type": "SD"}, {"Location": [["342.6", "271.7"], ["342.6", "391.4"], ["244.7", "391.4"], ["244.7", "271.7"]], "Type": "GATE"}, {"Location": [["330.5", "278.0"], ["337.3", "278.0"], ["337.3", "385.1"], ["330.5", "385.1"]], "Type": "SD"}], "Module": "M7", "Boundary": [["342.6", "271.7"], ["342.6", "391.4"], ["238.4", "391.4"], ["238.4", "271.7"]], "Module_type": "GATE"}, {"Ports": [{"Location": [["524.2", "389.2"], ["558.5", "389.2"], ["558.5", "394.3"], ["524.2", "394.3"]], "Type": "SD"}, {"Location": [["509.9", "225.0"], ["572.8", "225.0"], ["572.8", "387.3"], ["509.9", "387.3"]], "Type": "GATE"}, {"Location": [["516.5", "230.6"], ["566.2", "230.6"], ["566.2", "237.5"], ["516.5", "237.5"]], "Type": "SD"}], "Module": "M3", "Boundary": [["509.9", "225.0"], ["572.8", "225.0"], ["572.8", "394.3"], ["509.9", "394.3"]], "Module_type": "GATE"}, {"Ports": [{"Location": [["26.1", "152.1"], ["103.2", "152.1"], ["103.2", "156.5"], ["26.1", "156.5"]], "Type": "SD"}, {"Location": [["10.0", "10.0"], ["119.3", "10.0"], ["119.3", "151.1"], ["10.0", "151.1"]], "Type": "GATE"}, {"Location": [["16.7", "15.7"], ["112.6", "15.7"], ["112.6", "22.7"], ["16.7", "22.7"]], "Type": "SD"}], "Module": "M15", "Boundary": [["10.0", "10.0"], ["119.3", "10.0"], ["119.3", "156.5"], ["10.0", "156.5"]], "Module_type": "GATE"}, {"Ports": [{"Location": [["130.8", "434.3"], ["135.0", "434.3"], ["135.0", "505.9"], ["130.8", "505.9"]], "Type": "SD"}, {"Location": [["316.8", "421.4"], ["316.8", "506.7"], ["284.4", "506.7"], ["284.4", "518.8"], ["137.1", "518.8"], ["137.1", "421.4"]], "Type": "GATE"}, {"Location": [["305.6", "427.2"], ["312.0", "427.2"], ["312.0", "499.9"], ["305.6", "499.9"]], "Type": "SD"}], "Module": "M12", "Boundary": [["316.8", "421.4"], ["316.8", "506.7"], ["284.4", "506.7"], ["284.4", "518.8"], ["130.8", "518.8"], ["130.8", "421.4"]], "Module_type": "GATE"}, {"Ports": [{"Location": [["346.8", "454.6"], ["351.0", "454.6"], ["351.0", "492.1"], ["346.8", "492.1"]], "Type": "SD"}, {"Location": [["515.2", "443.2"], ["515.2", "489.2"], ["486.0", "489.2"], ["486.0", "503.5"], ["352.7", "503.5"], ["352.7", "443.2"]], "Type": "GATE"}, {"Location": [["506.2", "448.3"], ["511.1", "448.3"], ["511.1", "483.1"], ["506.2", "483.1"]], "Type": "SD"}], "Module": "M8", "Boundary": [["515.2", "443.2"], ["515.2", "489.2"], ["486.0", "489.2"], ["486.0", "503.5"], ["346.8", "503.5"], ["346.8", "443.2"]], "Module_type": "GATE"}, {"Ports": [{"Location": [["397.9", "195.3"], ["451.5", "195.3"], ["451.5", "199.9"], ["397.9", "199.9"]], "Type": "SD"}, {"Location": [["384.5", "20.0"], ["450.5", "20.0"], ["450.5", "82.3"], ["464.9", "82.3"], ["464.9", "194.1"], ["384.5", "194.1"]], "Type": "GATE"}, {"Location": [["389.6", "24.1"], ["444.4", "24.1"], ["444.4", "31.7"], ["389.6", "31.7"]], "Type": "SD"}], "Module": "M4", "Boundary": [["384.5", "20.0"], ["450.5", "20.0"], ["450.5", "82.3"], ["464.9", "82.3"], ["464.9", "199.9"], ["384.5", "199.9"]], "Module_type": "GATE"}], "Area": [["-30.0", "-30.0"], ["748.1", "-30.0"], ["748.1", "558.8"], ["-30.0", "558.8"]], "Rules": ["GATE(5,5)", "SD(5,5)", "GATE_SD(0.5)", "GATE_ITO(0.5)", "SD_ITO(0.5)"]}