{"Modules": [{"Module": "M14", "Boundary": [["30.0", "348.5"], ["100.0", "348.5"], ["100.0", "458.1"], ["116.3", "458.1"], ["116.3", "556.9"], ["30.0", "556.9"]], "Module_type": "GATE", "Ports": [{"Location": [["43.2", "550.9"], ["103.1", "550.9"], ["103.1", "556.9"], ["43.2", "556.9"]], "Type": "SD"}, {"Location": [["30.0", "348.5"], ["100.0", "348.5"], ["100.0", "458.1"], ["116.3", "458.1"], ["116.3", "548.3"], ["30.0", "548.3"]], "Type": "GATE"}, {"Location": [["36.4", "353.9"], ["92.6", "353.9"], ["92.6", "358.9"], ["36.4", "358.9"]], "Type": "SD"}]}, {"Ports": [{"Location": [["23.9", "142.2"], ["66.0", "142.2"], ["66.0", "146.3"], ["23.9", "146.3"]], "Type": "SD"}, {"Location": [["10.0", "10.0"], ["79.9", "10.0"], ["79.9", "140.1"], ["10.0", "140.1"]], "Type": "GATE"}, {"Location": [["15.9", "14.9"], ["74.0", "14.9"], ["74.0", "20.9"], ["15.9", "20.9"]], "Type": "SD"}], "Module": "M9", "Boundary": [["10.0", "10.0"], ["79.9", "10.0"], ["79.9", "146.3"], ["10.0", "146.3"]], "Module_type": "GATE"}, {"Ports": [{"Location": [["180.1", "387.0"], ["185.4", "387.0"], ["185.4", "428.2"], ["180.1", "428.2"]], "Type": "SD"}, {"Location": [["274.7", "375.2"], ["274.7", "423.4"], ["274.6", "423.4"], ["274.6", "440.0"], ["186.5", "440.0"], ["186.5", "375.2"]], "Type": "GATE"}, {"Location": [["265.5", "380.7"], ["270.2", "380.7"], ["270.2", "417.9"], ["265.5", "417.9"]], "Type": "SD"}], "Module": "M5", "Boundary": [["274.7", "375.2"], ["274.7", "423.4"], ["274.6", "423.4"], ["274.6", "440.0"], ["180.1", "440.0"], ["180.1", "375.2"]], "Module_type": "GATE"}, {"Ports": [{"Location": [["304.7", "354.9"], ["309.6", "354.9"], ["309.6", "408.3"], ["304.7", "408.3"]], "Type": "SD"}, {"Location": [["496.3", "341.5"], ["496.3", "406.1"], ["496.2", "406.1"], ["496.2", "421.7"], ["311.1", "421.7"], ["311.1", "341.5"]], "Type": "GATE"}, {"Location": [["485.1", "346.8"], ["492.0", "346.8"], ["492.0", "400.8"], ["485.1", "400.8"]], "Type": "SD"}], "Module": "M11", "Boundary": [["496.3", "341.5"], ["496.3", "406.1"], ["496.2", "406.1"], ["496.2", "421.7"], ["304.7", "421.7"], ["304.7", "341.5"]], "Module_type": "GATE"}, {"Ports": [{"Location": [["43.4", "282.7"], ["102.3", "282.7"], ["102.3", "288.5"], ["43.4", "288.5"]], "Type": "SD"}, {"Location": [["30.0", "186.3"], ["115.7", "186.3"], ["115.7", "280.3"], ["30.0", "280.3"]], "Type": "GATE"}, {"Location": [["36.8", "192.1"], ["108.9", "192.1"], ["108.9", "198.2"], ["36.8", "198.2"]], "Type": "SD"}], "Module": "M1", "Boundary": [["30.0", "186.3"], ["115.7", "186.3"], ["115.7", "288.5"], ["30.0", "288.5"]], "Module_type": "GATE"}, {"Ports": [{"Location": [["445.4", "102.0"], ["492.2", "102.0"], ["492.2", "106.4"], ["445.4", "106.4"]], "Type": "SD"}, {"Location": [["433.1", "10.0"], ["492.2", "10.0"], ["492.2", "53.6"], ["504.5", "53.6"], ["504.5", "100.6"], ["433.1", "100.6"]], "Type": "GATE"}, {"Location": [["439.7", "15.6"], ["484.6", "15.6"], ["484.6", "20.6"], ["439.7", "20.6"]], "Type": "SD"}], "Module": "M6", "Boundary": [["433.1", "10.0"], ["492.2", "10.0"], ["492.2", "53.6"], ["504.5", "53.6"], ["504.5", "106.4"], ["433.1", "106.4"]], "Module_type": "GATE"}, {"Ports": [{"Location": [["180.1", "32.0"], ["184.3", "32.0"], ["184.3", "81.1"], ["180.1", "81.1"]], "Type": "SD"}, {"Location": [["403.1", "20.0"], ["403.1", "80.0"], ["303.3", "80.0"], ["303.3", "93.1"], ["187.1", "93.1"], ["187.1", "20.0"]], "Type": "GATE"}, {"Location": [["392.8", "25.5"], ["398.6", "25.5"], ["398.6", "73.5"], ["392.8", "73.5"]], "Type": "SD"}], "Module": "M2", "Boundary": [["403.1", "20.0"], ["403.1", "80.0"], ["303.3", "80.0"], ["303.3", "93.1"], ["180.1", "93.1"], ["180.1", "20.0"]], "Module_type": "GATE"}, {"Ports": [{"Location": [["376.0", "680.3"], ["473.3", "680.3"], ["473.3", "686.1"], ["376.0", "686.1"]], "Type": "SD"}, {"Location": [["362.5", "584.1"], ["469.8", "584.1"], ["469.8", "607.9"], ["486.8", "607.9"], ["486.8", "678.4"], ["362.5", "678.4"]], "Type": "GATE"}, {"Location": [["367.8", "588.4"], ["463.5", "588.4"], ["463.5", "594.3"], ["367.8", "594.3"]], "Type": "SD"}], "Module": "M16", "Boundary": [["362.5", "584.1"], ["469.8", "584.1"], ["469.8", "607.9"], ["486.8", "607.9"], ["486.8", "686.1"], ["362.5", "686.1"]], "Module_type": "GATE"}, {"Ports": [{"Location": [["170.1", "483.8"], ["175.8", "483.8"], ["175.8", "550.0"], ["170.1", "550.0"]], "Type": "SD"}, {"Location": [["343.4", "470.0"], ["343.4", "548.9"], ["343.2", "548.9"], ["343.2", "563.8"], ["177.9", "563.8"], ["177.9", "470.0"]], "Type": "GATE"}, {"Location": [["332.1", "476.6"], ["337.8", "476.6"], ["337.8", "542.3"], ["332.1", "542.3"]], "Type": "SD"}], "Module": "M13", "Boundary": [["343.4", "470.0"], ["343.4", "548.9"], ["343.2", "548.9"], ["343.2", "563.8"], ["170.1", "563.8"], ["170.1", "470.0"]], "Module_type": "GATE"}, {"Ports": [{"Location": [["156.3", "596.9"], ["160.5", "596.9"], ["160.5", "673.6"], ["156.3", "673.6"]], "Type": "SD"}, {"Location": [["342.5", "583.8"], ["342.5", "673.6"], ["229.7", "673.6"], ["229.7", "686.7"], ["162.5", "686.7"], ["162.5", "583.8"]], "Type": "GATE"}, {"Location": [["331.1", "590.3"], ["337.0", "590.3"], ["337.0", "666.1"], ["331.1", "666.1"]], "Type": "SD"}], "Module": "M10", "Boundary": [["342.5", "583.8"], ["342.5", "673.6"], ["229.7", "673.6"], ["229.7", "686.7"], ["156.3", "686.7"], ["156.3", "583.8"]], "Module_type": "GATE"}, {"Ports": [{"Location": [["20.0", "621.1"], ["25.2", "621.1"], ["25.2", "662.0"], ["20.0", "662.0"]], "Type": "SD"}, {"Location": [["98.5", "606.9"], ["98.5", "676.2"], ["27.1", "676.2"], ["27.1", "606.9"]], "Type": "GATE"}, {"Location": [["87.8", "612.5"], ["93.9", "612.5"], ["93.9", "670.6"], ["87.8", "670.6"]], "Type": "SD"}], "Module": "M7", "Boundary": [["98.5", "606.9"], ["98.5", "676.2"], ["20.0", "676.2"], ["20.0", "606.9"]], "Module_type": "GATE"}, {"Ports": [{"Location": [["112.8", "103.1"], ["137.2", "103.1"], ["137.2", "108.1"], ["112.8", "108.1"]], "Type": "SD"}, {"Location": [["99.9", "10.0"], ["150.1", "10.0"], ["150.1", "100.4"], ["99.9", "100.4"]], "Type": "GATE"}, {"Location": [["105.5", "14.6"], ["144.5", "14.6"], ["144.5", "20.2"], ["105.5", "20.2"]], "Type": "SD"}], "Module": "M3", "Boundary": [["99.9", "10.0"], ["150.1", "10.0"], ["150.1", "108.1"], ["99.9", "108.1"]], "Module_type": "GATE"}, {"Ports": [{"Location": [["416.7", "307.7"], ["489.6", "307.7"], ["489.6", "312.5"], ["416.7", "312.5"]], "Type": "SD"}, {"Location": [["402.1", "126.4"], ["487.7", "126.4"], ["487.7", "126.6"], ["504.2", "126.6"], ["504.2", "305.6"], ["402.1", "305.6"]], "Type": "GATE"}, {"Location": [["408.7", "132.0"], ["481.1", "132.0"], ["481.1", "138.5"], ["408.7", "138.5"]], "Type": "SD"}], "Module": "M15", "Boundary": [["402.1", "126.4"], ["487.7", "126.4"], ["487.7", "126.6"], ["504.2", "126.6"], ["504.2", "312.5"], ["402.1", "312.5"]], "Module_type": "GATE"}, {"Ports": [{"Location": [["182.8", "340.7"], ["260.8", "340.7"], ["260.8", "345.2"], ["182.8", "345.2"]], "Type": "SD"}, {"Location": [["170.1", "123.1"], ["260.4", "123.1"], ["260.4", "241.7"], ["273.5", "241.7"], ["273.5", "338.9"], ["170.1", "338.9"]], "Type": "GATE"}, {"Location": [["176.8", "128.8"], ["252.7", "128.8"], ["252.7", "134.1"], ["176.8", "134.1"]], "Type": "SD"}], "Module": "M12", "Boundary": [["170.1", "123.1"], ["260.4", "123.1"], ["260.4", "241.7"], ["273.5", "241.7"], ["273.5", "345.2"], ["170.1", "345.2"]], "Module_type": "GATE"}, {"Ports": [{"Location": [["316.5", "305.8"], ["359.1", "305.8"], ["359.1", "311.5"], ["316.5", "311.5"]], "Type": "SD"}, {"Location": [["303.5", "133.1"], ["355.7", "133.1"], ["355.7", "209.9"], ["372.1", "209.9"], ["372.1", "303.3"], ["303.5", "303.3"]], "Type": "GATE"}, {"Location": [["309.6", "138.2"], ["348.6", "138.2"], ["348.6", "143.3"], ["309.6", "143.3"]], "Type": "SD"}], "Module": "M8", "Boundary": [["303.5", "133.1"], ["355.7", "133.1"], ["355.7", "209.9"], ["372.1", "209.9"], ["372.1", "311.5"], ["303.5", "311.5"]], "Module_type": "GATE"}], "Area": [["-30.0", "-30.0"], ["544.5", "-30.0"], ["544.5", "726.7"], ["-30.0", "726.7"]], "Rules": ["GATE(5,5)", "SD(5,5)", "GATE_SD(0.5)", "GATE_ITO(0.5)", "SD_ITO(0.5)"]}