{"Modules": [{"Module": "M14", "Boundary": [["407.9", "298.8"], ["407.9", "351.4"], ["327.3", "351.4"], ["327.3", "366.4"], ["248.2", "366.4"], ["248.2", "298.8"]], "Module_type": "GATE", "Ports": [{"Location": [["248.2", "312.6"], ["252.9", "312.6"], ["252.9", "352.6"], ["248.2", "352.6"]], "Type": "SD"}, {"Location": [["407.9", "298.8"], ["407.9", "351.4"], ["327.3", "351.4"], ["327.3", "366.4"], ["255.4", "366.4"], ["255.4", "298.8"]], "Type": "GATE"}, {"Location": [["397.4", "304.1"], ["403.6", "304.1"], ["403.6", "344.1"], ["397.4", "344.1"]], "Type": "SD"}]}, {"Ports": [{"Location": [["23.0", "439.5"], ["99.9", "439.5"], ["99.9", "445.1"], ["23.0", "445.1"]], "Type": "SD"}, {"Location": [["10.0", "255.5"], ["112.9", "255.5"], ["112.9", "437.7"], ["10.0", "437.7"]], "Type": "GATE"}, {"Location": [["15.4", "259.9"], ["107.5", "259.9"], ["107.5", "265.9"], ["15.4", "265.9"]], "Type": "SD"}], "Module": "M9", "Boundary": [["10.0", "255.5"], ["112.9", "255.5"], ["112.9", "445.1"], ["10.0", "445.1"]], "Module_type": "GATE"}, {"Ports": [{"Location": [["324.1", "767.1"], ["404.7", "767.1"], ["404.7", "773.0"], ["324.1", "773.0"]], "Type": "SD"}, {"Location": [["310.5", "624.0"], ["403.4", "624.0"], ["403.4", "624.5"], ["418.3", "624.5"], ["418.3", "765.1"], ["310.5", "765.1"]], "Type": "GATE"}, {"Location": [["317.0", "629.5"], ["396.9", "629.5"], ["396.9", "635.0"], ["317.0", "635.0"]], "Type": "SD"}], "Module": "M5", "Boundary": [["310.5", "624.0"], ["403.4", "624.0"], ["403.4", "624.5"], ["418.3", "624.5"], ["418.3", "773.0"], ["310.5", "773.0"]], "Module_type": "GATE"}, {"Ports": [{"Location": [["146.7", "476.0"], ["195.4", "476.0"], ["195.4", "480.7"], ["146.7", "480.7"]], "Type": "SD"}, {"Location": [["133.9", "255.5"], ["194.0", "255.5"], ["194.0", "255.8"], ["208.2", "255.8"], ["208.2", "474.2"], ["133.9", "474.2"]], "Type": "GATE"}, {"Location": [["140.3", "260.9"], ["187.6", "260.9"], ["187.6", "266.6"], ["140.3", "266.6"]], "Type": "SD"}], "Module": "M11", "Boundary": [["133.9", "255.5"], ["194.0", "255.5"], ["194.0", "255.8"], ["208.2", "255.8"], ["208.2", "480.7"], ["133.9", "480.7"]], "Module_type": "GATE"}, {"Ports": [{"Location": [["313.2", "233.1"], ["386.1", "233.1"], ["386.1", "238.8"], ["313.2", "238.8"]], "Type": "SD"}, {"Location": [["298.1", "30.0"], ["401.2", "30.0"], ["401.2", "231.1"], ["298.1", "231.1"]], "Type": "GATE"}, {"Location": [["304.4", "35.3"], ["394.9", "35.3"], ["394.9", "42.0"], ["304.4", "42.0"]], "Type": "SD"}], "Module": "M1", "Boundary": [["298.1", "30.0"], ["401.2", "30.0"], ["401.2", "238.8"], ["298.1", "238.8"]], "Module_type": "GATE"}, {"Ports": [{"Location": [["300.5", "816.4"], ["306.1", "816.4"], ["306.1", "854.3"], ["300.5", "854.3"]], "Type": "SD"}, {"Location": [["420.6", "803.0"], ["420.6", "853.6"], ["401.8", "853.6"], ["401.8", "867.7"], ["307.6", "867.7"], ["307.6", "803.0"]], "Type": "GATE"}, {"Location": [["409.3", "809.5"], ["415.1", "809.5"], ["415.1", "846.1"], ["409.3", "846.1"]], "Type": "SD"}], "Module": "M6", "Boundary": [["420.6", "803.0"], ["420.6", "853.6"], ["401.8", "853.6"], ["401.8", "867.7"], ["300.5", "867.7"], ["300.5", "803.0"]], "Module_type": "GATE"}, {"Ports": [{"Location": [["199.3", "854.1"], ["258.1", "854.1"], ["258.1", "858.4"], ["199.3", "858.4"]], "Type": "SD"}, {"Location": [["186.9", "668.8"], ["258.3", "668.8"], ["258.3", "768.6"], ["270.5", "768.6"], ["270.5", "853.0"], ["186.9", "853.0"]], "Type": "GATE"}, {"Location": [["192.9", "673.8"], ["251.3", "673.8"], ["251.3", "679.4"], ["192.9", "679.4"]], "Type": "SD"}], "Module": "M2", "Boundary": [["186.9", "668.8"], ["258.3", "668.8"], ["258.3", "768.6"], ["270.5", "768.6"], ["270.5", "858.4"], ["186.9", "858.4"]], "Module_type": "GATE"}, {"Ports": [{"Location": [["23.0", "205.9"], ["56.9", "205.9"], ["56.9", "209.9"], ["23.0", "209.9"]], "Type": "SD"}, {"Location": [["10.0", "10.0"], ["57.2", "10.0"], ["57.2", "133.7"], ["69.9", "133.7"], ["69.9", "203.9"], ["10.0", "203.9"]], "Type": "GATE"}, {"Location": [["15.9", "14.9"], ["50.3", "14.9"], ["50.3", "21.1"], ["15.9", "21.1"]], "Type": "SD"}], "Module": "M16", "Boundary": [["10.0", "10.0"], ["57.2", "10.0"], ["57.2", "133.7"], ["69.9", "133.7"], ["69.9", "209.9"], ["10.0", "209.9"]], "Module_type": "GATE"}, {"Ports": [{"Location": [["281.8", "521.8"], ["287.1", "521.8"], ["287.1", "580.1"], ["281.8", "580.1"]], "Type": "SD"}, {"Location": [["432.9", "507.9"], ["432.9", "594.0"], ["289.1", "594.0"], ["289.1", "507.9"]], "Type": "GATE"}, {"Location": [["421.6", "513.2"], ["428.6", "513.2"], ["428.6", "588.7"], ["421.6", "588.7"]], "Type": "SD"}], "Module": "M13", "Boundary": [["432.9", "507.9"], ["432.9", "594.0"], ["281.8", "594.0"], ["281.8", "507.9"]], "Module_type": "GATE"}, {"Ports": [{"Location": [["228.2", "418.6"], ["234.0", "418.6"], ["234.0", "475.7"], ["228.2", "475.7"]], "Type": "SD"}, {"Location": [["390.5", "406.4"], ["390.5", "472.4"], ["362.4", "472.4"], ["362.4", "487.9"], ["236.7", "487.9"], ["236.7", "406.4"]], "Type": "GATE"}, {"Location": [["381.0", "411.6"], ["386.3", "411.6"], ["386.3", "466.2"], ["381.0", "466.2"]], "Type": "SD"}], "Module": "M10", "Boundary": [["390.5", "406.4"], ["390.5", "472.4"], ["362.4", "472.4"], ["362.4", "487.9"], ["228.2", "487.9"], ["228.2", "406.4"]], "Module_type": "GATE"}, {"Ports": [{"Location": [["99.9", "31.7"], ["105.0", "31.7"], ["105.0", "82.1"], ["99.9", "82.1"]], "Type": "SD"}, {"Location": [["248.1", "20.0"], ["248.1", "79.3"], ["247.8", "79.3"], ["247.8", "93.8"], ["107.9", "93.8"], ["107.9", "20.0"]], "Type": "GATE"}, {"Location": [["238.2", "25.5"], ["243.6", "25.5"], ["243.6", "73.8"], ["238.2", "73.8"]], "Type": "SD"}], "Module": "M7", "Boundary": [["248.1", "20.0"], ["248.1", "79.3"], ["247.8", "79.3"], ["247.8", "93.8"], ["99.9", "93.8"], ["99.9", "20.0"]], "Module_type": "GATE"}, {"Ports": [{"Location": [["10.0", "479.9"], ["15.2", "479.9"], ["15.2", "506.6"], ["10.0", "506.6"]], "Type": "SD"}, {"Location": [["93.4", "465.1"], ["93.4", "502.3"], ["93.2", "502.3"], ["93.2", "521.4"], ["16.2", "521.4"], ["16.2", "465.1"]], "Type": "GATE"}, {"Location": [["81.9", "471.0"], ["88.5", "471.0"], ["88.5", "496.4"], ["81.9", "496.4"]], "Type": "SD"}], "Module": "M3", "Boundary": [["93.4", "465.1"], ["93.4", "502.3"], ["93.2", "502.3"], ["93.2", "521.4"], ["10.0", "521.4"], ["10.0", "465.1"]], "Module_type": "GATE"}, {"Ports": [{"Location": [["23.1", "714.3"], ["100.8", "714.3"], ["100.8", "718.5"], ["23.1", "718.5"]], "Type": "SD"}, {"Location": [["10.0", "541.4"], ["96.4", "541.4"], ["96.4", "541.6"], ["113.9", "541.6"], ["113.9", "712.8"], ["10.0", "712.8"]], "Type": "GATE"}, {"Location": [["15.1", "545.5"], ["91.3", "545.5"], ["91.3", "551.7"], ["15.1", "551.7"]], "Type": "SD"}], "Module": "M15", "Boundary": [["10.0", "541.4"], ["96.4", "541.4"], ["96.4", "541.6"], ["113.9", "541.6"], ["113.9", "718.5"], ["10.0", "718.5"]], "Module_type": "GATE"}, {"Ports": [{"Location": [["10.0", "751.3"], ["15.0", "751.3"], ["15.0", "845.2"], ["10.0", "845.2"]], "Type": "SD"}, {"Location": [["156.9", "738.5"], ["156.9", "841.8"], ["70.8", "841.8"], ["70.8", "858.0"], ["17.1", "858.0"], ["17.1", "738.5"]], "Type": "GATE"}, {"Location": [["146.6", "744.0"], ["152.4", "744.0"], ["152.4", "835.3"], ["146.6", "835.3"]], "Type": "SD"}], "Module": "M12", "Boundary": [["156.9", "738.5"], ["156.9", "841.8"], ["70.8", "841.8"], ["70.8", "858.0"], ["10.0", "858.0"], ["10.0", "738.5"]], "Module_type": "GATE"}, {"Ports": [{"Location": [["160.0", "624.1"], ["235.7", "624.1"], ["235.7", "628.8"], ["160.0", "628.8"]], "Type": "SD"}, {"Location": [["143.9", "517.9"], ["235.5", "517.9"], ["235.5", "560.0"], ["251.8", "560.0"], ["251.8", "622.8"], ["143.9", "622.8"]], "Type": "GATE"}, {"Location": [["150.7", "523.7"], ["227.7", "523.7"], ["227.7", "530.7"], ["150.7", "530.7"]], "Type": "SD"}], "Module": "M8", "Boundary": [["143.9", "517.9"], ["235.5", "517.9"], ["235.5", "560.0"], ["251.8", "560.0"], ["251.8", "628.8"], ["143.9", "628.8"]], "Module_type": "GATE"}], "Area": [["-30.0", "-30.0"], ["472.9", "-30.0"], ["472.9", "907.7"], ["-30.0", "907.7"]], "Rules": ["GATE(5,5)", "SD(5,5)", "GATE_SD(0.5)", "GATE_ITO(0.5)", "SD_ITO(0.5)"]}