{"Modules": [{"Module": "M14", "Boundary": [["537.8", "30.0"], ["620.2", "30.0"], ["620.2", "30.3"], ["636.6", "30.3"], ["636.6", "202.3"], ["537.8", "202.3"]], "Module_type": "GATE", "Ports": [{"Location": [["551.0", "198.0"], ["623.4", "198.0"], ["623.4", "202.3"], ["551.0", "202.3"]], "Type": "SD"}, {"Location": [["537.8", "30.0"], ["620.2", "30.0"], ["620.2", "30.3"], ["636.6", "30.3"], ["636.6", "195.1"], ["537.8", "195.1"]], "Type": "GATE"}, {"Location": [["543.4", "34.6"], ["614.6", "34.6"], ["614.6", "39.9"], ["543.4", "39.9"]], "Type": "SD"}]}, {"Ports": [{"Location": [["24.8", "342.8"], ["119.5", "342.8"], ["119.5", "347.4"], ["24.8", "347.4"]], "Type": "SD"}, {"Location": [["10.0", "123.7"], ["116.9", "123.7"], ["116.9", "124.0"], ["134.3", "124.0"], ["134.3", "340.7"], ["10.0", "340.7"]], "Type": "GATE"}, {"Location": [["16.6", "129.3"], ["110.3", "129.3"], ["110.3", "135.2"], ["16.6", "135.2"]], "Type": "SD"}], "Module": "M9", "Boundary": [["10.0", "123.7"], ["116.9", "123.7"], ["116.9", "124.0"], ["134.3", "124.0"], ["134.3", "347.4"], ["10.0", "347.4"]], "Module_type": "GATE"}, {"Ports": [{"Location": [["244.1", "471.7"], ["248.5", "471.7"], ["248.5", "513.4"], ["244.1", "513.4"]], "Type": "SD"}, {"Location": [["460.2", "455.9"], ["460.2", "529.2"], ["251.3", "529.2"], ["251.3", "455.9"]], "Type": "GATE"}, {"Location": [["447.9", "462.7"], ["454.4", "462.7"], ["454.4", "522.4"], ["447.9", "522.4"]], "Type": "SD"}], "Module": "M5", "Boundary": [["460.2", "455.9"], ["460.2", "529.2"], ["244.1", "529.2"], ["244.1", "455.9"]], "Module_type": "GATE"}, {"Ports": [{"Location": [["166.7", "294.8"], ["234.6", "294.8"], ["234.6", "300.1"], ["166.7", "300.1"]], "Type": "SD"}, {"Location": [["154.3", "123.7"], ["231.7", "123.7"], ["231.7", "123.8"], ["247.0", "123.8"], ["247.0", "291.9"], ["154.3", "291.9"]], "Type": "GATE"}, {"Location": [["160.5", "128.9"], ["225.5", "128.9"], ["225.5", "133.4"], ["160.5", "133.4"]], "Type": "SD"}], "Module": "M11", "Boundary": [["154.3", "123.7"], ["231.7", "123.7"], ["231.7", "123.8"], ["247.0", "123.8"], ["247.0", "300.1"], ["154.3", "300.1"]], "Module_type": "GATE"}, {"Ports": [{"Location": [["42.4", "499.6"], ["78.6", "499.6"], ["78.6", "505.1"], ["42.4", "505.1"]], "Type": "SD"}, {"Location": [["30.0", "387.4"], ["91.0", "387.4"], ["91.0", "498.5"], ["30.0", "498.5"]], "Type": "GATE"}, {"Location": [["36.4", "392.8"], ["84.6", "392.8"], ["84.6", "398.0"], ["36.4", "398.0"]], "Type": "SD"}], "Module": "M1", "Boundary": [["30.0", "387.4"], ["91.0", "387.4"], ["91.0", "505.1"], ["30.0", "505.1"]], "Module_type": "GATE"}, {"Ports": [{"Location": [["509.3", "255.6"], ["513.4", "255.6"], ["513.4", "290.3"], ["509.3", "290.3"]], "Type": "SD"}, {"Location": [["625.8", "242.3"], ["625.8", "289.3"], ["625.6", "289.3"], ["625.6", "303.6"], ["515.5", "303.6"], ["515.5", "242.3"]], "Type": "GATE"}, {"Location": [["614.8", "248.1"], ["621.0", "248.1"], ["621.0", "283.5"], ["614.8", "283.5"]], "Type": "SD"}], "Module": "M6", "Boundary": [["625.8", "242.3"], ["625.8", "289.3"], ["625.6", "289.3"], ["625.6", "303.6"], ["509.3", "303.6"], ["509.3", "242.3"]], "Module_type": "GATE"}, {"Ports": [{"Location": [["337.8", "149.1"], ["372.8", "149.1"], ["372.8", "153.8"], ["337.8", "153.8"]], "Type": "SD"}, {"Location": [["324.3", "20.0"], ["372.0", "20.0"], ["372.0", "20.2"], ["386.3", "20.2"], ["386.3", "147.3"], ["324.3", "147.3"]], "Type": "GATE"}, {"Location": [["330.1", "24.8"], ["366.2", "24.8"], ["366.2", "32.0"], ["330.1", "32.0"]], "Type": "SD"}], "Module": "M2", "Boundary": [["324.3", "20.0"], ["372.0", "20.0"], ["372.0", "20.2"], ["386.3", "20.2"], ["386.3", "153.8"], ["324.3", "153.8"]], "Module_type": "GATE"}, {"Ports": [{"Location": [["131.0", "449.2"], ["136.0", "449.2"], ["136.0", "523.7"], ["131.0", "523.7"]], "Type": "SD"}, {"Location": [["214.1", "436.2"], ["214.1", "519.9"], ["213.9", "519.9"], ["213.9", "536.7"], ["137.3", "536.7"], ["137.3", "436.2"]], "Type": "GATE"}, {"Location": [["204.1", "442.1"], ["209.2", "442.1"], ["209.2", "514.0"], ["204.1", "514.0"]], "Type": "SD"}], "Module": "M16", "Boundary": [["214.1", "436.2"], ["214.1", "519.9"], ["213.9", "519.9"], ["213.9", "536.7"], ["131.0", "536.7"], ["131.0", "436.2"]], "Module_type": "GATE"}, {"Ports": [{"Location": [["431.1", "136.5"], ["483.0", "136.5"], ["483.0", "140.6"], ["431.1", "140.6"]], "Type": "SD"}, {"Location": [["416.3", "10.0"], ["482.7", "10.0"], ["482.7", "10.0"], ["497.8", "10.0"], ["497.8", "133.8"], ["416.3", "133.8"]], "Type": "GATE"}, {"Location": [["422.9", "15.6"], ["476.1", "15.6"], ["476.1", "22.8"], ["422.9", "22.8"]], "Type": "SD"}], "Module": "M13", "Boundary": [["416.3", "10.0"], ["482.7", "10.0"], ["482.7", "10.0"], ["497.8", "10.0"], ["497.8", "140.6"], ["416.3", "140.6"]], "Module_type": "GATE"}, {"Ports": [{"Location": [["94.6", "23.0"], ["100.1", "23.0"], ["100.1", "90.7"], ["94.6", "90.7"]], "Type": "SD"}, {"Location": [["294.3", "10.0"], ["294.3", "88.3"], ["294.1", "88.3"], ["294.1", "103.7"], ["103.0", "103.7"], ["103.0", "10.0"]], "Type": "GATE"}, {"Location": [["284.0", "15.5"], ["289.8", "15.5"], ["289.8", "82.8"], ["284.0", "82.8"]], "Type": "SD"}], "Module": "M10", "Boundary": [["294.3", "10.0"], ["294.3", "88.3"], ["294.1", "88.3"], ["294.1", "103.7"], ["94.6", "103.7"], ["94.6", "10.0"]], "Module_type": "GATE"}, {"Ports": [{"Location": [["277.0", "205.6"], ["281.8", "205.6"], ["281.8", "284.4"], ["277.0", "284.4"]], "Type": "SD"}, {"Location": [["479.3", "193.8"], ["479.3", "281.9"], ["479.0", "281.9"], ["479.0", "296.2"], ["283.4", "296.2"], ["283.4", "193.8"]], "Type": "GATE"}, {"Location": [["469.2", "200.1"], ["474.0", "200.1"], ["474.0", "275.6"], ["469.2", "275.6"]], "Type": "SD"}], "Module": "M7", "Boundary": [["479.3", "193.8"], ["479.3", "281.9"], ["479.0", "281.9"], ["479.0", "296.2"], ["277.0", "296.2"], ["277.0", "193.8"]], "Module_type": "GATE"}, {"Ports": [{"Location": [["22.3", "86.4"], ["62.3", "86.4"], ["62.3", "91.6"], ["22.3", "91.6"]], "Type": "SD"}, {"Location": [["10.0", "10.0"], ["58.0", "10.0"], ["58.0", "10.2"], ["74.6", "10.2"], ["74.6", "84.8"], ["10.0", "84.8"]], "Type": "GATE"}, {"Location": [["15.1", "14.1"], ["52.9", "14.1"], ["52.9", "19.0"], ["15.1", "19.0"]], "Type": "SD"}], "Module": "M3", "Boundary": [["10.0", "10.0"], ["58.0", "10.0"], ["58.0", "10.2"], ["74.6", "10.2"], ["74.6", "91.6"], ["10.0", "91.6"]], "Module_type": "GATE"}, {"Ports": [{"Location": [["350.0", "420.9"], ["400.9", "420.9"], ["400.9", "425.9"], ["350.0", "425.9"]], "Type": "SD"}, {"Location": [["337.0", "326.2"], ["399.2", "326.2"], ["399.2", "326.4"], ["413.9", "326.4"], ["413.9", "418.0"], ["337.0", "418.0"]], "Type": "GATE"}, {"Location": [["342.3", "330.5"], ["393.9", "330.5"], ["393.9", "337.4"], ["342.3", "337.4"]], "Type": "SD"}], "Module": "M15", "Boundary": [["337.0", "326.2"], ["399.2", "326.2"], ["399.2", "326.4"], ["413.9", "326.4"], ["413.9", "425.9"], ["337.0", "425.9"]], "Module_type": "GATE"}, {"Ports": [{"Location": [["490.2", "449.7"], ["495.8", "449.7"], ["495.8", "521.2"], ["490.2", "521.2"]], "Type": "SD"}, {"Location": [["655.9", "436.3"], ["655.9", "534.6"], ["498.7", "534.6"], ["498.7", "436.3"]], "Type": "GATE"}, {"Location": [["644.1", "443.1"], ["650.1", "443.1"], ["650.1", "527.8"], ["644.1", "527.8"]], "Type": "SD"}], "Module": "M12", "Boundary": [["655.9", "436.3"], ["655.9", "534.6"], ["490.2", "534.6"], ["490.2", "436.3"]], "Module_type": "GATE"}, {"Ports": [{"Location": [["443.9", "350.9"], ["449.6", "350.9"], ["449.6", "391.6"], ["443.9", "391.6"]], "Type": "SD"}, {"Location": [["649.7", "336.2"], ["649.7", "389.4"], ["649.6", "389.4"], ["649.6", "406.3"], ["452.5", "406.3"], ["452.5", "336.2"]], "Type": "GATE"}, {"Location": [["638.0", "342.6"], ["644.3", "342.6"], ["644.3", "383.0"], ["638.0", "383.0"]], "Type": "SD"}], "Module": "M8", "Boundary": [["649.7", "336.2"], ["649.7", "389.4"], ["649.6", "389.4"], ["649.6", "406.3"], ["443.9", "406.3"], ["443.9", "336.2"]], "Module_type": "GATE"}], "Area": [["-30.0", "-30.0"], ["695.9", "-30.0"], ["695.9", "576.7"], ["-30.0", "576.7"]], "Rules": ["GATE(5,5)", "SD(5,5)", "GATE_SD(0.5)", "GATE_ITO(0.5)", "SD_ITO(0.5)"]}