{"Modules": [{"Module": "M14", "Boundary": [["30.0", "107.1"], ["93.3", "107.1"], ["93.3", "177.2"], ["30.0", "177.2"]], "Module_type": "GATE", "Ports": [{"Location": [["44.6", "171.5"], ["78.7", "171.5"], ["78.7", "177.2"], ["44.6", "177.2"]], "Type": "SD"}, {"Location": [["30.0", "107.1"], ["93.3", "107.1"], ["93.3", "170.1"], ["30.0", "170.1"]], "Type": "GATE"}, {"Location": [["36.4", "112.5"], ["86.9", "112.5"], ["86.9", "120.2"], ["36.4", "120.2"]], "Type": "SD"}]}, {"Ports": [{"Location": [["501.7", "166.4"], ["554.3", "166.4"], ["554.3", "170.9"], ["501.7", "170.9"]], "Type": "SD"}, {"Location": [["489.3", "10.0"], ["551.3", "10.0"], ["551.3", "10.3"], ["566.7", "10.3"], ["566.7", "163.6"], ["489.3", "163.6"]], "Type": "GATE"}, {"Location": [["494.5", "14.2"], ["546.1", "14.2"], ["546.1", "20.4"], ["494.5", "20.4"]], "Type": "SD"}], "Module": "M9", "Boundary": [["489.3", "10.0"], ["551.3", "10.0"], ["551.3", "10.3"], ["566.7", "10.3"], ["566.7", "170.9"], ["489.3", "170.9"]], "Module_type": "GATE"}, {"Ports": [{"Location": [["499.3", "215.8"], ["503.7", "215.8"], ["503.7", "238.2"], ["499.3", "238.2"]], "Type": "SD"}, {"Location": [["671.3", "200.9"], ["671.3", "253.1"], ["506.6", "253.1"], ["506.6", "200.9"]], "Type": "GATE"}, {"Location": [["658.8", "207.1"], ["666.1", "207.1"], ["666.1", "246.9"], ["658.8", "246.9"]], "Type": "SD"}], "Module": "M5", "Boundary": [["671.3", "200.9"], ["671.3", "253.1"], ["499.3", "253.1"], ["499.3", "200.9"]], "Module_type": "GATE"}, {"Ports": [{"Location": [["10.0", "20.4"], ["15.4", "20.4"], ["15.4", "56.7"], ["10.0", "56.7"]], "Type": "SD"}, {"Location": [["234.9", "10.0"], ["234.9", "67.1"], ["16.7", "67.1"], ["16.7", "10.0"]], "Type": "GATE"}, {"Location": [["226.2", "15.1"], ["230.8", "15.1"], ["230.8", "62.0"], ["226.2", "62.0"]], "Type": "SD"}], "Module": "M11", "Boundary": [["234.9", "10.0"], ["234.9", "67.1"], ["10.0", "67.1"], ["10.0", "10.0"]], "Module_type": "GATE"}, {"Ports": [{"Location": [["274.9", "232.9"], ["279.1", "232.9"], ["279.1", "303.7"], ["274.9", "303.7"]], "Type": "SD"}, {"Location": [["347.3", "217.5"], ["347.3", "319.1"], ["281.3", "319.1"], ["281.3", "217.5"]], "Type": "GATE"}, {"Location": [["334.9", "224.1"], ["341.7", "224.1"], ["341.7", "312.5"], ["334.9", "312.5"]], "Type": "SD"}], "Module": "M1", "Boundary": [["347.3", "217.5"], ["347.3", "319.1"], ["274.9", "319.1"], ["274.9", "217.5"]], "Module_type": "GATE"}, {"Ports": [{"Location": [["489.3", "298.3"], ["494.3", "298.3"], ["494.3", "340.0"], ["489.3", "340.0"]], "Type": "SD"}, {"Location": [["702.5", "283.1"], ["702.5", "355.2"], ["496.3", "355.2"], ["496.3", "283.1"]], "Type": "GATE"}, {"Location": [["690.5", "289.6"], ["697.0", "289.6"], ["697.0", "348.7"], ["690.5", "348.7"]], "Type": "SD"}], "Module": "M6", "Boundary": [["702.5", "283.1"], ["702.5", "355.2"], ["489.3", "355.2"], ["489.3", "283.1"]], "Module_type": "GATE"}, {"Ports": [{"Location": [["20.0", "401.6"], ["24.2", "401.6"], ["24.2", "489.9"], ["20.0", "489.9"]], "Type": "SD"}, {"Location": [["209.1", "387.5"], ["209.1", "487.9"], ["208.7", "487.9"], ["208.7", "504.0"], ["25.4", "504.0"], ["25.4", "387.5"]], "Type": "GATE"}, {"Location": [["197.2", "393.9"], ["203.7", "393.9"], ["203.7", "481.5"], ["197.2", "481.5"]], "Type": "SD"}], "Module": "M2", "Boundary": [["209.1", "387.5"], ["209.1", "487.9"], ["208.7", "487.9"], ["208.7", "504.0"], ["20.0", "504.0"], ["20.0", "387.5"]], "Module_type": "GATE"}, {"Ports": [{"Location": [["600.8", "157.9"], ["682.6", "157.9"], ["682.6", "163.5"], ["600.8", "163.5"]], "Type": "SD"}, {"Location": [["586.7", "10.0"], ["696.7", "10.0"], ["696.7", "155.0"], ["586.7", "155.0"]], "Type": "GATE"}, {"Location": [["592.9", "15.2"], ["690.5", "15.2"], ["690.5", "22.2"], ["592.9", "22.2"]], "Type": "SD"}], "Module": "M16", "Boundary": [["586.7", "10.0"], ["696.7", "10.0"], ["696.7", "163.5"], ["586.7", "163.5"]], "Module_type": "GATE"}, {"Ports": [{"Location": [["24.4", "352.7"], ["101.6", "352.7"], ["101.6", "357.5"], ["24.4", "357.5"]], "Type": "SD"}, {"Location": [["10.0", "217.2"], ["98.5", "217.2"], ["98.5", "217.4"], ["116.0", "217.4"], ["116.0", "351.5"], ["10.0", "351.5"]], "Type": "GATE"}, {"Location": [["16.6", "222.8"], ["91.9", "222.8"], ["91.9", "228.7"], ["16.6", "228.7"]], "Type": "SD"}], "Module": "M13", "Boundary": [["10.0", "217.2"], ["98.5", "217.2"], ["98.5", "217.4"], ["116.0", "217.4"], ["116.0", "357.5"], ["10.0", "357.5"]], "Module_type": "GATE"}, {"Ports": [{"Location": [["495.6", "389.2"], ["501.1", "389.2"], ["501.1", "487.4"], ["495.6", "487.4"]], "Type": "SD"}, {"Location": [["696.6", "375.2"], ["696.6", "501.4"], ["502.9", "501.4"], ["502.9", "375.2"]], "Type": "GATE"}, {"Location": [["685.9", "380.2"], ["692.6", "380.2"], ["692.6", "496.4"], ["685.9", "496.4"]], "Type": "SD"}], "Module": "M10", "Boundary": [["696.6", "375.2"], ["696.6", "501.4"], ["495.6", "501.4"], ["495.6", "375.2"]], "Module_type": "GATE"}, {"Ports": [{"Location": [["159.5", "341.1"], ["198.0", "341.1"], ["198.0", "346.1"], ["159.5", "346.1"]], "Type": "SD"}, {"Location": [["146.0", "261.5"], ["211.5", "261.5"], ["211.5", "338.9"], ["146.0", "338.9"]], "Type": "GATE"}, {"Location": [["152.4", "266.9"], ["205.1", "266.9"], ["205.1", "272.8"], ["152.4", "272.8"]], "Type": "SD"}], "Module": "M7", "Boundary": [["146.0", "261.5"], ["211.5", "261.5"], ["211.5", "346.1"], ["146.0", "346.1"]], "Module_type": "GATE"}, {"Ports": [{"Location": [["266.4", "172.7"], ["350.4", "172.7"], ["350.4", "177.5"], ["266.4", "177.5"]], "Type": "SD"}, {"Location": [["254.9", "10.0"], ["346.6", "10.0"], ["346.6", "10.2"], ["361.9", "10.2"], ["361.9", "171.7"], ["254.9", "171.7"]], "Type": "GATE"}, {"Location": [["260.4", "14.5"], ["341.1", "14.5"], ["341.1", "19.4"], ["260.4", "19.4"]], "Type": "SD"}], "Module": "M3", "Boundary": [["254.9", "10.0"], ["346.6", "10.0"], ["346.6", "10.2"], ["361.9", "10.2"], ["361.9", "177.5"], ["254.9", "177.5"]], "Module_type": "GATE"}, {"Ports": [{"Location": [["401.6", "354.2"], ["454.2", "354.2"], ["454.2", "359.3"], ["401.6", "359.3"]], "Type": "SD"}, {"Location": [["387.3", "167.3"], ["453.4", "167.3"], ["453.4", "167.5"], ["468.5", "167.5"], ["468.5", "352.0"], ["387.3", "352.0"]], "Type": "GATE"}, {"Location": [["394.0", "173.0"], ["446.7", "173.0"], ["446.7", "179.6"], ["394.0", "179.6"]], "Type": "SD"}], "Module": "M15", "Boundary": [["387.3", "167.3"], ["453.4", "167.3"], ["453.4", "167.5"], ["468.5", "167.5"], ["468.5", "359.3"], ["387.3", "359.3"]], "Module_type": "GATE"}, {"Ports": [{"Location": [["150.1", "227.2"], ["219.4", "227.2"], ["219.4", "231.5"], ["150.1", "231.5"]], "Type": "SD"}, {"Location": [["136.0", "87.1"], ["218.0", "87.1"], ["218.0", "87.5"], ["233.5", "87.5"], ["233.5", "225.9"], ["136.0", "225.9"]], "Type": "GATE"}, {"Location": [["142.8", "92.9"], ["211.2", "92.9"], ["211.2", "98.6"], ["142.8", "98.6"]], "Type": "SD"}], "Module": "M12", "Boundary": [["136.0", "87.1"], ["218.0", "87.1"], ["218.0", "87.5"], ["233.5", "87.5"], ["233.5", "231.5"], ["136.0", "231.5"]], "Module_type": "GATE"}, {"Ports": [{"Location": [["263.5", "402.9"], ["268.8", "402.9"], ["268.8", "489.3"], ["263.5", "489.3"]], "Type": "SD"}, {"Location": [["465.6", "389.3"], ["465.6", "502.9"], ["270.8", "502.9"], ["270.8", "389.3"]], "Type": "GATE"}, {"Location": [["455.2", "394.7"], ["461.2", "394.7"], ["461.2", "497.5"], ["455.2", "497.5"]], "Type": "SD"}], "Module": "M8", "Boundary": [["465.6", "389.3"], ["465.6", "502.9"], ["263.5", "502.9"], ["263.5", "389.3"]], "Module_type": "GATE"}], "Area": [["-30.0", "-30.0"], ["742.5", "-30.0"], ["742.5", "544.0"], ["-30.0", "544.0"]], "Rules": ["GATE(5,5)", "SD(5,5)", "GATE_SD(0.5)", "GATE_ITO(0.5)", "SD_ITO(0.5)"]}