{"Modules": [{"Module": "M14", "Boundary": [["494.7", "30.0"], ["494.7", "105.2"], ["306.6", "105.2"], ["306.6", "30.0"]], "Module_type": "GATE", "Ports": [{"Location": [["306.6", "43.1"], ["311.6", "43.1"], ["311.6", "92.1"], ["306.6", "92.1"]], "Type": "SD"}, {"Location": [["494.7", "30.0"], ["494.7", "105.2"], ["313.3", "105.2"], ["313.3", "30.0"]], "Type": "GATE"}, {"Location": [["483.3", "36.2"], ["489.5", "36.2"], ["489.5", "99.0"], ["483.3", "99.0"]], "Type": "SD"}]}, {"Ports": [{"Location": [["10.0", "509.8"], ["15.2", "509.8"], ["15.2", "545.5"], ["10.0", "545.5"]], "Type": "SD"}, {"Location": [["150.8", "497.2"], ["150.8", "558.1"], ["17.4", "558.1"], ["17.4", "497.2"]], "Type": "GATE"}, {"Location": [["140.0", "503.5"], ["145.5", "503.5"], ["145.5", "551.8"], ["140.0", "551.8"]], "Type": "SD"}], "Module": "M9", "Boundary": [["150.8", "497.2"], ["150.8", "558.1"], ["10.0", "558.1"], ["10.0", "497.2"]], "Module_type": "GATE"}, {"Ports": [{"Location": [["20.0", "159.7"], ["25.8", "159.7"], ["25.8", "201.6"], ["20.0", "201.6"]], "Type": "SD"}, {"Location": [["219.7", "145.1"], ["219.7", "198.3"], ["219.5", "198.3"], ["219.5", "216.2"], ["27.4", "216.2"], ["27.4", "145.1"]], "Type": "GATE"}, {"Location": [["208.6", "150.7"], ["215.1", "150.7"], ["215.1", "192.7"], ["208.6", "192.7"]], "Type": "SD"}], "Module": "M5", "Boundary": [["219.7", "145.1"], ["219.7", "198.3"], ["219.5", "198.3"], ["219.5", "216.2"], ["20.0", "216.2"], ["20.0", "145.1"]], "Module_type": "GATE"}, {"Ports": [{"Location": [["548.6", "149.7"], ["572.8", "149.7"], ["572.8", "153.8"], ["548.6", "153.8"]], "Type": "SD"}, {"Location": [["534.7", "10.0"], ["586.7", "10.0"], ["586.7", "148.4"], ["534.7", "148.4"]], "Type": "GATE"}, {"Location": [["541.6", "15.9"], ["579.8", "15.9"], ["579.8", "20.9"], ["541.6", "20.9"]], "Type": "SD"}], "Module": "M11", "Boundary": [["534.7", "10.0"], ["586.7", "10.0"], ["586.7", "153.8"], ["534.7", "153.8"]], "Module_type": "GATE"}, {"Ports": [{"Location": [["373.9", "463.2"], ["378.4", "463.2"], ["378.4", "531.9"], ["373.9", "531.9"]], "Type": "SD"}, {"Location": [["574.5", "448.3"], ["574.5", "546.8"], ["379.9", "546.8"], ["379.9", "448.3"]], "Type": "GATE"}, {"Location": [["561.5", "454.5"], ["569.3", "454.5"], ["569.3", "540.6"], ["561.5", "540.6"]], "Type": "SD"}], "Module": "M1", "Boundary": [["574.5", "448.3"], ["574.5", "546.8"], ["373.9", "546.8"], ["373.9", "448.3"]], "Module_type": "GATE"}, {"Ports": [{"Location": [["253.0", "268.3"], ["257.5", "268.3"], ["257.5", "336.3"], ["253.0", "336.3"]], "Type": "SD"}, {"Location": [["380.7", "254.9"], ["380.7", "334.4"], ["380.5", "334.4"], ["380.5", "349.7"], ["258.8", "349.7"], ["258.8", "254.9"]], "Type": "GATE"}, {"Location": [["369.4", "260.2"], ["376.4", "260.2"], ["376.4", "329.1"], ["369.4", "329.1"]], "Type": "SD"}], "Module": "M6", "Boundary": [["380.7", "254.9"], ["380.7", "334.4"], ["380.5", "334.4"], ["380.5", "349.7"], ["253.0", "349.7"], ["253.0", "254.9"]], "Module_type": "GATE"}, {"Ports": [{"Location": [["163.9", "32.9"], ["168.3", "32.9"], ["168.3", "89.0"], ["163.9", "89.0"]], "Type": "SD"}, {"Location": [["256.6", "20.0"], ["256.6", "85.6"], ["256.4", "85.6"], ["256.4", "101.9"], ["170.8", "101.9"], ["170.8", "20.0"]], "Type": "GATE"}, {"Location": [["246.3", "26.4"], ["251.2", "26.4"], ["251.2", "79.2"], ["246.3", "79.2"]], "Type": "SD"}], "Module": "M2", "Boundary": [["256.6", "20.0"], ["256.6", "85.6"], ["256.4", "85.6"], ["256.4", "101.9"], ["163.9", "101.9"], ["163.9", "20.0"]], "Module_type": "GATE"}, {"Ports": [{"Location": [["413.6", "402.3"], ["438.1", "402.3"], ["438.1", "408.2"], ["413.6", "408.2"]], "Type": "SD"}, {"Location": [["400.7", "237.2"], ["451.0", "237.2"], ["451.0", "399.6"], ["400.7", "399.6"]], "Type": "GATE"}, {"Location": [["405.7", "241.2"], ["446.0", "241.2"], ["446.0", "246.9"], ["405.7", "246.9"]], "Type": "SD"}], "Module": "M16", "Boundary": [["400.7", "237.2"], ["451.0", "237.2"], ["451.0", "408.2"], ["400.7", "408.2"]], "Module_type": "GATE"}, {"Ports": [{"Location": [["484.3", "403.9"], ["577.0", "403.9"], ["577.0", "408.3"], ["484.3", "408.3"]], "Type": "SD"}, {"Location": [["471.0", "237.2"], ["573.3", "237.2"], ["573.3", "237.8"], ["590.3", "237.8"], ["590.3", "402.4"], ["471.0", "402.4"]], "Type": "GATE"}, {"Location": [["477.1", "242.3"], ["567.2", "242.3"], ["567.2", "247.8"], ["477.1", "247.8"]], "Type": "SD"}], "Module": "M13", "Boundary": [["471.0", "237.2"], ["573.3", "237.2"], ["573.3", "237.8"], ["590.3", "237.8"], ["590.3", "408.3"], ["471.0", "408.3"]], "Module_type": "GATE"}, {"Ports": [{"Location": [["10.0", "384.0"], ["14.3", "384.0"], ["14.3", "463.9"], ["10.0", "463.9"]], "Type": "SD"}, {"Location": [["156.2", "370.7"], ["156.2", "459.2"], ["156.1", "459.2"], ["156.1", "477.2"], ["15.9", "477.2"], ["15.9", "370.7"]], "Type": "GATE"}, {"Location": [["146.3", "377.1"], ["150.8", "377.1"], ["150.8", "452.8"], ["146.3", "452.8"]], "Type": "SD"}], "Module": "M10", "Boundary": [["156.2", "370.7"], ["156.2", "459.2"], ["156.1", "459.2"], ["156.1", "477.2"], ["10.0", "477.2"], ["10.0", "370.7"]], "Module_type": "GATE"}, {"Ports": [{"Location": [["20.0", "33.8"], ["25.3", "33.8"], ["25.3", "91.3"], ["20.0", "91.3"]], "Type": "SD"}, {"Location": [["123.9", "20.0"], ["123.9", "105.1"], ["27.6", "105.1"], ["27.6", "20.0"]], "Type": "GATE"}, {"Location": [["112.9", "25.4"], ["119.5", "25.4"], ["119.5", "99.7"], ["112.9", "99.7"]], "Type": "SD"}], "Module": "M7", "Boundary": [["123.9", "20.0"], ["123.9", "105.1"], ["20.0", "105.1"], ["20.0", "20.0"]], "Module_type": "GATE"}, {"Ports": [{"Location": [["10.0", "259.7"], ["15.2", "259.7"], ["15.2", "337.2"], ["10.0", "337.2"]], "Type": "SD"}, {"Location": [["233.0", "246.2"], ["233.0", "333.0"], ["232.6", "333.0"], ["232.6", "350.7"], ["16.7", "350.7"], ["16.7", "246.2"]], "Type": "GATE"}, {"Location": [["222.6", "251.3"], ["228.9", "251.3"], ["228.9", "327.9"], ["222.6", "327.9"]], "Type": "SD"}], "Module": "M3", "Boundary": [["233.0", "246.2"], ["233.0", "333.0"], ["232.6", "333.0"], ["232.6", "350.7"], ["10.0", "350.7"], ["10.0", "246.2"]], "Module_type": "GATE"}, {"Ports": [{"Location": [["388.2", "184.4"], ["394.1", "184.4"], ["394.1", "206.6"], ["388.2", "206.6"]], "Type": "SD"}, {"Location": [["593.3", "173.8"], ["593.3", "202.5"], ["593.1", "202.5"], ["593.1", "217.2"], ["395.1", "217.2"], ["395.1", "173.8"]], "Type": "GATE"}, {"Location": [["584.6", "178.9"], ["589.2", "178.9"], ["589.2", "197.4"], ["584.6", "197.4"]], "Type": "SD"}], "Module": "M15", "Boundary": [["593.3", "173.8"], ["593.3", "202.5"], ["593.1", "202.5"], ["593.1", "217.2"], ["388.2", "217.2"], ["388.2", "173.8"]], "Module_type": "GATE"}, {"Ports": [{"Location": [["170.8", "516.4"], ["175.7", "516.4"], ["175.7", "551.9"], ["170.8", "551.9"]], "Type": "SD"}, {"Location": [["318.5", "505.1"], ["318.5", "563.2"], ["177.7", "563.2"], ["177.7", "505.1"]], "Type": "GATE"}, {"Location": [["308.9", "510.7"], ["313.9", "510.7"], ["313.9", "557.6"], ["308.9", "557.6"]], "Type": "SD"}], "Module": "M12", "Boundary": [["318.5", "505.1"], ["318.5", "563.2"], ["170.8", "563.2"], ["170.8", "505.1"]], "Module_type": "GATE"}, {"Ports": [{"Location": [["186.2", "393.1"], ["190.8", "393.1"], ["190.8", "462.7"], ["186.2", "462.7"]], "Type": "SD"}, {"Location": [["323.9", "380.7"], ["323.9", "459.4"], ["323.6", "459.4"], ["323.6", "475.1"], ["193.5", "475.1"], ["193.5", "380.7"]], "Type": "GATE"}, {"Location": [["313.9", "386.5"], ["319.1", "386.5"], ["319.1", "453.6"], ["313.9", "453.6"]], "Type": "SD"}], "Module": "M8", "Boundary": [["323.9", "380.7"], ["323.9", "459.4"], ["323.6", "459.4"], ["323.6", "475.1"], ["186.2", "475.1"], ["186.2", "380.7"]], "Module_type": "GATE"}], "Area": [["-30.0", "-30.0"], ["633.3", "-30.0"], ["633.3", "603.2"], ["-30.0", "603.2"]], "Rules": ["GATE(5,5)", "SD(5,5)", "GATE_SD(0.5)", "GATE_ITO(0.5)", "SD_ITO(0.5)"]}