{"Modules": [{"Module": "M14", "Boundary": [["30.0", "647.6"], ["76.9", "647.6"], ["76.9", "771.3"], ["30.0", "771.3"]], "Module_type": "GATE", "Ports": [{"Location": [["43.2", "765.7"], ["63.7", "765.7"], ["63.7", "771.3"], ["43.2", "771.3"]], "Type": "SD"}, {"Location": [["30.0", "647.6"], ["76.9", "647.6"], ["76.9", "762.9"], ["30.0", "762.9"]], "Type": "GATE"}, {"Location": [["36.6", "653.2"], ["70.3", "653.2"], ["70.3", "658.9"], ["36.6", "658.9"]], "Type": "SD"}]}, {"Ports": [{"Location": [["23.3", "198.9"], ["76.5", "198.9"], ["76.5", "204.2"], ["23.3", "204.2"]], "Type": "SD"}, {"Location": [["10.0", "10.0"], ["89.8", "10.0"], ["89.8", "196.8"], ["10.0", "196.8"]], "Type": "GATE"}, {"Location": [["16.7", "15.7"], ["83.1", "15.7"], ["83.1", "21.2"], ["16.7", "21.2"]], "Type": "SD"}], "Module": "M9", "Boundary": [["10.0", "10.0"], ["89.8", "10.0"], ["89.8", "204.2"], ["10.0", "204.2"]], "Module_type": "GATE"}, {"Ports": [{"Location": [["20.0", "257.9"], ["24.1", "257.9"], ["24.1", "328.0"], ["20.0", "328.0"]], "Type": "SD"}, {"Location": [["158.3", "244.5"], ["158.3", "341.4"], ["26.1", "341.4"], ["26.1", "244.5"]], "Type": "GATE"}, {"Location": [["147.4", "249.7"], ["154.1", "249.7"], ["154.1", "336.2"], ["147.4", "336.2"]], "Type": "SD"}], "Module": "M5", "Boundary": [["158.3", "244.5"], ["158.3", "341.4"], ["20.0", "341.4"], ["20.0", "244.5"]], "Module_type": "GATE"}, {"Ports": [{"Location": [["217.5", "171.1"], ["222.2", "171.1"], ["222.2", "242.2"], ["217.5", "242.2"]], "Type": "SD"}, {"Location": [["334.6", "158.0"], ["334.6", "255.3"], ["223.5", "255.3"], ["223.5", "158.0"]], "Type": "GATE"}, {"Location": [["324.1", "163.4"], ["330.2", "163.4"], ["330.2", "249.9"], ["324.1", "249.9"]], "Type": "SD"}], "Module": "M11", "Boundary": [["334.6", "158.0"], ["334.6", "255.3"], ["217.5", "255.3"], ["217.5", "158.0"]], "Module_type": "GATE"}, {"Ports": [{"Location": [["274.6", "732.0"], ["327.9", "732.0"], ["327.9", "736.1"], ["274.6", "736.1"]], "Type": "SD"}, {"Location": [["261.1", "570.2"], ["341.4", "570.2"], ["341.4", "730.2"], ["261.1", "730.2"]], "Type": "GATE"}, {"Location": [["266.4", "574.5"], ["336.1", "574.5"], ["336.1", "581.7"], ["266.4", "581.7"]], "Type": "SD"}], "Module": "M1", "Boundary": [["261.1", "570.2"], ["341.4", "570.2"], ["341.4", "736.1"], ["261.1", "736.1"]], "Module_type": "GATE"}, {"Ports": [{"Location": [["241.1", "439.4"], ["245.2", "439.4"], ["245.2", "516.5"], ["241.1", "516.5"]], "Type": "SD"}, {"Location": [["353.4", "425.7"], ["353.4", "516.0"], ["353.1", "516.0"], ["353.1", "530.2"], ["248.1", "530.2"], ["248.1", "425.7"]], "Type": "GATE"}, {"Location": [["341.8", "432.1"], ["348.0", "432.1"], ["348.0", "509.6"], ["341.8", "509.6"]], "Type": "SD"}], "Module": "M6", "Boundary": [["353.4", "425.7"], ["353.4", "516.0"], ["353.1", "516.0"], ["353.1", "530.2"], ["241.1", "530.2"], ["241.1", "425.7"]], "Module_type": "GATE"}, {"Ports": [{"Location": [["20.0", "393.7"], ["25.2", "393.7"], ["25.2", "472.0"], ["20.0", "472.0"]], "Type": "SD"}, {"Location": [["146.9", "381.4"], ["146.9", "470.0"], ["146.6", "470.0"], ["146.6", "484.3"], ["26.6", "484.3"], ["26.6", "381.4"]], "Type": "GATE"}, {"Location": [["136.3", "387.7"], ["141.6", "387.7"], ["141.6", "463.7"], ["136.3", "463.7"]], "Type": "SD"}], "Module": "M2", "Boundary": [["146.9", "381.4"], ["146.9", "470.0"], ["146.6", "470.0"], ["146.6", "484.3"], ["20.0", "484.3"], ["20.0", "381.4"]], "Module_type": "GATE"}, {"Ports": [{"Location": [["288.2", "24.1"], ["293.1", "24.1"], ["293.1", "123.9"], ["288.2", "123.9"]], "Type": "SD"}, {"Location": [["368.4", "10.0"], ["368.4", "138.0"], ["295.8", "138.0"], ["295.8", "10.0"]], "Type": "GATE"}, {"Location": [["357.4", "15.5"], ["363.9", "15.5"], ["363.9", "132.5"], ["357.4", "132.5"]], "Type": "SD"}], "Module": "M16", "Boundary": [["368.4", "10.0"], ["368.4", "138.0"], ["288.2", "138.0"], ["288.2", "10.0"]], "Module_type": "GATE"}, {"Ports": [{"Location": [["123.6", "101.2"], ["166.6", "101.2"], ["166.6", "107.1"], ["123.6", "107.1"]], "Type": "SD"}, {"Location": [["109.8", "10.0"], ["180.4", "10.0"], ["180.4", "100.2"], ["109.8", "100.2"]], "Type": "GATE"}, {"Location": [["115.4", "14.6"], ["174.8", "14.6"], ["174.8", "20.5"], ["115.4", "20.5"]], "Type": "SD"}], "Module": "M13", "Boundary": [["109.8", "10.0"], ["180.4", "10.0"], ["180.4", "107.1"], ["109.8", "107.1"]], "Module_type": "GATE"}, {"Ports": [{"Location": [["215.4", "90.2"], ["253.2", "90.2"], ["253.2", "95.3"], ["215.4", "95.3"]], "Type": "SD"}, {"Location": [["200.4", "10.0"], ["252.8", "10.0"], ["252.8", "10.1"], ["268.2", "10.1"], ["268.2", "88.6"], ["200.4", "88.6"]], "Type": "GATE"}, {"Location": [["207.0", "15.6"], ["246.2", "15.6"], ["246.2", "23.3"], ["207.0", "23.3"]], "Type": "SD"}], "Module": "M10", "Boundary": [["200.4", "10.0"], ["252.8", "10.0"], ["252.8", "10.1"], ["268.2", "10.1"], ["268.2", "95.3"], ["200.4", "95.3"]], "Module_type": "GATE"}, {"Ports": [{"Location": [["20.0", "540.1"], ["25.0", "540.1"], ["25.0", "581.8"], ["20.0", "581.8"]], "Type": "SD"}, {"Location": [["211.1", "524.3"], ["211.1", "580.3"], ["210.9", "580.3"], ["210.9", "597.6"], ["26.9", "597.6"], ["26.9", "524.3"]], "Type": "GATE"}, {"Location": [["198.0", "530.7"], ["205.7", "530.7"], ["205.7", "573.9"], ["198.0", "573.9"]], "Type": "SD"}], "Module": "M7", "Boundary": [["211.1", "524.3"], ["211.1", "580.3"], ["210.9", "580.3"], ["210.9", "597.6"], ["20.0", "597.6"], ["20.0", "524.3"]], "Module_type": "GATE"}, {"Ports": [{"Location": [["10.0", "824.4"], ["15.1", "824.4"], ["15.1", "900.1"], ["10.0", "900.1"]], "Type": "SD"}, {"Location": [["194.1", "811.3"], ["194.1", "896.1"], ["193.6", "896.1"], ["193.6", "913.2"], ["16.9", "913.2"], ["16.9", "811.3"]], "Type": "GATE"}, {"Location": [["183.7", "816.6"], ["189.8", "816.6"], ["189.8", "890.8"], ["183.7", "890.8"]], "Type": "SD"}], "Module": "M3", "Boundary": [["194.1", "811.3"], ["194.1", "896.1"], ["193.6", "896.1"], ["193.6", "913.2"], ["10.0", "913.2"], ["10.0", "811.3"]], "Module_type": "GATE"}, {"Ports": [{"Location": [["109.8", "140.9"], ["115.6", "140.9"], ["115.6", "200.7"], ["109.8", "200.7"]], "Type": "SD"}, {"Location": [["197.5", "127.1"], ["197.5", "214.5"], ["116.9", "214.5"], ["116.9", "127.1"]], "Type": "GATE"}, {"Location": [["186.9", "132.7"], ["192.9", "132.7"], ["192.9", "208.9"], ["186.9", "208.9"]], "Type": "SD"}], "Module": "M15", "Boundary": [["197.5", "127.1"], ["197.5", "214.5"], ["109.8", "214.5"], ["109.8", "127.1"]], "Module_type": "GATE"}, {"Ports": [{"Location": [["127.7", "745.2"], ["207.6", "745.2"], ["207.6", "750.0"], ["127.7", "750.0"]], "Type": "SD"}, {"Location": [["116.9", "627.6"], ["203.9", "627.6"], ["203.9", "628.1"], ["218.4", "628.1"], ["218.4", "744.0"], ["116.9", "744.0"]], "Type": "GATE"}, {"Location": [["121.9", "631.6"], ["198.9", "631.6"], ["198.9", "636.4"], ["121.9", "636.4"]], "Type": "SD"}], "Module": "M12", "Boundary": [["116.9", "627.6"], ["203.9", "627.6"], ["203.9", "628.1"], ["218.4", "628.1"], ["218.4", "750.0"], ["116.9", "750.0"]], "Module_type": "GATE"}, {"Ports": [{"Location": [["224.1", "798.3"], ["229.3", "798.3"], ["229.3", "889.3"], ["224.1", "889.3"]], "Type": "SD"}, {"Location": [["356.6", "786.1"], ["356.6", "901.5"], ["232.1", "901.5"], ["232.1", "786.1"]], "Type": "GATE"}, {"Location": [["347.2", "791.1"], ["352.6", "791.1"], ["352.6", "896.5"], ["347.2", "896.5"]], "Type": "SD"}], "Module": "M8", "Boundary": [["356.6", "786.1"], ["356.6", "901.5"], ["224.1", "901.5"], ["224.1", "786.1"]], "Module_type": "GATE"}], "Area": [["-30.0", "-30.0"], ["408.4", "-30.0"], ["408.4", "953.2"], ["-30.0", "953.2"]], "Rules": ["GATE(5,5)", "SD(5,5)", "GATE_SD(0.5)", "GATE_ITO(0.5)", "SD_ITO(0.5)"]}