{"Modules": [{"Module": "M14", "Boundary": [["302.4", "173.1"], ["302.4", "222.9"], ["282.2", "222.9"], ["282.2", "237.9"], ["178.1", "237.9"], ["178.1", "173.1"]], "Module_type": "GATE", "Ports": [{"Location": [["178.1", "185.5"], ["183.9", "185.5"], ["183.9", "225.5"], ["178.1", "225.5"]], "Type": "SD"}, {"Location": [["302.4", "173.1"], ["302.4", "222.9"], ["282.2", "222.9"], ["282.2", "237.9"], ["185.4", "237.9"], ["185.4", "173.1"]], "Type": "GATE"}, {"Location": [["292.1", "178.5"], ["298.0", "178.5"], ["298.0", "216.5"], ["292.1", "216.5"]], "Type": "SD"}]}, {"Ports": [{"Location": [["376.2", "451.5"], ["419.4", "451.5"], ["419.4", "456.2"], ["376.2", "456.2"]], "Type": "SD"}, {"Location": [["362.9", "380.4"], ["432.7", "380.4"], ["432.7", "448.8"], ["362.9", "448.8"]], "Type": "GATE"}, {"Location": [["369.0", "385.5"], ["426.6", "385.5"], ["426.6", "390.5"], ["369.0", "390.5"]], "Type": "SD"}], "Module": "M9", "Boundary": [["362.9", "380.4"], ["432.7", "380.4"], ["432.7", "456.2"], ["362.9", "456.2"]], "Module_type": "GATE"}, {"Ports": [{"Location": [["118.1", "534.5"], ["122.4", "534.5"], ["122.4", "571.0"], ["118.1", "571.0"]], "Type": "SD"}, {"Location": [["309.9", "520.8"], ["309.9", "584.7"], ["124.3", "584.7"], ["124.3", "520.8"]], "Type": "GATE"}, {"Location": [["298.6", "527.0"], ["304.7", "527.0"], ["304.7", "578.5"], ["298.6", "578.5"]], "Type": "SD"}], "Module": "M5", "Boundary": [["309.9", "520.8"], ["309.9", "584.7"], ["118.1", "584.7"], ["118.1", "520.8"]], "Module_type": "GATE"}, {"Ports": [{"Location": [["158.1", "293.8"], ["162.4", "293.8"], ["162.4", "349.5"], ["158.1", "349.5"]], "Type": "SD"}, {"Location": [["297.0", "277.9"], ["297.0", "349.0"], ["296.9", "349.0"], ["296.9", "365.4"], ["163.7", "365.4"], ["163.7", "277.9"]], "Type": "GATE"}, {"Location": [["283.8", "284.6"], ["291.3", "284.6"], ["291.3", "342.3"], ["283.8", "342.3"]], "Type": "SD"}], "Module": "M11", "Boundary": [["297.0", "277.9"], ["297.0", "349.0"], ["296.9", "349.0"], ["296.9", "365.4"], ["158.1", "365.4"], ["158.1", "277.9"]], "Module_type": "GATE"}, {"Ports": [{"Location": [["42.6", "245.6"], ["105.5", "245.6"], ["105.5", "250.1"], ["42.6", "250.1"]], "Type": "SD"}, {"Location": [["30.0", "30.0"], ["118.1", "30.0"], ["118.1", "244.6"], ["30.0", "244.6"]], "Type": "GATE"}, {"Location": [["35.2", "34.2"], ["112.9", "34.2"], ["112.9", "40.9"], ["35.2", "40.9"]], "Type": "SD"}], "Module": "M1", "Boundary": [["30.0", "30.0"], ["118.1", "30.0"], ["118.1", "250.1"], ["30.0", "250.1"]], "Module_type": "GATE"}, {"Ports": [{"Location": [["362.9", "488.9"], ["368.0", "488.9"], ["368.0", "570.7"], ["362.9", "570.7"]], "Type": "SD"}, {"Location": [["587.0", "476.2"], ["587.0", "569.3"], ["546.9", "569.3"], ["546.9", "583.4"], ["370.1", "583.4"], ["370.1", "476.2"]], "Type": "GATE"}, {"Location": [["576.7", "481.9"], ["582.3", "481.9"], ["582.3", "562.6"], ["576.7", "562.6"]], "Type": "SD"}], "Module": "M6", "Boundary": [["587.0", "476.2"], ["587.0", "569.3"], ["546.9", "569.3"], ["546.9", "583.4"], ["362.9", "583.4"], ["362.9", "476.2"]], "Module_type": "GATE"}, {"Ports": [{"Location": [["490.8", "425.7"], ["556.7", "425.7"], ["556.7", "429.9"], ["490.8", "429.9"]], "Type": "SD"}, {"Location": [["479.0", "280.8"], ["554.6", "280.8"], ["554.6", "318.4"], ["568.5", "318.4"], ["568.5", "423.9"], ["479.0", "423.9"]], "Type": "GATE"}, {"Location": [["484.2", "285.0"], ["548.4", "285.0"], ["548.4", "290.1"], ["484.2", "290.1"]], "Type": "SD"}], "Module": "M2", "Boundary": [["479.0", "280.8"], ["554.6", "280.8"], ["554.6", "318.4"], ["568.5", "318.4"], ["568.5", "429.9"], ["479.0", "429.9"]], "Module_type": "GATE"}, {"Ports": [{"Location": [["10.0", "302.4"], ["14.5", "302.4"], ["14.5", "381.3"], ["10.0", "381.3"]], "Type": "SD"}, {"Location": [["113.2", "290.1"], ["113.2", "380.1"], ["73.0", "380.1"], ["73.0", "393.6"], ["16.3", "393.6"], ["16.3", "290.1"]], "Type": "GATE"}, {"Location": [["103.1", "295.1"], ["109.2", "295.1"], ["109.2", "374.1"], ["103.1", "374.1"]], "Type": "SD"}], "Module": "M16", "Boundary": [["113.2", "290.1"], ["113.2", "380.1"], ["73.0", "380.1"], ["73.0", "393.6"], ["10.0", "393.6"], ["10.0", "290.1"]], "Module_type": "GATE"}, {"Ports": [{"Location": [["158.1", "401.2"], ["162.8", "401.2"], ["162.8", "475.0"], ["158.1", "475.0"]], "Type": "SD"}, {"Location": [["342.9", "385.4"], ["342.9", "474.0"], ["342.9", "474.0"], ["342.9", "490.8"], ["164.2", "490.8"], ["164.2", "385.4"]], "Type": "GATE"}, {"Location": [["330.2", "392.2"], ["337.1", "392.2"], ["337.1", "467.2"], ["330.2", "467.2"]], "Type": "SD"}], "Module": "M13", "Boundary": [["342.9", "385.4"], ["342.9", "474.0"], ["342.9", "474.0"], ["342.9", "490.8"], ["158.1", "490.8"], ["158.1", "385.4"]], "Module_type": "GATE"}, {"Ports": [{"Location": [["376.3", "355.9"], ["435.6", "355.9"], ["435.6", "360.4"], ["376.3", "360.4"]], "Type": "SD"}, {"Location": [["362.9", "270.8"], ["432.9", "270.8"], ["432.9", "310.6"], ["449.0", "310.6"], ["449.0", "353.7"], ["362.9", "353.7"]], "Type": "GATE"}, {"Location": [["368.6", "275.5"], ["426.2", "275.5"], ["426.2", "282.1"], ["368.6", "282.1"]], "Type": "SD"}], "Module": "M10", "Boundary": [["362.9", "270.8"], ["432.9", "270.8"], ["432.9", "310.6"], ["449.0", "310.6"], ["449.0", "360.4"], ["362.9", "360.4"]], "Module_type": "GATE"}, {"Ports": [{"Location": [["281.6", "35.4"], ["287.6", "35.4"], ["287.6", "76.7"], ["281.6", "76.7"]], "Type": "SD"}, {"Location": [["464.5", "20.0"], ["464.5", "92.1"], ["289.1", "92.1"], ["289.1", "20.0"]], "Type": "GATE"}, {"Location": [["451.7", "26.4"], ["459.1", "26.4"], ["459.1", "85.7"], ["451.7", "85.7"]], "Type": "SD"}], "Module": "M7", "Boundary": [["464.5", "20.0"], ["464.5", "92.1"], ["281.6", "92.1"], ["281.6", "20.0"]], "Module_type": "GATE"}, {"Ports": [{"Location": [["477.0", "246.7"], ["566.3", "246.7"], ["566.3", "250.8"], ["477.0", "250.8"]], "Type": "SD"}, {"Location": [["462.1", "122.1"], ["564.7", "122.1"], ["564.7", "122.1"], ["581.2", "122.1"], ["581.2", "244.5"], ["462.1", "244.5"]], "Type": "GATE"}, {"Location": [["468.4", "127.4"], ["558.4", "127.4"], ["558.4", "134.0"], ["468.4", "134.0"]], "Type": "SD"}], "Module": "M3", "Boundary": [["462.1", "122.1"], ["564.7", "122.1"], ["564.7", "122.1"], ["581.2", "122.1"], ["581.2", "250.8"], ["462.1", "250.8"]], "Module_type": "GATE"}, {"Ports": [{"Location": [["494.5", "24.1"], ["500.2", "24.1"], ["500.2", "83.4"], ["494.5", "83.4"]], "Type": "SD"}, {"Location": [["571.7", "10.0"], ["571.7", "80.1"], ["571.6", "80.1"], ["571.6", "97.5"], ["502.2", "97.5"], ["502.2", "10.0"]], "Type": "GATE"}, {"Location": [["560.3", "15.6"], ["567.1", "15.6"], ["567.1", "74.5"], ["560.3", "74.5"]], "Type": "SD"}], "Module": "M15", "Boundary": [["571.7", "10.0"], ["571.7", "80.1"], ["571.6", "80.1"], ["571.6", "97.5"], ["494.5", "97.5"], ["494.5", "10.0"]], "Module_type": "GATE"}, {"Ports": [{"Location": [["23.7", "594.7"], ["74.4", "594.7"], ["74.4", "599.4"], ["23.7", "599.4"]], "Type": "SD"}, {"Location": [["10.0", "413.6"], ["74.2", "413.6"], ["74.2", "462.4"], ["88.1", "462.4"], ["88.1", "593.6"], ["10.0", "593.6"]], "Type": "GATE"}, {"Location": [["16.7", "419.3"], ["66.5", "419.3"], ["66.5", "425.3"], ["16.7", "425.3"]], "Type": "SD"}], "Module": "M12", "Boundary": [["10.0", "413.6"], ["74.2", "413.6"], ["74.2", "462.4"], ["88.1", "462.4"], ["88.1", "599.4"], ["10.0", "599.4"]], "Module_type": "GATE"}, {"Ports": [{"Location": [["183.5", "118.7"], ["226.2", "118.7"], ["226.2", "123.1"], ["183.5", "123.1"]], "Type": "SD"}, {"Location": [["168.1", "20.0"], ["224.8", "20.0"], ["224.8", "28.2"], ["241.6", "28.2"], ["241.6", "116.8"], ["168.1", "116.8"]], "Type": "GATE"}, {"Location": [["174.5", "25.4"], ["217.4", "25.4"], ["217.4", "32.3"], ["174.5", "32.3"]], "Type": "SD"}], "Module": "M8", "Boundary": [["168.1", "20.0"], ["224.8", "20.0"], ["224.8", "28.2"], ["241.6", "28.2"], ["241.6", "123.1"], ["168.1", "123.1"]], "Module_type": "GATE"}], "Area": [["-30.0", "-30.0"], ["627.0", "-30.0"], ["627.0", "639.4"], ["-30.0", "639.4"]], "Rules": ["GATE(5,5)", "SD(5,5)", "GATE_SD(0.5)", "GATE_ITO(0.5)", "SD_ITO(0.5)"]}