{"Modules": [{"Module": "M14", "Boundary": [["289.5", "30.0"], ["376.9", "30.0"], ["376.9", "30.3"], ["393.7", "30.3"], ["393.7", "171.6"], ["289.5", "171.6"]], "Module_type": "GATE", "Ports": [{"Location": [["305.0", "166.3"], ["378.2", "166.3"], ["378.2", "171.6"], ["305.0", "171.6"]], "Type": "SD"}, {"Location": [["289.5", "30.0"], ["376.9", "30.0"], ["376.9", "30.3"], ["393.7", "30.3"], ["393.7", "164.2"], ["289.5", "164.2"]], "Type": "GATE"}, {"Location": [["295.6", "35.1"], ["370.8", "35.1"], ["370.8", "42.4"], ["295.6", "42.4"]], "Type": "SD"}]}, {"Ports": [{"Location": [["312.2", "407.9"], ["385.8", "407.9"], ["385.8", "412.4"], ["312.2", "412.4"]], "Type": "SD"}, {"Location": [["297.9", "211.6"], ["383.4", "211.6"], ["383.4", "212.0"], ["400.1", "212.0"], ["400.1", "406.3"], ["297.9", "406.3"]], "Type": "GATE"}, {"Location": [["304.9", "217.6"], ["376.4", "217.6"], ["376.4", "223.3"], ["304.9", "223.3"]], "Type": "SD"}], "Module": "M9", "Boundary": [["297.9", "211.6"], ["383.4", "211.6"], ["383.4", "212.0"], ["400.1", "212.0"], ["400.1", "412.4"], ["297.9", "412.4"]], "Module_type": "GATE"}, {"Ports": [{"Location": [["104.2", "530.9"], ["128.8", "530.9"], ["128.8", "536.6"], ["104.2", "536.6"]], "Type": "SD"}, {"Location": [["91.5", "375.3"], ["123.8", "375.3"], ["123.8", "375.4"], ["141.5", "375.4"], ["141.5", "528.0"], ["91.5", "528.0"]], "Type": "GATE"}, {"Location": [["96.5", "379.3"], ["118.8", "379.3"], ["118.8", "384.6"], ["96.5", "384.6"]], "Type": "SD"}], "Module": "M5", "Boundary": [["91.5", "375.3"], ["123.8", "375.3"], ["123.8", "375.4"], ["141.5", "375.4"], ["141.5", "536.6"], ["91.5", "536.6"]], "Module_type": "GATE"}, {"Ports": [{"Location": [["10.0", "699.8"], ["14.8", "699.8"], ["14.8", "749.8"], ["10.0", "749.8"]], "Type": "SD"}, {"Location": [["153.6", "687.2"], ["153.6", "762.4"], ["15.9", "762.4"], ["15.9", "687.2"]], "Type": "GATE"}, {"Location": [["142.5", "694.0"], ["147.8", "694.0"], ["147.8", "755.6"], ["142.5", "755.6"]], "Type": "SD"}], "Module": "M11", "Boundary": [["153.6", "687.2"], ["153.6", "762.4"], ["10.0", "762.4"], ["10.0", "687.2"]], "Module_type": "GATE"}, {"Ports": [{"Location": [["203.7", "555.4"], ["245.7", "555.4"], ["245.7", "560.7"], ["203.7", "560.7"]], "Type": "SD"}, {"Location": [["191.5", "385.3"], ["240.8", "385.3"], ["240.8", "385.4"], ["257.9", "385.4"], ["257.9", "553.5"], ["191.5", "553.5"]], "Type": "GATE"}, {"Location": [["196.6", "389.4"], ["235.7", "389.4"], ["235.7", "394.4"], ["196.6", "394.4"]], "Type": "SD"}], "Module": "M1", "Boundary": [["191.5", "385.3"], ["240.8", "385.3"], ["240.8", "385.4"], ["257.9", "385.4"], ["257.9", "560.7"], ["191.5", "560.7"]], "Module_type": "GATE"}, {"Ports": [{"Location": [["10.0", "580.1"], ["14.7", "580.1"], ["14.7", "653.7"], ["10.0", "653.7"]], "Type": "SD"}, {"Location": [["121.8", "566.6"], ["121.8", "650.6"], ["121.6", "650.6"], ["121.6", "667.2"], ["16.6", "667.2"], ["16.6", "566.6"]], "Type": "GATE"}, {"Location": [["111.1", "572.4"], ["117.0", "572.4"], ["117.0", "644.8"], ["111.1", "644.8"]], "Type": "SD"}], "Module": "M6", "Boundary": [["121.8", "566.6"], ["121.8", "650.6"], ["121.6", "650.6"], ["121.6", "667.2"], ["10.0", "667.2"], ["10.0", "566.6"]], "Module_type": "GATE"}, {"Ports": [{"Location": [["34.3", "195.2"], ["90.2", "195.2"], ["90.2", "200.0"], ["34.3", "200.0"]], "Type": "SD"}, {"Location": [["20.0", "20.0"], ["88.0", "20.0"], ["88.0", "20.0"], ["104.5", "20.0"], ["104.5", "192.8"], ["20.0", "192.8"]], "Type": "GATE"}, {"Location": [["26.3", "25.3"], ["81.7", "25.3"], ["81.7", "31.1"], ["26.3", "31.1"]], "Type": "SD"}], "Module": "M2", "Boundary": [["20.0", "20.0"], ["88.0", "20.0"], ["88.0", "20.0"], ["104.5", "20.0"], ["104.5", "200.0"], ["20.0", "200.0"]], "Module_type": "GATE"}, {"Ports": [{"Location": [["173.6", "709.6"], ["178.9", "709.6"], ["178.9", "742.8"], ["173.6", "742.8"]], "Type": "SD"}, {"Location": [["384.7", "698.8"], ["384.7", "740.1"], ["384.5", "740.1"], ["384.5", "753.6"], ["181.7", "753.6"], ["181.7", "698.8"]], "Type": "GATE"}, {"Location": [["375.8", "703.9"], ["380.6", "703.9"], ["380.6", "735.0"], ["375.8", "735.0"]], "Type": "SD"}], "Module": "M16", "Boundary": [["384.7", "698.8"], ["384.7", "740.1"], ["384.5", "740.1"], ["384.5", "753.6"], ["173.6", "753.6"], ["173.6", "698.8"]], "Module_type": "GATE"}, {"Ports": [{"Location": [["141.8", "614.7"], ["147.1", "614.7"], ["147.1", "651.2"], ["141.8", "651.2"]], "Type": "SD"}, {"Location": [["276.3", "600.7"], ["276.3", "665.2"], ["149.0", "665.2"], ["149.0", "600.7"]], "Type": "GATE"}, {"Location": [["264.0", "607.5"], ["270.5", "607.5"], ["270.5", "658.4"], ["264.0", "658.4"]], "Type": "SD"}], "Module": "M13", "Boundary": [["276.3", "600.7"], ["276.3", "665.2"], ["141.8", "665.2"], ["141.8", "600.7"]], "Module_type": "GATE"}, {"Ports": [{"Location": [["10.0", "798.2"], ["15.1", "798.2"], ["15.1", "855.0"], ["10.0", "855.0"]], "Type": "SD"}, {"Location": [["223.5", "782.4"], ["223.5", "870.8"], ["18.0", "870.8"], ["18.0", "782.4"]], "Type": "GATE"}, {"Location": [["210.9", "789.0"], ["217.9", "789.0"], ["217.9", "864.2"], ["210.9", "864.2"]], "Type": "SD"}], "Module": "M10", "Boundary": [["223.5", "782.4"], ["223.5", "870.8"], ["10.0", "870.8"], ["10.0", "782.4"]], "Module_type": "GATE"}, {"Ports": [{"Location": [["253.5", "798.7"], ["258.3", "798.7"], ["258.3", "844.1"], ["253.5", "844.1"]], "Type": "SD"}, {"Location": [["414.8", "783.6"], ["414.8", "859.2"], ["261.2", "859.2"], ["261.2", "783.6"]], "Type": "GATE"}, {"Location": [["403.0", "790.3"], ["409.1", "790.3"], ["409.1", "852.5"], ["403.0", "852.5"]], "Type": "SD"}], "Module": "M7", "Boundary": [["414.8", "783.6"], ["414.8", "859.2"], ["253.5", "859.2"], ["253.5", "783.6"]], "Module_type": "GATE"}, {"Ports": [{"Location": [["10.0", "242.9"], ["14.1", "242.9"], ["14.1", "300.2"], ["10.0", "300.2"]], "Type": "SD"}, {"Location": [["129.6", "230.0"], ["129.6", "296.5"], ["129.2", "296.5"], ["129.2", "313.1"], ["15.9", "313.1"], ["15.9", "230.0"]], "Type": "GATE"}, {"Location": [["119.0", "235.7"], ["124.9", "235.7"], ["124.9", "290.8"], ["119.0", "290.8"]], "Type": "SD"}], "Module": "M3", "Boundary": [["129.6", "230.0"], ["129.6", "296.5"], ["129.2", "296.5"], ["129.2", "313.1"], ["10.0", "313.1"], ["10.0", "230.0"]], "Module_type": "GATE"}, {"Ports": [{"Location": [["149.6", "243.5"], ["155.1", "243.5"], ["155.1", "331.4"], ["149.6", "331.4"]], "Type": "SD"}, {"Location": [["266.9", "229.6"], ["266.9", "329.2"], ["266.8", "329.2"], ["266.8", "345.3"], ["157.0", "345.3"], ["157.0", "229.6"]], "Type": "GATE"}, {"Location": [["255.1", "236.4"], ["261.1", "236.4"], ["261.1", "322.4"], ["255.1", "322.4"]], "Type": "SD"}], "Module": "M15", "Boundary": [["266.9", "229.6"], ["266.9", "329.2"], ["266.8", "329.2"], ["266.8", "345.3"], ["149.6", "345.3"], ["149.6", "229.6"]], "Module_type": "GATE"}, {"Ports": [{"Location": [["23.4", "478.9"], ["48.1", "478.9"], ["48.1", "484.8"], ["23.4", "484.8"]], "Type": "SD"}, {"Location": [["10.0", "333.1"], ["44.3", "333.1"], ["44.3", "333.2"], ["61.5", "333.2"], ["61.5", "476.9"], ["10.0", "476.9"]], "Type": "GATE"}, {"Location": [["16.3", "338.4"], ["38.0", "338.4"], ["38.0", "343.7"], ["16.3", "343.7"]], "Type": "SD"}], "Module": "M12", "Boundary": [["10.0", "333.1"], ["44.3", "333.1"], ["44.3", "333.2"], ["61.5", "333.2"], ["61.5", "484.8"], ["10.0", "484.8"]], "Module_type": "GATE"}, {"Ports": [{"Location": [["322.2", "664.8"], ["381.0", "664.8"], ["381.0", "668.8"], ["322.2", "668.8"]], "Type": "SD"}, {"Location": [["307.9", "442.4"], ["395.3", "442.4"], ["395.3", "662.9"], ["307.9", "662.9"]], "Type": "GATE"}, {"Location": [["313.1", "446.6"], ["390.1", "446.6"], ["390.1", "453.3"], ["313.1", "453.3"]], "Type": "SD"}], "Module": "M8", "Boundary": [["307.9", "442.4"], ["395.3", "442.4"], ["395.3", "668.8"], ["307.9", "668.8"]], "Module_type": "GATE"}], "Area": [["-30.0", "-20.0"], ["454.8", "-20.0"], ["454.8", "910.8"], ["-30.0", "910.8"]], "Rules": ["GATE(5,5)", "SD(5,5)", "GATE_SD(0.5)", "GATE_ITO(0.5)", "SD_ITO(0.5)"]}