{"Modules": [{"Module": "M14", "Boundary": [["328.5", "639.7"], ["328.5", "715.0"], ["252.4", "715.0"], ["252.4", "728.2"], ["179.1", "728.2"], ["179.1", "639.7"]], "Module_type": "GATE", "Ports": [{"Location": [["179.1", "652.2"], ["184.3", "652.2"], ["184.3", "715.7"], ["179.1", "715.7"]], "Type": "SD"}, {"Location": [["328.5", "639.7"], ["328.5", "715.0"], ["252.4", "715.0"], ["252.4", "728.2"], ["185.4", "728.2"], ["185.4", "639.7"]], "Type": "GATE"}, {"Location": [["317.7", "645.9"], ["323.3", "645.9"], ["323.3", "707.8"], ["317.7", "707.8"]], "Type": "SD"}]}, {"Ports": [{"Location": [["228.2", "244.1"], ["233.9", "244.1"], ["233.9", "301.9"], ["228.2", "301.9"]], "Type": "SD"}, {"Location": [["352.4", "231.0"], ["352.4", "302.2"], ["352.1", "302.2"], ["352.1", "315.0"], ["236.7", "315.0"], ["236.7", "231.0"]], "Type": "GATE"}, {"Location": [["340.9", "237.8"], ["346.6", "237.8"], ["346.6", "295.4"], ["340.9", "295.4"]], "Type": "SD"}], "Module": "M9", "Boundary": [["352.4", "231.0"], ["352.4", "302.2"], ["352.1", "302.2"], ["352.1", "315.0"], ["228.2", "315.0"], ["228.2", "231.0"]], "Module_type": "GATE"}, {"Ports": [{"Location": [["288.6", "914.2"], ["330.3", "914.2"], ["330.3", "919.8"], ["288.6", "919.8"]], "Type": "SD"}, {"Location": [["274.4", "778.2"], ["327.2", "778.2"], ["327.2", "778.2"], ["344.5", "778.2"], ["344.5", "913.1"], ["274.4", "913.1"]], "Type": "GATE"}, {"Location": [["280.6", "783.4"], ["321.0", "783.4"], ["321.0", "789.6"], ["280.6", "789.6"]], "Type": "SD"}], "Module": "M5", "Boundary": [["274.4", "778.2"], ["327.2", "778.2"], ["327.2", "778.2"], ["344.5", "778.2"], ["344.5", "919.8"], ["274.4", "919.8"]], "Module_type": "GATE"}, {"Ports": [{"Location": [["243.2", "1039.9"], ["326.3", "1039.9"], ["326.3", "1045.2"], ["243.2", "1045.2"]], "Type": "SD"}, {"Location": [["229.5", "949.8"], ["324.9", "949.8"], ["324.9", "949.9"], ["340.0", "949.9"], ["340.0", "1037.1"], ["229.5", "1037.1"]], "Type": "GATE"}, {"Location": [["235.4", "954.7"], ["319.0", "954.7"], ["319.0", "961.9"], ["235.4", "961.9"]], "Type": "SD"}], "Module": "M11", "Boundary": [["229.5", "949.8"], ["324.9", "949.8"], ["324.9", "949.9"], ["340.0", "949.9"], ["340.0", "1045.2"], ["229.5", "1045.2"]], "Module_type": "GATE"}, {"Ports": [{"Location": [["244.0", "574.1"], ["319.9", "574.1"], ["319.9", "579.7"], ["244.0", "579.7"]], "Type": "SD"}, {"Location": [["230.5", "355.0"], ["316.2", "355.0"], ["316.2", "355.1"], ["333.4", "355.1"], ["333.4", "572.3"], ["230.5", "572.3"]], "Type": "GATE"}, {"Location": [["236.4", "359.9"], ["310.3", "359.9"], ["310.3", "365.9"], ["236.4", "365.9"]], "Type": "SD"}], "Module": "M1", "Boundary": [["230.5", "355.0"], ["316.2", "355.0"], ["316.2", "355.1"], ["333.4", "355.1"], ["333.4", "579.7"], ["230.5", "579.7"]], "Module_type": "GATE"}, {"Ports": [{"Location": [["24.3", "931.9"], ["105.0", "931.9"], ["105.0", "937.6"], ["24.3", "937.6"]], "Type": "SD"}, {"Location": [["10.0", "741.1"], ["102.1", "741.1"], ["102.1", "775.5"], ["119.3", "775.5"], ["119.3", "930.3"], ["10.0", "930.3"]], "Type": "GATE"}, {"Location": [["15.4", "745.5"], ["95.7", "745.5"], ["95.7", "752.6"], ["15.4", "752.6"]], "Type": "SD"}], "Module": "M6", "Boundary": [["10.0", "741.1"], ["102.1", "741.1"], ["102.1", "775.5"], ["119.3", "775.5"], ["119.3", "937.6"], ["10.0", "937.6"]], "Module_type": "GATE"}, {"Ports": [{"Location": [["123.9", "117.3"], ["194.3", "117.3"], ["194.3", "121.6"], ["123.9", "121.6"]], "Type": "SD"}, {"Location": [["112.3", "20.0"], ["191.1", "20.0"], ["191.1", "67.5"], ["205.9", "67.5"], ["205.9", "115.0"], ["112.3", "115.0"]], "Type": "GATE"}, {"Location": [["117.6", "24.3"], ["184.8", "24.3"], ["184.8", "29.1"], ["117.6", "29.1"]], "Type": "SD"}], "Module": "M2", "Boundary": [["112.3", "20.0"], ["191.1", "20.0"], ["191.1", "67.5"], ["205.9", "67.5"], ["205.9", "121.6"], ["112.3", "121.6"]], "Module_type": "GATE"}, {"Ports": [{"Location": [["25.4", "715.7"], ["123.7", "715.7"], ["123.7", "721.1"], ["25.4", "721.1"]], "Type": "SD"}, {"Location": [["10.0", "579.3"], ["122.0", "579.3"], ["122.0", "661.0"], ["139.1", "661.0"], ["139.1", "714.4"], ["10.0", "714.4"]], "Type": "GATE"}, {"Location": [["16.4", "584.7"], ["114.6", "584.7"], ["114.6", "591.6"], ["16.4", "591.6"]], "Type": "SD"}], "Module": "M16", "Boundary": [["10.0", "579.3"], ["122.0", "579.3"], ["122.0", "661.0"], ["139.1", "661.0"], ["139.1", "721.1"], ["10.0", "721.1"]], "Module_type": "GATE"}, {"Ports": [{"Location": [["10.0", "290.0"], ["14.9", "290.0"], ["14.9", "388.8"], ["10.0", "388.8"]], "Type": "SD"}, {"Location": [["162.3", "275.6"], ["162.3", "403.2"], ["17.3", "403.2"], ["17.3", "275.6"]], "Type": "GATE"}, {"Location": [["150.9", "281.0"], ["157.9", "281.0"], ["157.9", "397.8"], ["150.9", "397.8"]], "Type": "SD"}], "Module": "M13", "Boundary": [["162.3", "275.6"], ["162.3", "403.2"], ["10.0", "403.2"], ["10.0", "275.6"]], "Module_type": "GATE"}, {"Ports": [{"Location": [["10.0", "972.5"], ["14.4", "972.5"], ["14.4", "1027.2"], ["10.0", "1027.2"]], "Type": "SD"}, {"Location": [["209.5", "957.6"], ["209.5", "1027.1"], ["174.4", "1027.1"], ["174.4", "1042.1"], ["15.8", "1042.1"], ["15.8", "957.6"]], "Type": "GATE"}, {"Location": [["197.0", "964.5"], ["203.6", "964.5"], ["203.6", "1019.2"], ["197.0", "1019.2"]], "Type": "SD"}], "Module": "M10", "Boundary": [["209.5", "957.6"], ["209.5", "1027.1"], ["174.4", "1027.1"], ["174.4", "1042.1"], ["10.0", "1042.1"], ["10.0", "957.6"]], "Module_type": "GATE"}, {"Ports": [{"Location": [["124.7", "544.9"], ["166.4", "544.9"], ["166.4", "549.3"], ["124.7", "549.3"]], "Type": "SD"}, {"Location": [["110.6", "433.2"], ["180.5", "433.2"], ["180.5", "543.2"], ["110.6", "543.2"]], "Type": "GATE"}, {"Location": [["116.1", "437.7"], ["175.0", "437.7"], ["175.0", "444.1"], ["116.1", "444.1"]], "Type": "SD"}], "Module": "M7", "Boundary": [["110.6", "433.2"], ["180.5", "433.2"], ["180.5", "549.3"], ["110.6", "549.3"]], "Module_type": "GATE"}, {"Ports": [{"Location": [["25.1", "536.6"], ["65.5", "536.6"], ["65.5", "542.2"], ["25.1", "542.2"]], "Type": "SD"}, {"Location": [["10.0", "423.2"], ["80.6", "423.2"], ["80.6", "534.0"], ["10.0", "534.0"]], "Type": "GATE"}, {"Location": [["16.2", "428.4"], ["74.4", "428.4"], ["74.4", "434.8"], ["16.2", "434.8"]], "Type": "SD"}], "Module": "M3", "Boundary": [["10.0", "423.2"], ["80.6", "423.2"], ["80.6", "542.2"], ["10.0", "542.2"]], "Module_type": "GATE"}, {"Ports": [{"Location": [["25.1", "174.8"], ["67.2", "174.8"], ["67.2", "180.5"], ["25.1", "180.5"]], "Type": "SD"}, {"Location": [["10.0", "10.0"], ["64.8", "10.0"], ["64.8", "10.1"], ["82.3", "10.1"], ["82.3", "172.7"], ["10.0", "172.7"]], "Type": "GATE"}, {"Location": [["16.8", "15.8"], ["58.0", "15.8"], ["58.0", "21.9"], ["16.8", "21.9"]], "Type": "SD"}], "Module": "M15", "Boundary": [["10.0", "10.0"], ["64.8", "10.0"], ["64.8", "10.1"], ["82.3", "10.1"], ["82.3", "180.5"], ["10.0", "180.5"]], "Module_type": "GATE"}, {"Ports": [{"Location": [["115.5", "251.2"], ["195.0", "251.2"], ["195.0", "255.6"], ["115.5", "255.6"]], "Type": "SD"}, {"Location": [["102.3", "151.6"], ["194.6", "151.6"], ["194.6", "205.6"], ["208.2", "205.6"], ["208.2", "248.6"], ["102.3", "248.6"]], "Type": "GATE"}, {"Location": [["107.5", "155.8"], ["188.4", "155.8"], ["188.4", "163.2"], ["107.5", "163.2"]], "Type": "SD"}], "Module": "M12", "Boundary": [["102.3", "151.6"], ["194.6", "151.6"], ["194.6", "205.6"], ["208.2", "205.6"], ["208.2", "255.6"], ["102.3", "255.6"]], "Module_type": "GATE"}, {"Ports": [{"Location": [["259.8", "196.6"], ["329.3", "196.6"], ["329.3", "201.0"], ["259.8", "201.0"]], "Type": "SD"}, {"Location": [["245.9", "20.0"], ["328.6", "20.0"], ["328.6", "130.1"], ["343.2", "130.1"], ["343.2", "195.0"], ["245.9", "195.0"]], "Type": "GATE"}, {"Location": [["252.8", "25.9"], ["320.7", "25.9"], ["320.7", "31.8"], ["252.8", "31.8"]], "Type": "SD"}], "Module": "M8", "Boundary": [["245.9", "20.0"], ["328.6", "20.0"], ["328.6", "130.1"], ["343.2", "130.1"], ["343.2", "201.0"], ["245.9", "201.0"]], "Module_type": "GATE"}, {"Ports": [{"Location": [["160.3", "899.7"], ["223.4", "899.7"], ["223.4", "905.4"], ["160.3", "905.4"]], "Type": "SD"}, {"Location": [["149.3", "778.2"], ["221.4", "778.2"], ["221.4", "840.9"], ["234.4", "840.9"], ["234.4", "897.3"], ["149.3", "897.3"]], "Type": "GATE"}, {"Location": [["154.4", "782.3"], ["215.3", "782.3"], ["215.3", "787.5"], ["154.4", "787.5"]], "Type": "SD"}], "Module": "M4", "Boundary": [["149.3", "778.2"], ["221.4", "778.2"], ["221.4", "840.9"], ["234.4", "840.9"], ["234.4", "905.4"], ["149.3", "905.4"]], "Module_type": "GATE"}], "Area": [["-30.0", "-30.0"], ["392.4", "-30.0"], ["392.4", "1085.2"], ["-30.0", "1085.2"]], "Rules": ["GATE(5,5)", "SD(5,5)", "GATE_SD(0.5)", "GATE_ITO(0.5)", "SD_ITO(0.5)"]}