{"Modules": [{"Module": "M14", "Boundary": [["30.0", "334.0"], ["68.3", "334.0"], ["68.3", "334.2"], ["86.8", "334.2"], ["86.8", "517.2"], ["30.0", "517.2"]], "Module_type": "GATE", "Ports": [{"Location": [["45.7", "512.4"], ["71.1", "512.4"], ["71.1", "517.2"], ["45.7", "517.2"]], "Type": "SD"}, {"Location": [["30.0", "334.0"], ["68.3", "334.0"], ["68.3", "334.2"], ["86.8", "334.2"], ["86.8", "510.7"], ["30.0", "510.7"]], "Type": "GATE"}, {"Location": [["36.2", "339.2"], ["62.1", "339.2"], ["62.1", "346.2"], ["36.2", "346.2"]], "Type": "SD"}]}, {"Ports": [{"Location": [["24.9", "116.6"], ["64.6", "116.6"], ["64.6", "122.4"], ["24.9", "122.4"]], "Type": "SD"}, {"Location": [["10.0", "10.0"], ["62.7", "10.0"], ["62.7", "10.0"], ["79.5", "10.0"], ["79.5", "113.7"], ["10.0", "113.7"]], "Type": "GATE"}, {"Location": [["16.9", "15.9"], ["55.8", "15.9"], ["55.8", "21.4"], ["16.9", "21.4"]], "Type": "SD"}], "Module": "M9", "Boundary": [["10.0", "10.0"], ["62.7", "10.0"], ["62.7", "10.0"], ["79.5", "10.0"], ["79.5", "122.4"], ["10.0", "122.4"]], "Module_type": "GATE"}, {"Ports": [{"Location": [["153.8", "521.9"], ["189.6", "521.9"], ["189.6", "527.4"], ["153.8", "527.4"]], "Type": "SD"}, {"Location": [["140.7", "415.1"], ["188.2", "415.1"], ["188.2", "415.3"], ["202.7", "415.3"], ["202.7", "519.7"], ["140.7", "519.7"]], "Type": "GATE"}, {"Location": [["147.5", "420.9"], ["181.4", "420.9"], ["181.4", "426.5"], ["147.5", "426.5"]], "Type": "SD"}], "Module": "M5", "Boundary": [["140.7", "415.1"], ["188.2", "415.1"], ["188.2", "415.3"], ["202.7", "415.3"], ["202.7", "527.4"], ["140.7", "527.4"]], "Module_type": "GATE"}, {"Ports": [{"Location": [["130.7", "225.3"], ["135.1", "225.3"], ["135.1", "291.6"], ["130.7", "291.6"]], "Type": "SD"}, {"Location": [["216.5", "212.2"], ["216.5", "304.7"], ["136.5", "304.7"], ["136.5", "212.2"]], "Type": "GATE"}, {"Location": [["205.7", "217.8"], ["211.9", "217.8"], ["211.9", "299.1"], ["205.7", "299.1"]], "Type": "SD"}], "Module": "M11", "Boundary": [["216.5", "212.2"], ["216.5", "304.7"], ["130.7", "304.7"], ["130.7", "212.2"]], "Module_type": "GATE"}, {"Ports": [{"Location": [["447.7", "132.0"], ["509.0", "132.0"], ["509.0", "136.2"], ["447.7", "136.2"]], "Type": "SD"}, {"Location": [["435.9", "30.0"], ["520.8", "30.0"], ["520.8", "130.5"], ["435.9", "130.5"]], "Type": "GATE"}, {"Location": [["442.4", "35.5"], ["514.3", "35.5"], ["514.3", "40.0"], ["442.4", "40.0"]], "Type": "SD"}], "Module": "M1", "Boundary": [["435.9", "30.0"], ["520.8", "30.0"], ["520.8", "136.2"], ["435.9", "136.2"]], "Module_type": "GATE"}, {"Ports": [{"Location": [["130.7", "336.6"], ["136.7", "336.6"], ["136.7", "373.2"], ["130.7", "373.2"]], "Type": "SD"}, {"Location": [["214.9", "324.7"], ["214.9", "370.4"], ["214.8", "370.4"], ["214.8", "385.1"], ["138.8", "385.1"], ["138.8", "324.7"]], "Type": "GATE"}, {"Location": [["205.1", "330.5"], ["210.1", "330.5"], ["210.1", "364.6"], ["205.1", "364.6"]], "Type": "SD"}], "Module": "M6", "Boundary": [["214.9", "324.7"], ["214.9", "370.4"], ["214.8", "370.4"], ["214.8", "385.1"], ["130.7", "385.1"], ["130.7", "324.7"]], "Module_type": "GATE"}, {"Ports": [{"Location": [["439.8", "297.2"], ["516.6", "297.2"], ["516.6", "302.0"], ["439.8", "302.0"]], "Type": "SD"}, {"Location": [["425.9", "186.2"], ["513.2", "186.2"], ["513.2", "186.2"], ["530.5", "186.2"], ["530.5", "296.0"], ["425.9", "296.0"]], "Type": "GATE"}, {"Location": [["431.7", "191.0"], ["507.4", "191.0"], ["507.4", "197.7"], ["431.7", "197.7"]], "Type": "SD"}], "Module": "M2", "Boundary": [["425.9", "186.2"], ["513.2", "186.2"], ["513.2", "186.2"], ["530.5", "186.2"], ["530.5", "302.0"], ["425.9", "302.0"]], "Module_type": "GATE"}, {"Ports": [{"Location": [["24.0", "288.8"], ["96.7", "288.8"], ["96.7", "294.0"], ["24.0", "294.0"]], "Type": "SD"}, {"Location": [["10.0", "142.4"], ["110.7", "142.4"], ["110.7", "286.9"], ["10.0", "286.9"]], "Type": "GATE"}, {"Location": [["16.6", "148.0"], ["104.1", "148.0"], ["104.1", "154.2"], ["16.6", "154.2"]], "Type": "SD"}], "Module": "M16", "Boundary": [["10.0", "142.4"], ["110.7", "142.4"], ["110.7", "294.0"], ["10.0", "294.0"]], "Module_type": "GATE"}, {"Ports": [{"Location": [["405.9", "434.8"], ["410.3", "434.8"], ["410.3", "473.5"], ["405.9", "473.5"]], "Type": "SD"}, {"Location": [["543.6", "421.3"], ["543.6", "487.0"], ["412.8", "487.0"], ["412.8", "421.3"]], "Type": "GATE"}, {"Location": [["532.7", "426.8"], ["539.1", "426.8"], ["539.1", "481.5"], ["532.7", "481.5"]], "Type": "SD"}], "Module": "M13", "Boundary": [["543.6", "421.3"], ["543.6", "487.0"], ["405.9", "487.0"], ["405.9", "421.3"]], "Module_type": "GATE"}, {"Ports": [{"Location": [["236.5", "225.7"], ["240.7", "225.7"], ["240.7", "266.1"], ["236.5", "266.1"]], "Type": "SD"}, {"Location": [["391.3", "212.2"], ["391.3", "262.8"], ["391.2", "262.8"], ["391.2", "279.6"], ["243.4", "279.6"], ["243.4", "212.2"]], "Type": "GATE"}, {"Location": [["380.9", "218.5"], ["386.0", "218.5"], ["386.0", "256.5"], ["380.9", "256.5"]], "Type": "SD"}], "Module": "M10", "Boundary": [["391.3", "212.2"], ["391.3", "262.8"], ["391.2", "262.8"], ["391.2", "279.6"], ["236.5", "279.6"], ["236.5", "212.2"]], "Module_type": "GATE"}, {"Ports": [{"Location": [["109.5", "34.3"], ["114.8", "34.3"], ["114.8", "75.5"], ["109.5", "75.5"]], "Type": "SD"}, {"Location": [["249.6", "20.0"], ["249.6", "89.8"], ["117.5", "89.8"], ["117.5", "20.0"]], "Type": "GATE"}, {"Location": [["238.3", "25.8"], ["244.8", "25.8"], ["244.8", "84.0"], ["238.3", "84.0"]], "Type": "SD"}], "Module": "M7", "Boundary": [["249.6", "20.0"], ["249.6", "89.8"], ["109.5", "89.8"], ["109.5", "20.0"]], "Module_type": "GATE"}, {"Ports": [{"Location": [["130.7", "132.3"], ["136.6", "132.3"], ["136.6", "179.7"], ["130.7", "179.7"]], "Type": "SD"}, {"Location": [["255.1", "119.8"], ["255.1", "178.6"], ["254.8", "178.6"], ["254.8", "192.2"], ["138.3", "192.2"], ["138.3", "119.8"]], "Type": "GATE"}, {"Location": [["244.2", "126.3"], ["249.6", "126.3"], ["249.6", "172.1"], ["244.2", "172.1"]], "Type": "SD"}], "Module": "M3", "Boundary": [["255.1", "119.8"], ["255.1", "178.6"], ["254.8", "178.6"], ["254.8", "192.2"], ["130.7", "192.2"], ["130.7", "119.8"]], "Module_type": "GATE"}, {"Ports": [{"Location": [["232.7", "456.8"], ["237.3", "456.8"], ["237.3", "520.5"], ["232.7", "520.5"]], "Type": "SD"}, {"Location": [["385.9", "444.3"], ["385.9", "533.0"], ["239.9", "533.0"], ["239.9", "444.3"]], "Type": "GATE"}, {"Location": [["375.4", "450.5"], ["380.7", "450.5"], ["380.7", "526.8"], ["375.4", "526.8"]], "Type": "SD"}], "Module": "M15", "Boundary": [["385.9", "444.3"], ["385.9", "533.0"], ["232.7", "533.0"], ["232.7", "444.3"]], "Module_type": "GATE"}, {"Ports": [{"Location": [["411.3", "346.6"], ["415.9", "346.6"], ["415.9", "386.7"], ["411.3", "386.7"]], "Type": "SD"}, {"Location": [["542.6", "332.0"], ["542.6", "401.3"], ["417.5", "401.3"], ["417.5", "332.0"]], "Type": "GATE"}, {"Location": [["531.2", "338.9"], ["536.7", "338.9"], ["536.7", "394.4"], ["531.2", "394.4"]], "Type": "SD"}], "Module": "M12", "Boundary": [["542.6", "332.0"], ["542.6", "401.3"], ["411.3", "401.3"], ["411.3", "332.0"]], "Module_type": "GATE"}, {"Ports": [{"Location": [["303.8", "173.0"], ["371.7", "173.0"], ["371.7", "178.1"], ["303.8", "178.1"]], "Type": "SD"}, {"Location": [["289.6", "20.0"], ["385.9", "20.0"], ["385.9", "170.7"], ["289.6", "170.7"]], "Type": "GATE"}, {"Location": [["295.8", "25.2"], ["379.7", "25.2"], ["379.7", "32.1"], ["295.8", "32.1"]], "Type": "SD"}], "Module": "M8", "Boundary": [["289.6", "20.0"], ["385.9", "20.0"], ["385.9", "178.1"], ["289.6", "178.1"]], "Module_type": "GATE"}, {"Ports": [{"Location": [["244.9", "348.6"], ["249.0", "348.6"], ["249.0", "400.4"], ["244.9", "400.4"]], "Type": "SD"}, {"Location": [["373.4", "334.7"], ["373.4", "414.3"], ["251.9", "414.3"], ["251.9", "334.7"]], "Type": "GATE"}, {"Location": [["361.9", "341.2"], ["367.9", "341.2"], ["367.9", "407.8"], ["361.9", "407.8"]], "Type": "SD"}], "Module": "M4", "Boundary": [["373.4", "334.7"], ["373.4", "414.3"], ["244.9", "414.3"], ["244.9", "334.7"]], "Module_type": "GATE"}], "Area": [["-30.0", "-30.0"], ["583.6", "-30.0"], ["583.6", "573.0"], ["-30.0", "573.0"]], "Rules": ["GATE(5,5)", "SD(5,5)", "GATE_SD(0.5)", "GATE_ITO(0.5)", "SD_ITO(0.5)"]}