{"Modules": [{"Module": "M14", "Boundary": [["445.6", "30.0"], ["445.6", "83.8"], ["432.0", "83.8"], ["432.0", "99.3"], ["282.5", "99.3"], ["282.5", "30.0"]], "Module_type": "GATE", "Ports": [{"Location": [["282.5", "44.8"], ["287.9", "44.8"], ["287.9", "84.5"], ["282.5", "84.5"]], "Type": "SD"}, {"Location": [["445.6", "30.0"], ["445.6", "83.8"], ["432.0", "83.8"], ["432.0", "99.3"], ["290.7", "99.3"], ["290.7", "30.0"]], "Type": "GATE"}, {"Location": [["433.7", "36.1"], ["440.5", "36.1"], ["440.5", "76.7"], ["433.7", "76.7"]], "Type": "SD"}]}, {"Ports": [{"Location": [["10.0", "178.8"], ["14.8", "178.8"], ["14.8", "228.1"], ["10.0", "228.1"]], "Type": "SD"}, {"Location": [["231.6", "167.5"], ["231.6", "239.4"], ["15.9", "239.4"], ["15.9", "167.5"]], "Type": "GATE"}, {"Location": [["222.7", "172.5"], ["227.6", "172.5"], ["227.6", "234.4"], ["222.7", "234.4"]], "Type": "SD"}], "Module": "M9", "Boundary": [["231.6", "167.5"], ["231.6", "239.4"], ["10.0", "239.4"], ["10.0", "167.5"]], "Module_type": "GATE"}, {"Ports": [{"Location": [["795.1", "277.4"], ["799.6", "277.4"], ["799.6", "318.6"], ["795.1", "318.6"]], "Type": "SD"}, {"Location": [["982.8", "263.4"], ["982.8", "332.6"], ["801.1", "332.6"], ["801.1", "263.4"]], "Type": "GATE"}, {"Location": [["971.9", "268.8"], ["978.4", "268.8"], ["978.4", "327.2"], ["971.9", "327.2"]], "Type": "SD"}], "Module": "M5", "Boundary": [["982.8", "263.4"], ["982.8", "332.6"], ["795.1", "332.6"], ["795.1", "263.4"]], "Module_type": "GATE"}, {"Ports": [{"Location": [["609.6", "255.1"], ["614.5", "255.1"], ["614.5", "326.9"], ["609.6", "326.9"]], "Type": "SD"}, {"Location": [["765.1", "241.6"], ["765.1", "340.4"], ["616.3", "340.4"], ["616.3", "241.6"]], "Type": "GATE"}, {"Location": [["754.7", "247.7"], ["760.0", "247.7"], ["760.0", "334.3"], ["754.7", "334.3"]], "Type": "SD"}], "Module": "M11", "Boundary": [["765.1", "241.6"], ["765.1", "340.4"], ["609.6", "340.4"], ["609.6", "241.6"]], "Module_type": "GATE"}, {"Ports": [{"Location": [["884.3", "208.0"], ["952.3", "208.0"], ["952.3", "213.4"], ["884.3", "213.4"]], "Type": "SD"}, {"Location": [["870.9", "30.0"], ["965.7", "30.0"], ["965.7", "205.1"], ["870.9", "205.1"]], "Type": "GATE"}, {"Location": [["877.5", "35.6"], ["944.0", "35.6"], ["944.0", "41.8"], ["877.5", "41.8"]], "Type": "SD"}], "Module": "M1", "Boundary": [["870.9", "30.0"], ["965.7", "30.0"], ["965.7", "213.4"], ["870.9", "213.4"]], "Module_type": "GATE"}, {"Ports": [{"Location": [["366.0", "152.4"], ["371.2", "152.4"], ["371.2", "184.9"], ["366.0", "184.9"]], "Type": "SD"}, {"Location": [["590.8", "139.3"], ["590.8", "185.9"], ["511.6", "185.9"], ["511.6", "198.0"], ["374.1", "198.0"], ["374.1", "139.3"]], "Type": "GATE"}, {"Location": [["579.5", "146.0"], ["585.1", "146.0"], ["585.1", "178.2"], ["579.5", "178.2"]], "Type": "SD"}], "Module": "M6", "Boundary": [["590.8", "139.3"], ["590.8", "185.9"], ["511.6", "185.9"], ["511.6", "198.0"], ["366.0", "198.0"], ["366.0", "139.3"]], "Module_type": "GATE"}, {"Ports": [{"Location": [["170.2", "132.1"], ["221.4", "132.1"], ["221.4", "137.5"], ["170.2", "137.5"]], "Type": "SD"}, {"Location": [["159.1", "20.0"], ["218.7", "20.0"], ["218.7", "29.8"], ["232.5", "29.8"], ["232.5", "130.3"], ["159.1", "130.3"]], "Type": "GATE"}, {"Location": [["164.5", "24.4"], ["212.3", "24.4"], ["212.3", "28.6"], ["164.5", "28.6"]], "Type": "SD"}], "Module": "M2", "Boundary": [["159.1", "20.0"], ["218.7", "20.0"], ["218.7", "29.8"], ["232.5", "29.8"], ["232.5", "137.5"], ["159.1", "137.5"]], "Module_type": "GATE"}, {"Ports": [{"Location": [["262.5", "154.2"], ["266.5", "154.2"], ["266.5", "195.3"], ["262.5", "195.3"]], "Type": "SD"}, {"Location": [["346.0", "139.3"], ["346.0", "194.2"], ["334.5", "194.2"], ["334.5", "210.2"], ["268.9", "210.2"], ["268.9", "139.3"]], "Type": "GATE"}, {"Location": [["334.0", "145.6"], ["340.7", "145.6"], ["340.7", "186.9"], ["334.0", "186.9"]], "Type": "SD"}], "Module": "M16", "Boundary": [["346.0", "139.3"], ["346.0", "194.2"], ["334.5", "194.2"], ["334.5", "210.2"], ["262.5", "210.2"], ["262.5", "139.3"]], "Module_type": "GATE"}, {"Ports": [{"Location": [["610.8", "163.4"], ["615.5", "163.4"], ["615.5", "207.2"], ["610.8", "207.2"]], "Type": "SD"}, {"Location": [["817.1", "149.0"], ["817.1", "221.6"], ["617.8", "221.6"], ["617.8", "149.0"]], "Type": "GATE"}, {"Location": [["805.6", "155.3"], ["811.8", "155.3"], ["811.8", "215.3"], ["805.6", "215.3"]], "Type": "SD"}], "Module": "M13", "Boundary": [["817.1", "149.0"], ["817.1", "221.6"], ["610.8", "221.6"], ["610.8", "149.0"]], "Module_type": "GATE"}, {"Ports": [{"Location": [["251.6", "244.7"], ["257.5", "244.7"], ["257.5", "333.0"], ["251.6", "333.0"]], "Type": "SD"}, {"Location": [["407.5", "230.2"], ["407.5", "332.1"], ["330.2", "332.1"], ["330.2", "347.5"], ["259.2", "347.5"], ["259.2", "230.2"]], "Type": "GATE"}, {"Location": [["396.2", "236.3"], ["402.4", "236.3"], ["402.4", "325.0"], ["396.2", "325.0"]], "Type": "SD"}], "Module": "M10", "Boundary": [["407.5", "230.2"], ["407.5", "332.1"], ["330.2", "332.1"], ["330.2", "347.5"], ["251.6", "347.5"], ["251.6", "230.2"]], "Module_type": "GATE"}, {"Ports": [{"Location": [["20.0", "283.5"], ["25.0", "283.5"], ["25.0", "324.7"], ["20.0", "324.7"]], "Type": "SD"}, {"Location": [["213.5", "269.4"], ["213.5", "321.5"], ["213.2", "321.5"], ["213.2", "338.8"], ["27.5", "338.8"], ["27.5", "269.4"]], "Type": "GATE"}, {"Location": [["202.3", "275.3"], ["208.6", "275.3"], ["208.6", "315.6"], ["202.3", "315.6"]], "Type": "SD"}], "Module": "M7", "Boundary": [["213.5", "269.4"], ["213.5", "321.5"], ["213.2", "321.5"], ["213.2", "338.8"], ["20.0", "338.8"], ["20.0", "269.4"]], "Module_type": "GATE"}, {"Ports": [{"Location": [["568.9", "23.2"], ["572.9", "23.2"], ["572.9", "77.8"], ["568.9", "77.8"]], "Type": "SD"}, {"Location": [["708.8", "10.0"], ["708.8", "75.1"], ["708.7", "75.1"], ["708.7", "91.0"], ["575.2", "91.0"], ["575.2", "10.0"]], "Type": "GATE"}, {"Location": [["698.1", "16.2"], ["703.6", "16.2"], ["703.6", "68.9"], ["698.1", "68.9"]], "Type": "SD"}], "Module": "M3", "Boundary": [["708.8", "10.0"], ["708.8", "75.1"], ["708.7", "75.1"], ["708.7", "91.0"], ["568.9", "91.0"], ["568.9", "10.0"]], "Module_type": "GATE"}, {"Ports": [{"Location": [["498.5", "112.0"], ["536.0", "112.0"], ["536.0", "116.3"], ["498.5", "116.3"]], "Type": "SD"}, {"Location": [["485.6", "10.0"], ["548.9", "10.0"], ["548.9", "110.8"], ["485.6", "110.8"]], "Type": "GATE"}, {"Location": [["490.7", "14.1"], ["543.8", "14.1"], ["543.8", "19.8"], ["490.7", "19.8"]], "Type": "SD"}], "Module": "M15", "Boundary": [["485.6", "10.0"], ["548.9", "10.0"], ["548.9", "116.3"], ["485.6", "116.3"]], "Module_type": "GATE"}, {"Ports": [{"Location": [["742.2", "124.9"], ["817.5", "124.9"], ["817.5", "129.0"], ["742.2", "129.0"]], "Type": "SD"}, {"Location": [["728.8", "10.0"], ["815.0", "10.0"], ["815.0", "58.4"], ["830.9", "58.4"], ["830.9", "123.4"], ["728.8", "123.4"]], "Type": "GATE"}, {"Location": [["734.0", "14.2"], ["808.8", "14.2"], ["808.8", "20.6"], ["734.0", "20.6"]], "Type": "SD"}], "Module": "M12", "Boundary": [["728.8", "10.0"], ["815.0", "10.0"], ["815.0", "58.4"], ["830.9", "58.4"], ["830.9", "129.0"], ["728.8", "129.0"]], "Module_type": "GATE"}, {"Ports": [{"Location": [["437.5", "243.6"], ["442.0", "243.6"], ["442.0", "321.7"], ["437.5", "321.7"]], "Type": "SD"}, {"Location": [["579.6", "228.0"], ["579.6", "320.6"], ["556.6", "320.6"], ["556.6", "337.3"], ["444.2", "337.3"], ["444.2", "228.0"]], "Type": "GATE"}, {"Location": [["566.8", "234.0"], ["574.6", "234.0"], ["574.6", "313.6"], ["566.8", "313.6"]], "Type": "SD"}], "Module": "M8", "Boundary": [["579.6", "228.0"], ["579.6", "320.6"], ["556.6", "320.6"], ["556.6", "337.3"], ["437.5", "337.3"], ["437.5", "228.0"]], "Module_type": "GATE"}], "Area": [["-30.0", "-30.0"], ["1022.8", "-30.0"], ["1022.8", "387.5"], ["-30.0", "387.5"]], "Rules": ["GATE(5,5)", "SD(5,5)", "GATE_SD(0.5)", "GATE_ITO(0.5)", "SD_ITO(0.5)"]}