[{"Link": "Link1:", "Mods": ["M5", "M4", "M11"], "Connects": ["1", "1", "3"]}, {"Link": "Link2:", "Mods": ["M5", "M7", "M9", "M16"], "Connects": ["3", "1", "1", "1"]}, {"Link": "Link3:", "Mods": ["M7", "M14"], "Connects": ["3", "1"]}, {"Link": "Link4:", "Mods": ["M1", "M6", "M10", "M3"], "Connects": ["3", "1", "1", "3"]}, {"Link": "Link5:", "Mods": ["M8", "M12", "M1"], "Connects": ["1", "1", "1"]}, {"Link": "Link6:", "Mods": ["M8", "M1", "M14"], "Connects": ["2", "2", "2"]}, {"Link": "Link7:", "Mods": ["M15", "M13", "M2"], "Connects": ["2", "2", "2"]}, {"Link": "Link8:", "Mods": ["M4", "M14", "M2"], "Connects": ["3", "1", "1"]}]