{"Modules": [{"Module": "M14", "Boundary": [["725.0", "298.6"], ["725.0", "384.7"], ["623.9", "384.7"], ["623.9", "400.9"], ["556.6", "400.9"], ["556.6", "298.6"]], "Module_type": "GATE", "Ports": [{"Location": [["556.6", "311.8"], ["562.2", "311.8"], ["562.2", "387.7"], ["556.6", "387.7"]], "Type": "SD"}, {"Location": [["725.0", "298.6"], ["725.0", "384.7"], ["623.9", "384.7"], ["623.9", "400.9"], ["563.9", "400.9"], ["563.9", "298.6"]], "Type": "GATE"}, {"Location": [["715.0", "303.7"], ["720.9", "303.7"], ["720.9", "378.6"], ["715.0", "378.6"]], "Type": "SD"}]}, {"Ports": [{"Location": [["23.9", "105.9"], ["67.0", "105.9"], ["67.0", "111.5"], ["23.9", "111.5"]], "Type": "SD"}, {"Location": [["10.0", "10.0"], ["80.9", "10.0"], ["80.9", "103.6"], ["10.0", "103.6"]], "Type": "GATE"}, {"Location": [["15.2", "14.2"], ["75.7", "14.2"], ["75.7", "20.8"], ["15.2", "20.8"]], "Type": "SD"}], "Module": "M9", "Boundary": [["10.0", "10.0"], ["80.9", "10.0"], ["80.9", "111.5"], ["10.0", "111.5"]], "Module_type": "GATE"}, {"Ports": [{"Location": [["315.6", "158.7"], ["321.2", "158.7"], ["321.2", "193.6"], ["315.6", "193.6"]], "Type": "SD"}, {"Location": [["506.6", "146.8"], ["506.6", "191.5"], ["506.5", "191.5"], ["506.5", "205.5"], ["323.8", "205.5"], ["323.8", "146.8"]], "Type": "GATE"}, {"Location": [["496.5", "152.7"], ["501.7", "152.7"], ["501.7", "185.6"], ["496.5", "185.6"]], "Type": "SD"}], "Module": "M5", "Boundary": [["506.6", "146.8"], ["506.6", "191.5"], ["506.5", "191.5"], ["506.5", "205.5"], ["315.6", "205.5"], ["315.6", "146.8"]], "Module_type": "GATE"}, {"Ports": [{"Location": [["270.6", "351.9"], ["275.3", "351.9"], ["275.3", "415.4"], ["270.6", "415.4"]], "Type": "SD"}, {"Location": [["431.6", "336.5"], ["431.6", "412.3"], ["431.5", "412.3"], ["431.5", "430.8"], ["278.1", "430.8"], ["278.1", "336.5"]], "Type": "GATE"}, {"Location": [["419.7", "343.2"], ["425.9", "343.2"], ["425.9", "405.6"], ["419.7", "405.6"]], "Type": "SD"}], "Module": "M11", "Boundary": [["431.6", "336.5"], ["431.6", "412.3"], ["431.5", "412.3"], ["431.5", "430.8"], ["270.6", "430.8"], ["270.6", "336.5"]], "Module_type": "GATE"}, {"Ports": [{"Location": [["30.0", "358.6"], ["35.2", "358.6"], ["35.2", "399.4"], ["30.0", "399.4"]], "Type": "SD"}, {"Location": [["230.5", "343.5"], ["230.5", "397.8"], ["230.5", "397.8"], ["230.5", "414.5"], ["37.2", "414.5"], ["37.2", "343.5"]], "Type": "GATE"}, {"Location": [["217.6", "349.7"], ["225.3", "349.7"], ["225.3", "391.6"], ["217.6", "391.6"]], "Type": "SD"}], "Module": "M1", "Boundary": [["230.5", "343.5"], ["230.5", "397.8"], ["230.5", "397.8"], ["230.5", "414.5"], ["30.0", "414.5"], ["30.0", "343.5"]], "Module_type": "GATE"}, {"Ports": [{"Location": [["499.8", "108.2"], ["538.1", "108.2"], ["538.1", "113.9"], ["499.8", "113.9"]], "Type": "SD"}, {"Location": [["486.4", "10.0"], ["537.3", "10.0"], ["537.3", "48.5"], ["551.5", "48.5"], ["551.5", "105.9"], ["486.4", "105.9"]], "Type": "GATE"}, {"Location": [["492.7", "15.3"], ["530.0", "15.3"], ["530.0", "21.7"], ["492.7", "21.7"]], "Type": "SD"}], "Module": "M6", "Boundary": [["486.4", "10.0"], ["537.3", "10.0"], ["537.3", "48.5"], ["551.5", "48.5"], ["551.5", "113.9"], ["486.4", "113.9"]], "Module_type": "GATE"}, {"Ports": [{"Location": [["802.7", "315.1"], ["870.6", "315.1"], ["870.6", "319.3"], ["802.7", "319.3"]], "Type": "SD"}, {"Location": [["788.8", "136.2"], ["870.2", "136.2"], ["870.2", "167.5"], ["884.5", "167.5"], ["884.5", "312.7"], ["788.8", "312.7"]], "Type": "GATE"}, {"Location": [["795.6", "142.0"], ["862.4", "142.0"], ["862.4", "148.1"], ["795.6", "148.1"]], "Type": "SD"}], "Module": "M2", "Boundary": [["788.8", "136.2"], ["870.2", "136.2"], ["870.2", "167.5"], ["884.5", "167.5"], ["884.5", "319.3"], ["788.8", "319.3"]], "Module_type": "GATE"}, {"Ports": [{"Location": [["305.6", "24.6"], ["310.7", "24.6"], ["310.7", "102.2"], ["305.6", "102.2"]], "Type": "SD"}, {"Location": [["466.4", "10.0"], ["466.4", "100.0"], ["412.4", "100.0"], ["412.4", "116.8"], ["313.4", "116.8"], ["313.4", "10.0"]], "Type": "GATE"}, {"Location": [["455.2", "15.8"], ["461.6", "15.8"], ["461.6", "93.2"], ["455.2", "93.2"]], "Type": "SD"}], "Module": "M16", "Boundary": [["466.4", "10.0"], ["466.4", "100.0"], ["412.4", "100.0"], ["412.4", "116.8"], ["305.6", "116.8"], ["305.6", "10.0"]], "Module_type": "GATE"}, {"Ports": [{"Location": [["571.5", "23.0"], ["577.1", "23.0"], ["577.1", "93.2"], ["571.5", "93.2"]], "Type": "SD"}, {"Location": [["776.5", "10.0"], ["776.5", "106.2"], ["578.5", "106.2"], ["578.5", "10.0"]], "Type": "GATE"}, {"Location": [["766.5", "16.5"], ["771.0", "16.5"], ["771.0", "99.7"], ["766.5", "99.7"]], "Type": "SD"}], "Module": "M13", "Boundary": [["776.5", "10.0"], ["776.5", "106.2"], ["571.5", "106.2"], ["571.5", "10.0"]], "Module_type": "GATE"}, {"Ports": [{"Location": [["765.0", "363.7"], ["770.8", "363.7"], ["770.8", "416.7"], ["765.0", "416.7"]], "Type": "SD"}, {"Location": [["893.1", "349.3"], ["893.1", "416.5"], ["832.7", "416.5"], ["832.7", "431.1"], ["773.1", "431.1"], ["773.1", "349.3"]], "Type": "GATE"}, {"Location": [["881.6", "355.5"], ["887.9", "355.5"], ["887.9", "409.3"], ["881.6", "409.3"]], "Type": "SD"}], "Module": "M10", "Boundary": [["893.1", "349.3"], ["893.1", "416.5"], ["832.7", "416.5"], ["832.7", "431.1"], ["765.0", "431.1"], ["765.0", "349.3"]], "Module_type": "GATE"}, {"Ports": [{"Location": [["546.6", "156.4"], ["550.7", "156.4"], ["550.7", "236.1"], ["546.6", "236.1"]], "Type": "SD"}, {"Location": [["748.8", "143.9"], ["748.8", "234.0"], ["748.3", "234.0"], ["748.3", "248.6"], ["552.2", "248.6"], ["552.2", "143.9"]], "Type": "GATE"}, {"Location": [["738.0", "149.6"], ["744.1", "149.6"], ["744.1", "228.3"], ["738.0", "228.3"]], "Type": "SD"}], "Module": "M7", "Boundary": [["748.8", "143.9"], ["748.8", "234.0"], ["748.3", "234.0"], ["748.3", "248.6"], ["546.6", "248.6"], ["546.6", "143.9"]], "Module_type": "GATE"}, {"Ports": [{"Location": [["482.5", "402.4"], ["502.9", "402.4"], ["502.9", "407.6"], ["482.5", "407.6"]], "Type": "SD"}, {"Location": [["469.2", "235.5"], ["516.2", "235.5"], ["516.2", "400.0"], ["469.2", "400.0"]], "Type": "GATE"}, {"Location": [["475.0", "240.3"], ["510.4", "240.3"], ["510.4", "246.4"], ["475.0", "246.4"]], "Type": "SD"}], "Module": "M3", "Boundary": [["469.2", "235.5"], ["516.2", "235.5"], ["516.2", "407.6"], ["469.2", "407.6"]], "Module_type": "GATE"}, {"Ports": [{"Location": [["270.6", "248.1"], ["275.4", "248.1"], ["275.4", "303.9"], ["270.6", "303.9"]], "Type": "SD"}, {"Location": [["449.2", "235.5"], ["449.2", "316.5"], ["276.5", "316.5"], ["276.5", "235.5"]], "Type": "GATE"}, {"Location": [["439.4", "241.0"], ["444.7", "241.0"], ["444.7", "311.0"], ["439.4", "311.0"]], "Type": "SD"}], "Module": "M15", "Boundary": [["449.2", "235.5"], ["449.2", "316.5"], ["270.6", "316.5"], ["270.6", "235.5"]], "Module_type": "GATE"}, {"Ports": [{"Location": [["152.4", "190.8"], ["156.5", "190.8"], ["156.5", "287.6"], ["152.4", "287.6"]], "Type": "SD"}, {"Location": [["250.6", "174.9"], ["250.6", "286.6"], ["228.8", "286.6"], ["228.8", "303.5"], ["158.7", "303.5"], ["158.7", "174.9"]], "Type": "GATE"}, {"Location": [["237.5", "181.1"], ["245.4", "181.1"], ["245.4", "279.4"], ["237.5", "279.4"]], "Type": "SD"}], "Module": "M12", "Boundary": [["250.6", "174.9"], ["250.6", "286.6"], ["228.8", "286.6"], ["228.8", "303.5"], ["152.4", "303.5"], ["152.4", "174.9"]], "Module_type": "GATE"}, {"Ports": [{"Location": [["31.1", "287.0"], ["111.3", "287.0"], ["111.3", "292.3"], ["31.1", "292.3"]], "Type": "SD"}, {"Location": [["20.0", "184.9"], ["108.9", "184.9"], ["108.9", "242.9"], ["122.4", "242.9"], ["122.4", "284.8"], ["20.0", "284.8"]], "Type": "GATE"}, {"Location": [["25.8", "189.7"], ["102.1", "189.7"], ["102.1", "194.2"], ["25.8", "194.2"]], "Type": "SD"}], "Module": "M8", "Boundary": [["20.0", "184.9"], ["108.9", "184.9"], ["108.9", "242.9"], ["122.4", "242.9"], ["122.4", "292.3"], ["20.0", "292.3"]], "Module_type": "GATE"}], "Area": [["-30.0", "-30.0"], ["933.1", "-30.0"], ["933.1", "471.1"], ["-30.0", "471.1"]], "Rules": ["GATE(5,5)", "SD(5,5)", "GATE_SD(0.5)", "GATE_ITO(0.5)", "SD_ITO(0.5)"]}