{"Modules": [{"Module": "M14", "Boundary": [["398.3", "379.1"], ["457.4", "379.1"], ["457.4", "521.1"], ["398.3", "521.1"]], "Module_type": "GATE", "Ports": [{"Location": [["409.1", "516.8"], ["446.6", "516.8"], ["446.6", "521.1"], ["409.1", "521.1"]], "Type": "SD"}, {"Location": [["398.3", "379.1"], ["457.4", "379.1"], ["457.4", "514.7"], ["398.3", "514.7"]], "Type": "GATE"}, {"Location": [["403.5", "383.3"], ["452.2", "383.3"], ["452.2", "387.9"], ["403.5", "387.9"]], "Type": "SD"}]}, {"Ports": [{"Location": [["10.0", "476.0"], ["14.9", "476.0"], ["14.9", "514.6"], ["10.0", "514.6"]], "Type": "SD"}, {"Location": [["176.5", "463.2"], ["176.5", "527.4"], ["17.0", "527.4"], ["17.0", "463.2"]], "Type": "GATE"}, {"Location": [["165.8", "468.9"], ["171.8", "468.9"], ["171.8", "521.7"], ["165.8", "521.7"]], "Type": "SD"}], "Module": "M9", "Boundary": [["176.5", "463.2"], ["176.5", "527.4"], ["10.0", "527.4"], ["10.0", "463.2"]], "Module_type": "GATE"}, {"Ports": [{"Location": [["206.5", "487.2"], ["211.2", "487.2"], ["211.2", "526.4"], ["206.5", "526.4"]], "Type": "SD"}, {"Location": [["339.3", "473.5"], ["339.3", "540.1"], ["214.0", "540.1"], ["214.0", "473.5"]], "Type": "GATE"}, {"Location": [["328.2", "478.8"], ["335.0", "478.8"], ["335.0", "534.8"], ["328.2", "534.8"]], "Type": "SD"}], "Module": "M5", "Boundary": [["339.3", "473.5"], ["339.3", "540.1"], ["206.5", "540.1"], ["206.5", "473.5"]], "Module_type": "GATE"}, {"Ports": [{"Location": [["413.3", "724.6"], ["468.9", "724.6"], ["468.9", "729.6"], ["413.3", "729.6"]], "Type": "SD"}, {"Location": [["399.1", "561.1"], ["467.1", "561.1"], ["467.1", "561.2"], ["483.1", "561.2"], ["483.1", "722.4"], ["399.1", "722.4"]], "Type": "GATE"}, {"Location": [["405.6", "566.6"], ["460.6", "566.6"], ["460.6", "572.7"], ["405.6", "572.7"]], "Type": "SD"}], "Module": "M11", "Boundary": [["399.1", "561.1"], ["467.1", "561.1"], ["467.1", "561.2"], ["483.1", "561.2"], ["483.1", "729.6"], ["399.1", "729.6"]], "Module_type": "GATE"}, {"Ports": [{"Location": [["41.8", "181.6"], ["109.7", "181.6"], ["109.7", "186.4"], ["41.8", "186.4"]], "Type": "SD"}, {"Location": [["30.0", "30.0"], ["106.4", "30.0"], ["106.4", "30.3"], ["121.5", "30.3"], ["121.5", "179.2"], ["30.0", "179.2"]], "Type": "GATE"}, {"Location": [["35.4", "34.4"], ["101.0", "34.4"], ["101.0", "39.9"], ["35.4", "39.9"]], "Type": "SD"}], "Module": "M1", "Boundary": [["30.0", "30.0"], ["106.4", "30.0"], ["106.4", "30.3"], ["121.5", "30.3"], ["121.5", "186.4"], ["30.0", "186.4"]], "Module_type": "GATE"}, {"Ports": [{"Location": [["418.6", "161.1"], ["457.3", "161.1"], ["457.3", "166.4"], ["418.6", "166.4"]], "Type": "SD"}, {"Location": [["404.4", "10.0"], ["471.5", "10.0"], ["471.5", "158.9"], ["404.4", "158.9"]], "Type": "GATE"}, {"Location": [["410.2", "14.8"], ["465.7", "14.8"], ["465.7", "21.6"], ["410.2", "21.6"]], "Type": "SD"}], "Module": "M6", "Boundary": [["404.4", "10.0"], ["471.5", "10.0"], ["471.5", "166.4"], ["404.4", "166.4"]], "Module_type": "GATE"}, {"Ports": [{"Location": [["143.3", "428.7"], ["203.6", "428.7"], ["203.6", "433.2"], ["143.3", "433.2"]], "Type": "SD"}, {"Location": [["130.5", "236.4"], ["216.4", "236.4"], ["216.4", "427.0"], ["130.5", "427.0"]], "Type": "GATE"}, {"Location": [["135.6", "240.5"], ["211.3", "240.5"], ["211.3", "246.3"], ["135.6", "246.3"]], "Type": "SD"}], "Module": "M2", "Boundary": [["130.5", "236.4"], ["216.4", "236.4"], ["216.4", "433.2"], ["130.5", "433.2"]], "Module_type": "GATE"}, {"Ports": [{"Location": [["251.0", "24.3"], ["256.4", "24.3"], ["256.4", "101.5"], ["251.0", "101.5"]], "Type": "SD"}, {"Location": [["384.4", "10.0"], ["384.4", "98.4"], ["384.3", "98.4"], ["384.3", "115.8"], ["257.5", "115.8"], ["257.5", "10.0"]], "Type": "GATE"}, {"Location": [["372.6", "16.3"], ["379.1", "16.3"], ["379.1", "92.1"], ["372.6", "92.1"]], "Type": "SD"}], "Module": "M16", "Boundary": [["384.4", "10.0"], ["384.4", "98.4"], ["384.3", "98.4"], ["384.3", "115.8"], ["251.0", "115.8"], ["251.0", "10.0"]], "Module_type": "GATE"}, {"Ports": [{"Location": [["251.0", "371.4"], ["255.1", "371.4"], ["255.1", "431.2"], ["251.0", "431.2"]], "Type": "SD"}, {"Location": [["358.3", "359.1"], ["358.3", "443.5"], ["256.5", "443.5"], ["256.5", "359.1"]], "Type": "GATE"}, {"Location": [["349.2", "364.3"], ["354.1", "364.3"], ["354.1", "438.3"], ["349.2", "438.3"]], "Type": "SD"}], "Module": "M13", "Boundary": [["358.3", "359.1"], ["358.3", "443.5"], ["251.0", "443.5"], ["251.0", "359.1"]], "Module_type": "GATE"}, {"Ports": [{"Location": [["151.3", "690.0"], ["156.4", "690.0"], ["156.4", "711.0"], ["151.3", "711.0"]], "Type": "SD"}, {"Location": [["350.0", "678.7"], ["350.0", "707.7"], ["349.9", "707.7"], ["349.9", "722.3"], ["159.0", "722.3"], ["159.0", "678.7"]], "Type": "GATE"}, {"Location": [["341.3", "683.7"], ["346.0", "683.7"], ["346.0", "702.7"], ["341.3", "702.7"]], "Type": "SD"}], "Module": "M10", "Boundary": [["350.0", "678.7"], ["350.0", "707.7"], ["349.9", "707.7"], ["349.9", "722.3"], ["151.3", "722.3"], ["151.3", "678.7"]], "Module_type": "GATE"}, {"Ports": [{"Location": [["273.5", "320.4"], ["332.2", "320.4"], ["332.2", "325.2"], ["273.5", "325.2"]], "Type": "SD"}, {"Location": [["261.0", "145.8"], ["331.6", "145.8"], ["331.6", "146.2"], ["344.7", "146.2"], ["344.7", "318.6"], ["261.0", "318.6"]], "Type": "GATE"}, {"Location": [["266.5", "150.3"], ["326.1", "150.3"], ["326.1", "156.7"], ["266.5", "156.7"]], "Type": "SD"}], "Module": "M7", "Boundary": [["261.0", "145.8"], ["331.6", "145.8"], ["331.6", "146.2"], ["344.7", "146.2"], ["344.7", "325.2"], ["261.0", "325.2"]], "Module_type": "GATE"}, {"Ports": [{"Location": [["176.5", "184.2"], ["216.0", "184.2"], ["216.0", "189.2"], ["176.5", "189.2"]], "Type": "SD"}, {"Location": [["161.5", "10.0"], ["231.0", "10.0"], ["231.0", "182.3"], ["161.5", "182.3"]], "Type": "GATE"}, {"Location": [["168.0", "15.5"], ["224.5", "15.5"], ["224.5", "21.8"], ["168.0", "21.8"]], "Type": "SD"}], "Module": "M3", "Boundary": [["161.5", "10.0"], ["231.0", "10.0"], ["231.0", "189.2"], ["161.5", "189.2"]], "Module_type": "GATE"}, {"Ports": [{"Location": [["388.5", "334.0"], ["469.4", "334.0"], ["469.4", "339.1"], ["388.5", "339.1"]], "Type": "SD"}, {"Location": [["374.7", "186.4"], ["464.8", "186.4"], ["464.8", "186.6"], ["483.2", "186.6"], ["483.2", "332.5"], ["374.7", "332.5"]], "Type": "GATE"}, {"Location": [["380.3", "191.0"], ["459.2", "191.0"], ["459.2", "196.8"], ["380.3", "196.8"]], "Type": "SD"}], "Module": "M15", "Boundary": [["374.7", "186.4"], ["464.8", "186.4"], ["464.8", "186.6"], ["483.2", "186.6"], ["483.2", "339.1"], ["374.7", "339.1"]], "Module_type": "GATE"}, {"Ports": [{"Location": [["25.8", "407.6"], ["84.7", "407.6"], ["84.7", "413.5"], ["25.8", "413.5"]], "Type": "SD"}, {"Location": [["10.0", "226.4"], ["82.9", "226.4"], ["82.9", "226.6"], ["100.5", "226.6"], ["100.5", "405.6"], ["10.0", "405.6"]], "Type": "GATE"}, {"Location": [["16.6", "232.0"], ["76.3", "232.0"], ["76.3", "238.8"], ["16.6", "238.8"]], "Type": "SD"}], "Module": "M12", "Boundary": [["10.0", "226.4"], ["82.9", "226.4"], ["82.9", "226.6"], ["100.5", "226.6"], ["100.5", "413.5"], ["10.0", "413.5"]], "Module_type": "GATE"}, {"Ports": [{"Location": [["32.9", "710.0"], ["108.4", "710.0"], ["108.4", "714.5"], ["32.9", "714.5"]], "Type": "SD"}, {"Location": [["20.0", "557.4"], ["121.3", "557.4"], ["121.3", "707.1"], ["20.0", "707.1"]], "Type": "GATE"}, {"Location": [["25.5", "561.9"], ["115.8", "561.9"], ["115.8", "567.7"], ["25.5", "567.7"]], "Type": "SD"}], "Module": "M8", "Boundary": [["20.0", "557.4"], ["121.3", "557.4"], ["121.3", "714.5"], ["20.0", "714.5"]], "Module_type": "GATE"}, {"Ports": [{"Location": [["161.3", "594.5"], ["165.8", "594.5"], ["165.8", "634.3"], ["161.3", "634.3"]], "Type": "SD"}, {"Location": [["369.1", "580.1"], ["369.1", "632.1"], ["368.9", "632.1"], ["368.9", "648.7"], ["167.6", "648.7"], ["167.6", "580.1"]], "Type": "GATE"}, {"Location": [["357.6", "586.6"], ["363.6", "586.6"], ["363.6", "625.6"], ["357.6", "625.6"]], "Type": "SD"}], "Module": "M4", "Boundary": [["369.1", "580.1"], ["369.1", "632.1"], ["368.9", "632.1"], ["368.9", "648.7"], ["161.3", "648.7"], ["161.3", "580.1"]], "Module_type": "GATE"}], "Area": [["-30.0", "-30.0"], ["523.2", "-30.0"], ["523.2", "769.6"], ["-30.0", "769.6"]], "Rules": ["GATE(5,5)", "SD(5,5)", "GATE_SD(0.5)", "GATE_ITO(0.5)", "SD_ITO(0.5)"]}