{"Modules": [{"Module": "M14", "Boundary": [["195.0", "408.7"], ["195.0", "482.8"], ["30.0", "482.8"], ["30.0", "408.7"]], "Module_type": "GATE", "Ports": [{"Location": [["30.0", "420.8"], ["34.6", "420.8"], ["34.6", "470.7"], ["30.0", "470.7"]], "Type": "SD"}, {"Location": [["195.0", "408.7"], ["195.0", "482.8"], ["36.8", "482.8"], ["36.8", "408.7"]], "Type": "GATE"}, {"Location": [["185.4", "414.3"], ["190.4", "414.3"], ["190.4", "477.2"], ["185.4", "477.2"]], "Type": "SD"}]}, {"Ports": [{"Location": [["243.4", "25.0"], ["249.0", "25.0"], ["249.0", "110.1"], ["243.4", "110.1"]], "Type": "SD"}, {"Location": [["346.8", "10.0"], ["346.8", "125.1"], ["250.8", "125.1"], ["250.8", "10.0"]], "Type": "GATE"}, {"Location": [["335.1", "15.8"], ["342.0", "15.8"], ["342.0", "119.3"], ["335.1", "119.3"]], "Type": "SD"}], "Module": "M9", "Boundary": [["346.8", "10.0"], ["346.8", "125.1"], ["243.4", "125.1"], ["243.4", "10.0"]], "Module_type": "GATE"}, {"Ports": [{"Location": [["376.8", "33.8"], ["381.7", "33.8"], ["381.7", "58.9"], ["376.8", "58.9"]], "Type": "SD"}, {"Location": [["473.7", "20.0"], ["473.7", "72.7"], ["384.4", "72.7"], ["384.4", "20.0"]], "Type": "GATE"}, {"Location": [["462.7", "25.7"], ["469.0", "25.7"], ["469.0", "67.0"], ["462.7", "67.0"]], "Type": "SD"}], "Module": "M5", "Boundary": [["473.7", "20.0"], ["473.7", "72.7"], ["376.8", "72.7"], ["376.8", "20.0"]], "Module_type": "GATE"}, {"Ports": [{"Location": [["10.0", "291.1"], ["14.1", "291.1"], ["14.1", "352.0"], ["10.0", "352.0"]], "Type": "SD"}, {"Location": [["132.7", "277.9"], ["132.7", "365.2"], ["16.6", "365.2"], ["16.6", "277.9"]], "Type": "GATE"}, {"Location": [["121.2", "284.2"], ["127.4", "284.2"], ["127.4", "358.9"], ["121.2", "358.9"]], "Type": "SD"}], "Module": "M11", "Boundary": [["132.7", "277.9"], ["132.7", "365.2"], ["10.0", "365.2"], ["10.0", "277.9"]], "Module_type": "GATE"}, {"Ports": [{"Location": [["172.7", "311.7"], ["178.5", "311.7"], ["178.5", "334.9"], ["172.7", "334.9"]], "Type": "SD"}, {"Location": [["287.6", "297.9"], ["287.6", "332.1"], ["287.5", "332.1"], ["287.5", "348.7"], ["180.7", "348.7"], ["180.7", "297.9"]], "Type": "GATE"}, {"Location": [["276.7", "303.3"], ["283.2", "303.3"], ["283.2", "326.7"], ["276.7", "326.7"]], "Type": "SD"}], "Module": "M1", "Boundary": [["287.6", "297.9"], ["287.6", "332.1"], ["287.5", "332.1"], ["287.5", "348.7"], ["172.7", "348.7"], ["172.7", "297.9"]], "Module_type": "GATE"}, {"Ports": [{"Location": [["566.0", "373.7"], ["602.7", "373.7"], ["602.7", "379.2"], ["566.0", "379.2"]], "Type": "SD"}, {"Location": [["551.1", "171.3"], ["617.6", "171.3"], ["617.6", "372.6"], ["551.1", "372.6"]], "Type": "GATE"}, {"Location": [["557.9", "177.1"], ["610.8", "177.1"], ["610.8", "184.0"], ["557.9", "184.0"]], "Type": "SD"}], "Module": "M6", "Boundary": [["551.1", "171.3"], ["617.6", "171.3"], ["617.6", "379.2"], ["551.1", "379.2"]], "Module_type": "GATE"}, {"Ports": [{"Location": [["527.1", "137.2"], ["592.1", "137.2"], ["592.1", "141.3"], ["527.1", "141.3"]], "Type": "SD"}, {"Location": [["513.7", "20.0"], ["590.8", "20.0"], ["590.8", "20.1"], ["605.5", "20.1"], ["605.5", "135.5"], ["513.7", "135.5"]], "Type": "GATE"}, {"Location": [["520.3", "25.6"], ["584.2", "25.6"], ["584.2", "30.9"], ["520.3", "30.9"]], "Type": "SD"}], "Module": "M2", "Boundary": [["513.7", "20.0"], ["590.8", "20.0"], ["590.8", "20.1"], ["605.5", "20.1"], ["605.5", "141.3"], ["513.7", "141.3"]], "Module_type": "GATE"}, {"Ports": [{"Location": [["327.6", "309.1"], ["331.7", "309.1"], ["331.7", "366.2"], ["327.6", "366.2"]], "Type": "SD"}, {"Location": [["410.9", "295.8"], ["410.9", "379.5"], ["334.2", "379.5"], ["334.2", "295.8"]], "Type": "GATE"}, {"Location": [["400.5", "302.2"], ["405.5", "302.2"], ["405.5", "373.1"], ["400.5", "373.1"]], "Type": "SD"}], "Module": "M16", "Boundary": [["410.9", "295.8"], ["410.9", "379.5"], ["327.6", "379.5"], ["327.6", "295.8"]], "Module_type": "GATE"}, {"Ports": [{"Location": [["10.0", "163.2"], ["15.6", "163.2"], ["15.6", "244.1"], ["10.0", "244.1"]], "Type": "SD"}, {"Location": [["230.9", "149.4"], ["230.9", "257.9"], ["16.7", "257.9"], ["16.7", "149.4"]], "Type": "GATE"}, {"Location": [["219.8", "156.4"], ["224.9", "156.4"], ["224.9", "250.9"], ["219.8", "250.9"]], "Type": "SD"}], "Module": "M13", "Boundary": [["230.9", "149.4"], ["230.9", "257.9"], ["10.0", "257.9"], ["10.0", "149.4"]], "Module_type": "GATE"}, {"Ports": [{"Location": [["430.9", "308.4"], ["436.6", "308.4"], ["436.6", "357.0"], ["430.9", "357.0"]], "Type": "SD"}, {"Location": [["526.6", "295.8"], ["526.6", "355.7"], ["526.4", "355.7"], ["526.4", "369.6"], ["438.5", "369.6"], ["438.5", "295.8"]], "Type": "GATE"}, {"Location": [["515.5", "302.3"], ["521.1", "302.3"], ["521.1", "349.2"], ["515.5", "349.2"]], "Type": "SD"}], "Module": "M10", "Boundary": [["526.6", "295.8"], ["526.6", "355.7"], ["526.4", "355.7"], ["526.4", "369.6"], ["430.9", "369.6"], ["430.9", "295.8"]], "Module_type": "GATE"}, {"Ports": [{"Location": [["20.0", "36.2"], ["24.4", "36.2"], ["24.4", "103.2"], ["20.0", "103.2"]], "Type": "SD"}, {"Location": [["213.4", "20.0"], ["213.4", "99.7"], ["213.0", "99.7"], ["213.0", "119.4"], ["25.7", "119.4"], ["25.7", "20.0"]], "Type": "GATE"}, {"Location": [["200.6", "26.9"], ["207.5", "26.9"], ["207.5", "92.8"], ["200.6", "92.8"]], "Type": "SD"}], "Module": "M7", "Boundary": [["213.4", "20.0"], ["213.4", "99.7"], ["213.0", "99.7"], ["213.0", "119.4"], ["20.0", "119.4"], ["20.0", "20.0"]], "Module_type": "GATE"}, {"Ports": [{"Location": [["366.8", "116.8"], ["372.2", "116.8"], ["372.2", "154.7"], ["366.8", "154.7"]], "Type": "SD"}, {"Location": [["459.6", "102.7"], ["459.6", "153.5"], ["459.6", "153.5"], ["459.6", "168.8"], ["374.1", "168.8"], ["374.1", "102.7"]], "Type": "GATE"}, {"Location": [["447.5", "109.3"], ["454.0", "109.3"], ["454.0", "146.9"], ["447.5", "146.9"]], "Type": "SD"}], "Module": "M3", "Boundary": [["459.6", "102.7"], ["459.6", "153.5"], ["459.6", "153.5"], ["459.6", "168.8"], ["366.8", "168.8"], ["366.8", "102.7"]], "Module_type": "GATE"}, {"Ports": [{"Location": [["250.9", "159.7"], ["256.6", "159.7"], ["256.6", "237.9"], ["250.9", "237.9"]], "Type": "SD"}, {"Location": [["344.4", "145.1"], ["344.4", "234.7"], ["344.2", "234.7"], ["344.2", "252.5"], ["258.8", "252.5"], ["258.8", "145.1"]], "Type": "GATE"}, {"Location": [["332.7", "151.1"], ["339.4", "151.1"], ["339.4", "228.7"], ["332.7", "228.7"]], "Type": "SD"}], "Module": "M15", "Boundary": [["344.4", "145.1"], ["344.4", "234.7"], ["344.2", "234.7"], ["344.2", "252.5"], ["250.9", "252.5"], ["250.9", "145.1"]], "Module_type": "GATE"}, {"Ports": [{"Location": [["423.6", "412.6"], ["429.1", "412.6"], ["429.1", "486.2"], ["423.6", "486.2"]], "Type": "SD"}, {"Location": [["601.8", "399.5"], ["601.8", "499.3"], ["431.0", "499.3"], ["431.0", "399.5"]], "Type": "GATE"}, {"Location": [["590.6", "406.4"], ["595.9", "406.4"], ["595.9", "492.4"], ["590.6", "492.4"]], "Type": "SD"}], "Module": "M12", "Boundary": [["601.8", "399.5"], ["601.8", "499.3"], ["423.6", "499.3"], ["423.6", "399.5"]], "Module_type": "GATE"}, {"Ports": [{"Location": [["376.8", "212.0"], ["381.5", "212.0"], ["381.5", "252.6"], ["376.8", "252.6"]], "Type": "SD"}, {"Location": [["521.1", "198.8"], ["521.1", "265.8"], ["384.1", "265.8"], ["384.1", "198.8"]], "Type": "GATE"}, {"Location": [["510.4", "205.2"], ["515.7", "205.2"], ["515.7", "259.4"], ["510.4", "259.4"]], "Type": "SD"}], "Module": "M8", "Boundary": [["521.1", "198.8"], ["521.1", "265.8"], ["376.8", "265.8"], ["376.8", "198.8"]], "Module_type": "GATE"}], "Area": [["-30.0", "-30.0"], ["657.6", "-30.0"], ["657.6", "539.3"], ["-30.0", "539.3"]], "Rules": ["GATE(5,5)", "SD(5,5)", "GATE_SD(0.5)", "GATE_ITO(0.5)", "SD_ITO(0.5)"]}