{"Modules": [{"Module": "M14", "Boundary": [["670.4", "272.9"], ["670.4", "315.9"], ["635.6", "315.9"], ["635.6", "328.1"], ["472.9", "328.1"], ["472.9", "272.9"]], "Module_type": "GATE", "Ports": [{"Location": [["472.9", "284.2"], ["478.5", "284.2"], ["478.5", "316.8"], ["472.9", "316.8"]], "Type": "SD"}, {"Location": [["670.4", "272.9"], ["670.4", "315.9"], ["635.6", "315.9"], ["635.6", "328.1"], ["479.9", "328.1"], ["479.9", "272.9"]], "Type": "GATE"}, {"Location": [["660.7", "278.6"], ["665.7", "278.6"], ["665.7", "309.2"], ["660.7", "309.2"]], "Type": "SD"}]}, {"Ports": [{"Location": [["664.6", "201.0"], ["737.8", "201.0"], ["737.8", "206.0"], ["664.6", "206.0"]], "Type": "SD"}, {"Location": [["652.3", "92.5"], ["733.6", "92.5"], ["733.6", "92.5"], ["750.1", "92.5"], ["750.1", "199.0"], ["652.3", "199.0"]], "Type": "GATE"}, {"Location": [["657.7", "96.9"], ["728.2", "96.9"], ["728.2", "102.3"], ["657.7", "102.3"]], "Type": "SD"}], "Module": "M9", "Boundary": [["652.3", "92.5"], ["733.6", "92.5"], ["733.6", "92.5"], ["750.1", "92.5"], ["750.1", "206.0"], ["652.3", "206.0"]], "Module_type": "GATE"}, {"Ports": [{"Location": [["825.2", "273.4"], ["831.0", "273.4"], ["831.0", "326.6"], ["825.2", "326.6"]], "Type": "SD"}, {"Location": [["1010.9", "258.4"], ["1010.9", "341.6"], ["832.3", "341.6"], ["832.3", "258.4"]], "Type": "GATE"}, {"Location": [["999.1", "265.1"], ["1005.2", "265.1"], ["1005.2", "334.9"], ["999.1", "334.9"]], "Type": "SD"}], "Module": "M5", "Boundary": [["1010.9", "258.4"], ["1010.9", "341.6"], ["825.2", "341.6"], ["825.2", "258.4"]], "Module_type": "GATE"}, {"Ports": [{"Location": [["828.4", "223.5"], ["851.7", "223.5"], ["851.7", "228.4"], ["828.4", "228.4"]], "Type": "SD"}, {"Location": [["815.2", "112.5"], ["864.9", "112.5"], ["864.9", "222.2"], ["815.2", "222.2"]], "Type": "GATE"}, {"Location": [["821.3", "117.6"], ["858.8", "117.6"], ["858.8", "122.7"], ["821.3", "122.7"]], "Type": "SD"}], "Module": "M11", "Boundary": [["815.2", "112.5"], ["864.9", "112.5"], ["864.9", "228.4"], ["815.2", "228.4"]], "Module_type": "GATE"}, {"Ports": [{"Location": [["41.9", "214.0"], ["108.4", "214.0"], ["108.4", "219.3"], ["41.9", "219.3"]], "Type": "SD"}, {"Location": [["30.0", "30.0"], ["105.6", "30.0"], ["105.6", "30.1"], ["120.3", "30.1"], ["120.3", "212.2"], ["30.0", "212.2"]], "Type": "GATE"}, {"Location": [["36.5", "35.5"], ["99.1", "35.5"], ["99.1", "40.1"], ["36.5", "40.1"]], "Type": "SD"}], "Module": "M1", "Boundary": [["30.0", "30.0"], ["105.6", "30.0"], ["105.6", "30.1"], ["120.3", "30.1"], ["120.3", "219.3"], ["30.0", "219.3"]], "Module_type": "GATE"}, {"Ports": [{"Location": [["846.9", "88.3"], ["939.7", "88.3"], ["939.7", "92.5"], ["846.9", "92.5"]], "Type": "SD"}, {"Location": [["833.6", "10.0"], ["936.9", "10.0"], ["936.9", "32.3"], ["953.0", "32.3"], ["953.0", "85.9"], ["833.6", "85.9"]], "Type": "GATE"}, {"Location": [["839.8", "15.2"], ["929.7", "15.2"], ["929.7", "20.4"], ["839.8", "20.4"]], "Type": "SD"}], "Module": "M6", "Boundary": [["833.6", "10.0"], ["936.9", "10.0"], ["936.9", "32.3"], ["953.0", "32.3"], ["953.0", "92.5"], ["833.6", "92.5"]], "Module_type": "GATE"}, {"Ports": [{"Location": [["334.1", "203.5"], ["410.2", "203.5"], ["410.2", "209.4"], ["334.1", "209.4"]], "Type": "SD"}, {"Location": [["321.4", "20.0"], ["406.8", "20.0"], ["406.8", "102.0"], ["422.9", "102.0"], ["422.9", "200.7"], ["321.4", "200.7"]], "Type": "GATE"}, {"Location": [["327.1", "24.7"], ["400.1", "24.7"], ["400.1", "30.0"], ["327.1", "30.0"]], "Type": "SD"}], "Module": "M2", "Boundary": [["321.4", "20.0"], ["406.8", "20.0"], ["406.8", "102.0"], ["422.9", "102.0"], ["422.9", "209.4"], ["321.4", "209.4"]], "Module_type": "GATE"}, {"Ports": [{"Location": [["218.1", "265.6"], ["224.0", "265.6"], ["224.0", "331.2"], ["218.1", "331.2"]], "Type": "SD"}, {"Location": [["424.4", "250.7"], ["424.4", "326.9"], ["424.3", "326.9"], ["424.3", "346.1"], ["226.3", "346.1"], ["226.3", "250.7"]], "Type": "GATE"}, {"Location": [["412.6", "257.2"], ["418.9", "257.2"], ["418.9", "320.4"], ["412.6", "320.4"]], "Type": "SD"}], "Module": "M16", "Boundary": [["424.4", "250.7"], ["424.4", "326.9"], ["424.3", "326.9"], ["424.3", "346.1"], ["218.1", "346.1"], ["218.1", "250.7"]], "Module_type": "GATE"}, {"Ports": [{"Location": [["987.8", "93.5"], ["1047.7", "93.5"], ["1047.7", "99.4"], ["987.8", "99.4"]], "Type": "SD"}, {"Location": [["973.0", "10.0"], ["1044.8", "10.0"], ["1044.8", "10.4"], ["1062.5", "10.4"], ["1062.5", "90.8"], ["973.0", "90.8"]], "Type": "GATE"}, {"Location": [["979.0", "15.0"], ["1038.8", "15.0"], ["1038.8", "21.8"], ["979.0", "21.8"]], "Type": "SD"}], "Module": "M13", "Boundary": [["973.0", "10.0"], ["1044.8", "10.0"], ["1044.8", "10.4"], ["1062.5", "10.4"], ["1062.5", "99.4"], ["973.0", "99.4"]], "Module_type": "GATE"}, {"Ports": [{"Location": [["463.7", "218.3"], ["519.0", "218.3"], ["519.0", "223.9"], ["463.7", "223.9"]], "Type": "SD"}, {"Location": [["452.9", "10.0"], ["529.8", "10.0"], ["529.8", "216.7"], ["452.9", "216.7"]], "Type": "GATE"}, {"Location": [["459.0", "15.1"], ["523.7", "15.1"], ["523.7", "19.2"], ["459.0", "19.2"]], "Type": "SD"}], "Module": "M10", "Boundary": [["452.9", "10.0"], ["529.8", "10.0"], ["529.8", "223.9"], ["452.9", "223.9"]], "Module_type": "GATE"}, {"Ports": [{"Location": [["20.0", "283.7"], ["25.2", "283.7"], ["25.2", "336.1"], ["20.0", "336.1"]], "Type": "SD"}, {"Location": [["188.1", "269.3"], ["188.1", "350.5"], ["27.4", "350.5"], ["27.4", "269.3"]], "Type": "GATE"}, {"Location": [["175.8", "275.7"], ["182.7", "275.7"], ["182.7", "344.1"], ["175.8", "344.1"]], "Type": "SD"}], "Module": "M7", "Boundary": [["188.1", "269.3"], ["188.1", "350.5"], ["20.0", "350.5"], ["20.0", "269.3"]], "Module_type": "GATE"}, {"Ports": [{"Location": [["884.9", "131.6"], ["889.5", "131.6"], ["889.5", "199.6"], ["884.9", "199.6"]], "Type": "SD"}, {"Location": [["1043.1", "119.4"], ["1043.1", "196.4"], ["1043.0", "196.4"], ["1043.0", "211.8"], ["892.0", "211.8"], ["892.0", "119.4"]], "Type": "GATE"}, {"Location": [["1033.7", "125.3"], ["1038.2", "125.3"], ["1038.2", "190.5"], ["1033.7", "190.5"]], "Type": "SD"}], "Module": "M3", "Boundary": [["1043.1", "119.4"], ["1043.1", "196.4"], ["1043.0", "196.4"], ["1043.0", "211.8"], ["884.9", "211.8"], ["884.9", "119.4"]], "Module_type": "GATE"}, {"Ports": [{"Location": [["723.5", "341.8"], ["782.1", "341.8"], ["782.1", "346.2"], ["723.5", "346.2"]], "Type": "SD"}, {"Location": [["710.4", "226.0"], ["795.2", "226.0"], ["795.2", "339.7"], ["710.4", "339.7"]], "Type": "GATE"}, {"Location": [["715.8", "230.4"], ["789.8", "230.4"], ["789.8", "236.7"], ["715.8", "236.7"]], "Type": "SD"}], "Module": "M15", "Boundary": [["710.4", "226.0"], ["795.2", "226.0"], ["795.2", "346.2"], ["710.4", "346.2"]], "Module_type": "GATE"}, {"Ports": [{"Location": [["652.3", "23.8"], ["657.1", "23.8"], ["657.1", "58.7"], ["652.3", "58.7"]], "Type": "SD"}, {"Location": [["813.6", "10.0"], ["813.6", "59.1"], ["745.1", "59.1"], ["745.1", "72.5"], ["659.4", "72.5"], ["659.4", "10.0"]], "Type": "GATE"}, {"Location": [["802.4", "16.6"], ["808.0", "16.6"], ["808.0", "51.5"], ["802.4", "51.5"]], "Type": "SD"}], "Module": "M12", "Boundary": [["813.6", "10.0"], ["813.6", "59.1"], ["745.1", "59.1"], ["745.1", "72.5"], ["652.3", "72.5"], ["652.3", "10.0"]], "Module_type": "GATE"}, {"Ports": [{"Location": [["185.1", "214.9"], ["266.6", "214.9"], ["266.6", "220.7"], ["185.1", "220.7"]], "Type": "SD"}, {"Location": [["170.3", "20.0"], ["263.9", "20.0"], ["263.9", "37.5"], ["281.4", "37.5"], ["281.4", "213.3"], ["170.3", "213.3"]], "Type": "GATE"}, {"Location": [["176.6", "25.3"], ["256.6", "25.3"], ["256.6", "31.6"], ["176.6", "31.6"]], "Type": "SD"}], "Module": "M8", "Boundary": [["170.3", "20.0"], ["263.9", "20.0"], ["263.9", "37.5"], ["281.4", "37.5"], ["281.4", "220.7"], ["170.3", "220.7"]], "Module_type": "GATE"}], "Area": [["-20.0", "-30.0"], ["1102.5", "-30.0"], ["1102.5", "390.5"], ["-20.0", "390.5"]], "Rules": ["GATE(5,5)", "SD(5,5)", "GATE_SD(0.5)", "GATE_ITO(0.5)", "SD_ITO(0.5)"]}