{"Modules": [{"Module": "M14", "Boundary": [["30.0", "639.2"], ["137.7", "639.2"], ["137.7", "801.7"], ["30.0", "801.7"]], "Module_type": "GATE", "Ports": [{"Location": [["43.4", "797.1"], ["124.3", "797.1"], ["124.3", "801.7"], ["43.4", "801.7"]], "Type": "SD"}, {"Location": [["30.0", "639.2"], ["137.7", "639.2"], ["137.7", "794.3"], ["30.0", "794.3"]], "Type": "GATE"}, {"Location": [["37.0", "645.2"], ["130.7", "645.2"], ["130.7", "650.2"], ["37.0", "650.2"]], "Type": "SD"}]}, {"Ports": [{"Location": [["150.1", "514.4"], ["155.4", "514.4"], ["155.4", "583.3"], ["150.1", "583.3"]], "Type": "SD"}, {"Location": [["370.1", "501.8"], ["370.1", "595.9"], ["157.7", "595.9"], ["157.7", "501.8"]], "Type": "GATE"}, {"Location": [["359.7", "507.3"], ["365.6", "507.3"], ["365.6", "590.4"], ["359.7", "590.4"]], "Type": "SD"}], "Module": "M9", "Boundary": [["370.1", "501.8"], ["370.1", "595.9"], ["150.1", "595.9"], ["150.1", "501.8"]], "Module_type": "GATE"}, {"Ports": [{"Location": [["169.2", "357.1"], ["243.5", "357.1"], ["243.5", "362.1"], ["169.2", "362.1"]], "Type": "SD"}, {"Location": [["155.0", "221.9"], ["240.7", "221.9"], ["240.7", "222.1"], ["257.7", "222.1"], ["257.7", "354.8"], ["155.0", "354.8"]], "Type": "GATE"}, {"Location": [["160.9", "226.8"], ["234.8", "226.8"], ["234.8", "233.2"], ["160.9", "233.2"]], "Type": "SD"}], "Module": "M5", "Boundary": [["155.0", "221.9"], ["240.7", "221.9"], ["240.7", "222.1"], ["257.7", "222.1"], ["257.7", "362.1"], ["155.0", "362.1"]], "Module_type": "GATE"}, {"Ports": [{"Location": [["10.0", "855.7"], ["15.6", "855.7"], ["15.6", "904.5"], ["10.0", "904.5"]], "Type": "SD"}, {"Location": [["128.7", "841.7"], ["128.7", "904.4"], ["128.6", "904.4"], ["128.6", "918.5"], ["17.1", "918.5"], ["17.1", "841.7"]], "Type": "GATE"}, {"Location": [["116.5", "848.5"], ["122.9", "848.5"], ["122.9", "897.6"], ["116.5", "897.6"]], "Type": "SD"}], "Module": "M11", "Boundary": [["128.7", "841.7"], ["128.7", "904.4"], ["128.6", "904.4"], ["128.6", "918.5"], ["10.0", "918.5"], ["10.0", "841.7"]], "Module_type": "GATE"}, {"Ports": [{"Location": [["261.3", "42.6"], ["267.0", "42.6"], ["267.0", "115.2"], ["261.3", "115.2"]], "Type": "SD"}, {"Location": [["358.8", "30.0"], ["358.8", "111.4"], ["358.7", "111.4"], ["358.7", "127.8"], ["268.1", "127.8"], ["268.1", "30.0"]], "Type": "GATE"}, {"Location": [["348.6", "35.4"], ["354.4", "35.4"], ["354.4", "106.0"], ["348.6", "106.0"]], "Type": "SD"}], "Module": "M1", "Boundary": [["358.8", "30.0"], ["358.8", "111.4"], ["358.7", "111.4"], ["358.7", "127.8"], ["261.3", "127.8"], ["261.3", "30.0"]], "Module_type": "GATE"}, {"Ports": [{"Location": [["10.0", "170.5"], ["15.5", "170.5"], ["15.5", "224.8"], ["10.0", "224.8"]], "Type": "SD"}, {"Location": [["112.0", "157.8"], ["112.0", "237.5"], ["17.0", "237.5"], ["17.0", "157.8"]], "Type": "GATE"}, {"Location": [["101.9", "163.2"], ["107.6", "163.2"], ["107.6", "232.1"], ["101.9", "232.1"]], "Type": "SD"}], "Module": "M6", "Boundary": [["112.0", "157.8"], ["112.0", "237.5"], ["10.0", "237.5"], ["10.0", "157.8"]], "Module_type": "GATE"}, {"Ports": [{"Location": [["35.0", "123.3"], ["95.5", "123.3"], ["95.5", "127.8"], ["35.0", "127.8"]], "Type": "SD"}, {"Location": [["20.0", "20.0"], ["93.0", "20.0"], ["93.0", "20.1"], ["110.5", "20.1"], ["110.5", "120.5"], ["20.0", "120.5"]], "Type": "GATE"}, {"Location": [["26.9", "25.9"], ["86.1", "25.9"], ["86.1", "32.5"], ["26.9", "32.5"]], "Type": "SD"}], "Module": "M2", "Boundary": [["20.0", "20.0"], ["93.0", "20.0"], ["93.0", "20.1"], ["110.5", "20.1"], ["110.5", "127.8"], ["20.0", "127.8"]], "Module_type": "GATE"}, {"Ports": [{"Location": [["23.4", "594.9"], ["116.7", "594.9"], ["116.7", "599.2"], ["23.4", "599.2"]], "Type": "SD"}, {"Location": [["10.0", "479.5"], ["112.9", "479.5"], ["112.9", "480.1"], ["130.1", "480.1"], ["130.1", "593.2"], ["10.0", "593.2"]], "Type": "GATE"}, {"Location": [["16.1", "484.6"], ["106.8", "484.6"], ["106.8", "489.8"], ["16.1", "489.8"]], "Type": "SD"}], "Module": "M16", "Boundary": [["10.0", "479.5"], ["112.9", "479.5"], ["112.9", "480.1"], ["130.1", "480.1"], ["130.1", "599.2"], ["10.0", "599.2"]], "Module_type": "GATE"}, {"Ports": [{"Location": [["188.9", "810.0"], ["229.0", "810.0"], ["229.0", "814.1"], ["188.9", "814.1"]], "Type": "SD"}, {"Location": [["177.7", "615.9"], ["224.1", "615.9"], ["224.1", "616.0"], ["240.2", "616.0"], ["240.2", "807.5"], ["177.7", "807.5"]], "Type": "GATE"}, {"Location": [["183.2", "620.4"], ["218.6", "620.4"], ["218.6", "624.6"], ["183.2", "624.6"]], "Type": "SD"}], "Module": "M13", "Boundary": [["177.7", "615.9"], ["224.1", "615.9"], ["224.1", "616.0"], ["240.2", "616.0"], ["240.2", "814.1"], ["177.7", "814.1"]], "Module_type": "GATE"}, {"Ports": [{"Location": [["10.0", "269.4"], ["16.0", "269.4"], ["16.0", "291.5"], ["10.0", "291.5"]], "Type": "SD"}, {"Location": [["125.0", "257.5"], ["125.0", "303.4"], ["18.2", "303.4"], ["18.2", "257.5"]], "Type": "GATE"}, {"Location": [["115.2", "262.6"], ["120.9", "262.6"], ["120.9", "298.3"], ["115.2", "298.3"]], "Type": "SD"}], "Module": "M10", "Boundary": [["125.0", "257.5"], ["125.0", "303.4"], ["10.0", "303.4"], ["10.0", "257.5"]], "Module_type": "GATE"}, {"Ports": [{"Location": [["34.3", "444.8"], ["97.6", "444.8"], ["97.6", "449.5"], ["34.3", "449.5"]], "Type": "SD"}, {"Location": [["20.0", "333.4"], ["111.9", "333.4"], ["111.9", "443.4"], ["20.0", "443.4"]], "Type": "GATE"}, {"Location": [["26.3", "338.7"], ["105.6", "338.7"], ["105.6", "344.4"], ["26.3", "344.4"]], "Type": "SD"}], "Module": "M7", "Boundary": [["20.0", "333.4"], ["111.9", "333.4"], ["111.9", "449.5"], ["20.0", "449.5"]], "Module_type": "GATE"}, {"Ports": [{"Location": [["150.1", "406.8"], ["154.9", "406.8"], ["154.9", "467.1"], ["150.1", "467.1"]], "Type": "SD"}, {"Location": [["359.1", "392.1"], ["359.1", "481.8"], ["157.2", "481.8"], ["157.2", "392.1"]], "Type": "GATE"}, {"Location": [["347.8", "397.8"], ["354.4", "397.8"], ["354.4", "476.1"], ["347.8", "476.1"]], "Type": "SD"}], "Module": "M3", "Boundary": [["359.1", "392.1"], ["359.1", "481.8"], ["150.1", "481.8"], ["150.1", "392.1"]], "Module_type": "GATE"}, {"Ports": [{"Location": [["154.6", "187.7"], ["207.2", "187.7"], ["207.2", "191.9"], ["154.6", "191.9"]], "Type": "SD"}, {"Location": [["140.5", "10.0"], ["205.9", "10.0"], ["205.9", "10.1"], ["221.3", "10.1"], ["221.3", "185.5"], ["140.5", "185.5"]], "Type": "GATE"}, {"Location": [["147.1", "15.6"], ["199.3", "15.6"], ["199.3", "21.8"], ["147.1", "21.8"]], "Type": "SD"}], "Module": "M15", "Boundary": [["140.5", "10.0"], ["205.9", "10.0"], ["205.9", "10.1"], ["221.3", "10.1"], ["221.3", "191.9"], ["140.5", "191.9"]], "Module_type": "GATE"}, {"Ports": [{"Location": [["302.3", "365.2"], ["352.7", "365.2"], ["352.7", "371.1"], ["302.3", "371.1"]], "Type": "SD"}, {"Location": [["287.7", "167.8"], ["352.6", "167.8"], ["352.6", "167.8"], ["367.3", "167.8"], ["367.3", "363.3"], ["287.7", "363.3"]], "Type": "GATE"}, {"Location": [["294.2", "173.3"], ["346.1", "173.3"], ["346.1", "180.7"], ["294.2", "180.7"]], "Type": "SD"}], "Module": "M12", "Boundary": [["287.7", "167.8"], ["352.6", "167.8"], ["352.6", "167.8"], ["367.3", "167.8"], ["367.3", "371.1"], ["287.7", "371.1"]], "Module_type": "GATE"}, {"Ports": [{"Location": [["282.8", "795.8"], ["356.3", "795.8"], ["356.3", "801.3"], ["282.8", "801.3"]], "Type": "SD"}, {"Location": [["270.2", "625.9"], ["368.9", "625.9"], ["368.9", "794.1"], ["270.2", "794.1"]], "Type": "GATE"}, {"Location": [["276.0", "630.7"], ["363.1", "630.7"], ["363.1", "636.3"], ["276.0", "636.3"]], "Type": "SD"}], "Module": "M8", "Boundary": [["270.2", "625.9"], ["368.9", "625.9"], ["368.9", "801.3"], ["270.2", "801.3"]], "Module_type": "GATE"}, {"Ports": [{"Location": [["187.7", "857.2"], ["192.4", "857.2"], ["192.4", "899.1"], ["187.7", "899.1"]], "Type": "SD"}, {"Location": [["317.3", "844.1"], ["317.3", "894.7"], ["317.1", "894.7"], ["317.1", "912.2"], ["194.4", "912.2"], ["194.4", "844.1"]], "Type": "GATE"}, {"Location": [["307.2", "849.3"], ["313.1", "849.3"], ["313.1", "889.5"], ["307.2", "889.5"]], "Type": "SD"}], "Module": "M4", "Boundary": [["317.3", "844.1"], ["317.3", "894.7"], ["317.1", "894.7"], ["317.1", "912.2"], ["187.7", "912.2"], ["187.7", "844.1"]], "Module_type": "GATE"}], "Area": [["-30.0", "-30.0"], ["410.1", "-30.0"], ["410.1", "958.5"], ["-30.0", "958.5"]], "Rules": ["GATE(5,5)", "SD(5,5)", "GATE_SD(0.5)", "GATE_ITO(0.5)", "SD_ITO(0.5)"]}