{"Modules": [{"Module": "M14", "Boundary": [["441.1", "148.7"], ["441.1", "245.5"], ["440.8", "245.5"], ["440.8", "261.5"], ["214.1", "261.5"], ["214.1", "148.7"]], "Module_type": "GATE", "Ports": [{"Location": [["214.1", "161.8"], ["218.5", "161.8"], ["218.5", "248.4"], ["214.1", "248.4"]], "Type": "SD"}, {"Location": [["441.1", "148.7"], ["441.1", "245.5"], ["440.8", "245.5"], ["440.8", "261.5"], ["221.4", "261.5"], ["221.4", "148.7"]], "Type": "GATE"}, {"Location": [["430.9", "154.2"], ["436.6", "154.2"], ["436.6", "240.0"], ["430.9", "240.0"]], "Type": "SD"}]}, {"Ports": [{"Location": [["10.0", "24.9"], ["14.4", "24.9"], ["14.4", "50.2"], ["10.0", "50.2"]], "Type": "SD"}, {"Location": [["200.6", "10.0"], ["200.6", "65.1"], ["16.8", "65.1"], ["16.8", "10.0"]], "Type": "GATE"}, {"Location": [["188.3", "16.5"], ["195.1", "16.5"], ["195.1", "58.6"], ["188.3", "58.6"]], "Type": "SD"}], "Module": "M9", "Boundary": [["200.6", "10.0"], ["200.6", "65.1"], ["10.0", "65.1"], ["10.0", "10.0"]], "Module_type": "GATE"}, {"Ports": [{"Location": [["536.3", "152.0"], ["562.1", "152.0"], ["562.1", "157.4"], ["536.3", "157.4"]], "Type": "SD"}, {"Location": [["522.1", "20.0"], ["576.3", "20.0"], ["576.3", "149.7"], ["522.1", "149.7"]], "Type": "GATE"}, {"Location": [["528.7", "25.6"], ["569.7", "25.6"], ["569.7", "30.8"], ["528.7", "30.8"]], "Type": "SD"}], "Module": "M5", "Boundary": [["522.1", "20.0"], ["576.3", "20.0"], ["576.3", "157.4"], ["522.1", "157.4"]], "Module_type": "GATE"}, {"Ports": [{"Location": [["180.8", "567.8"], ["204.7", "567.8"], ["204.7", "572.0"], ["180.8", "572.0"]], "Type": "SD"}, {"Location": [["167.0", "478.8"], ["202.0", "478.8"], ["202.0", "478.9"], ["218.5", "478.9"], ["218.5", "564.9"], ["167.0", "564.9"]], "Type": "GATE"}, {"Location": [["172.6", "483.4"], ["196.4", "483.4"], ["196.4", "490.4"], ["172.6", "490.4"]], "Type": "SD"}], "Module": "M11", "Boundary": [["167.0", "478.8"], ["202.0", "478.8"], ["202.0", "478.9"], ["218.5", "478.9"], ["218.5", "572.0"], ["167.0", "572.0"]], "Module_type": "GATE"}, {"Ports": [{"Location": [["30.0", "227.2"], ["35.4", "227.2"], ["35.4", "298.3"], ["30.0", "298.3"]], "Type": "SD"}, {"Location": [["154.1", "213.9"], ["154.1", "311.6"], ["37.0", "311.6"], ["37.0", "213.9"]], "Type": "GATE"}, {"Location": [["144.1", "220.4"], ["148.6", "220.4"], ["148.6", "305.1"], ["144.1", "305.1"]], "Type": "SD"}], "Module": "M1", "Boundary": [["154.1", "213.9"], ["154.1", "311.6"], ["30.0", "311.6"], ["30.0", "213.9"]], "Module_type": "GATE"}, {"Ports": [{"Location": [["10.0", "494.6"], ["14.1", "494.6"], ["14.1", "588.6"], ["10.0", "588.6"]], "Type": "SD"}, {"Location": [["147.0", "478.8"], ["147.0", "587.1"], ["146.5", "587.1"], ["146.5", "604.4"], ["15.3", "604.4"], ["15.3", "478.8"]], "Type": "GATE"}, {"Location": [["134.0", "485.7"], ["141.1", "485.7"], ["141.1", "580.2"], ["134.0", "580.2"]], "Type": "SD"}], "Module": "M6", "Boundary": [["147.0", "478.8"], ["147.0", "587.1"], ["146.5", "587.1"], ["146.5", "604.4"], ["10.0", "604.4"], ["10.0", "478.8"]], "Module_type": "GATE"}, {"Ports": [{"Location": [["404.4", "94.4"], ["467.4", "94.4"], ["467.4", "98.7"], ["404.4", "98.7"]], "Type": "SD"}, {"Location": [["389.7", "20.0"], ["482.1", "20.0"], ["482.1", "92.4"], ["389.7", "92.4"]], "Type": "GATE"}, {"Location": [["395.3", "24.6"], ["476.5", "24.6"], ["476.5", "31.4"], ["395.3", "31.4"]], "Type": "SD"}], "Module": "M2", "Boundary": [["389.7", "20.0"], ["482.1", "20.0"], ["482.1", "98.7"], ["389.7", "98.7"]], "Module_type": "GATE"}, {"Ports": [{"Location": [["363.4", "543.8"], ["367.6", "543.8"], ["367.6", "613.2"], ["363.4", "613.2"]], "Type": "SD"}, {"Location": [["576.7", "530.6"], ["576.7", "610.7"], ["576.3", "610.7"], ["576.3", "626.4"], ["370.2", "626.4"], ["370.2", "530.6"]], "Type": "GATE"}, {"Location": [["565.9", "536.1"], ["572.2", "536.1"], ["572.2", "605.2"], ["565.9", "605.2"]], "Type": "SD"}], "Module": "M16", "Boundary": [["576.7", "530.6"], ["576.7", "610.7"], ["576.3", "610.7"], ["576.3", "626.4"], ["363.4", "626.4"], ["363.4", "530.6"]], "Module_type": "GATE"}, {"Ports": [{"Location": [["10.0", "97.8"], ["15.1", "97.8"], ["15.1", "161.2"], ["10.0", "161.2"]], "Type": "SD"}, {"Location": [["167.1", "85.1"], ["167.1", "159.6"], ["166.7", "159.6"], ["166.7", "173.9"], ["16.5", "173.9"], ["16.5", "85.1"]], "Type": "GATE"}, {"Location": [["156.7", "91.5"], ["161.7", "91.5"], ["161.7", "153.2"], ["156.7", "153.2"]], "Type": "SD"}], "Module": "M13", "Boundary": [["167.1", "85.1"], ["167.1", "159.6"], ["166.7", "159.6"], ["166.7", "173.9"], ["10.0", "173.9"], ["10.0", "85.1"]], "Module_type": "GATE"}, {"Ports": [{"Location": [["496.4", "388.3"], ["570.2", "388.3"], ["570.2", "394.1"], ["496.4", "394.1"]], "Type": "SD"}, {"Location": [["481.1", "187.4"], ["585.5", "187.4"], ["585.5", "386.5"], ["481.1", "386.5"]], "Type": "GATE"}, {"Location": [["487.4", "192.7"], ["579.2", "192.7"], ["579.2", "199.5"], ["487.4", "199.5"]], "Type": "SD"}], "Module": "M10", "Boundary": [["481.1", "187.4"], ["585.5", "187.4"], ["585.5", "394.1"], ["481.1", "394.1"]], "Module_type": "GATE"}, {"Ports": [{"Location": [["261.7", "594.8"], ["320.2", "594.8"], ["320.2", "599.6"], ["261.7", "599.6"]], "Type": "SD"}, {"Location": [["248.5", "398.4"], ["333.4", "398.4"], ["333.4", "592.9"], ["248.5", "592.9"]], "Type": "GATE"}, {"Location": [["254.0", "402.9"], ["327.9", "402.9"], ["327.9", "409.1"], ["254.0", "409.1"]], "Type": "SD"}], "Module": "M7", "Boundary": [["248.5", "398.4"], ["333.4", "398.4"], ["333.4", "599.6"], ["248.5", "599.6"]], "Module_type": "GATE"}, {"Ports": [{"Location": [["496.0", "498.3"], ["556.4", "498.3"], ["556.4", "503.4"], ["496.0", "503.4"]], "Type": "SD"}, {"Location": [["480.9", "414.1"], ["571.5", "414.1"], ["571.5", "495.5"], ["480.9", "495.5"]], "Type": "GATE"}, {"Location": [["487.8", "420.0"], ["564.6", "420.0"], ["564.6", "426.2"], ["487.8", "426.2"]], "Type": "SD"}], "Module": "M3", "Boundary": [["480.9", "414.1"], ["571.5", "414.1"], ["571.5", "503.4"], ["480.9", "503.4"]], "Module_type": "GATE"}, {"Ports": [{"Location": [["220.6", "23.6"], ["226.6", "23.6"], ["226.6", "77.2"], ["220.6", "77.2"]], "Type": "SD"}, {"Location": [["359.7", "10.0"], ["359.7", "90.8"], ["228.1", "90.8"], ["228.1", "10.0"]], "Type": "GATE"}, {"Location": [["349.1", "16.6"], ["354.1", "16.6"], ["354.1", "84.2"], ["349.1", "84.2"]], "Type": "SD"}], "Module": "M15", "Boundary": [["359.7", "10.0"], ["359.7", "90.8"], ["220.6", "90.8"], ["220.6", "10.0"]], "Module_type": "GATE"}, {"Ports": [{"Location": [["377.1", "505.2"], ["447.2", "505.2"], ["447.2", "510.6"], ["377.1", "510.6"]], "Type": "SD"}, {"Location": [["363.4", "388.4"], ["460.9", "388.4"], ["460.9", "502.6"], ["363.4", "502.6"]], "Type": "GATE"}, {"Location": [["369.2", "393.2"], ["455.1", "393.2"], ["455.1", "399.9"], ["369.2", "399.9"]], "Type": "SD"}], "Module": "M12", "Boundary": [["363.4", "388.4"], ["460.9", "388.4"], ["460.9", "510.6"], ["363.4", "510.6"]], "Module_type": "GATE"}, {"Ports": [{"Location": [["20.0", "376.3"], ["25.5", "376.3"], ["25.5", "434.1"], ["20.0", "434.1"]], "Type": "SD"}, {"Location": [["171.6", "361.6"], ["171.6", "431.8"], ["171.3", "431.8"], ["171.3", "448.8"], ["28.0", "448.8"], ["28.0", "361.6"]], "Type": "GATE"}, {"Location": [["159.6", "368.1"], ["166.1", "368.1"], ["166.1", "425.3"], ["159.6", "425.3"]], "Type": "SD"}], "Module": "M8", "Boundary": [["171.6", "361.6"], ["171.6", "431.8"], ["171.3", "431.8"], ["171.3", "448.8"], ["20.0", "448.8"], ["20.0", "361.6"]], "Module_type": "GATE"}, {"Ports": [{"Location": [["211.6", "324.8"], ["217.4", "324.8"], ["217.4", "345.1"], ["211.6", "345.1"]], "Type": "SD"}, {"Location": [["439.1", "311.5"], ["439.1", "344.5"], ["439.0", "344.5"], ["439.0", "358.4"], ["220.2", "358.4"], ["220.2", "311.5"]], "Type": "GATE"}, {"Location": [["427.3", "316.9"], ["434.7", "316.9"], ["434.7", "339.1"], ["427.3", "339.1"]], "Type": "SD"}], "Module": "M4", "Boundary": [["439.1", "311.5"], ["439.1", "344.5"], ["439.0", "344.5"], ["439.0", "358.4"], ["211.6", "358.4"], ["211.6", "311.5"]], "Module_type": "GATE"}], "Area": [["-30.0", "-30.0"], ["625.5", "-30.0"], ["625.5", "666.4"], ["-30.0", "666.4"]], "Rules": ["GATE(5,5)", "SD(5,5)", "GATE_SD(0.5)", "GATE_ITO(0.5)", "SD_ITO(0.5)"]}