{"Modules": [{"Module": "M14", "Boundary": [["143.7", "460.2"], ["207.1", "460.2"], ["207.1", "563.9"], ["143.7", "563.9"]], "Module_type": "GATE", "Ports": [{"Location": [["157.1", "558.6"], ["193.7", "558.6"], ["193.7", "563.9"], ["157.1", "563.9"]], "Type": "SD"}, {"Location": [["143.7", "460.2"], ["207.1", "460.2"], ["207.1", "555.8"], ["143.7", "555.8"]], "Type": "GATE"}, {"Location": [["150.2", "465.7"], ["200.6", "465.7"], ["200.6", "471.2"], ["150.2", "471.2"]], "Type": "SD"}]}, {"Ports": [{"Location": [["10.0", "620.9"], ["15.1", "620.9"], ["15.1", "660.4"], ["10.0", "660.4"]], "Type": "SD"}, {"Location": [["175.0", "606.2"], ["175.0", "658.9"], ["174.8", "658.9"], ["174.8", "675.1"], ["17.1", "675.1"], ["17.1", "606.2"]], "Type": "GATE"}, {"Location": [["162.7", "612.2"], ["170.0", "612.2"], ["170.0", "652.9"], ["162.7", "652.9"]], "Type": "SD"}], "Module": "M9", "Boundary": [["175.0", "606.2"], ["175.0", "658.9"], ["174.8", "658.9"], ["174.8", "675.1"], ["10.0", "675.1"], ["10.0", "606.2"]], "Module_type": "GATE"}, {"Ports": [{"Location": [["267.1", "781.4"], ["332.9", "781.4"], ["332.9", "786.3"], ["267.1", "786.3"]], "Type": "SD"}, {"Location": [["253.4", "661.6"], ["331.7", "661.6"], ["331.7", "661.9"], ["346.6", "661.9"], ["346.6", "779.2"], ["253.4", "779.2"]], "Type": "GATE"}, {"Location": [["259.4", "666.6"], ["325.7", "666.6"], ["325.7", "672.5"], ["259.4", "672.5"]], "Type": "SD"}], "Module": "M5", "Boundary": [["253.4", "661.6"], ["331.7", "661.6"], ["331.7", "661.9"], ["346.6", "661.9"], ["346.6", "786.3"], ["253.4", "786.3"]], "Module_type": "GATE"}, {"Ports": [{"Location": [["278.0", "285.4"], ["343.2", "285.4"], ["343.2", "290.8"], ["278.0", "290.8"]], "Type": "SD"}, {"Location": [["262.3", "182.4"], ["339.8", "182.4"], ["339.8", "182.8"], ["358.9", "182.8"], ["358.9", "283.6"], ["262.3", "283.6"]], "Type": "GATE"}, {"Location": [["268.4", "187.5"], ["333.7", "187.5"], ["333.7", "194.7"], ["268.4", "194.7"]], "Type": "SD"}], "Module": "M11", "Boundary": [["262.3", "182.4"], ["339.8", "182.4"], ["339.8", "182.8"], ["358.9", "182.8"], ["358.9", "290.8"], ["262.3", "290.8"]], "Module_type": "GATE"}, {"Ports": [{"Location": [["40.8", "390.5"], ["91.2", "390.5"], ["91.2", "396.1"], ["40.8", "396.1"]], "Type": "SD"}, {"Location": [["30.0", "261.4"], ["102.0", "261.4"], ["102.0", "388.9"], ["30.0", "388.9"]], "Type": "GATE"}, {"Location": [["35.1", "265.5"], ["96.9", "265.5"], ["96.9", "270.3"], ["35.1", "270.3"]], "Type": "SD"}], "Module": "M1", "Boundary": [["30.0", "261.4"], ["102.0", "261.4"], ["102.0", "396.1"], ["30.0", "396.1"]], "Module_type": "GATE"}, {"Ports": [{"Location": [["283.3", "156.8"], ["343.1", "156.8"], ["343.1", "162.4"], ["283.3", "162.4"]], "Type": "SD"}, {"Location": [["269.9", "10.0"], ["339.2", "10.0"], ["339.2", "10.1"], ["356.5", "10.1"], ["356.5", "155.4"], ["269.9", "155.4"]], "Type": "GATE"}, {"Location": [["275.4", "14.5"], ["333.7", "14.5"], ["333.7", "20.9"], ["275.4", "20.9"]], "Type": "SD"}], "Module": "M6", "Boundary": [["269.9", "10.0"], ["339.2", "10.0"], ["339.2", "10.1"], ["356.5", "10.1"], ["356.5", "162.4"], ["269.9", "162.4"]], "Module_type": "GATE"}, {"Ports": [{"Location": [["35.8", "205.7"], ["97.1", "205.7"], ["97.1", "211.4"], ["35.8", "211.4"]], "Type": "SD"}, {"Location": [["20.0", "20.0"], ["112.9", "20.0"], ["112.9", "204.6"], ["20.0", "204.6"]], "Type": "GATE"}, {"Location": [["26.3", "25.3"], ["106.6", "25.3"], ["106.6", "33.1"], ["26.3", "33.1"]], "Type": "SD"}], "Module": "M2", "Boundary": [["20.0", "20.0"], ["112.9", "20.0"], ["112.9", "211.4"], ["20.0", "211.4"]], "Module_type": "GATE"}, {"Ports": [{"Location": [["21.7", "581.3"], ["92.0", "581.3"], ["92.0", "586.2"], ["21.7", "586.2"]], "Type": "SD"}, {"Location": [["10.0", "436.1"], ["103.7", "436.1"], ["103.7", "580.3"], ["10.0", "580.3"]], "Type": "GATE"}, {"Location": [["15.2", "440.3"], ["98.5", "440.3"], ["98.5", "446.1"], ["15.2", "446.1"]], "Type": "SD"}], "Module": "M16", "Boundary": [["10.0", "436.1"], ["103.7", "436.1"], ["103.7", "586.2"], ["10.0", "586.2"]], "Module_type": "GATE"}, {"Ports": [{"Location": [["142.9", "23.4"], ["148.5", "23.4"], ["148.5", "62.8"], ["142.9", "62.8"]], "Type": "SD"}, {"Location": [["249.9", "10.0"], ["249.9", "59.6"], ["249.8", "59.6"], ["249.8", "76.2"], ["149.6", "76.2"], ["149.6", "10.0"]], "Type": "GATE"}, {"Location": [["239.3", "15.2"], ["245.7", "15.2"], ["245.7", "54.4"], ["239.3", "54.4"]], "Type": "SD"}], "Module": "M13", "Boundary": [["249.9", "10.0"], ["249.9", "59.6"], ["249.8", "59.6"], ["249.8", "76.2"], ["142.9", "76.2"], ["142.9", "10.0"]], "Module_type": "GATE"}, {"Ports": [{"Location": [["10.0", "706.3"], ["14.1", "706.3"], ["14.1", "738.5"], ["10.0", "738.5"]], "Type": "SD"}, {"Location": [["223.4", "695.1"], ["223.4", "749.7"], ["15.8", "749.7"], ["15.8", "695.1"]], "Type": "GATE"}, {"Location": [["213.9", "701.2"], ["218.3", "701.2"], ["218.3", "743.6"], ["213.9", "743.6"]], "Type": "SD"}], "Module": "M10", "Boundary": [["223.4", "695.1"], ["223.4", "749.7"], ["10.0", "749.7"], ["10.0", "695.1"]], "Module_type": "GATE"}, {"Ports": [{"Location": [["267.6", "617.2"], ["328.1", "617.2"], ["328.1", "621.6"], ["267.6", "621.6"]], "Type": "SD"}, {"Location": [["257.1", "450.2"], ["338.6", "450.2"], ["338.6", "615.9"], ["257.1", "615.9"]], "Type": "GATE"}, {"Location": [["262.2", "454.3"], ["333.5", "454.3"], ["333.5", "458.6"], ["262.2", "458.6"]], "Type": "SD"}], "Module": "M7", "Boundary": [["257.1", "450.2"], ["338.6", "450.2"], ["338.6", "621.6"], ["257.1", "621.6"]], "Module_type": "GATE"}, {"Ports": [{"Location": [["203.2", "830.4"], ["207.5", "830.4"], ["207.5", "888.6"], ["203.2", "888.6"]], "Type": "SD"}, {"Location": [["356.7", "816.3"], ["356.7", "885.7"], ["356.5", "885.7"], ["356.5", "902.7"], ["210.0", "902.7"], ["210.0", "816.3"]], "Type": "GATE"}, {"Location": [["345.3", "823.1"], ["350.9", "823.1"], ["350.9", "878.9"], ["345.3", "878.9"]], "Type": "SD"}], "Module": "M3", "Boundary": [["356.7", "816.3"], ["356.7", "885.7"], ["356.5", "885.7"], ["356.5", "902.7"], ["203.2", "902.7"], ["203.2", "816.3"]], "Module_type": "GATE"}, {"Ports": [{"Location": [["142.9", "107.8"], ["147.6", "107.8"], ["147.6", "163.5"], ["142.9", "163.5"]], "Type": "SD"}, {"Location": [["242.3", "96.2"], ["242.3", "159.1"], ["242.3", "159.1"], ["242.3", "175.1"], ["150.5", "175.1"], ["150.5", "96.2"]], "Type": "GATE"}, {"Location": [["232.6", "101.4"], ["238.1", "101.4"], ["238.1", "153.9"], ["232.6", "153.9"]], "Type": "SD"}], "Module": "M15", "Boundary": [["242.3", "96.2"], ["242.3", "159.1"], ["242.3", "159.1"], ["242.3", "175.1"], ["142.9", "175.1"], ["142.9", "96.2"]], "Module_type": "GATE"}, {"Ports": [{"Location": [["157.3", "281.2"], ["220.6", "281.2"], ["220.6", "286.5"], ["157.3", "286.5"]], "Type": "SD"}, {"Location": [["142.9", "195.1"], ["216.5", "195.1"], ["216.5", "195.1"], ["235.0", "195.1"], ["235.0", "278.6"], ["142.9", "278.6"]], "Type": "GATE"}, {"Location": [["149.6", "200.8"], ["209.8", "200.8"], ["209.8", "206.2"], ["149.6", "206.2"]], "Type": "SD"}], "Module": "M12", "Boundary": [["142.9", "195.1"], ["216.5", "195.1"], ["216.5", "195.1"], ["235.0", "195.1"], ["235.0", "286.5"], ["142.9", "286.5"]], "Module_type": "GATE"}, {"Ports": [{"Location": [["152.0", "332.3"], ["156.8", "332.3"], ["156.8", "398.7"], ["152.0", "398.7"]], "Type": "SD"}, {"Location": [["332.2", "320.8"], ["332.2", "395.4"], ["331.9", "395.4"], ["331.9", "410.2"], ["158.0", "410.2"], ["158.0", "320.8"]], "Type": "GATE"}, {"Location": [["322.8", "326.6"], ["327.4", "326.6"], ["327.4", "389.6"], ["322.8", "389.6"]], "Type": "SD"}], "Module": "M8", "Boundary": [["332.2", "320.8"], ["332.2", "395.4"], ["331.9", "395.4"], ["331.9", "410.2"], ["152.0", "410.2"], ["152.0", "320.8"]], "Module_type": "GATE"}, {"Ports": [{"Location": [["20.0", "796.4"], ["24.3", "796.4"], ["24.3", "872.2"], ["20.0", "872.2"]], "Type": "SD"}, {"Location": [["173.2", "779.7"], ["173.2", "871.5"], ["173.0", "871.5"], ["173.0", "888.9"], ["27.0", "888.9"], ["27.0", "779.7"]], "Type": "GATE"}, {"Location": [["159.7", "786.7"], ["167.2", "786.7"], ["167.2", "864.5"], ["159.7", "864.5"]], "Type": "SD"}], "Module": "M4", "Boundary": [["173.2", "779.7"], ["173.2", "871.5"], ["173.0", "871.5"], ["173.0", "888.9"], ["20.0", "888.9"], ["20.0", "779.7"]], "Module_type": "GATE"}], "Area": [["-30.0", "-30.0"], ["398.9", "-30.0"], ["398.9", "942.7"], ["-30.0", "942.7"]], "Rules": ["GATE(5,5)", "SD(5,5)", "GATE_SD(0.5)", "GATE_ITO(0.5)", "SD_ITO(0.5)"]}