{"Modules": [{"Module": "M14", "Boundary": [["278.3", "30.0"], ["340.2", "30.0"], ["340.2", "30.1"], ["354.6", "30.1"], ["354.6", "111.3"], ["278.3", "111.3"]], "Module_type": "GATE", "Ports": [{"Location": [["291.7", "105.4"], ["341.2", "105.4"], ["341.2", "111.3"], ["291.7", "111.3"]], "Type": "SD"}, {"Location": [["278.3", "30.0"], ["340.2", "30.0"], ["340.2", "30.1"], ["354.6", "30.1"], ["354.6", "103.8"], ["278.3", "103.8"]], "Type": "GATE"}, {"Location": [["284.9", "35.6"], ["333.6", "35.6"], ["333.6", "40.9"], ["284.9", "40.9"]], "Type": "SD"}]}, {"Ports": [{"Location": [["274.9", "491.6"], ["279.4", "491.6"], ["279.4", "544.3"], ["274.9", "544.3"]], "Type": "SD"}, {"Location": [["438.7", "477.9"], ["438.7", "558.0"], ["281.3", "558.0"], ["281.3", "477.9"]], "Type": "GATE"}, {"Location": [["427.0", "484.8"], ["432.8", "484.8"], ["432.8", "551.1"], ["427.0", "551.1"]], "Type": "SD"}], "Module": "M9", "Boundary": [["438.7", "477.9"], ["438.7", "558.0"], ["274.9", "558.0"], ["274.9", "477.9"]], "Module_type": "GATE"}, {"Ports": [{"Location": [["299.2", "443.8"], ["341.6", "443.8"], ["341.6", "447.9"], ["299.2", "447.9"]], "Type": "SD"}, {"Location": [["284.9", "271.0"], ["355.9", "271.0"], ["355.9", "442.0"], ["284.9", "442.0"]], "Type": "GATE"}, {"Location": [["291.0", "276.1"], ["349.8", "276.1"], ["349.8", "282.6"], ["291.0", "282.6"]], "Type": "SD"}], "Module": "M5", "Boundary": [["284.9", "271.0"], ["355.9", "271.0"], ["355.9", "447.9"], ["284.9", "447.9"]], "Module_type": "GATE"}, {"Ports": [{"Location": [["397.5", "434.2"], ["420.9", "434.2"], ["420.9", "438.8"], ["397.5", "438.8"]], "Type": "SD"}, {"Location": [["385.9", "261.0"], ["432.5", "261.0"], ["432.5", "432.7"], ["385.9", "432.7"]], "Type": "GATE"}, {"Location": [["391.8", "265.9"], ["426.6", "265.9"], ["426.6", "270.5"], ["391.8", "270.5"]], "Type": "SD"}], "Module": "M11", "Boundary": [["385.9", "261.0"], ["432.5", "261.0"], ["432.5", "438.8"], ["385.9", "438.8"]], "Module_type": "GATE"}, {"Ports": [{"Location": [["30.0", "460.3"], ["35.5", "460.3"], ["35.5", "534.3"], ["30.0", "534.3"]], "Type": "SD"}, {"Location": [["234.9", "446.6"], ["234.9", "548.0"], ["37.6", "548.0"], ["37.6", "446.6"]], "Type": "GATE"}, {"Location": [["223.3", "452.4"], ["230.1", "452.4"], ["230.1", "542.2"], ["223.3", "542.2"]], "Type": "SD"}], "Module": "M1", "Boundary": [["234.9", "446.6"], ["234.9", "548.0"], ["30.0", "548.0"], ["30.0", "446.6"]], "Module_type": "GATE"}, {"Ports": [{"Location": [["10.0", "24.4"], ["14.2", "24.4"], ["14.2", "96.1"], ["10.0", "96.1"]], "Type": "SD"}, {"Location": [["173.0", "10.0"], ["173.0", "110.5"], ["15.6", "110.5"], ["15.6", "10.0"]], "Type": "GATE"}, {"Location": [["161.3", "16.1"], ["167.9", "16.1"], ["167.9", "104.4"], ["161.3", "104.4"]], "Type": "SD"}], "Module": "M6", "Boundary": [["173.0", "10.0"], ["173.0", "110.5"], ["10.0", "110.5"], ["10.0", "10.0"]], "Module_type": "GATE"}, {"Ports": [{"Location": [["468.7", "446.0"], ["473.3", "446.0"], ["473.3", "530.9"], ["468.7", "530.9"]], "Type": "SD"}, {"Location": [["581.6", "431.9"], ["581.6", "529.3"], ["581.1", "529.3"], ["581.1", "545.0"], ["474.8", "545.0"], ["474.8", "431.9"]], "Type": "GATE"}, {"Location": [["569.8", "438.5"], ["576.0", "438.5"], ["576.0", "522.7"], ["569.8", "522.7"]], "Type": "SD"}], "Module": "M2", "Boundary": [["581.6", "431.9"], ["581.6", "529.3"], ["581.1", "529.3"], ["581.1", "545.0"], ["468.7", "545.0"], ["468.7", "431.9"]], "Module_type": "GATE"}, {"Ports": [{"Location": [["258.3", "185.1"], ["263.0", "185.1"], ["263.0", "227.2"], ["258.3", "227.2"]], "Type": "SD"}, {"Location": [["481.6", "171.3"], ["481.6", "223.9"], ["481.3", "223.9"], ["481.3", "241.0"], ["264.9", "241.0"], ["264.9", "171.3"]], "Type": "GATE"}, {"Location": [["470.6", "177.2"], ["476.7", "177.2"], ["476.7", "218.0"], ["470.6", "218.0"]], "Type": "SD"}], "Module": "M16", "Boundary": [["481.6", "171.3"], ["481.6", "223.9"], ["481.3", "223.9"], ["481.3", "241.0"], ["258.3", "241.0"], ["258.3", "171.3"]], "Module_type": "GATE"}, {"Ports": [{"Location": [["408.4", "145.3"], ["479.6", "145.3"], ["479.6", "151.3"], ["408.4", "151.3"]], "Type": "SD"}, {"Location": [["394.6", "10.0"], ["477.2", "10.0"], ["477.2", "10.0"], ["493.4", "10.0"], ["493.4", "143.9"], ["394.6", "143.9"]], "Type": "GATE"}, {"Location": [["400.1", "14.5"], ["471.7", "14.5"], ["471.7", "21.0"], ["400.1", "21.0"]], "Type": "SD"}], "Module": "M13", "Boundary": [["394.6", "10.0"], ["477.2", "10.0"], ["477.2", "10.0"], ["493.4", "10.0"], ["493.4", "151.3"], ["394.6", "151.3"]], "Module_type": "GATE"}, {"Ports": [{"Location": [["548.1", "375.5"], ["585.1", "375.5"], ["585.1", "380.4"], ["548.1", "380.4"]], "Type": "SD"}, {"Location": [["534.3", "267.3"], ["598.9", "267.3"], ["598.9", "372.9"], ["534.3", "372.9"]], "Type": "GATE"}, {"Location": [["540.0", "272.0"], ["593.2", "272.0"], ["593.2", "279.5"], ["540.0", "279.5"]], "Type": "SD"}], "Module": "M10", "Boundary": [["534.3", "267.3"], ["598.9", "267.3"], ["598.9", "380.4"], ["534.3", "380.4"]], "Module_type": "GATE"}, {"Ports": [{"Location": [["20.0", "153.5"], ["24.1", "153.5"], ["24.1", "207.0"], ["20.0", "207.0"]], "Type": "SD"}, {"Location": [["221.8", "140.5"], ["221.8", "204.8"], ["221.5", "204.8"], ["221.5", "220.0"], ["26.3", "220.0"], ["26.3", "140.5"]], "Type": "GATE"}, {"Location": [["210.8", "147.0"], ["216.3", "147.0"], ["216.3", "198.3"], ["210.8", "198.3"]], "Type": "SD"}], "Module": "M7", "Boundary": [["221.8", "140.5"], ["221.8", "204.8"], ["221.5", "204.8"], ["221.5", "220.0"], ["20.0", "220.0"], ["20.0", "140.5"]], "Module_type": "GATE"}, {"Ports": [{"Location": [["24.3", "393.3"], ["115.3", "393.3"], ["115.3", "399.1"], ["24.3", "399.1"]], "Type": "SD"}, {"Location": [["10.0", "250.0"], ["129.6", "250.0"], ["129.6", "392.3"], ["10.0", "392.3"]], "Type": "GATE"}, {"Location": [["16.9", "255.9"], ["122.7", "255.9"], ["122.7", "261.6"], ["16.9", "261.6"]], "Type": "SD"}], "Module": "M3", "Boundary": [["10.0", "250.0"], ["129.6", "250.0"], ["129.6", "399.1"], ["10.0", "399.1"]], "Module_type": "GATE"}, {"Ports": [{"Location": [["205.5", "83.5"], ["225.8", "83.5"], ["225.8", "89.1"], ["205.5", "89.1"]], "Type": "SD"}, {"Location": [["193.0", "10.0"], ["238.3", "10.0"], ["238.3", "81.2"], ["193.0", "81.2"]], "Type": "GATE"}, {"Location": [["199.3", "15.3"], ["232.0", "15.3"], ["232.0", "20.5"], ["199.3", "20.5"]], "Type": "SD"}], "Module": "M15", "Boundary": [["193.0", "10.0"], ["238.3", "10.0"], ["238.3", "89.1"], ["193.0", "89.1"]], "Module_type": "GATE"}, {"Ports": [{"Location": [["464.7", "397.4"], ["502.1", "397.4"], ["502.1", "401.9"], ["464.7", "401.9"]], "Type": "SD"}, {"Location": [["452.5", "267.3"], ["514.3", "267.3"], ["514.3", "396.3"], ["452.5", "396.3"]], "Type": "GATE"}, {"Location": [["457.8", "271.6"], ["509.0", "271.6"], ["509.0", "277.0"], ["457.8", "277.0"]], "Type": "SD"}], "Module": "M12", "Boundary": [["452.5", "267.3"], ["514.3", "267.3"], ["514.3", "401.9"], ["452.5", "401.9"]], "Module_type": "GATE"}, {"Ports": [{"Location": [["537.1", "232.5"], ["570.3", "232.5"], ["570.3", "237.3"], ["537.1", "237.3"]], "Type": "SD"}, {"Location": [["523.4", "20.0"], ["570.5", "20.0"], ["570.5", "20.2"], ["584.0", "20.2"], ["584.0", "230.4"], ["523.4", "230.4"]], "Type": "GATE"}, {"Location": [["529.7", "25.3"], ["564.2", "25.3"], ["564.2", "32.1"], ["529.7", "32.1"]], "Type": "SD"}], "Module": "M8", "Boundary": [["523.4", "20.0"], ["570.5", "20.0"], ["570.5", "20.2"], ["584.0", "20.2"], ["584.0", "237.3"], ["523.4", "237.3"]], "Module_type": "GATE"}, {"Ports": [{"Location": [["173.9", "392.3"], ["212.4", "392.3"], ["212.4", "396.6"], ["173.9", "396.6"]], "Type": "SD"}, {"Location": [["159.6", "260.0"], ["210.5", "260.0"], ["210.5", "260.1"], ["226.7", "260.1"], ["226.7", "390.3"], ["159.6", "390.3"]], "Type": "GATE"}, {"Location": [["165.3", "264.7"], ["204.8", "264.7"], ["204.8", "271.2"], ["165.3", "271.2"]], "Type": "SD"}], "Module": "M4", "Boundary": [["159.6", "260.0"], ["210.5", "260.0"], ["210.5", "260.1"], ["226.7", "260.1"], ["226.7", "396.6"], ["159.6", "396.6"]], "Module_type": "GATE"}], "Area": [["-30.0", "-30.0"], ["638.9", "-30.0"], ["638.9", "598.0"], ["-30.0", "598.0"]], "Rules": ["GATE(5,5)", "SD(5,5)", "GATE_SD(0.5)", "GATE_ITO(0.5)", "SD_ITO(0.5)"]}