{"Modules": [{"Module": "M14", "Boundary": [["30.0", "359.6"], ["92.4", "359.6"], ["92.4", "359.7"], ["107.3", "359.7"], ["107.3", "478.8"], ["30.0", "478.8"]], "Module_type": "GATE", "Ports": [{"Location": [["43.1", "474.4"], ["94.2", "474.4"], ["94.2", "478.8"], ["43.1", "478.8"]], "Type": "SD"}, {"Location": [["30.0", "359.6"], ["92.4", "359.6"], ["92.4", "359.7"], ["107.3", "359.7"], ["107.3", "472.4"], ["30.0", "472.4"]], "Type": "GATE"}, {"Location": [["35.3", "363.9"], ["87.1", "363.9"], ["87.1", "370.9"], ["35.3", "370.9"]], "Type": "SD"}]}, {"Ports": [{"Location": [["111.9", "173.4"], ["116.5", "173.4"], ["116.5", "226.8"], ["111.9", "226.8"]], "Type": "SD"}, {"Location": [["206.1", "160.6"], ["206.1", "224.3"], ["205.9", "224.3"], ["205.9", "239.6"], ["118.2", "239.6"], ["118.2", "160.6"]], "Type": "GATE"}, {"Location": [["195.3", "165.9"], ["201.8", "165.9"], ["201.8", "219.0"], ["195.3", "219.0"]], "Type": "SD"}], "Module": "M9", "Boundary": [["206.1", "160.6"], ["206.1", "224.3"], ["205.9", "224.3"], ["205.9", "239.6"], ["111.9", "239.6"], ["111.9", "160.6"]], "Module_type": "GATE"}, {"Ports": [{"Location": [["172.0", "484.5"], ["254.6", "484.5"], ["254.6", "489.6"], ["172.0", "489.6"]], "Type": "SD"}, {"Location": [["157.3", "349.6"], ["254.1", "349.6"], ["254.1", "349.7"], ["269.3", "349.7"], ["269.3", "481.9"], ["157.3", "481.9"]], "Type": "GATE"}, {"Location": [["164.1", "355.4"], ["247.3", "355.4"], ["247.3", "362.2"], ["164.1", "362.2"]], "Type": "SD"}], "Module": "M5", "Boundary": [["157.3", "349.6"], ["254.1", "349.6"], ["254.1", "349.7"], ["269.3", "349.7"], ["269.3", "489.6"], ["157.3", "489.6"]], "Module_type": "GATE"}, {"Ports": [{"Location": [["454.6", "488.6"], ["509.9", "488.6"], ["509.9", "493.5"], ["454.6", "493.5"]], "Type": "SD"}, {"Location": [["441.8", "304.0"], ["522.7", "304.0"], ["522.7", "487.6"], ["441.8", "487.6"]], "Type": "GATE"}, {"Location": [["447.0", "308.2"], ["517.5", "308.2"], ["517.5", "314.9"], ["447.0", "314.9"]], "Type": "SD"}], "Module": "M11", "Boundary": [["441.8", "304.0"], ["522.7", "304.0"], ["522.7", "493.5"], ["441.8", "493.5"]], "Module_type": "GATE"}, {"Ports": [{"Location": [["525.1", "45.0"], ["530.4", "45.0"], ["530.4", "85.2"], ["525.1", "85.2"]], "Type": "SD"}, {"Location": [["621.0", "30.0"], ["621.0", "83.2"], ["620.7", "83.2"], ["620.7", "100.2"], ["533.3", "100.2"], ["533.3", "30.0"]], "Type": "GATE"}, {"Location": [["609.3", "36.0"], ["616.0", "36.0"], ["616.0", "77.2"], ["609.3", "77.2"]], "Type": "SD"}], "Module": "M1", "Boundary": [["621.0", "30.0"], ["621.0", "83.2"], ["620.7", "83.2"], ["620.7", "100.2"], ["525.1", "100.2"], ["525.1", "30.0"]], "Module_type": "GATE"}, {"Ports": [{"Location": [["10.0", "271.6"], ["14.1", "271.6"], ["14.1", "307.6"], ["10.0", "307.6"]], "Type": "SD"}, {"Location": [["205.6", "259.6"], ["205.6", "305.6"], ["84.7", "305.6"], ["84.7", "319.6"], ["16.8", "319.6"], ["16.8", "259.6"]], "Type": "GATE"}, {"Location": [["196.1", "265.0"], ["201.2", "265.0"], ["201.2", "299.2"], ["196.1", "299.2"]], "Type": "SD"}], "Module": "M6", "Boundary": [["205.6", "259.6"], ["205.6", "305.6"], ["84.7", "305.6"], ["84.7", "319.6"], ["10.0", "319.6"], ["10.0", "259.6"]], "Module_type": "GATE"}, {"Ports": [{"Location": [["466.9", "269.5"], ["529.9", "269.5"], ["529.9", "274.0"], ["466.9", "274.0"]], "Type": "SD"}, {"Location": [["451.8", "150.2"], ["527.6", "150.2"], ["527.6", "188.9"], ["545.0", "188.9"], ["545.0", "266.7"], ["451.8", "266.7"]], "Type": "GATE"}, {"Location": [["457.5", "154.9"], ["520.9", "154.9"], ["520.9", "162.3"], ["457.5", "162.3"]], "Type": "SD"}], "Module": "M2", "Boundary": [["451.8", "150.2"], ["527.6", "150.2"], ["527.6", "188.9"], ["545.0", "188.9"], ["545.0", "274.0"], ["451.8", "274.0"]], "Module_type": "GATE"}, {"Ports": [{"Location": [["334.4", "401.0"], ["400.2", "401.0"], ["400.2", "406.5"], ["334.4", "406.5"]], "Type": "SD"}, {"Location": [["321.6", "234.4"], ["399.1", "234.4"], ["399.1", "249.3"], ["413.0", "249.3"], ["413.0", "399.8"], ["321.6", "399.8"]], "Type": "GATE"}, {"Location": [["327.1", "238.9"], ["392.6", "238.9"], ["392.6", "244.8"], ["327.1", "244.8"]], "Type": "SD"}], "Module": "M16", "Boundary": [["321.6", "234.4"], ["399.1", "234.4"], ["399.1", "249.3"], ["413.0", "249.3"], ["413.0", "406.5"], ["321.6", "406.5"]], "Module_type": "GATE"}, {"Ports": [{"Location": [["321.9", "25.0"], ["327.5", "25.0"], ["327.5", "96.5"], ["321.9", "96.5"]], "Type": "SD"}, {"Location": [["485.1", "10.0"], ["485.1", "111.5"], ["329.4", "111.5"], ["329.4", "10.0"]], "Type": "GATE"}, {"Location": [["472.6", "16.6"], ["479.5", "16.6"], ["479.5", "104.9"], ["472.6", "104.9"]], "Type": "SD"}], "Module": "M13", "Boundary": [["485.1", "10.0"], ["485.1", "111.5"], ["321.9", "111.5"], ["321.9", "10.0"]], "Module_type": "GATE"}, {"Ports": [{"Location": [["556.4", "463.0"], ["645.2", "463.0"], ["645.2", "468.8"], ["556.4", "468.8"]], "Type": "SD"}, {"Location": [["542.7", "319.8"], ["643.7", "319.8"], ["643.7", "331.9"], ["658.9", "331.9"], ["658.9", "461.1"], ["542.7", "461.1"]], "Type": "GATE"}, {"Location": [["548.8", "324.9"], ["636.6", "324.9"], ["636.6", "331.7"], ["548.8", "331.7"]], "Type": "SD"}], "Module": "M10", "Boundary": [["542.7", "319.8"], ["643.7", "319.8"], ["643.7", "331.9"], ["658.9", "331.9"], ["658.9", "468.8"], ["542.7", "468.8"]], "Module_type": "GATE"}, {"Ports": [{"Location": [["32.6", "213.7"], ["69.3", "213.7"], ["69.3", "218.0"], ["32.6", "218.0"]], "Type": "SD"}, {"Location": [["20.0", "20.0"], ["67.0", "20.0"], ["67.0", "20.2"], ["81.9", "20.2"], ["81.9", "211.6"], ["20.0", "211.6"]], "Type": "GATE"}, {"Location": [["26.0", "25.0"], ["61.0", "25.0"], ["61.0", "30.4"], ["26.0", "30.4"]], "Type": "SD"}], "Module": "M7", "Boundary": [["20.0", "20.0"], ["67.0", "20.0"], ["67.0", "20.2"], ["81.9", "20.2"], ["81.9", "218.0"], ["20.0", "218.0"]], "Module_type": "GATE"}, {"Ports": [{"Location": [["239.1", "279.6"], ["288.6", "279.6"], ["288.6", "283.9"], ["239.1", "283.9"]], "Type": "SD"}, {"Location": [["226.1", "160.6"], ["301.6", "160.6"], ["301.6", "277.0"], ["226.1", "277.0"]], "Type": "GATE"}, {"Location": [["232.6", "166.1"], ["295.1", "166.1"], ["295.1", "171.7"], ["232.6", "171.7"]], "Type": "SD"}], "Module": "M3", "Boundary": [["226.1", "160.6"], ["301.6", "160.6"], ["301.6", "283.9"], ["226.1", "283.9"]], "Module_type": "GATE"}, {"Ports": [{"Location": [["321.9", "145.0"], ["327.2", "145.0"], ["327.2", "200.9"], ["321.9", "200.9"]], "Type": "SD"}, {"Location": [["421.8", "131.5"], ["421.8", "214.4"], ["329.6", "214.4"], ["329.6", "131.5"]], "Type": "GATE"}, {"Location": [["411.6", "137.0"], ["417.3", "137.0"], ["417.3", "208.9"], ["411.6", "208.9"]], "Type": "SD"}], "Module": "M15", "Boundary": [["421.8", "131.5"], ["421.8", "214.4"], ["321.9", "214.4"], ["321.9", "131.5"]], "Module_type": "GATE"}, {"Ports": [{"Location": [["299.3", "443.0"], ["303.3", "443.0"], ["303.3", "484.8"], ["299.3", "484.8"]], "Type": "SD"}, {"Location": [["419.2", "426.5"], ["419.2", "484.7"], ["400.4", "484.7"], ["400.4", "501.3"], ["305.5", "501.3"], ["305.5", "426.5"]], "Type": "GATE"}, {"Location": [["405.7", "433.3"], ["413.4", "433.3"], ["413.4", "476.9"], ["405.7", "476.9"]], "Type": "SD"}], "Module": "M12", "Boundary": [["419.2", "426.5"], ["419.2", "484.7"], ["400.4", "484.7"], ["400.4", "501.3"], ["299.3", "501.3"], ["299.3", "426.5"]], "Module_type": "GATE"}, {"Ports": [{"Location": [["121.9", "33.8"], ["127.0", "33.8"], ["127.0", "116.8"], ["121.9", "116.8"]], "Type": "SD"}, {"Location": [["291.9", "20.0"], ["291.9", "116.4"], ["219.5", "116.4"], ["219.5", "130.6"], ["128.1", "130.6"], ["128.1", "20.0"]], "Type": "GATE"}, {"Location": [["280.2", "26.4"], ["286.5", "26.4"], ["286.5", "109.0"], ["280.2", "109.0"]], "Type": "SD"}], "Module": "M8", "Boundary": [["291.9", "20.0"], ["291.9", "116.4"], ["219.5", "116.4"], ["219.5", "130.6"], ["121.9", "130.6"], ["121.9", "20.0"]], "Module_type": "GATE"}, {"Ports": [{"Location": [["597.1", "285.5"], ["634.4", "285.5"], ["634.4", "289.8"], ["597.1", "289.8"]], "Type": "SD"}, {"Location": [["585.0", "150.2"], ["632.5", "150.2"], ["632.5", "231.8"], ["646.5", "231.8"], ["646.5", "283.0"], ["585.0", "283.0"]], "Type": "GATE"}, {"Location": [["590.1", "154.3"], ["626.4", "154.3"], ["626.4", "160.3"], ["590.1", "160.3"]], "Type": "SD"}], "Module": "M4", "Boundary": [["585.0", "150.2"], ["632.5", "150.2"], ["632.5", "231.8"], ["646.5", "231.8"], ["646.5", "289.8"], ["585.0", "289.8"]], "Module_type": "GATE"}], "Area": [["-30.0", "-30.0"], ["698.9", "-30.0"], ["698.9", "541.3"], ["-30.0", "541.3"]], "Rules": ["GATE(5,5)", "SD(5,5)", "GATE_SD(0.5)", "GATE_ITO(0.5)", "SD_ITO(0.5)"]}