{"Modules": [{"Module": "M14", "Boundary": [["652.1", "439.5"], ["652.1", "556.8"], ["448.0", "556.8"], ["448.0", "439.5"]], "Module_type": "GATE", "Ports": [{"Location": [["448.0", "453.6"], ["452.9", "453.6"], ["452.9", "542.7"], ["448.0", "542.7"]], "Type": "SD"}, {"Location": [["652.1", "439.5"], ["652.1", "556.8"], ["453.9", "556.8"], ["453.9", "439.5"]], "Type": "GATE"}, {"Location": [["640.2", "445.8"], ["646.8", "445.8"], ["646.8", "550.5"], ["640.2", "550.5"]], "Type": "SD"}]}, {"Ports": [{"Location": [["128.9", "262.7"], ["133.7", "262.7"], ["133.7", "340.6"], ["128.9", "340.6"]], "Type": "SD"}, {"Location": [["245.9", "250.1"], ["245.9", "335.6"], ["245.7", "335.6"], ["245.7", "353.2"], ["135.7", "353.2"], ["135.7", "250.1"]], "Type": "GATE"}, {"Location": [["236.7", "255.9"], ["241.1", "255.9"], ["241.1", "329.8"], ["236.7", "329.8"]], "Type": "SD"}], "Module": "M9", "Boundary": [["245.9", "250.1"], ["245.9", "335.6"], ["245.7", "335.6"], ["245.7", "353.2"], ["128.9", "353.2"], ["128.9", "250.1"]], "Module_type": "GATE"}, {"Ports": [{"Location": [["20.0", "531.2"], ["25.4", "531.2"], ["25.4", "553.2"], ["20.0", "553.2"]], "Type": "SD"}, {"Location": [["149.0", "518.6"], ["149.0", "550.9"], ["148.9", "550.9"], ["148.9", "565.8"], ["28.0", "565.8"], ["28.0", "518.6"]], "Type": "GATE"}, {"Location": [["138.7", "524.4"], ["144.2", "524.4"], ["144.2", "545.1"], ["138.7", "545.1"]], "Type": "SD"}], "Module": "M5", "Boundary": [["149.0", "518.6"], ["149.0", "550.9"], ["148.9", "550.9"], ["148.9", "565.8"], ["20.0", "565.8"], ["20.0", "518.6"]], "Module_type": "GATE"}, {"Ports": [{"Location": [["619.6", "186.9"], ["662.3", "186.9"], ["662.3", "192.4"], ["619.6", "192.4"]], "Type": "SD"}, {"Location": [["604.3", "10.0"], ["659.5", "10.0"], ["659.5", "10.1"], ["677.6", "10.1"], ["677.6", "185.7"], ["604.3", "185.7"]], "Type": "GATE"}, {"Location": [["610.9", "15.6"], ["652.9", "15.6"], ["652.9", "21.8"], ["610.9", "21.8"]], "Type": "SD"}], "Module": "M11", "Boundary": [["604.3", "10.0"], ["659.5", "10.0"], ["659.5", "10.1"], ["677.6", "10.1"], ["677.6", "192.4"], ["604.3", "192.4"]], "Module_type": "GATE"}, {"Ports": [{"Location": [["433.3", "278.0"], ["438.1", "278.0"], ["438.1", "365.4"], ["433.3", "365.4"]], "Type": "SD"}, {"Location": [["661.0", "263.9"], ["661.0", "363.4"], ["660.5", "363.4"], ["660.5", "379.5"], ["439.5", "379.5"], ["439.5", "263.9"]], "Type": "GATE"}, {"Location": [["649.1", "270.8"], ["655.1", "270.8"], ["655.1", "356.5"], ["649.1", "356.5"]], "Type": "SD"}], "Module": "M1", "Boundary": [["661.0", "263.9"], ["661.0", "363.4"], ["660.5", "363.4"], ["660.5", "379.5"], ["433.3", "379.5"], ["433.3", "263.9"]], "Module_type": "GATE"}, {"Ports": [{"Location": [["24.1", "326.4"], ["94.8", "326.4"], ["94.8", "332.4"], ["24.1", "332.4"]], "Type": "SD"}, {"Location": [["10.0", "204.5"], ["108.9", "204.5"], ["108.9", "324.6"], ["10.0", "324.6"]], "Type": "GATE"}, {"Location": [["15.1", "208.6"], ["103.8", "208.6"], ["103.8", "215.9"], ["15.1", "215.9"]], "Type": "SD"}], "Module": "M6", "Boundary": [["10.0", "204.5"], ["108.9", "204.5"], ["108.9", "332.4"], ["10.0", "332.4"]], "Module_type": "GATE"}, {"Ports": [{"Location": [["33.2", "168.7"], ["118.1", "168.7"], ["118.1", "174.5"], ["33.2", "174.5"]], "Type": "SD"}, {"Location": [["20.0", "20.0"], ["115.7", "20.0"], ["115.7", "20.2"], ["131.3", "20.2"], ["131.3", "167.2"], ["20.0", "167.2"]], "Type": "GATE"}, {"Location": [["25.3", "24.3"], ["110.4", "24.3"], ["110.4", "30.7"], ["25.3", "30.7"]], "Type": "SD"}], "Module": "M2", "Boundary": [["20.0", "20.0"], ["115.7", "20.0"], ["115.7", "20.2"], ["131.3", "20.2"], ["131.3", "174.5"], ["20.0", "174.5"]], "Module_type": "GATE"}, {"Ports": [{"Location": [["315.0", "148.9"], ["320.8", "148.9"], ["320.8", "206.5"], ["315.0", "206.5"]], "Type": "SD"}, {"Location": [["476.7", "133.9"], ["476.7", "204.4"], ["476.6", "204.4"], ["476.6", "221.5"], ["322.3", "221.5"], ["322.3", "133.9"]], "Type": "GATE"}, {"Location": [["465.1", "139.8"], ["471.8", "139.8"], ["471.8", "198.5"], ["465.1", "198.5"]], "Type": "SD"}], "Module": "M16", "Boundary": [["476.7", "133.9"], ["476.7", "204.4"], ["476.6", "204.4"], ["476.6", "221.5"], ["315.0", "221.5"], ["315.0", "133.9"]], "Module_type": "GATE"}, {"Ports": [{"Location": [["23.0", "482.8"], ["61.9", "482.8"], ["61.9", "488.6"], ["23.0", "488.6"]], "Type": "SD"}, {"Location": [["10.0", "352.4"], ["58.8", "352.4"], ["58.8", "352.7"], ["74.9", "352.7"], ["74.9", "481.3"], ["10.0", "481.3"]], "Type": "GATE"}, {"Location": [["16.3", "357.7"], ["52.5", "357.7"], ["52.5", "362.5"], ["16.3", "362.5"]], "Type": "SD"}], "Module": "M13", "Boundary": [["10.0", "352.4"], ["58.8", "352.4"], ["58.8", "352.7"], ["74.9", "352.7"], ["74.9", "488.6"], ["10.0", "488.6"]], "Module_type": "GATE"}, {"Ports": [{"Location": [["302.2", "461.2"], ["381.6", "461.2"], ["381.6", "465.6"], ["302.2", "465.6"]], "Type": "SD"}, {"Location": [["290.5", "250.1"], ["378.8", "250.1"], ["378.8", "250.4"], ["393.3", "250.4"], ["393.3", "459.9"], ["290.5", "459.9"]], "Type": "GATE"}, {"Location": [["295.8", "254.4"], ["373.5", "254.4"], ["373.5", "259.8"], ["295.8", "259.8"]], "Type": "SD"}], "Module": "M10", "Boundary": [["290.5", "250.1"], ["378.8", "250.1"], ["378.8", "250.4"], ["393.3", "250.4"], ["393.3", "465.6"], ["290.5", "465.6"]], "Module_type": "GATE"}, {"Ports": [{"Location": [["520.7", "209.6"], ["560.3", "209.6"], ["560.3", "213.9"], ["520.7", "213.9"]], "Type": "SD"}, {"Location": [["506.7", "20.0"], ["574.3", "20.0"], ["574.3", "207.0"], ["506.7", "207.0"]], "Type": "GATE"}, {"Location": [["512.8", "25.1"], ["568.2", "25.1"], ["568.2", "31.6"], ["512.8", "31.6"]], "Type": "SD"}], "Module": "M7", "Boundary": [["506.7", "20.0"], ["574.3", "20.0"], ["574.3", "213.9"], ["506.7", "213.9"]], "Module_type": "GATE"}, {"Ports": [{"Location": [["161.3", "152.3"], ["167.1", "152.3"], ["167.1", "215.4"], ["161.3", "215.4"]], "Type": "SD"}, {"Location": [["295.0", "137.6"], ["295.0", "230.1"], ["168.2", "230.1"], ["168.2", "137.6"]], "Type": "GATE"}, {"Location": [["283.1", "144.3"], ["289.3", "144.3"], ["289.3", "223.4"], ["283.1", "223.4"]], "Type": "SD"}], "Module": "M3", "Boundary": [["295.0", "137.6"], ["295.0", "230.1"], ["161.3", "230.1"], ["161.3", "137.6"]], "Module_type": "GATE"}, {"Ports": [{"Location": [["161.3", "24.3"], ["166.4", "24.3"], ["166.4", "103.3"], ["161.3", "103.3"]], "Type": "SD"}, {"Location": [["266.2", "10.0"], ["266.2", "99.6"], ["265.9", "99.6"], ["265.9", "117.6"], ["169.2", "117.6"], ["169.2", "10.0"]], "Type": "GATE"}, {"Location": [["255.2", "16.1"], ["261.1", "16.1"], ["261.1", "93.5"], ["255.2", "93.5"]], "Type": "SD"}], "Module": "M15", "Boundary": [["266.2", "10.0"], ["266.2", "99.6"], ["265.9", "99.6"], ["265.9", "117.6"], ["161.3", "117.6"], ["161.3", "10.0"]], "Module_type": "GATE"}, {"Ports": [{"Location": [["179.0", "500.0"], ["184.4", "500.0"], ["184.4", "554.3"], ["179.0", "554.3"]], "Type": "SD"}, {"Location": [["408.0", "485.6"], ["408.0", "552.7"], ["407.6", "552.7"], ["407.6", "568.7"], ["187.2", "568.7"], ["187.2", "485.6"]], "Type": "GATE"}, {"Location": [["396.3", "492.0"], ["402.6", "492.0"], ["402.6", "546.3"], ["396.3", "546.3"]], "Type": "SD"}], "Module": "M12", "Boundary": [["408.0", "485.6"], ["408.0", "552.7"], ["407.6", "552.7"], ["407.6", "568.7"], ["179.0", "568.7"], ["179.0", "485.6"]], "Module_type": "GATE"}, {"Ports": [{"Location": [["296.2", "34.6"], ["301.4", "34.6"], ["301.4", "89.3"], ["296.2", "89.3"]], "Type": "SD"}, {"Location": [["465.2", "20.0"], ["465.2", "87.9"], ["464.9", "87.9"], ["464.9", "103.9"], ["302.6", "103.9"], ["302.6", "20.0"]], "Type": "GATE"}, {"Location": [["453.2", "26.9"], ["459.3", "26.9"], ["459.3", "81.0"], ["453.2", "81.0"]], "Type": "SD"}], "Module": "M8", "Boundary": [["465.2", "20.0"], ["465.2", "87.9"], ["464.9", "87.9"], ["464.9", "103.9"], ["296.2", "103.9"], ["296.2", "20.0"]], "Module_type": "GATE"}], "Area": [["-30.0", "-30.0"], ["717.6", "-30.0"], ["717.6", "608.7"], ["-30.0", "608.7"]], "Rules": ["GATE(5,5)", "SD(5,5)", "GATE_SD(0.5)", "GATE_ITO(0.5)", "SD_ITO(0.5)"]}