{"Modules": [{"Module": "M14", "Boundary": [["415.7", "195.9"], ["505.2", "195.9"], ["505.2", "255.1"], ["522.3", "255.1"], ["522.3", "337.5"], ["415.7", "337.5"]], "Module_type": "GATE", "Ports": [{"Location": [["429.1", "333.1"], ["508.9", "333.1"], ["508.9", "337.5"], ["429.1", "337.5"]], "Type": "SD"}, {"Location": [["415.7", "195.9"], ["505.2", "195.9"], ["505.2", "255.1"], ["522.3", "255.1"], ["522.3", "331.5"], ["415.7", "331.5"]], "Type": "GATE"}, {"Location": [["421.3", "200.5"], ["498.6", "200.5"], ["498.6", "206.4"], ["421.3", "206.4"]], "Type": "SD"}]}, {"Ports": [{"Location": [["595.9", "85.1"], ["655.0", "85.1"], ["655.0", "90.2"], ["595.9", "90.2"]], "Type": "SD"}, {"Location": [["583.5", "10.0"], ["667.4", "10.0"], ["667.4", "83.2"], ["583.5", "83.2"]], "Type": "GATE"}, {"Location": [["588.8", "14.3"], ["662.1", "14.3"], ["662.1", "19.0"], ["588.8", "19.0"]], "Type": "SD"}], "Module": "M9", "Boundary": [["583.5", "10.0"], ["667.4", "10.0"], ["667.4", "90.2"], ["583.5", "90.2"]], "Module_type": "GATE"}, {"Ports": [{"Location": [["191.8", "131.0"], ["197.1", "131.0"], ["197.1", "173.7"], ["191.8", "173.7"]], "Type": "SD"}, {"Location": [["328.0", "115.2"], ["328.0", "172.1"], ["328.0", "172.1"], ["328.0", "189.5"], ["198.9", "189.5"], ["198.9", "115.2"]], "Type": "GATE"}, {"Location": [["314.7", "122.1"], ["322.1", "122.1"], ["322.1", "165.2"], ["314.7", "165.2"]], "Type": "SD"}], "Module": "M5", "Boundary": [["328.0", "115.2"], ["328.0", "172.1"], ["328.0", "172.1"], ["328.0", "189.5"], ["191.8", "189.5"], ["191.8", "115.2"]], "Module_type": "GATE"}, {"Ports": [{"Location": [["10.0", "23.6"], ["14.2", "23.6"], ["14.2", "63.3"], ["10.0", "63.3"]], "Type": "SD"}, {"Location": [["182.8", "10.0"], ["182.8", "60.9"], ["182.7", "60.9"], ["182.7", "76.9"], ["15.7", "76.9"], ["15.7", "10.0"]], "Type": "GATE"}, {"Location": [["171.6", "15.9"], ["177.9", "15.9"], ["177.9", "55.0"], ["171.6", "55.0"]], "Type": "SD"}], "Module": "M11", "Boundary": [["182.8", "10.0"], ["182.8", "60.9"], ["182.7", "60.9"], ["182.7", "76.9"], ["10.0", "76.9"], ["10.0", "10.0"]], "Module_type": "GATE"}, {"Ports": [{"Location": [["962.0", "122.1"], ["998.0", "122.1"], ["998.0", "126.9"], ["962.0", "126.9"]], "Type": "SD"}, {"Location": [["950.4", "30.0"], ["995.3", "30.0"], ["995.3", "30.1"], ["1009.6", "30.1"], ["1009.6", "120.0"], ["950.4", "120.0"]], "Type": "GATE"}, {"Location": [["955.6", "34.2"], ["990.1", "34.2"], ["990.1", "40.1"], ["955.6", "40.1"]], "Type": "SD"}], "Module": "M1", "Boundary": [["950.4", "30.0"], ["995.3", "30.0"], ["995.3", "30.1"], ["1009.6", "30.1"], ["1009.6", "126.9"], ["950.4", "126.9"]], "Module_type": "GATE"}, {"Ports": [{"Location": [["202.8", "21.7"], ["206.8", "21.7"], ["206.8", "73.5"], ["202.8", "73.5"]], "Type": "SD"}, {"Location": [["352.9", "10.0"], ["352.9", "71.4"], ["276.9", "71.4"], ["276.9", "85.2"], ["209.5", "85.2"], ["209.5", "10.0"]], "Type": "GATE"}, {"Location": [["343.1", "15.8"], ["348.1", "15.8"], ["348.1", "64.6"], ["343.1", "64.6"]], "Type": "SD"}], "Module": "M6", "Boundary": [["352.9", "10.0"], ["352.9", "71.4"], ["276.9", "71.4"], ["276.9", "85.2"], ["202.8", "85.2"], ["202.8", "10.0"]], "Module_type": "GATE"}, {"Ports": [{"Location": [["593.5", "259.6"], ["598.5", "259.6"], ["598.5", "331.8"], ["593.5", "331.8"]], "Type": "SD"}, {"Location": [["796.1", "246.1"], ["796.1", "330.0"], ["707.2", "330.0"], ["707.2", "345.3"], ["599.6", "345.3"], ["599.6", "246.1"]], "Type": "GATE"}, {"Location": [["784.9", "252.2"], ["791.0", "252.2"], ["791.0", "322.9"], ["784.9", "322.9"]], "Type": "SD"}], "Module": "M2", "Boundary": [["796.1", "246.1"], ["796.1", "330.0"], ["707.2", "330.0"], ["707.2", "345.3"], ["593.5", "345.3"], ["593.5", "246.1"]], "Module_type": "GATE"}, {"Ports": [{"Location": [["842.3", "180.4"], ["847.3", "180.4"], ["847.3", "232.8"], ["842.3", "232.8"]], "Type": "SD"}, {"Location": [["1021.4", "166.9"], ["1021.4", "232.1"], ["944.3", "232.1"], ["944.3", "246.3"], ["848.9", "246.3"], ["848.9", "166.9"]], "Type": "GATE"}, {"Location": [["1009.7", "172.7"], ["1016.6", "172.7"], ["1016.6", "225.3"], ["1009.7", "225.3"]], "Type": "SD"}], "Module": "M16", "Boundary": [["1021.4", "166.9"], ["1021.4", "232.1"], ["944.3", "232.1"], ["944.3", "246.3"], ["842.3", "246.3"], ["842.3", "166.9"]], "Module_type": "GATE"}, {"Ports": [{"Location": [["687.4", "163.9"], ["692.6", "163.9"], ["692.6", "202.1"], ["687.4", "202.1"]], "Type": "SD"}, {"Location": [["822.3", "149.9"], ["822.3", "216.1"], ["695.0", "216.1"], ["695.0", "149.9"]], "Type": "GATE"}, {"Location": [["810.5", "155.6"], ["817.6", "155.6"], ["817.6", "210.4"], ["810.5", "210.4"]], "Type": "SD"}], "Module": "M13", "Boundary": [["822.3", "149.9"], ["822.3", "216.1"], ["687.4", "216.1"], ["687.4", "149.9"]], "Module_type": "GATE"}, {"Ports": [{"Location": [["10.0", "227.6"], ["14.9", "227.6"], ["14.9", "317.5"], ["10.0", "317.5"]], "Type": "SD"}, {"Location": [["155.1", "215.1"], ["155.1", "314.5"], ["142.6", "314.5"], ["142.6", "330.0"], ["17.2", "330.0"], ["17.2", "215.1"]], "Type": "GATE"}, {"Location": [["145.1", "220.8"], ["150.4", "220.8"], ["150.4", "307.8"], ["145.1", "307.8"]], "Type": "SD"}], "Module": "M10", "Boundary": [["155.1", "215.1"], ["155.1", "314.5"], ["142.6", "314.5"], ["142.6", "330.0"], ["10.0", "330.0"], ["10.0", "215.1"]], "Module_type": "GATE"}, {"Ports": [{"Location": [["382.9", "35.5"], ["388.4", "35.5"], ["388.4", "130.4"], ["382.9", "130.4"]], "Type": "SD"}, {"Location": [["553.5", "20.0"], ["553.5", "128.3"], ["553.0", "128.3"], ["553.0", "145.9"], ["391.3", "145.9"], ["391.3", "20.0"]], "Type": "GATE"}, {"Location": [["541.1", "26.9"], ["547.6", "26.9"], ["547.6", "121.4"], ["541.1", "121.4"]], "Type": "SD"}], "Module": "M7", "Boundary": [["553.5", "20.0"], ["553.5", "128.3"], ["553.0", "128.3"], ["553.0", "145.9"], ["382.9", "145.9"], ["382.9", "20.0"]], "Module_type": "GATE"}, {"Ports": [{"Location": [["10.0", "110.8"], ["15.6", "110.8"], ["15.6", "181.2"], ["10.0", "181.2"]], "Type": "SD"}, {"Location": [["161.8", "96.9"], ["161.8", "179.4"], ["161.6", "179.4"], ["161.6", "195.1"], ["18.2", "195.1"], ["18.2", "96.9"]], "Type": "GATE"}, {"Location": [["150.3", "103.8"], ["155.9", "103.8"], ["155.9", "172.5"], ["150.3", "172.5"]], "Type": "SD"}], "Module": "M3", "Boundary": [["161.8", "96.9"], ["161.8", "179.4"], ["161.6", "179.4"], ["161.6", "195.1"], ["10.0", "195.1"], ["10.0", "96.9"]], "Module_type": "GATE"}, {"Ports": [{"Location": [["826.1", "280.8"], ["831.4", "280.8"], ["831.4", "341.6"], ["826.1", "341.6"]], "Type": "SD"}, {"Location": [["1034.5", "266.3"], ["1034.5", "338.2"], ["1034.5", "338.2"], ["1034.5", "356.1"], ["834.0", "356.1"], ["834.0", "266.3"]], "Type": "GATE"}, {"Location": [["1023.2", "272.3"], ["1029.5", "272.3"], ["1029.5", "332.2"], ["1023.2", "332.2"]], "Type": "SD"}], "Module": "M15", "Boundary": [["1034.5", "266.3"], ["1034.5", "338.2"], ["1034.5", "338.2"], ["1034.5", "356.1"], ["826.1", "356.1"], ["826.1", "266.3"]], "Module_type": "GATE"}, {"Ports": [{"Location": [["596.8", "209.4"], ["641.7", "209.4"], ["641.7", "214.7"], ["596.8", "214.7"]], "Type": "SD"}, {"Location": [["583.5", "110.2"], ["637.5", "110.2"], ["637.5", "150.7"], ["655.0", "150.7"], ["655.0", "207.9"], ["583.5", "207.9"]], "Type": "GATE"}, {"Location": [["589.1", "114.8"], ["630.9", "114.8"], ["630.9", "120.2"], ["589.1", "120.2"]], "Type": "SD"}], "Module": "M12", "Boundary": [["583.5", "110.2"], ["637.5", "110.2"], ["637.5", "150.7"], ["655.0", "150.7"], ["655.0", "214.7"], ["583.5", "214.7"]], "Module_type": "GATE"}, {"Ports": [{"Location": [["185.1", "243.8"], ["189.4", "243.8"], ["189.4", "332.3"], ["185.1", "332.3"]], "Type": "SD"}, {"Location": [["365.7", "229.5"], ["365.7", "346.6"], ["191.5", "346.6"], ["191.5", "229.5"]], "Type": "GATE"}, {"Location": [["354.8", "235.3"], ["360.9", "235.3"], ["360.9", "340.8"], ["354.8", "340.8"]], "Type": "SD"}], "Module": "M8", "Boundary": [["365.7", "229.5"], ["365.7", "346.6"], ["185.1", "346.6"], ["185.1", "229.5"]], "Module_type": "GATE"}], "Area": [["-30.0", "-30.0"], ["1074.5", "-30.0"], ["1074.5", "396.1"], ["-30.0", "396.1"]], "Rules": ["GATE(5,5)", "SD(5,5)", "GATE_SD(0.5)", "GATE_ITO(0.5)", "SD_ITO(0.5)"]}