{"Modules": [{"Module": "M14", "Boundary": [["736.2", "30.0"], ["736.2", "113.6"], ["694.3", "113.6"], ["694.3", "128.4"], ["606.1", "128.4"], ["606.1", "30.0"]], "Module_type": "GATE", "Ports": [{"Location": [["606.1", "44.4"], ["610.9", "44.4"], ["610.9", "114.0"], ["606.1", "114.0"]], "Type": "SD"}, {"Location": [["736.2", "30.0"], ["736.2", "113.6"], ["694.3", "113.6"], ["694.3", "128.4"], ["613.8", "128.4"], ["613.8", "30.0"]], "Type": "GATE"}, {"Location": [["724.1", "35.4"], ["731.8", "35.4"], ["731.8", "107.2"], ["724.1", "107.2"]], "Type": "SD"}]}, {"Ports": [{"Location": [["130.1", "26.2"], ["134.4", "26.2"], ["134.4", "67.2"], ["130.1", "67.2"]], "Type": "SD"}, {"Location": [["211.2", "10.0"], ["211.2", "83.4"], ["136.6", "83.4"], ["136.6", "10.0"]], "Type": "GATE"}, {"Location": [["198.4", "16.9"], ["205.3", "16.9"], ["205.3", "76.5"], ["198.4", "76.5"]], "Type": "SD"}], "Module": "M9", "Boundary": [["211.2", "10.0"], ["211.2", "83.4"], ["130.1", "83.4"], ["130.1", "10.0"]], "Module_type": "GATE"}, {"Ports": [{"Location": [["366.9", "349.7"], ["371.1", "349.7"], ["371.1", "398.8"], ["366.9", "398.8"]], "Type": "SD"}, {"Location": [["593.6", "335.4"], ["593.6", "398.8"], ["593.4", "398.8"], ["593.4", "413.1"], ["372.7", "413.1"], ["372.7", "335.4"]], "Type": "GATE"}, {"Location": [["581.5", "341.9"], ["588.1", "341.9"], ["588.1", "392.3"], ["581.5", "392.3"]], "Type": "SD"}], "Module": "M5", "Boundary": [["593.6", "335.4"], ["593.6", "398.8"], ["593.4", "398.8"], ["593.4", "413.1"], ["366.9", "413.1"], ["366.9", "335.4"]], "Module_type": "GATE"}, {"Ports": [{"Location": [["142.9", "190.9"], ["195.3", "190.9"], ["195.3", "196.0"], ["142.9", "196.0"]], "Type": "SD"}, {"Location": [["130.1", "103.4"], ["192.9", "103.4"], ["192.9", "103.7"], ["208.1", "103.7"], ["208.1", "189.2"], ["130.1", "189.2"]], "Type": "GATE"}, {"Location": [["135.7", "108.0"], ["187.3", "108.0"], ["187.3", "113.7"], ["135.7", "113.7"]], "Type": "SD"}], "Module": "M11", "Boundary": [["130.1", "103.4"], ["192.9", "103.4"], ["192.9", "103.7"], ["208.1", "103.7"], ["208.1", "196.0"], ["130.1", "196.0"]], "Module_type": "GATE"}, {"Ports": [{"Location": [["657.6", "268.3"], ["730.9", "268.3"], ["730.9", "273.7"], ["657.6", "273.7"]], "Type": "SD"}, {"Location": [["643.9", "188.4"], ["728.0", "188.4"], ["728.0", "188.5"], ["744.6", "188.5"], ["744.6", "266.9"], ["643.9", "266.9"]], "Type": "GATE"}, {"Location": [["649.1", "192.6"], ["722.8", "192.6"], ["722.8", "199.7"], ["649.1", "199.7"]], "Type": "SD"}], "Module": "M1", "Boundary": [["643.9", "188.4"], ["728.0", "188.4"], ["728.0", "188.5"], ["744.6", "188.5"], ["744.6", "273.7"], ["643.9", "273.7"]], "Module_type": "GATE"}, {"Ports": [{"Location": [["22.2", "116.4"], ["97.9", "116.4"], ["97.9", "121.0"], ["22.2", "121.0"]], "Type": "SD"}, {"Location": [["10.0", "10.0"], ["97.2", "10.0"], ["97.2", "54.1"], ["110.1", "54.1"], ["110.1", "114.9"], ["10.0", "114.9"]], "Type": "GATE"}, {"Location": [["16.1", "15.1"], ["90.1", "15.1"], ["90.1", "20.3"], ["16.1", "20.3"]], "Type": "SD"}], "Module": "M6", "Boundary": [["10.0", "10.0"], ["97.2", "10.0"], ["97.2", "54.1"], ["110.1", "54.1"], ["110.1", "121.0"], ["10.0", "121.0"]], "Module_type": "GATE"}, {"Ports": [{"Location": [["633.9", "335.6"], ["638.4", "335.6"], ["638.4", "403.4"], ["633.9", "403.4"]], "Type": "SD"}, {"Location": [["739.6", "323.7"], ["739.6", "401.2"], ["714.3", "401.2"], ["714.3", "415.3"], ["639.5", "415.3"], ["639.5", "323.7"]], "Type": "GATE"}, {"Location": [["729.7", "329.2"], ["735.1", "329.2"], ["735.1", "394.7"], ["729.7", "394.7"]], "Type": "SD"}], "Module": "M2", "Boundary": [["739.6", "323.7"], ["739.6", "401.2"], ["714.3", "401.2"], ["714.3", "415.3"], ["633.9", "415.3"], ["633.9", "323.7"]], "Module_type": "GATE"}, {"Ports": [{"Location": [["124.3", "294.1"], ["188.5", "294.1"], ["188.5", "298.5"], ["124.3", "298.5"]], "Type": "SD"}, {"Location": [["110.8", "216.0"], ["188.5", "216.0"], ["188.5", "222.1"], ["202.0", "222.1"], ["202.0", "292.5"], ["110.8", "292.5"]], "Type": "GATE"}, {"Location": [["116.3", "220.5"], ["182.0", "220.5"], ["182.0", "227.5"], ["116.3", "227.5"]], "Type": "SD"}], "Module": "M16", "Boundary": [["110.8", "216.0"], ["188.5", "216.0"], ["188.5", "222.1"], ["202.0", "222.1"], ["202.0", "298.5"], ["110.8", "298.5"]], "Module_type": "GATE"}, {"Ports": [{"Location": [["23.1", "419.2"], ["78.4", "419.2"], ["78.4", "424.7"], ["23.1", "424.7"]], "Type": "SD"}, {"Location": [["10.0", "328.4"], ["75.7", "328.4"], ["75.7", "328.4"], ["91.5", "328.4"], ["91.5", "417.1"], ["10.0", "417.1"]], "Type": "GATE"}, {"Location": [["17.0", "334.4"], ["68.7", "334.4"], ["68.7", "339.2"], ["17.0", "339.2"]], "Type": "SD"}], "Module": "M13", "Boundary": [["10.0", "328.4"], ["75.7", "328.4"], ["75.7", "328.4"], ["91.5", "328.4"], ["91.5", "424.7"], ["10.0", "424.7"]], "Module_type": "GATE"}, {"Ports": [{"Location": [["231.2", "23.7"], ["235.9", "23.7"], ["235.9", "90.3"], ["231.2", "90.3"]], "Type": "SD"}, {"Location": [["428.0", "10.0"], ["428.0", "89.9"], ["341.7", "89.9"], ["341.7", "104.0"], ["238.0", "104.0"], ["238.0", "10.0"]], "Type": "GATE"}, {"Location": [["416.4", "16.6"], ["422.4", "16.6"], ["422.4", "82.3"], ["416.4", "82.3"]], "Type": "SD"}], "Module": "M10", "Boundary": [["428.0", "10.0"], ["428.0", "89.9"], ["341.7", "89.9"], ["341.7", "104.0"], ["231.2", "104.0"], ["231.2", "10.0"]], "Module_type": "GATE"}, {"Ports": [{"Location": [["430.9", "203.8"], ["436.2", "203.8"], ["436.2", "281.2"], ["430.9", "281.2"]], "Type": "SD"}, {"Location": [["593.9", "189.6"], ["593.9", "278.0"], ["593.7", "278.0"], ["593.7", "295.4"], ["437.2", "295.4"], ["437.2", "189.6"]], "Type": "GATE"}, {"Location": [["582.7", "196.5"], ["588.0", "196.5"], ["588.0", "271.1"], ["582.7", "271.1"]], "Type": "SD"}], "Module": "M7", "Boundary": [["593.9", "189.6"], ["593.9", "278.0"], ["593.7", "278.0"], ["593.7", "295.4"], ["430.9", "295.4"], ["430.9", "189.6"]], "Module_type": "GATE"}, {"Ports": [{"Location": [["111.5", "333.2"], ["115.5", "333.2"], ["115.5", "404.7"], ["111.5", "404.7"]], "Type": "SD"}, {"Location": [["336.9", "319.3"], ["336.9", "402.3"], ["336.8", "402.3"], ["336.8", "418.6"], ["117.0", "418.6"], ["117.0", "319.3"]], "Type": "GATE"}, {"Location": [["326.3", "324.5"], ["332.7", "324.5"], ["332.7", "397.1"], ["326.3", "397.1"]], "Type": "SD"}], "Module": "M3", "Boundary": [["336.9", "319.3"], ["336.9", "402.3"], ["336.8", "402.3"], ["336.8", "418.6"], ["111.5", "418.6"], ["111.5", "319.3"]], "Module_type": "GATE"}, {"Ports": [{"Location": [["22.8", "302.8"], ["78.0", "302.8"], ["78.0", "308.4"], ["22.8", "308.4"]], "Type": "SD"}, {"Location": [["10.0", "141.0"], ["90.8", "141.0"], ["90.8", "301.5"], ["10.0", "301.5"]], "Type": "GATE"}, {"Location": [["15.2", "145.2"], ["85.6", "145.2"], ["85.6", "151.7"], ["15.2", "151.7"]], "Type": "SD"}], "Module": "M15", "Boundary": [["10.0", "141.0"], ["90.8", "141.0"], ["90.8", "308.4"], ["10.0", "308.4"]], "Module_type": "GATE"}, {"Ports": [{"Location": [["228.1", "134.9"], ["233.5", "134.9"], ["233.5", "182.6"], ["228.1", "182.6"]], "Type": "SD"}, {"Location": [["400.9", "124.0"], ["400.9", "180.9"], ["326.5", "180.9"], ["326.5", "193.5"], ["236.2", "193.5"], ["236.2", "124.0"]], "Type": "GATE"}, {"Location": [["391.5", "129.5"], ["396.4", "129.5"], ["396.4", "174.4"], ["391.5", "174.4"]], "Type": "SD"}], "Module": "M12", "Boundary": [["400.9", "124.0"], ["400.9", "180.9"], ["326.5", "180.9"], ["326.5", "193.5"], ["228.1", "193.5"], ["228.1", "124.0"]], "Module_type": "GATE"}, {"Ports": [{"Location": [["232.0", "239.6"], ["236.4", "239.6"], ["236.4", "275.7"], ["232.0", "275.7"]], "Type": "SD"}, {"Location": [["388.0", "226.0"], ["388.0", "275.4"], ["348.3", "275.4"], ["348.3", "289.3"], ["239.0", "289.3"], ["239.0", "226.0"]], "Type": "GATE"}, {"Location": [["376.8", "232.9"], ["382.1", "232.9"], ["382.1", "267.5"], ["376.8", "267.5"]], "Type": "SD"}], "Module": "M8", "Boundary": [["388.0", "226.0"], ["388.0", "275.4"], ["348.3", "275.4"], ["348.3", "289.3"], ["232.0", "289.3"], ["232.0", "226.0"]], "Module_type": "GATE"}, {"Ports": [{"Location": [["469.5", "143.8"], ["544.6", "143.8"], ["544.6", "149.6"], ["469.5", "149.6"]], "Type": "SD"}, {"Location": [["458.0", "20.0"], ["543.5", "20.0"], ["543.5", "63.0"], ["556.1", "63.0"], ["556.1", "141.4"], ["458.0", "141.4"]], "Type": "GATE"}, {"Location": [["463.5", "24.5"], ["537.0", "24.5"], ["537.0", "29.9"], ["463.5", "29.9"]], "Type": "SD"}], "Module": "M4", "Boundary": [["458.0", "20.0"], ["543.5", "20.0"], ["543.5", "63.0"], ["556.1", "63.0"], ["556.1", "149.6"], ["458.0", "149.6"]], "Module_type": "GATE"}], "Area": [["-30.0", "-30.0"], ["784.6", "-30.0"], ["784.6", "464.7"], ["-30.0", "464.7"]], "Rules": ["GATE(5,5)", "SD(5,5)", "GATE_SD(0.5)", "GATE_ITO(0.5)", "SD_ITO(0.5)"]}