{"Modules": [{"Module": "M14", "Boundary": [["495.2", "30.0"], ["495.2", "134.1"], ["471.1", "134.1"], ["471.1", "150.1"], ["389.6", "150.1"], ["389.6", "30.0"]], "Module_type": "GATE", "Ports": [{"Location": [["389.6", "44.0"], ["394.7", "44.0"], ["394.7", "136.1"], ["389.6", "136.1"]], "Type": "SD"}, {"Location": [["495.2", "30.0"], ["495.2", "134.1"], ["471.1", "134.1"], ["471.1", "150.1"], ["396.0", "150.1"], ["396.0", "30.0"]], "Type": "GATE"}, {"Location": [["483.8", "36.2"], ["490.0", "36.2"], ["490.0", "126.9"], ["483.8", "126.9"]], "Type": "SD"}]}, {"Ports": [{"Location": [["205.6", "359.0"], ["211.5", "359.0"], ["211.5", "396.7"], ["205.6", "396.7"]], "Type": "SD"}, {"Location": [["409.5", "345.9"], ["409.5", "409.8"], ["212.9", "409.8"], ["212.9", "345.9"]], "Type": "GATE"}, {"Location": [["399.4", "352.6"], ["403.8", "352.6"], ["403.8", "403.1"], ["399.4", "403.1"]], "Type": "SD"}], "Module": "M9", "Boundary": [["409.5", "345.9"], ["409.5", "409.8"], ["205.6", "409.8"], ["205.6", "345.9"]], "Module_type": "GATE"}, {"Ports": [{"Location": [["226.5", "32.8"], ["230.7", "32.8"], ["230.7", "123.1"], ["226.5", "123.1"]], "Type": "SD"}, {"Location": [["339.6", "20.0"], ["339.6", "119.4"], ["339.2", "119.4"], ["339.2", "135.9"], ["231.8", "135.9"], ["231.8", "20.0"]], "Type": "GATE"}, {"Location": [["328.8", "25.5"], ["335.1", "25.5"], ["335.1", "113.9"], ["328.8", "113.9"]], "Type": "SD"}], "Module": "M5", "Boundary": [["339.6", "20.0"], ["339.6", "119.4"], ["339.2", "119.4"], ["339.2", "135.9"], ["226.5", "135.9"], ["226.5", "20.0"]], "Module_type": "GATE"}, {"Ports": [{"Location": [["10.0", "351.7"], ["16.0", "351.7"], ["16.0", "402.5"], ["10.0", "402.5"]], "Type": "SD"}, {"Location": [["185.6", "340.0"], ["185.6", "399.7"], ["185.3", "399.7"], ["185.3", "414.2"], ["18.5", "414.2"], ["18.5", "340.0"]], "Type": "GATE"}, {"Location": [["175.5", "345.1"], ["181.5", "345.1"], ["181.5", "394.6"], ["175.5", "394.6"]], "Type": "SD"}], "Module": "M11", "Boundary": [["185.6", "340.0"], ["185.6", "399.7"], ["185.3", "399.7"], ["185.3", "414.2"], ["10.0", "414.2"], ["10.0", "340.0"]], "Module_type": "GATE"}, {"Ports": [{"Location": [["636.4", "207.6"], ["642.2", "207.6"], ["642.2", "253.0"], ["636.4", "253.0"]], "Type": "SD"}, {"Location": [["755.7", "192.5"], ["755.7", "268.1"], ["645.0", "268.1"], ["645.0", "192.5"]], "Type": "GATE"}, {"Location": [["743.9", "199.4"], ["749.8", "199.4"], ["749.8", "261.2"], ["743.9", "261.2"]], "Type": "SD"}], "Module": "M1", "Boundary": [["755.7", "192.5"], ["755.7", "268.1"], ["636.4", "268.1"], ["636.4", "192.5"]], "Module_type": "GATE"}, {"Ports": [{"Location": [["10.0", "263.4"], ["15.1", "263.4"], ["15.1", "305.8"], ["10.0", "305.8"]], "Type": "SD"}, {"Location": [["185.0", "249.2"], ["185.0", "304.7"], ["170.3", "304.7"], ["170.3", "320.0"], ["17.7", "320.0"], ["17.7", "249.2"]], "Type": "GATE"}, {"Location": [["173.8", "255.1"], ["180.1", "255.1"], ["180.1", "296.8"], ["173.8", "296.8"]], "Type": "SD"}], "Module": "M6", "Boundary": [["185.0", "249.2"], ["185.0", "304.7"], ["170.3", "304.7"], ["170.3", "320.0"], ["10.0", "320.0"], ["10.0", "249.2"]], "Module_type": "GATE"}, {"Ports": [{"Location": [["609.2", "33.6"], ["614.5", "33.6"], ["614.5", "128.9"], ["609.2", "128.9"]], "Type": "SD"}, {"Location": [["772.7", "20.0"], ["772.7", "125.8"], ["690.0", "125.8"], ["690.0", "142.5"], ["616.9", "142.5"], ["616.9", "20.0"]], "Type": "GATE"}, {"Location": [["762.5", "26.0"], ["767.7", "26.0"], ["767.7", "118.8"], ["762.5", "118.8"]], "Type": "SD"}], "Module": "M2", "Boundary": [["772.7", "20.0"], ["772.7", "125.8"], ["690.0", "125.8"], ["690.0", "142.5"], ["609.2", "142.5"], ["609.2", "20.0"]], "Module_type": "GATE"}, {"Ports": [{"Location": [["205.6", "262.7"], ["211.5", "262.7"], ["211.5", "311.9"], ["205.6", "311.9"]], "Type": "SD"}, {"Location": [["347.8", "248.7"], ["347.8", "312.7"], ["290.3", "312.7"], ["290.3", "325.9"], ["213.1", "325.9"], ["213.1", "248.7"]], "Type": "GATE"}, {"Location": [["335.3", "255.4"], ["342.1", "255.4"], ["342.1", "305.0"], ["335.3", "305.0"]], "Type": "SD"}], "Module": "M16", "Boundary": [["347.8", "248.7"], ["347.8", "312.7"], ["290.3", "312.7"], ["290.3", "325.9"], ["205.6", "325.9"], ["205.6", "248.7"]], "Module_type": "GATE"}, {"Ports": [{"Location": [["546.9", "170.0"], ["567.5", "170.0"], ["567.5", "174.6"], ["546.9", "174.6"]], "Type": "SD"}, {"Location": [["535.2", "10.0"], ["564.8", "10.0"], ["564.8", "10.1"], ["579.2", "10.1"], ["579.2", "168.3"], ["535.2", "168.3"]], "Type": "GATE"}, {"Location": [["540.5", "14.3"], ["559.5", "14.3"], ["559.5", "19.2"], ["540.5", "19.2"]], "Type": "SD"}], "Module": "M13", "Boundary": [["535.2", "10.0"], ["564.8", "10.0"], ["564.8", "10.1"], ["579.2", "10.1"], ["579.2", "174.6"], ["535.2", "174.6"]], "Module_type": "GATE"}, {"Ports": [{"Location": [["216.5", "179.2"], ["221.0", "179.2"], ["221.0", "215.4"], ["216.5", "215.4"]], "Type": "SD"}, {"Location": [["333.6", "165.9"], ["333.6", "214.7"], ["278.3", "214.7"], ["278.3", "228.7"], ["222.9", "228.7"], ["222.9", "165.9"]], "Type": "GATE"}, {"Location": [["322.9", "171.6"], ["328.9", "171.6"], ["328.9", "208.0"], ["322.9", "208.0"]], "Type": "SD"}], "Module": "M10", "Boundary": [["333.6", "165.9"], ["333.6", "214.7"], ["278.3", "214.7"], ["278.3", "228.7"], ["216.5", "228.7"], ["216.5", "165.9"]], "Module_type": "GATE"}, {"Ports": [{"Location": [["480.9", "329.8"], ["485.1", "329.8"], ["485.1", "411.9"], ["480.9", "411.9"]], "Type": "SD"}, {"Location": [["675.3", "318.1"], ["675.3", "423.6"], ["487.9", "423.6"], ["487.9", "318.1"]], "Type": "GATE"}, {"Location": [["665.7", "323.3"], ["671.1", "323.3"], ["671.1", "418.4"], ["665.7", "418.4"]], "Type": "SD"}], "Module": "M7", "Boundary": [["675.3", "318.1"], ["675.3", "423.6"], ["480.9", "423.6"], ["480.9", "318.1"]], "Module_type": "GATE"}, {"Ports": [{"Location": [["23.6", "224.5"], ["63.1", "224.5"], ["63.1", "229.2"], ["23.6", "229.2"]], "Type": "SD"}, {"Location": [["10.0", "10.0"], ["76.7", "10.0"], ["76.7", "222.9"], ["10.0", "222.9"]], "Type": "GATE"}, {"Location": [["16.8", "15.8"], ["69.9", "15.8"], ["69.9", "21.2"], ["16.8", "21.2"]], "Type": "SD"}], "Module": "M3", "Boundary": [["10.0", "10.0"], ["76.7", "10.0"], ["76.7", "229.2"], ["10.0", "229.2"]], "Module_type": "GATE"}, {"Ports": [{"Location": [["718.2", "422.6"], ["763.7", "422.6"], ["763.7", "428.5"], ["718.2", "428.5"]], "Type": "SD"}, {"Location": [["705.3", "308.1"], ["763.5", "308.1"], ["763.5", "308.3"], ["776.6", "308.3"], ["776.6", "419.9"], ["705.3", "419.9"]], "Type": "GATE"}, {"Location": [["711.6", "313.4"], ["757.2", "313.4"], ["757.2", "319.1"], ["711.6", "319.1"]], "Type": "SD"}], "Module": "M15", "Boundary": [["705.3", "308.1"], ["763.5", "308.1"], ["763.5", "308.3"], ["776.6", "308.3"], ["776.6", "428.5"], ["705.3", "428.5"]], "Module_type": "GATE"}, {"Ports": [{"Location": [["470.9", "208.5"], ["475.3", "208.5"], ["475.3", "264.3"], ["470.9", "264.3"]], "Type": "SD"}, {"Location": [["596.4", "194.6"], ["596.4", "262.8"], ["527.0", "262.8"], ["527.0", "278.2"], ["478.1", "278.2"], ["478.1", "194.6"]], "Type": "GATE"}, {"Location": [["585.5", "199.8"], ["592.2", "199.8"], ["592.2", "256.6"], ["585.5", "256.6"]], "Type": "SD"}], "Module": "M12", "Boundary": [["596.4", "194.6"], ["596.4", "262.8"], ["527.0", "262.8"], ["527.0", "278.2"], ["470.9", "278.2"], ["470.9", "194.6"]], "Module_type": "GATE"}, {"Ports": [{"Location": [["121.1", "206.6"], ["172.1", "206.6"], ["172.1", "211.6"], ["121.1", "211.6"]], "Type": "SD"}, {"Location": [["106.7", "20.0"], ["172.7", "20.0"], ["172.7", "69.4"], ["186.5", "69.4"], ["186.5", "204.0"], ["106.7", "204.0"]], "Type": "GATE"}, {"Location": [["113.3", "25.6"], ["165.1", "25.6"], ["165.1", "32.2"], ["113.3", "32.2"]], "Type": "SD"}], "Module": "M8", "Boundary": [["106.7", "20.0"], ["172.7", "20.0"], ["172.7", "69.4"], ["186.5", "69.4"], ["186.5", "211.6"], ["106.7", "211.6"]], "Module_type": "GATE"}, {"Ports": [{"Location": [["390.2", "295.9"], ["428.5", "295.9"], ["428.5", "300.0"], ["390.2", "300.0"]], "Type": "SD"}, {"Location": [["377.8", "200.1"], ["426.1", "200.1"], ["426.1", "238.9"], ["440.9", "238.9"], ["440.9", "294.0"], ["377.8", "294.0"]], "Type": "GATE"}, {"Location": [["383.6", "204.9"], ["419.3", "204.9"], ["419.3", "209.8"], ["383.6", "209.8"]], "Type": "SD"}], "Module": "M4", "Boundary": [["377.8", "200.1"], ["426.1", "200.1"], ["426.1", "238.9"], ["440.9", "238.9"], ["440.9", "300.0"], ["377.8", "300.0"]], "Module_type": "GATE"}], "Area": [["-30.0", "-30.0"], ["816.6", "-30.0"], ["816.6", "468.5"], ["-30.0", "468.5"]], "Rules": ["GATE(5,5)", "SD(5,5)", "GATE_SD(0.5)", "GATE_ITO(0.5)", "SD_ITO(0.5)"]}