{"Modules": [{"Module": "M14", "Boundary": [["171.0", "146.2"], ["171.0", "239.5"], ["113.8", "239.5"], ["113.8", "253.5"], ["30.0", "253.5"], ["30.0", "146.2"]], "Module_type": "GATE", "Ports": [{"Location": [["30.0", "158.5"], ["35.9", "158.5"], ["35.9", "241.2"], ["30.0", "241.2"]], "Type": "SD"}, {"Location": [["171.0", "146.2"], ["171.0", "239.5"], ["113.8", "239.5"], ["113.8", "253.5"], ["38.3", "253.5"], ["38.3", "146.2"]], "Type": "GATE"}, {"Location": [["160.4", "152.6"], ["165.6", "152.6"], ["165.6", "232.1"], ["160.4", "232.1"]], "Type": "SD"}]}, {"Ports": [{"Location": [["10.0", "308.1"], ["15.8", "308.1"], ["15.8", "375.7"], ["10.0", "375.7"]], "Type": "SD"}, {"Location": [["131.6", "293.5"], ["131.6", "375.2"], ["131.6", "375.2"], ["131.6", "390.3"], ["17.8", "390.3"], ["17.8", "293.5"]], "Type": "GATE"}, {"Location": [["118.7", "300.3"], ["125.8", "300.3"], ["125.8", "368.4"], ["118.7", "368.4"]], "Type": "SD"}], "Module": "M9", "Boundary": [["131.6", "293.5"], ["131.6", "375.2"], ["131.6", "375.2"], ["131.6", "390.3"], ["10.0", "390.3"], ["10.0", "293.5"]], "Module_type": "GATE"}, {"Ports": [{"Location": [["138.4", "833.4"], ["144.3", "833.4"], ["144.3", "872.6"], ["138.4", "872.6"]], "Type": "SD"}, {"Location": [["328.9", "819.6"], ["328.9", "886.4"], ["145.4", "886.4"], ["145.4", "819.6"]], "Type": "GATE"}, {"Location": [["317.1", "826.4"], ["323.1", "826.4"], ["323.1", "879.6"], ["317.1", "879.6"]], "Type": "SD"}], "Module": "M5", "Boundary": [["328.9", "819.6"], ["328.9", "886.4"], ["138.4", "886.4"], ["138.4", "819.6"]], "Module_type": "GATE"}, {"Ports": [{"Location": [["10.0", "824.9"], ["15.3", "824.9"], ["15.3", "863.2"], ["10.0", "863.2"]], "Type": "SD"}, {"Location": [["108.4", "811.2"], ["108.4", "876.9"], ["17.6", "876.9"], ["17.6", "811.2"]], "Type": "GATE"}, {"Location": [["96.5", "817.6"], ["103.0", "817.6"], ["103.0", "870.5"], ["96.5", "870.5"]], "Type": "SD"}], "Module": "M11", "Boundary": [["108.4", "811.2"], ["108.4", "876.9"], ["10.0", "876.9"], ["10.0", "811.2"]], "Module_type": "GATE"}, {"Ports": [{"Location": [["175.1", "344.5"], ["179.2", "344.5"], ["179.2", "411.2"], ["175.1", "411.2"]], "Type": "SD"}, {"Location": [["333.0", "331.3"], ["333.0", "409.5"], ["332.8", "409.5"], ["332.8", "424.4"], ["180.7", "424.4"], ["180.7", "331.3"]], "Type": "GATE"}, {"Location": [["322.1", "338.1"], ["327.2", "338.1"], ["327.2", "402.7"], ["322.1", "402.7"]], "Type": "SD"}], "Module": "M1", "Boundary": [["333.0", "331.3"], ["333.0", "409.5"], ["332.8", "409.5"], ["332.8", "424.4"], ["175.1", "424.4"], ["175.1", "331.3"]], "Module_type": "GATE"}, {"Ports": [{"Location": [["104.7", "710.3"], ["109.9", "710.3"], ["109.9", "773.5"], ["104.7", "773.5"]], "Type": "SD"}, {"Location": [["194.1", "697.8"], ["194.1", "772.7"], ["156.3", "772.7"], ["156.3", "786.0"], ["112.5", "786.0"], ["112.5", "697.8"]], "Type": "GATE"}, {"Location": [["184.2", "703.6"], ["189.3", "703.6"], ["189.3", "765.9"], ["184.2", "765.9"]], "Type": "SD"}], "Module": "M6", "Boundary": [["194.1", "697.8"], ["194.1", "772.7"], ["156.3", "772.7"], ["156.3", "786.0"], ["104.7", "786.0"], ["104.7", "697.8"]], "Module_type": "GATE"}, {"Ports": [{"Location": [["229.5", "651.2"], ["325.6", "651.2"], ["325.6", "657.0"], ["229.5", "657.0"]], "Type": "SD"}, {"Location": [["214.7", "474.4"], ["323.5", "474.4"], ["323.5", "521.3"], ["340.4", "521.3"], ["340.4", "649.5"], ["214.7", "649.5"]], "Type": "GATE"}, {"Location": [["220.6", "479.3"], ["316.6", "479.3"], ["316.6", "485.8"], ["220.6", "485.8"]], "Type": "SD"}], "Module": "M2", "Boundary": [["214.7", "474.4"], ["323.5", "474.4"], ["323.5", "521.3"], ["340.4", "521.3"], ["340.4", "657.0"], ["214.7", "657.0"]], "Module_type": "GATE"}, {"Ports": [{"Location": [["226.0", "172.7"], ["322.2", "172.7"], ["322.2", "176.9"], ["226.0", "176.9"]], "Type": "SD"}, {"Location": [["211.0", "91.4"], ["320.5", "91.4"], ["320.5", "120.8"], ["337.2", "120.8"], ["337.2", "171.5"], ["211.0", "171.5"]], "Type": "GATE"}, {"Location": [["217.4", "96.8"], ["313.1", "96.8"], ["313.1", "103.2"], ["217.4", "103.2"]], "Type": "SD"}], "Module": "M16", "Boundary": [["211.0", "91.4"], ["320.5", "91.4"], ["320.5", "120.8"], ["337.2", "120.8"], ["337.2", "176.9"], ["211.0", "176.9"]], "Module_type": "GATE"}, {"Ports": [{"Location": [["10.0", "528.8"], ["14.8", "528.8"], ["14.8", "550.5"], ["10.0", "550.5"]], "Type": "SD"}, {"Location": [["175.5", "516.6"], ["175.5", "547.1"], ["175.4", "547.1"], ["175.4", "562.7"], ["17.6", "562.7"], ["17.6", "516.6"]], "Type": "GATE"}, {"Location": [["165.9", "521.6"], ["171.5", "521.6"], ["171.5", "542.1"], ["165.9", "542.1"]], "Type": "SD"}], "Module": "M13", "Boundary": [["175.5", "516.6"], ["175.5", "547.1"], ["175.4", "547.1"], ["175.4", "562.7"], ["10.0", "562.7"], ["10.0", "516.6"]], "Module_type": "GATE"}, {"Ports": [{"Location": [["10.0", "709.9"], ["14.1", "709.9"], ["14.1", "779.1"], ["10.0", "779.1"]], "Type": "SD"}, {"Location": [["84.7", "697.8"], ["84.7", "776.9"], ["69.5", "776.9"], ["69.5", "791.2"], ["16.7", "791.2"], ["16.7", "697.8"]], "Type": "GATE"}, {"Location": [["74.7", "703.4"], ["80.1", "703.4"], ["80.1", "770.3"], ["74.7", "770.3"]], "Type": "SD"}], "Module": "M10", "Boundary": [["84.7", "697.8"], ["84.7", "776.9"], ["69.5", "776.9"], ["69.5", "791.2"], ["10.0", "791.2"], ["10.0", "697.8"]], "Module_type": "GATE"}, {"Ports": [{"Location": [["32.8", "90.8"], ["118.4", "90.8"], ["118.4", "96.2"], ["32.8", "96.2"]], "Type": "SD"}, {"Location": [["20.0", "20.0"], ["131.2", "20.0"], ["131.2", "89.7"], ["20.0", "89.7"]], "Type": "GATE"}, {"Location": [["26.6", "25.6"], ["124.6", "25.6"], ["124.6", "30.7"], ["26.6", "30.7"]], "Type": "SD"}], "Module": "M7", "Boundary": [["20.0", "20.0"], ["131.2", "20.0"], ["131.2", "96.2"], ["20.0", "96.2"]], "Module_type": "GATE"}, {"Ports": [{"Location": [["10.0", "424.4"], ["15.3", "424.4"], ["15.3", "482.5"], ["10.0", "482.5"]], "Type": "SD"}, {"Location": [["135.1", "410.3"], ["135.1", "496.6"], ["16.5", "496.6"], ["16.5", "410.3"]], "Type": "GATE"}, {"Location": [["123.1", "416.9"], ["129.5", "416.9"], ["129.5", "490.0"], ["123.1", "490.0"]], "Type": "SD"}], "Module": "M3", "Boundary": [["135.1", "410.3"], ["135.1", "496.6"], ["10.0", "496.6"], ["10.0", "410.3"]], "Module_type": "GATE"}, {"Ports": [{"Location": [["161.2", "23.1"], ["167.0", "23.1"], ["167.0", "58.3"], ["161.2", "58.3"]], "Type": "SD"}, {"Location": [["323.8", "10.0"], ["323.8", "57.1"], ["323.8", "57.1"], ["323.8", "71.4"], ["169.0", "71.4"], ["169.0", "10.0"]], "Type": "GATE"}, {"Location": [["312.9", "15.9"], ["318.9", "15.9"], ["318.9", "51.2"], ["312.9", "51.2"]], "Type": "SD"}], "Module": "M15", "Boundary": [["323.8", "10.0"], ["323.8", "57.1"], ["323.8", "57.1"], ["323.8", "71.4"], ["161.2", "71.4"], ["161.2", "10.0"]], "Module_type": "GATE"}, {"Ports": [{"Location": [["10.0", "594.8"], ["14.7", "594.8"], ["14.7", "665.7"], ["10.0", "665.7"]], "Type": "SD"}, {"Location": [["184.7", "582.7"], ["184.7", "662.7"], ["123.4", "662.7"], ["123.4", "677.8"], ["16.0", "677.8"], ["16.0", "582.7"]], "Type": "GATE"}, {"Location": [["175.5", "588.0"], ["180.4", "588.0"], ["180.4", "656.4"], ["175.5", "656.4"]], "Type": "SD"}], "Module": "M12", "Boundary": [["184.7", "582.7"], ["184.7", "662.7"], ["123.4", "662.7"], ["123.4", "677.8"], ["10.0", "677.8"], ["10.0", "582.7"]], "Module_type": "GATE"}, {"Ports": [{"Location": [["221.0", "221.6"], ["225.4", "221.6"], ["225.4", "266.6"], ["221.0", "266.6"]], "Type": "SD"}, {"Location": [["336.1", "206.9"], ["336.1", "263.6"], ["299.8", "263.6"], ["299.8", "281.3"], ["227.5", "281.3"], ["227.5", "206.9"]], "Type": "GATE"}, {"Location": [["324.7", "212.0"], ["332.0", "212.0"], ["332.0", "257.5"], ["324.7", "257.5"]], "Type": "SD"}], "Module": "M8", "Boundary": [["336.1", "206.9"], ["336.1", "263.6"], ["299.8", "263.6"], ["299.8", "281.3"], ["221.0", "281.3"], ["221.0", "206.9"]], "Module_type": "GATE"}, {"Ports": [{"Location": [["224.1", "710.5"], ["228.2", "710.5"], ["228.2", "766.1"], ["224.1", "766.1"]], "Type": "SD"}, {"Location": [["332.8", "697.0"], ["332.8", "764.5"], ["307.5", "764.5"], ["307.5", "779.6"], ["229.6", "779.6"], ["229.6", "697.0"]], "Type": "GATE"}, {"Location": [["322.0", "703.5"], ["327.3", "703.5"], ["327.3", "757.0"], ["322.0", "757.0"]], "Type": "SD"}], "Module": "M4", "Boundary": [["332.8", "697.0"], ["332.8", "764.5"], ["307.5", "764.5"], ["307.5", "779.6"], ["224.1", "779.6"], ["224.1", "697.0"]], "Module_type": "GATE"}], "Area": [["-30.0", "-30.0"], ["380.4", "-30.0"], ["380.4", "926.4"], ["-30.0", "926.4"]], "Rules": ["GATE(5,5)", "SD(5,5)", "GATE_SD(0.5)", "GATE_ITO(0.5)", "SD_ITO(0.5)"]}