{"Modules": [{"Module": "M14", "Boundary": [["426.2", "256.9"], ["426.2", "347.7"], ["426.0", "347.7"], ["426.0", "365.7"], ["216.9", "365.7"], ["216.9", "256.9"]], "Module_type": "GATE", "Ports": [{"Location": [["216.9", "271.4"], ["222.8", "271.4"], ["222.8", "351.2"], ["216.9", "351.2"]], "Type": "SD"}, {"Location": [["426.2", "256.9"], ["426.2", "347.7"], ["426.0", "347.7"], ["426.0", "365.7"], ["224.2", "365.7"], ["224.2", "256.9"]], "Type": "GATE"}, {"Location": [["414.6", "262.7"], ["421.4", "262.7"], ["421.4", "341.9"], ["414.6", "341.9"]], "Type": "SD"}]}, {"Ports": [{"Location": [["430.3", "153.7"], ["465.1", "153.7"], ["465.1", "159.4"], ["430.3", "159.4"]], "Type": "SD"}, {"Location": [["415.6", "10.0"], ["479.8", "10.0"], ["479.8", "151.0"], ["415.6", "151.0"]], "Type": "GATE"}, {"Location": [["422.5", "15.9"], ["472.9", "15.9"], ["472.9", "22.6"], ["422.5", "22.6"]], "Type": "SD"}], "Module": "M9", "Boundary": [["415.6", "10.0"], ["479.8", "10.0"], ["479.8", "159.4"], ["415.6", "159.4"]], "Module_type": "GATE"}, {"Ports": [{"Location": [["127.5", "430.0"], ["131.6", "430.0"], ["131.6", "488.1"], ["127.5", "488.1"]], "Type": "SD"}, {"Location": [["291.5", "415.7"], ["291.5", "485.4"], ["291.1", "485.4"], ["291.1", "502.4"], ["133.8", "502.4"], ["133.8", "415.7"]], "Type": "GATE"}, {"Location": [["279.7", "421.8"], ["286.4", "421.8"], ["286.4", "479.3"], ["279.7", "479.3"]], "Type": "SD"}], "Module": "M5", "Boundary": [["291.5", "415.7"], ["291.5", "485.4"], ["291.1", "485.4"], ["291.1", "502.4"], ["127.5", "502.4"], ["127.5", "415.7"]], "Module_type": "GATE"}, {"Ports": [{"Location": [["574.5", "399.2"], ["579.0", "399.2"], ["579.0", "495.8"], ["574.5", "495.8"]], "Type": "SD"}, {"Location": [["685.9", "384.8"], ["685.9", "492.4"], ["685.6", "492.4"], ["685.6", "510.2"], ["580.3", "510.2"], ["580.3", "384.8"]], "Type": "GATE"}, {"Location": [["674.6", "391.6"], ["680.1", "391.6"], ["680.1", "485.6"], ["674.6", "485.6"]], "Type": "SD"}], "Module": "M11", "Boundary": [["685.9", "384.8"], ["685.9", "492.4"], ["685.6", "492.4"], ["685.6", "510.2"], ["574.5", "510.2"], ["574.5", "384.8"]], "Module_type": "GATE"}, {"Ports": [{"Location": [["45.1", "213.7"], ["141.8", "213.7"], ["141.8", "218.2"], ["45.1", "218.2"]], "Type": "SD"}, {"Location": [["30.0", "30.0"], ["138.8", "30.0"], ["138.8", "30.7"], ["156.9", "30.7"], ["156.9", "212.7"], ["30.0", "212.7"]], "Type": "GATE"}, {"Location": [["35.9", "34.9"], ["132.9", "34.9"], ["132.9", "41.6"], ["35.9", "41.6"]], "Type": "SD"}], "Module": "M1", "Boundary": [["30.0", "30.0"], ["138.8", "30.0"], ["138.8", "30.7"], ["156.9", "30.7"], ["156.9", "218.2"], ["30.0", "218.2"]], "Module_type": "GATE"}, {"Ports": [{"Location": [["23.9", "506.6"], ["83.6", "506.6"], ["83.6", "512.3"], ["23.9", "512.3"]], "Type": "SD"}, {"Location": [["10.0", "374.3"], ["97.5", "374.3"], ["97.5", "503.9"], ["10.0", "503.9"]], "Type": "GATE"}, {"Location": [["15.3", "378.6"], ["92.2", "378.6"], ["92.2", "385.5"], ["15.3", "385.5"]], "Type": "SD"}], "Module": "M6", "Boundary": [["10.0", "374.3"], ["97.5", "374.3"], ["97.5", "512.3"], ["10.0", "512.3"]], "Module_type": "GATE"}, {"Ports": [{"Location": [["578.7", "270.8"], ["584.4", "270.8"], ["584.4", "342.0"], ["578.7", "342.0"]], "Type": "SD"}, {"Location": [["672.8", "258.0"], ["672.8", "338.8"], ["672.3", "338.8"], ["672.3", "354.8"], ["586.6", "354.8"], ["586.6", "258.0"]], "Type": "GATE"}, {"Location": [["662.5", "264.5"], ["667.3", "264.5"], ["667.3", "332.3"], ["662.5", "332.3"]], "Type": "SD"}], "Module": "M2", "Boundary": [["672.8", "258.0"], ["672.8", "338.8"], ["672.3", "338.8"], ["672.3", "354.8"], ["578.7", "354.8"], ["578.7", "258.0"]], "Module_type": "GATE"}, {"Ports": [{"Location": [["196.9", "164.3"], ["202.5", "164.3"], ["202.5", "204.4"], ["196.9", "204.4"]], "Type": "SD"}, {"Location": [["348.1", "151.8"], ["348.1", "200.2"], ["348.0", "200.2"], ["348.0", "216.9"], ["204.9", "216.9"], ["204.9", "151.8"]], "Type": "GATE"}, {"Location": [["339.0", "157.4"], ["343.5", "157.4"], ["343.5", "194.6"], ["339.0", "194.6"]], "Type": "SD"}], "Module": "M16", "Boundary": [["348.1", "151.8"], ["348.1", "200.2"], ["348.0", "200.2"], ["348.0", "216.9"], ["196.9", "216.9"], ["196.9", "151.8"]], "Module_type": "GATE"}, {"Ports": [{"Location": [["321.5", "423.0"], ["327.4", "423.0"], ["327.4", "487.6"], ["321.5", "487.6"]], "Type": "SD"}, {"Location": [["457.9", "410.6"], ["457.9", "500.0"], ["329.3", "500.0"], ["329.3", "410.6"]], "Type": "GATE"}, {"Location": [["447.6", "416.8"], ["452.7", "416.8"], ["452.7", "493.8"], ["447.6", "493.8"]], "Type": "SD"}], "Module": "M13", "Boundary": [["457.9", "410.6"], ["457.9", "500.0"], ["321.5", "500.0"], ["321.5", "410.6"]], "Module_type": "GATE"}, {"Ports": [{"Location": [["600.2", "26.0"], ["604.4", "26.0"], ["604.4", "49.4"], ["600.2", "49.4"]], "Type": "SD"}, {"Location": [["684.1", "10.0"], ["684.1", "65.4"], ["605.7", "65.4"], ["605.7", "10.0"]], "Type": "GATE"}, {"Location": [["671.1", "16.6"], ["678.5", "16.6"], ["678.5", "58.8"], ["671.1", "58.8"]], "Type": "SD"}], "Module": "M10", "Boundary": [["684.1", "10.0"], ["684.1", "65.4"], ["600.2", "65.4"], ["600.2", "10.0"]], "Module_type": "GATE"}, {"Ports": [{"Location": [["20.0", "283.9"], ["25.5", "283.9"], ["25.5", "328.6"], ["20.0", "328.6"]], "Type": "SD"}, {"Location": [["163.6", "268.2"], ["163.6", "344.3"], ["28.4", "344.3"], ["28.4", "268.2"]], "Type": "GATE"}, {"Location": [["151.4", "274.5"], ["158.3", "274.5"], ["158.3", "338.0"], ["151.4", "338.0"]], "Type": "SD"}], "Module": "M7", "Boundary": [["163.6", "268.2"], ["163.6", "344.3"], ["20.0", "344.3"], ["20.0", "268.2"]], "Module_type": "GATE"}, {"Ports": [{"Location": [["512.3", "201.0"], ["567.7", "201.0"], ["567.7", "205.9"], ["512.3", "205.9"]], "Type": "SD"}, {"Location": [["499.8", "10.0"], ["564.0", "10.0"], ["564.0", "10.0"], ["580.2", "10.0"], ["580.2", "199.5"], ["499.8", "199.5"]], "Type": "GATE"}, {"Location": [["505.2", "14.4"], ["558.6", "14.4"], ["558.6", "20.0"], ["505.2", "20.0"]], "Type": "SD"}], "Module": "M3", "Boundary": [["499.8", "10.0"], ["564.0", "10.0"], ["564.0", "10.0"], ["580.2", "10.0"], ["580.2", "205.9"], ["499.8", "205.9"]], "Module_type": "GATE"}, {"Ports": [{"Location": [["493.0", "505.2"], ["539.4", "505.2"], ["539.4", "511.1"], ["493.0", "511.1"]], "Type": "SD"}, {"Location": [["477.9", "410.6"], ["535.3", "410.6"], ["535.3", "410.7"], ["554.5", "410.7"], ["554.5", "503.7"], ["477.9", "503.7"]], "Type": "GATE"}, {"Location": [["484.8", "416.5"], ["528.4", "416.5"], ["528.4", "422.6"], ["484.8", "422.6"]], "Type": "SD"}], "Module": "M15", "Boundary": [["477.9", "410.6"], ["535.3", "410.6"], ["535.3", "410.7"], ["554.5", "410.7"], ["554.5", "511.1"], ["477.9", "511.1"]], "Module_type": "GATE"}, {"Ports": [{"Location": [["480.4", "386.0"], ["534.5", "386.0"], ["534.5", "390.6"], ["480.4", "390.6"]], "Type": "SD"}, {"Location": [["466.2", "225.9"], ["548.7", "225.9"], ["548.7", "383.8"], ["466.2", "383.8"]], "Type": "GATE"}, {"Location": [["471.6", "230.3"], ["543.3", "230.3"], ["543.3", "237.5"], ["471.6", "237.5"]], "Type": "SD"}], "Module": "M12", "Boundary": [["466.2", "225.9"], ["548.7", "225.9"], ["548.7", "390.6"], ["466.2", "390.6"]], "Module_type": "GATE"}, {"Ports": [{"Location": [["206.9", "35.1"], ["211.9", "35.1"], ["211.9", "106.7"], ["206.9", "106.7"]], "Type": "SD"}, {"Location": [["385.6", "20.0"], ["385.6", "105.4"], ["385.5", "105.4"], ["385.5", "121.8"], ["214.1", "121.8"], ["214.1", "20.0"]], "Type": "GATE"}, {"Location": [["373.5", "26.8"], ["379.8", "26.8"], ["379.8", "98.6"], ["373.5", "98.6"]], "Type": "SD"}], "Module": "M8", "Boundary": [["385.6", "20.0"], ["385.6", "105.4"], ["385.5", "105.4"], ["385.5", "121.8"], ["206.9", "121.8"], ["206.9", "20.0"]], "Module_type": "GATE"}], "Area": [["-30.0", "-30.0"], ["725.9", "-30.0"], ["725.9", "552.3"], ["-30.0", "552.3"]], "Rules": ["GATE(5,5)", "SD(5,5)", "GATE_SD(0.5)", "GATE_ITO(0.5)", "SD_ITO(0.5)"]}