{"Modules": [{"Module": "M14", "Boundary": [["142.8", "383.7"], ["249.5", "383.7"], ["249.5", "397.0"], ["265.8", "397.0"], ["265.8", "479.0"], ["142.8", "479.0"]], "Module_type": "GATE", "Ports": [{"Location": [["157.9", "473.3"], ["250.7", "473.3"], ["250.7", "479.0"], ["157.9", "479.0"]], "Type": "SD"}, {"Location": [["142.8", "383.7"], ["249.5", "383.7"], ["249.5", "397.0"], ["265.8", "397.0"], ["265.8", "470.4"], ["142.8", "470.4"]], "Type": "GATE"}, {"Location": [["148.9", "388.8"], ["242.4", "388.8"], ["242.4", "395.6"], ["148.9", "395.6"]], "Type": "SD"}]}, {"Ports": [{"Location": [["305.8", "297.7"], ["311.3", "297.7"], ["311.3", "336.3"], ["305.8", "336.3"]], "Type": "SD"}, {"Location": [["498.4", "284.0"], ["498.4", "333.7"], ["498.2", "333.7"], ["498.2", "350.0"], ["312.4", "350.0"], ["312.4", "284.0"]], "Type": "GATE"}, {"Location": [["487.9", "290.3"], ["493.1", "290.3"], ["493.1", "327.4"], ["487.9", "327.4"]], "Type": "SD"}], "Module": "M9", "Boundary": [["498.4", "284.0"], ["498.4", "333.7"], ["498.2", "333.7"], ["498.2", "350.0"], ["305.8", "350.0"], ["305.8", "284.0"]], "Module_type": "GATE"}, {"Ports": [{"Location": [["34.9", "368.7"], ["77.1", "368.7"], ["77.1", "374.2"], ["34.9", "374.2"]], "Type": "SD"}, {"Location": [["20.0", "288.0"], ["92.0", "288.0"], ["92.0", "367.0"], ["20.0", "367.0"]], "Type": "GATE"}, {"Location": [["26.8", "293.8"], ["85.2", "293.8"], ["85.2", "299.8"], ["26.8", "299.8"]], "Type": "SD"}], "Module": "M5", "Boundary": [["20.0", "288.0"], ["92.0", "288.0"], ["92.0", "374.2"], ["20.0", "374.2"]], "Module_type": "GATE"}, {"Ports": [{"Location": [["273.6", "115.1"], ["322.4", "115.1"], ["322.4", "119.1"], ["273.6", "119.1"]], "Type": "SD"}, {"Location": [["259.1", "10.0"], ["322.8", "10.0"], ["322.8", "10.1"], ["336.9", "10.1"], ["336.9", "112.2"], ["259.1", "112.2"]], "Type": "GATE"}, {"Location": [["265.6", "15.5"], ["316.3", "15.5"], ["316.3", "23.0"], ["265.6", "23.0"]], "Type": "SD"}], "Module": "M11", "Boundary": [["259.1", "10.0"], ["322.8", "10.0"], ["322.8", "10.1"], ["336.9", "10.1"], ["336.9", "119.1"], ["259.1", "119.1"]], "Module_type": "GATE"}, {"Ports": [{"Location": [["325.8", "402.3"], ["331.7", "402.3"], ["331.7", "435.3"], ["325.8", "435.3"]], "Type": "SD"}, {"Location": [["490.0", "390.0"], ["490.0", "447.6"], ["333.4", "447.6"], ["333.4", "390.0"]], "Type": "GATE"}, {"Location": [["479.3", "395.6"], ["485.4", "395.6"], ["485.4", "442.0"], ["479.3", "442.0"]], "Type": "SD"}], "Module": "M1", "Boundary": [["490.0", "390.0"], ["490.0", "447.6"], ["325.8", "447.6"], ["325.8", "390.0"]], "Module_type": "GATE"}, {"Ports": [{"Location": [["122.8", "533.0"], ["128.7", "533.0"], ["128.7", "587.8"], ["122.8", "587.8"]], "Type": "SD"}, {"Location": [["304.9", "519.0"], ["304.9", "586.9"], ["242.2", "586.9"], ["242.2", "601.8"], ["130.3", "601.8"], ["130.3", "519.0"]], "Type": "GATE"}, {"Location": [["293.7", "525.3"], ["299.6", "525.3"], ["299.6", "579.6"], ["293.7", "579.6"]], "Type": "SD"}], "Module": "M6", "Boundary": [["304.9", "519.0"], ["304.9", "586.9"], ["242.2", "586.9"], ["242.2", "601.8"], ["122.8", "601.8"], ["122.8", "519.0"]], "Module_type": "GATE"}, {"Ports": [{"Location": [["365.0", "177.2"], ["370.1", "177.2"], ["370.1", "239.2"], ["365.0", "239.2"]], "Type": "SD"}, {"Location": [["499.0", "162.4"], ["499.0", "236.6"], ["424.4", "236.6"], ["424.4", "254.0"], ["372.6", "254.0"], ["372.6", "162.4"]], "Type": "GATE"}, {"Location": [["487.7", "168.2"], ["494.2", "168.2"], ["494.2", "229.8"], ["487.7", "229.8"]], "Type": "SD"}], "Module": "M2", "Boundary": [["499.0", "162.4"], ["499.0", "236.6"], ["424.4", "236.6"], ["424.4", "254.0"], ["365.0", "254.0"], ["365.0", "162.4"]], "Module_type": "GATE"}, {"Ports": [{"Location": [["169.6", "210.6"], ["225.5", "210.6"], ["225.5", "215.3"], ["169.6", "215.3"]], "Type": "SD"}, {"Location": [["156.0", "10.0"], ["223.9", "10.0"], ["223.9", "81.9"], ["239.1", "81.9"], ["239.1", "208.0"], ["156.0", "208.0"]], "Type": "GATE"}, {"Location": [["162.3", "15.3"], ["216.6", "15.3"], ["216.6", "21.4"], ["162.3", "21.4"]], "Type": "SD"}], "Module": "M16", "Boundary": [["156.0", "10.0"], ["223.9", "10.0"], ["223.9", "81.9"], ["239.1", "81.9"], ["239.1", "215.3"], ["156.0", "215.3"]], "Module_type": "GATE"}, {"Ports": [{"Location": [["10.0", "418.9"], ["14.7", "418.9"], ["14.7", "496.8"], ["10.0", "496.8"]], "Type": "SD"}, {"Location": [["102.8", "404.2"], ["102.8", "511.5"], ["17.4", "511.5"], ["17.4", "404.2"]], "Type": "GATE"}, {"Location": [["90.9", "411.1"], ["96.9", "411.1"], ["96.9", "504.6"], ["90.9", "504.6"]], "Type": "SD"}], "Module": "M13", "Boundary": [["102.8", "404.2"], ["102.8", "511.5"], ["10.0", "511.5"], ["10.0", "404.2"]], "Module_type": "GATE"}, {"Ports": [{"Location": [["24.4", "602.2"], ["81.5", "602.2"], ["81.5", "606.5"], ["24.4", "606.5"]], "Type": "SD"}, {"Location": [["10.0", "531.5"], ["80.5", "531.5"], ["80.5", "546.5"], ["95.9", "546.5"], ["95.9", "601.0"], ["10.0", "601.0"]], "Type": "GATE"}, {"Location": [["16.6", "537.1"], ["72.9", "537.1"], ["72.9", "543.7"], ["16.6", "543.7"]], "Type": "SD"}], "Module": "M10", "Boundary": [["10.0", "531.5"], ["80.5", "531.5"], ["80.5", "546.5"], ["95.9", "546.5"], ["95.9", "606.5"], ["10.0", "606.5"]], "Module_type": "GATE"}, {"Ports": [{"Location": [["382.1", "117.0"], ["459.5", "117.0"], ["459.5", "122.4"], ["382.1", "122.4"]], "Type": "SD"}, {"Location": [["366.9", "20.0"], ["474.7", "20.0"], ["474.7", "115.0"], ["366.9", "115.0"]], "Type": "GATE"}, {"Location": [["373.9", "26.0"], ["467.7", "26.0"], ["467.7", "32.4"], ["373.9", "32.4"]], "Type": "SD"}], "Module": "M7", "Boundary": [["366.9", "20.0"], ["474.7", "20.0"], ["474.7", "122.4"], ["366.9", "122.4"]], "Module_type": "GATE"}, {"Ports": [{"Location": [["274.9", "215.4"], ["319.2", "215.4"], ["319.2", "219.9"], ["274.9", "219.9"]], "Type": "SD"}, {"Location": [["259.1", "139.1"], ["335.0", "139.1"], ["335.0", "212.6"], ["259.1", "212.6"]], "Type": "GATE"}, {"Location": [["265.7", "144.7"], ["328.4", "144.7"], ["328.4", "151.7"], ["265.7", "151.7"]], "Type": "SD"}], "Module": "M3", "Boundary": [["259.1", "139.1"], ["335.0", "139.1"], ["335.0", "219.9"], ["259.1", "219.9"]], "Module_type": "GATE"}, {"Ports": [{"Location": [["25.0", "110.9"], ["121.0", "110.9"], ["121.0", "116.4"], ["25.0", "116.4"]], "Type": "SD"}, {"Location": [["10.0", "10.0"], ["118.1", "10.0"], ["118.1", "10.4"], ["136.0", "10.4"], ["136.0", "109.1"], ["10.0", "109.1"]], "Type": "GATE"}, {"Location": [["15.0", "14.0"], ["113.1", "14.0"], ["113.1", "21.8"], ["15.0", "21.8"]], "Type": "SD"}], "Module": "M15", "Boundary": [["10.0", "10.0"], ["118.1", "10.0"], ["118.1", "10.4"], ["136.0", "10.4"], ["136.0", "116.4"], ["10.0", "116.4"]], "Module_type": "GATE"}, {"Ports": [{"Location": [["155.6", "253.7"], ["159.7", "253.7"], ["159.7", "329.9"], ["155.6", "329.9"]], "Type": "SD"}, {"Location": [["285.7", "239.9"], ["285.7", "327.6"], ["222.4", "327.6"], ["222.4", "343.7"], ["161.4", "343.7"], ["161.4", "239.9"]], "Type": "GATE"}, {"Location": [["274.2", "246.3"], ["280.3", "246.3"], ["280.3", "320.2"], ["274.2", "320.2"]], "Type": "SD"}], "Module": "M12", "Boundary": [["285.7", "239.9"], ["285.7", "327.6"], ["222.4", "327.6"], ["222.4", "343.7"], ["155.6", "343.7"], ["155.6", "239.9"]], "Module_type": "GATE"}, {"Ports": [{"Location": [["20.0", "160.0"], ["24.2", "160.0"], ["24.2", "234.4"], ["20.0", "234.4"]], "Type": "SD"}, {"Location": [["125.6", "146.4"], ["125.6", "232.2"], ["93.3", "232.2"], ["93.3", "248.0"], ["26.0", "248.0"], ["26.0", "146.4"]], "Type": "GATE"}, {"Location": [["115.0", "152.8"], ["120.2", "152.8"], ["120.2", "224.8"], ["115.0", "224.8"]], "Type": "SD"}], "Module": "M8", "Boundary": [["125.6", "146.4"], ["125.6", "232.2"], ["93.3", "232.2"], ["93.3", "248.0"], ["20.0", "248.0"], ["20.0", "146.4"]], "Module_type": "GATE"}, {"Ports": [{"Location": [["334.9", "510.9"], ["340.8", "510.9"], ["340.8", "583.1"], ["334.9", "583.1"]], "Type": "SD"}, {"Location": [["486.4", "497.6"], ["486.4", "596.4"], ["343.0", "596.4"], ["343.0", "497.6"]], "Type": "GATE"}, {"Location": [["475.0", "503.5"], ["481.5", "503.5"], ["481.5", "590.5"], ["475.0", "590.5"]], "Type": "SD"}], "Module": "M4", "Boundary": [["486.4", "497.6"], ["486.4", "596.4"], ["334.9", "596.4"], ["334.9", "497.6"]], "Module_type": "GATE"}], "Area": [["-30.0", "-30.0"], ["539.0", "-30.0"], ["539.0", "646.5"], ["-30.0", "646.5"]], "Rules": ["GATE(5,5)", "SD(5,5)", "GATE_SD(0.5)", "GATE_ITO(0.5)", "SD_ITO(0.5)"]}