{"Modules": [{"Module": "M14", "Boundary": [["230.2", "316.3"], ["230.2", "404.1"], ["30.0", "404.1"], ["30.0", "316.3"]], "Module_type": "GATE", "Ports": [{"Location": [["30.0", "330.4"], ["34.8", "330.4"], ["34.8", "390.0"], ["30.0", "390.0"]], "Type": "SD"}, {"Location": [["230.2", "316.3"], ["230.2", "404.1"], ["37.4", "404.1"], ["37.4", "316.3"]], "Type": "GATE"}, {"Location": [["218.7", "322.7"], ["224.8", "322.7"], ["224.8", "397.7"], ["218.7", "397.7"]], "Type": "SD"}]}, {"Ports": [{"Location": [["10.0", "181.5"], ["15.1", "181.5"], ["15.1", "262.2"], ["10.0", "262.2"]], "Type": "SD"}, {"Location": [["176.5", "167.4"], ["176.5", "258.0"], ["176.3", "258.0"], ["176.3", "276.3"], ["16.7", "276.3"], ["16.7", "167.4"]], "Type": "GATE"}, {"Location": [["165.5", "173.7"], ["171.2", "173.7"], ["171.2", "251.7"], ["165.5", "251.7"]], "Type": "SD"}], "Module": "M9", "Boundary": [["176.5", "167.4"], ["176.5", "258.0"], ["176.3", "258.0"], ["176.3", "276.3"], ["10.0", "276.3"], ["10.0", "167.4"]], "Module_type": "GATE"}, {"Ports": [{"Location": [["377.4", "32.6"], ["382.9", "32.6"], ["382.9", "67.3"], ["377.4", "67.3"]], "Type": "SD"}, {"Location": [["518.5", "20.0"], ["518.5", "79.9"], ["384.8", "79.9"], ["384.8", "20.0"]], "Type": "GATE"}, {"Location": [["507.5", "25.9"], ["513.6", "25.9"], ["513.6", "74.0"], ["507.5", "74.0"]], "Type": "SD"}], "Module": "M5", "Boundary": [["518.5", "20.0"], ["518.5", "79.9"], ["377.4", "79.9"], ["377.4", "20.0"]], "Module_type": "GATE"}, {"Ports": [{"Location": [["24.5", "142.6"], ["100.1", "142.6"], ["100.1", "147.4"], ["24.5", "147.4"]], "Type": "SD"}, {"Location": [["10.0", "10.0"], ["97.6", "10.0"], ["97.6", "10.1"], ["114.6", "10.1"], ["114.6", "139.8"], ["10.0", "139.8"]], "Type": "GATE"}, {"Location": [["16.2", "15.2"], ["91.4", "15.2"], ["91.4", "22.0"], ["16.2", "22.0"]], "Type": "SD"}], "Module": "M11", "Boundary": [["10.0", "10.0"], ["97.6", "10.0"], ["97.6", "10.1"], ["114.6", "10.1"], ["114.6", "147.4"], ["10.0", "147.4"]], "Module_type": "GATE"}, {"Ports": [{"Location": [["167.5", "104.5"], ["206.0", "104.5"], ["206.0", "109.1"], ["167.5", "109.1"]], "Type": "SD"}, {"Location": [["154.6", "30.0"], ["203.3", "30.0"], ["203.3", "30.1"], ["218.9", "30.1"], ["218.9", "102.6"], ["154.6", "102.6"]], "Type": "GATE"}, {"Location": [["160.0", "34.4"], ["197.9", "34.4"], ["197.9", "41.1"], ["160.0", "41.1"]], "Type": "SD"}], "Module": "M1", "Boundary": [["154.6", "30.0"], ["203.3", "30.0"], ["203.3", "30.1"], ["218.9", "30.1"], ["218.9", "109.1"], ["154.6", "109.1"]], "Module_type": "GATE"}, {"Ports": [{"Location": [["719.6", "404.3"], ["791.8", "404.3"], ["791.8", "408.4"], ["719.6", "408.4"]], "Type": "SD"}, {"Location": [["706.1", "240.0"], ["805.3", "240.0"], ["805.3", "402.7"], ["706.1", "402.7"]], "Type": "GATE"}, {"Location": [["712.6", "245.5"], ["798.8", "245.5"], ["798.8", "251.0"], ["712.6", "251.0"]], "Type": "SD"}], "Module": "M6", "Boundary": [["706.1", "240.0"], ["805.3", "240.0"], ["805.3", "408.4"], ["706.1", "408.4"]], "Module_type": "GATE"}, {"Ports": [{"Location": [["476.0", "356.9"], ["481.4", "356.9"], ["481.4", "394.6"], ["476.0", "394.6"]], "Type": "SD"}, {"Location": [["676.1", "342.6"], ["676.1", "393.3"], ["676.0", "393.3"], ["676.0", "408.9"], ["484.3", "408.9"], ["484.3", "342.6"]], "Type": "GATE"}, {"Location": [["664.1", "348.9"], ["670.8", "348.9"], ["670.8", "387.0"], ["664.1", "387.0"]], "Type": "SD"}], "Module": "M2", "Boundary": [["676.1", "342.6"], ["676.1", "393.3"], ["676.0", "393.3"], ["676.0", "408.9"], ["476.0", "408.9"], ["476.0", "342.6"]], "Module_type": "GATE"}, {"Ports": [{"Location": [["766.2", "215.3"], ["809.0", "215.3"], ["809.0", "220.0"], ["766.2", "220.0"]], "Type": "SD"}, {"Location": [["752.3", "10.0"], ["805.4", "10.0"], ["805.4", "10.2"], ["822.9", "10.2"], ["822.9", "213.7"], ["752.3", "213.7"]], "Type": "GATE"}, {"Location": [["758.1", "14.8"], ["799.6", "14.8"], ["799.6", "20.8"], ["758.1", "20.8"]], "Type": "SD"}], "Module": "M16", "Boundary": [["752.3", "10.0"], ["805.4", "10.0"], ["805.4", "10.2"], ["822.9", "10.2"], ["822.9", "220.0"], ["752.3", "220.0"]], "Module_type": "GATE"}, {"Ports": [{"Location": [["367.4", "125.2"], ["373.0", "125.2"], ["373.0", "151.6"], ["367.4", "151.6"]], "Type": "SD"}, {"Location": [["515.8", "109.9"], ["515.8", "166.9"], ["375.5", "166.9"], ["375.5", "109.9"]], "Type": "GATE"}, {"Location": [["503.8", "115.6"], ["511.1", "115.6"], ["511.1", "161.2"], ["503.8", "161.2"]], "Type": "SD"}], "Module": "M13", "Boundary": [["515.8", "109.9"], ["515.8", "166.9"], ["367.4", "166.9"], ["367.4", "109.9"]], "Module_type": "GATE"}, {"Ports": [{"Location": [["196.5", "187.4"], ["202.3", "187.4"], ["202.3", "261.2"], ["196.5", "261.2"]], "Type": "SD"}, {"Location": [["268.3", "173.0"], ["268.3", "275.6"], ["203.8", "275.6"], ["203.8", "173.0"]], "Type": "GATE"}, {"Location": [["257.2", "179.3"], ["263.0", "179.3"], ["263.0", "269.3"], ["257.2", "269.3"]], "Type": "SD"}], "Module": "M10", "Boundary": [["268.3", "173.0"], ["268.3", "275.6"], ["196.5", "275.6"], ["196.5", "173.0"]], "Module_type": "GATE"}, {"Ports": [{"Location": [["570.1", "197.8"], ["616.1", "197.8"], ["616.1", "202.6"], ["570.1", "202.6"]], "Type": "SD"}, {"Location": [["558.5", "20.0"], ["627.7", "20.0"], ["627.7", "195.6"], ["558.5", "195.6"]], "Type": "GATE"}, {"Location": [["564.7", "25.2"], ["621.5", "25.2"], ["621.5", "29.7"], ["564.7", "29.7"]], "Type": "SD"}], "Module": "M7", "Boundary": [["558.5", "20.0"], ["627.7", "20.0"], ["627.7", "202.6"], ["558.5", "202.6"]], "Module_type": "GATE"}, {"Ports": [{"Location": [["274.2", "148.8"], ["332.1", "148.8"], ["332.1", "153.0"], ["274.2", "153.0"]], "Type": "SD"}, {"Location": [["258.9", "10.0"], ["347.4", "10.0"], ["347.4", "146.9"], ["258.9", "146.9"]], "Type": "GATE"}, {"Location": [["265.0", "15.1"], ["341.3", "15.1"], ["341.3", "22.9"], ["265.0", "22.9"]], "Type": "SD"}], "Module": "M3", "Boundary": [["258.9", "10.0"], ["347.4", "10.0"], ["347.4", "153.0"], ["258.9", "153.0"]], "Module_type": "GATE"}, {"Ports": [{"Location": [["670.0", "196.4"], ["720.0", "196.4"], ["720.0", "201.5"], ["670.0", "201.5"]], "Type": "SD"}, {"Location": [["657.7", "10.0"], ["732.3", "10.0"], ["732.3", "195.2"], ["657.7", "195.2"]], "Type": "GATE"}, {"Location": [["662.7", "14.0"], ["727.3", "14.0"], ["727.3", "20.5"], ["662.7", "20.5"]], "Type": "SD"}], "Module": "M15", "Boundary": [["657.7", "10.0"], ["732.3", "10.0"], ["732.3", "201.5"], ["657.7", "201.5"]], "Module_type": "GATE"}, {"Ports": [{"Location": [["270.2", "329.0"], ["274.2", "329.0"], ["274.2", "398.3"], ["270.2", "398.3"]], "Type": "SD"}, {"Location": [["446.0", "316.1"], ["446.0", "411.2"], ["276.0", "411.2"], ["276.0", "316.1"]], "Type": "GATE"}, {"Location": [["435.5", "321.2"], ["441.9", "321.2"], ["441.9", "406.1"], ["435.5", "406.1"]], "Type": "SD"}], "Module": "M12", "Boundary": [["446.0", "316.1"], ["446.0", "411.2"], ["270.2", "411.2"], ["270.2", "316.1"]], "Module_type": "GATE"}, {"Ports": [{"Location": [["298.3", "211.7"], ["302.8", "211.7"], ["302.8", "271.3"], ["298.3", "271.3"]], "Type": "SD"}, {"Location": [["495.0", "196.9"], ["495.0", "268.5"], ["494.7", "268.5"], ["494.7", "286.1"], ["304.3", "286.1"], ["304.3", "196.9"]], "Type": "GATE"}, {"Location": [["483.7", "203.7"], ["489.2", "203.7"], ["489.2", "261.7"], ["483.7", "261.7"]], "Type": "SD"}], "Module": "M8", "Boundary": [["495.0", "196.9"], ["495.0", "268.5"], ["494.7", "268.5"], ["494.7", "286.1"], ["298.3", "286.1"], ["298.3", "196.9"]], "Module_type": "GATE"}], "Area": [["-30.0", "-30.0"], ["862.9", "-30.0"], ["862.9", "451.2"], ["-30.0", "451.2"]], "Rules": ["GATE(5,5)", "SD(5,5)", "GATE_SD(0.5)", "GATE_ITO(0.5)", "SD_ITO(0.5)"]}