{"Modules": [{"Module": "M14", "Boundary": [["30.0", "212.0"], ["92.6", "212.0"], ["92.6", "433.8"], ["30.0", "433.8"]], "Module_type": "GATE", "Ports": [{"Location": [["43.0", "428.8"], ["79.6", "428.8"], ["79.6", "433.8"], ["43.0", "433.8"]], "Type": "SD"}, {"Location": [["30.0", "212.0"], ["92.6", "212.0"], ["92.6", "426.8"], ["30.0", "426.8"]], "Type": "GATE"}, {"Location": [["36.3", "217.3"], ["86.3", "217.3"], ["86.3", "222.7"], ["36.3", "222.7"]], "Type": "SD"}]}, {"Ports": [{"Location": [["145.2", "322.0"], ["178.0", "322.0"], ["178.0", "327.2"], ["145.2", "327.2"]], "Type": "SD"}, {"Location": [["132.6", "162.6"], ["190.6", "162.6"], ["190.6", "320.4"], ["132.6", "320.4"]], "Type": "GATE"}, {"Location": [["139.2", "168.2"], ["184.0", "168.2"], ["184.0", "173.3"], ["139.2", "173.3"]], "Type": "SD"}], "Module": "M9", "Boundary": [["132.6", "162.6"], ["190.6", "162.6"], ["190.6", "327.2"], ["132.6", "327.2"]], "Module_type": "GATE"}, {"Ports": [{"Location": [["31.7", "655.1"], ["96.5", "655.1"], ["96.5", "659.9"], ["31.7", "659.9"]], "Type": "SD"}, {"Location": [["20.0", "586.1"], ["93.6", "586.1"], ["93.6", "586.4"], ["108.2", "586.4"], ["108.2", "653.6"], ["20.0", "653.6"]], "Type": "GATE"}, {"Location": [["25.0", "590.1"], ["88.6", "590.1"], ["88.6", "595.6"], ["25.0", "595.6"]], "Type": "SD"}], "Module": "M5", "Boundary": [["20.0", "586.1"], ["93.6", "586.1"], ["93.6", "586.4"], ["108.2", "586.4"], ["108.2", "659.9"], ["20.0", "659.9"]], "Module_type": "GATE"}, {"Ports": [{"Location": [["26.3", "1004.1"], ["121.7", "1004.1"], ["121.7", "1008.3"], ["26.3", "1008.3"]], "Type": "SD"}, {"Location": [["10.0", "897.4"], ["120.2", "897.4"], ["120.2", "897.7"], ["138.0", "897.7"], ["138.0", "1001.9"], ["10.0", "1001.9"]], "Type": "GATE"}, {"Location": [["16.3", "902.7"], ["113.9", "902.7"], ["113.9", "910.4"], ["16.3", "910.4"]], "Type": "SD"}], "Module": "M11", "Boundary": [["10.0", "897.4"], ["120.2", "897.4"], ["120.2", "897.7"], ["138.0", "897.7"], ["138.0", "1008.3"], ["10.0", "1008.3"]], "Module_type": "GATE"}, {"Ports": [{"Location": [["265.6", "682.2"], ["287.7", "682.2"], ["287.7", "686.7"], ["265.6", "686.7"]], "Type": "SD"}, {"Location": [["251.3", "494.6"], ["302.0", "494.6"], ["302.0", "679.8"], ["251.3", "679.8"]], "Type": "GATE"}, {"Location": [["257.7", "500.0"], ["295.6", "500.0"], ["295.6", "506.0"], ["257.7", "506.0"]], "Type": "SD"}], "Module": "M1", "Boundary": [["251.3", "494.6"], ["302.0", "494.6"], ["302.0", "686.7"], ["251.3", "686.7"]], "Module_type": "GATE"}, {"Ports": [{"Location": [["226.3", "314.1"], ["307.4", "314.1"], ["307.4", "319.2"], ["226.3", "319.2"]], "Type": "SD"}, {"Location": [["210.6", "197.0"], ["304.7", "197.0"], ["304.7", "197.4"], ["323.1", "197.4"], ["323.1", "311.4"], ["210.6", "311.4"]], "Type": "GATE"}, {"Location": [["216.8", "202.2"], ["298.5", "202.2"], ["298.5", "209.3"], ["216.8", "209.3"]], "Type": "SD"}], "Module": "M6", "Boundary": [["210.6", "197.0"], ["304.7", "197.0"], ["304.7", "197.4"], ["323.1", "197.4"], ["323.1", "319.2"], ["210.6", "319.2"]], "Module_type": "GATE"}, {"Ports": [{"Location": [["142.1", "751.2"], ["146.8", "751.2"], ["146.8", "840.3"], ["142.1", "840.3"]], "Type": "SD"}, {"Location": [["289.2", "736.7"], ["289.2", "838.2"], ["288.7", "838.2"], ["288.7", "854.8"], ["147.8", "854.8"], ["147.8", "736.7"]], "Type": "GATE"}, {"Location": [["278.0", "743.5"], ["283.4", "743.5"], ["283.4", "831.4"], ["278.0", "831.4"]], "Type": "SD"}], "Module": "M2", "Boundary": [["289.2", "736.7"], ["289.2", "838.2"], ["288.7", "838.2"], ["288.7", "854.8"], ["142.1", "854.8"], ["142.1", "736.7"]], "Module_type": "GATE"}, {"Ports": [{"Location": [["135.3", "136.9"], ["179.6", "136.9"], ["179.6", "142.6"], ["135.3", "142.6"]], "Type": "SD"}, {"Location": [["120.0", "10.0"], ["194.9", "10.0"], ["194.9", "135.7"], ["120.0", "135.7"]], "Type": "GATE"}, {"Location": [["126.3", "15.3"], ["188.6", "15.3"], ["188.6", "22.3"], ["126.3", "22.3"]], "Type": "SD"}], "Module": "M16", "Boundary": [["120.0", "10.0"], ["194.9", "10.0"], ["194.9", "142.6"], ["120.0", "142.6"]], "Module_type": "GATE"}, {"Ports": [{"Location": [["138.2", "590.0"], ["143.0", "590.0"], ["143.0", "626.8"], ["138.2", "626.8"]], "Type": "SD"}, {"Location": [["209.4", "576.1"], ["209.4", "625.5"], ["209.2", "625.5"], ["209.2", "640.7"], ["144.0", "640.7"], ["144.0", "576.1"]], "Type": "GATE"}, {"Location": [["197.7", "581.6"], ["204.9", "581.6"], ["204.9", "620.0"], ["197.7", "620.0"]], "Type": "SD"}], "Module": "M13", "Boundary": [["209.4", "576.1"], ["209.4", "625.5"], ["209.2", "625.5"], ["209.2", "640.7"], ["138.2", "640.7"], ["138.2", "576.1"]], "Module_type": "GATE"}, {"Ports": [{"Location": [["10.0", "489.2"], ["15.6", "489.2"], ["15.6", "541.5"], ["10.0", "541.5"]], "Type": "SD"}, {"Location": [["211.3", "474.6"], ["211.3", "540.7"], ["211.0", "540.7"], ["211.0", "556.1"], ["16.7", "556.1"], ["16.7", "474.6"]], "Type": "GATE"}, {"Location": [["199.4", "480.9"], ["206.0", "480.9"], ["206.0", "534.4"], ["199.4", "534.4"]], "Type": "SD"}], "Module": "M10", "Boundary": [["211.3", "474.6"], ["211.3", "540.7"], ["211.0", "540.7"], ["211.0", "556.1"], ["10.0", "556.1"], ["10.0", "474.6"]], "Module_type": "GATE"}, {"Ports": [{"Location": [["31.4", "156.3"], ["78.6", "156.3"], ["78.6", "162.0"], ["31.4", "162.0"]], "Type": "SD"}, {"Location": [["20.0", "20.0"], ["76.5", "20.0"], ["76.5", "20.3"], ["90.0", "20.3"], ["90.0", "154.6"], ["20.0", "154.6"]], "Type": "GATE"}, {"Location": [["26.0", "25.0"], ["70.5", "25.0"], ["70.5", "29.6"], ["26.0", "29.6"]], "Type": "SD"}], "Module": "M7", "Boundary": [["20.0", "20.0"], ["76.5", "20.0"], ["76.5", "20.3"], ["90.0", "20.3"], ["90.0", "162.0"], ["20.0", "162.0"]], "Module_type": "GATE"}, {"Ports": [{"Location": [["132.6", "362.2"], ["137.6", "362.2"], ["137.6", "439.6"], ["132.6", "439.6"]], "Type": "SD"}, {"Location": [["309.3", "347.2"], ["309.3", "437.0"], ["309.2", "437.0"], ["309.2", "454.6"], ["139.4", "454.6"], ["139.4", "347.2"]], "Type": "GATE"}, {"Location": [["297.3", "353.3"], ["304.2", "353.3"], ["304.2", "430.9"], ["297.3", "430.9"]], "Type": "SD"}], "Module": "M3", "Boundary": [["309.3", "347.2"], ["309.3", "437.0"], ["309.2", "437.0"], ["309.2", "454.6"], ["132.6", "454.6"], ["132.6", "347.2"]], "Module_type": "GATE"}, {"Ports": [{"Location": [["23.6", "760.5"], ["94.7", "760.5"], ["94.7", "765.5"], ["23.6", "765.5"]], "Type": "SD"}, {"Location": [["10.0", "689.9"], ["108.3", "689.9"], ["108.3", "759.1"], ["10.0", "759.1"]], "Type": "GATE"}, {"Location": [["16.6", "695.5"], ["101.7", "695.5"], ["101.7", "701.0"], ["16.6", "701.0"]], "Type": "SD"}], "Module": "M15", "Boundary": [["10.0", "689.9"], ["108.3", "689.9"], ["108.3", "765.5"], ["10.0", "765.5"]], "Module_type": "GATE"}, {"Ports": [{"Location": [["158.0", "899.5"], ["162.8", "899.5"], ["162.8", "980.6"], ["158.0", "980.6"]], "Type": "SD"}, {"Location": [["312.9", "884.8"], ["312.9", "995.3"], ["165.1", "995.3"], ["165.1", "884.8"]], "Type": "GATE"}, {"Location": [["301.6", "891.6"], ["307.1", "891.6"], ["307.1", "988.5"], ["301.6", "988.5"]], "Type": "SD"}], "Module": "M12", "Boundary": [["312.9", "884.8"], ["312.9", "995.3"], ["158.0", "995.3"], ["158.0", "884.8"]], "Module_type": "GATE"}, {"Ports": [{"Location": [["237.5", "162.9"], ["297.4", "162.9"], ["297.4", "167.0"], ["237.5", "167.0"]], "Type": "SD"}, {"Location": [["224.9", "20.0"], ["310.0", "20.0"], ["310.0", "160.5"], ["224.9", "160.5"]], "Type": "GATE"}, {"Location": [["230.7", "24.8"], ["304.2", "24.8"], ["304.2", "30.7"], ["230.7", "30.7"]], "Type": "SD"}], "Module": "M8", "Boundary": [["224.9", "20.0"], ["310.0", "20.0"], ["310.0", "167.0"], ["224.9", "167.0"]], "Module_type": "GATE"}, {"Ports": [{"Location": [["20.0", "811.4"], ["25.5", "811.4"], ["25.5", "851.5"], ["20.0", "851.5"]], "Type": "SD"}, {"Location": [["102.1", "795.5"], ["102.1", "850.4"], ["102.0", "850.4"], ["102.0", "867.4"], ["27.7", "867.4"], ["27.7", "795.5"]], "Type": "GATE"}, {"Location": [["89.6", "802.3"], ["96.3", "802.3"], ["96.3", "843.6"], ["89.6", "843.6"]], "Type": "SD"}], "Module": "M4", "Boundary": [["102.1", "795.5"], ["102.1", "850.4"], ["102.0", "850.4"], ["102.0", "867.4"], ["20.0", "867.4"], ["20.0", "795.5"]], "Module_type": "GATE"}], "Area": [["-30.0", "-30.0"], ["363.1", "-30.0"], ["363.1", "1048.3"], ["-30.0", "1048.3"]], "Rules": ["GATE(5,5)", "SD(5,5)", "GATE_SD(0.5)", "GATE_ITO(0.5)", "SD_ITO(0.5)"]}