{"Modules": [{"Module": "M14", "Boundary": [["408.8", "171.0"], ["408.8", "227.1"], ["302.6", "227.1"], ["302.6", "171.0"]], "Module_type": "GATE", "Ports": [{"Location": [["302.6", "182.9"], ["307.2", "182.9"], ["307.2", "215.2"], ["302.6", "215.2"]], "Type": "SD"}, {"Location": [["408.8", "171.0"], ["408.8", "227.1"], ["310.1", "227.1"], ["310.1", "171.0"]], "Type": "GATE"}, {"Location": [["398.7", "176.8"], ["404.0", "176.8"], ["404.0", "221.3"], ["398.7", "221.3"]], "Type": "SD"}]}, {"Ports": [{"Location": [["130.8", "226.6"], ["184.9", "226.6"], ["184.9", "230.6"], ["130.8", "230.6"]], "Type": "SD"}, {"Location": [["117.2", "10.0"], ["198.5", "10.0"], ["198.5", "224.4"], ["117.2", "224.4"]], "Type": "GATE"}, {"Location": [["122.8", "14.6"], ["192.9", "14.6"], ["192.9", "20.8"], ["122.8", "20.8"]], "Type": "SD"}], "Module": "M9", "Boundary": [["117.2", "10.0"], ["198.5", "10.0"], ["198.5", "230.6"], ["117.2", "230.6"]], "Module_type": "GATE"}, {"Ports": [{"Location": [["381.9", "475.3"], ["386.0", "475.3"], ["386.0", "537.8"], ["381.9", "537.8"]], "Type": "SD"}, {"Location": [["592.5", "462.8"], ["592.5", "536.4"], ["592.3", "536.4"], ["592.3", "550.3"], ["388.1", "550.3"], ["388.1", "462.8"]], "Type": "GATE"}, {"Location": [["581.7", "469.2"], ["587.1", "469.2"], ["587.1", "530.0"], ["581.7", "530.0"]], "Type": "SD"}], "Module": "M5", "Boundary": [["592.5", "462.8"], ["592.5", "536.4"], ["592.3", "536.4"], ["592.3", "550.3"], ["381.9", "550.3"], ["381.9", "462.8"]], "Module_type": "GATE"}, {"Ports": [{"Location": [["386.0", "389.1"], ["390.8", "389.1"], ["390.8", "422.0"], ["386.0", "422.0"]], "Type": "SD"}, {"Location": [["597.4", "378.3"], ["597.4", "432.8"], ["393.0", "432.8"], ["393.0", "378.3"]], "Type": "GATE"}, {"Location": [["588.3", "383.5"], ["593.2", "383.5"], ["593.2", "427.6"], ["588.3", "427.6"]], "Type": "SD"}], "Module": "M11", "Boundary": [["597.4", "378.3"], ["597.4", "432.8"], ["386.0", "432.8"], ["386.0", "378.3"]], "Module_type": "GATE"}, {"Ports": [{"Location": [["232.5", "436.6"], ["237.5", "436.6"], ["237.5", "522.3"], ["232.5", "522.3"]], "Type": "SD"}, {"Location": [["331.9", "423.5"], ["331.9", "535.4"], ["239.6", "535.4"], ["239.6", "423.5"]], "Type": "GATE"}, {"Location": [["320.7", "429.4"], ["327.0", "429.4"], ["327.0", "529.5"], ["320.7", "529.5"]], "Type": "SD"}], "Module": "M1", "Boundary": [["331.9", "423.5"], ["331.9", "535.4"], ["232.5", "535.4"], ["232.5", "423.5"]], "Module_type": "GATE"}, {"Ports": [{"Location": [["386.0", "291.7"], ["391.4", "291.7"], ["391.4", "346.4"], ["386.0", "346.4"]], "Type": "SD"}, {"Location": [["573.5", "279.8"], ["573.5", "342.7"], ["573.1", "342.7"], ["573.1", "358.3"], ["393.2", "358.3"], ["393.2", "279.8"]], "Type": "GATE"}, {"Location": [["563.9", "286.2"], ["568.1", "286.2"], ["568.1", "336.3"], ["563.9", "336.3"]], "Type": "SD"}], "Module": "M6", "Boundary": [["573.5", "279.8"], ["573.5", "342.7"], ["573.1", "342.7"], ["573.1", "358.3"], ["386.0", "358.3"], ["386.0", "279.8"]], "Module_type": "GATE"}, {"Ports": [{"Location": [["292.6", "32.6"], ["297.5", "32.6"], ["297.5", "108.4"], ["292.6", "108.4"]], "Type": "SD"}, {"Location": [["426.8", "20.0"], ["426.8", "103.9"], ["426.4", "103.9"], ["426.4", "121.0"], ["298.5", "121.0"], ["298.5", "20.0"]], "Type": "GATE"}, {"Location": [["417.1", "25.7"], ["422.1", "25.7"], ["422.1", "98.2"], ["417.1", "98.2"]], "Type": "SD"}], "Module": "M2", "Boundary": [["426.8", "20.0"], ["426.8", "103.9"], ["426.4", "103.9"], ["426.4", "121.0"], ["292.6", "121.0"], ["292.6", "20.0"]], "Module_type": "GATE"}, {"Ports": [{"Location": [["10.0", "484.2"], ["15.7", "484.2"], ["15.7", "560.9"], ["10.0", "560.9"]], "Type": "SD"}, {"Location": [["173.7", "471.3"], ["173.7", "556.6"], ["173.2", "556.6"], ["173.2", "573.8"], ["18.3", "573.8"], ["18.3", "471.3"]], "Type": "GATE"}, {"Location": [["163.6", "477.2"], ["168.8", "477.2"], ["168.8", "550.7"], ["163.6", "550.7"]], "Type": "SD"}], "Module": "M16", "Boundary": [["173.7", "471.3"], ["173.7", "556.6"], ["173.2", "556.6"], ["173.2", "573.8"], ["10.0", "573.8"], ["10.0", "471.3"]], "Module_type": "GATE"}, {"Ports": [{"Location": [["24.6", "309.8"], ["80.7", "309.8"], ["80.7", "315.3"], ["24.6", "315.3"]], "Type": "SD"}, {"Location": [["10.0", "182.8"], ["95.3", "182.8"], ["95.3", "307.3"], ["10.0", "307.3"]], "Type": "GATE"}, {"Location": [["16.6", "188.4"], ["88.7", "188.4"], ["88.7", "194.3"], ["16.6", "194.3"]], "Type": "SD"}], "Module": "M13", "Boundary": [["10.0", "182.8"], ["95.3", "182.8"], ["95.3", "315.3"], ["10.0", "315.3"]], "Module_type": "GATE"}, {"Ports": [{"Location": [["230.7", "193.0"], ["250.4", "193.0"], ["250.4", "197.6"], ["230.7", "197.6"]], "Type": "SD"}, {"Location": [["218.5", "10.0"], ["262.6", "10.0"], ["262.6", "190.4"], ["218.5", "190.4"]], "Type": "GATE"}, {"Location": [["224.0", "14.5"], ["257.1", "14.5"], ["257.1", "20.1"], ["224.0", "20.1"]], "Type": "SD"}], "Module": "M10", "Boundary": [["218.5", "10.0"], ["262.6", "10.0"], ["262.6", "197.6"], ["218.5", "197.6"]], "Module_type": "GATE"}, {"Ports": [{"Location": [["33.8", "148.4"], ["73.4", "148.4"], ["73.4", "152.8"], ["33.8", "152.8"]], "Type": "SD"}, {"Location": [["20.0", "20.0"], ["71.1", "20.0"], ["71.1", "20.2"], ["87.2", "20.2"], ["87.2", "147.4"], ["20.0", "147.4"]], "Type": "GATE"}, {"Location": [["25.3", "24.3"], ["65.8", "24.3"], ["65.8", "31.8"], ["25.3", "31.8"]], "Type": "SD"}], "Module": "M7", "Boundary": [["20.0", "20.0"], ["71.1", "20.0"], ["71.1", "20.2"], ["87.2", "20.2"], ["87.2", "152.8"], ["20.0", "152.8"]], "Module_type": "GATE"}, {"Ports": [{"Location": [["272.6", "281.7"], ["277.0", "281.7"], ["277.0", "368.9"], ["272.6", "368.9"]], "Type": "SD"}, {"Location": [["366.0", "267.1"], ["366.0", "383.5"], ["278.3", "383.5"], ["278.3", "267.1"]], "Type": "GATE"}, {"Location": [["354.4", "273.9"], ["360.2", "273.9"], ["360.2", "376.7"], ["354.4", "376.7"]], "Type": "SD"}], "Module": "M3", "Boundary": [["366.0", "267.1"], ["366.0", "383.5"], ["272.6", "383.5"], ["272.6", "267.1"]], "Module_type": "GATE"}, {"Ports": [{"Location": [["456.8", "24.2"], ["462.4", "24.2"], ["462.4", "78.9"], ["456.8", "78.9"]], "Type": "SD"}, {"Location": [["585.7", "10.0"], ["585.7", "77.0"], ["585.6", "77.0"], ["585.6", "93.1"], ["464.5", "93.1"], ["464.5", "10.0"]], "Type": "GATE"}, {"Location": [["574.2", "15.5"], ["581.2", "15.5"], ["581.2", "71.5"], ["574.2", "71.5"]], "Type": "SD"}], "Module": "M15", "Boundary": [["585.7", "10.0"], ["585.7", "77.0"], ["585.6", "77.0"], ["585.6", "93.1"], ["456.8", "93.1"], ["456.8", "10.0"]], "Module_type": "GATE"}, {"Ports": [{"Location": [["117.2", "264.5"], ["123.2", "264.5"], ["123.2", "300.6"], ["117.2", "300.6"]], "Type": "SD"}, {"Location": [["252.6", "250.6"], ["252.6", "314.5"], ["125.1", "314.5"], ["125.1", "250.6"]], "Type": "GATE"}, {"Location": [["241.4", "257.6"], ["246.6", "257.6"], ["246.6", "307.5"], ["241.4", "307.5"]], "Type": "SD"}], "Module": "M12", "Boundary": [["252.6", "250.6"], ["252.6", "314.5"], ["117.2", "314.5"], ["117.2", "250.6"]], "Module_type": "GATE"}, {"Ports": [{"Location": [["20.0", "357.6"], ["25.0", "357.6"], ["25.0", "429.0"], ["20.0", "429.0"]], "Type": "SD"}, {"Location": [["182.5", "345.3"], ["182.5", "425.2"], ["182.2", "425.2"], ["182.2", "441.3"], ["27.4", "441.3"], ["27.4", "345.3"]], "Type": "GATE"}, {"Location": [["173.1", "351.3"], ["177.5", "351.3"], ["177.5", "419.2"], ["173.1", "419.2"]], "Type": "SD"}], "Module": "M8", "Boundary": [["182.5", "345.3"], ["182.5", "425.2"], ["182.2", "425.2"], ["182.2", "441.3"], ["20.0", "441.3"], ["20.0", "345.3"]], "Module_type": "GATE"}], "Area": [["-30.0", "-30.0"], ["637.4", "-30.0"], ["637.4", "613.8"], ["-30.0", "613.8"]], "Rules": ["GATE(5,5)", "SD(5,5)", "GATE_SD(0.5)", "GATE_ITO(0.5)", "SD_ITO(0.5)"]}