{"Modules": [{"Module": "M14", "Boundary": [["30.0", "30.0"], ["91.5", "30.0"], ["91.5", "70.0"], ["104.7", "70.0"], ["104.7", "256.9"], ["30.0", "256.9"]], "Module_type": "GATE", "Ports": [{"Location": [["42.8", "251.2"], ["91.9", "251.2"], ["91.9", "256.9"], ["42.8", "256.9"]], "Type": "SD"}, {"Location": [["30.0", "30.0"], ["91.5", "30.0"], ["91.5", "70.0"], ["104.7", "70.0"], ["104.7", "249.0"], ["30.0", "249.0"]], "Type": "GATE"}, {"Location": [["35.1", "34.1"], ["85.4", "34.1"], ["85.4", "40.8"], ["35.1", "40.8"]], "Type": "SD"}]}, {"Ports": [{"Location": [["274.8", "610.8"], ["299.2", "610.8"], ["299.2", "616.7"], ["274.8", "616.7"]], "Type": "SD"}, {"Location": [["260.6", "535.0"], ["296.4", "535.0"], ["296.4", "535.1"], ["313.4", "535.1"], ["313.4", "608.7"], ["260.6", "608.7"]], "Type": "GATE"}, {"Location": [["267.6", "541.0"], ["289.4", "541.0"], ["289.4", "546.6"], ["267.6", "546.6"]], "Type": "SD"}], "Module": "M9", "Boundary": [["260.6", "535.0"], ["296.4", "535.0"], ["296.4", "535.1"], ["313.4", "535.1"], ["313.4", "616.7"], ["260.6", "616.7"]], "Module_type": "GATE"}, {"Ports": [{"Location": [["359.7", "229.8"], ["365.2", "229.8"], ["365.2", "269.8"], ["359.7", "269.8"]], "Type": "SD"}, {"Location": [["544.8", "216.4"], ["544.8", "267.0"], ["544.6", "267.0"], ["544.6", "283.2"], ["366.5", "283.2"], ["366.5", "216.4"]], "Type": "GATE"}, {"Location": [["534.0", "222.8"], ["539.4", "222.8"], ["539.4", "260.6"], ["534.0", "260.6"]], "Type": "SD"}], "Module": "M5", "Boundary": [["544.8", "216.4"], ["544.8", "267.0"], ["544.6", "267.0"], ["544.6", "283.2"], ["359.7", "283.2"], ["359.7", "216.4"]], "Module_type": "GATE"}, {"Ports": [{"Location": [["10.0", "310.6"], ["14.8", "310.6"], ["14.8", "382.6"], ["10.0", "382.6"]], "Type": "SD"}, {"Location": [["128.4", "296.9"], ["128.4", "380.1"], ["128.2", "380.1"], ["128.2", "396.3"], ["16.7", "396.3"], ["16.7", "296.9"]], "Type": "GATE"}, {"Location": [["116.8", "302.9"], ["123.4", "302.9"], ["123.4", "374.1"], ["116.8", "374.1"]], "Type": "SD"}], "Module": "M11", "Boundary": [["128.4", "296.9"], ["128.4", "380.1"], ["128.2", "380.1"], ["128.2", "396.3"], ["10.0", "396.3"], ["10.0", "296.9"]], "Module_type": "GATE"}, {"Ports": [{"Location": [["315.0", "346.5"], ["320.1", "346.5"], ["320.1", "369.5"], ["315.0", "369.5"]], "Type": "SD"}, {"Location": [["535.1", "333.2"], ["535.1", "367.3"], ["535.0", "367.3"], ["535.0", "382.8"], ["322.8", "382.8"], ["322.8", "333.2"]], "Type": "GATE"}, {"Location": [["524.0", "339.1"], ["530.2", "339.1"], ["530.2", "361.4"], ["524.0", "361.4"]], "Type": "SD"}], "Module": "M1", "Boundary": [["535.1", "333.2"], ["535.1", "367.3"], ["535.0", "367.3"], ["535.0", "382.8"], ["315.0", "382.8"], ["315.0", "333.2"]], "Module_type": "GATE"}, {"Ports": [{"Location": [["144.7", "23.8"], ["149.8", "23.8"], ["149.8", "113.9"], ["144.7", "113.9"]], "Type": "SD"}, {"Location": [["351.4", "10.0"], ["351.4", "111.9"], ["316.0", "111.9"], ["316.0", "127.7"], ["152.6", "127.7"], ["152.6", "10.0"]], "Type": "GATE"}, {"Location": [["341.1", "15.6"], ["346.8", "15.6"], ["346.8", "105.3"], ["341.1", "105.3"]], "Type": "SD"}], "Module": "M6", "Boundary": [["351.4", "10.0"], ["351.4", "111.9"], ["316.0", "111.9"], ["316.0", "127.7"], ["144.7", "127.7"], ["144.7", "10.0"]], "Module_type": "GATE"}, {"Ports": [{"Location": [["170.9", "396.9"], ["252.5", "396.9"], ["252.5", "402.1"], ["170.9", "402.1"]], "Type": "SD"}, {"Location": [["158.4", "248.0"], ["251.1", "248.0"], ["251.1", "325.9"], ["265.0", "325.9"], ["265.0", "393.9"], ["158.4", "393.9"]], "Type": "GATE"}, {"Location": [["163.7", "252.3"], ["244.8", "252.3"], ["244.8", "258.8"], ["163.7", "258.8"]], "Type": "SD"}], "Module": "M2", "Boundary": [["158.4", "248.0"], ["251.1", "248.0"], ["251.1", "325.9"], ["265.0", "325.9"], ["265.0", "402.1"], ["158.4", "402.1"]], "Module_type": "GATE"}, {"Ports": [{"Location": [["21.7", "637.9"], ["58.4", "637.9"], ["58.4", "642.8"], ["21.7", "642.8"]], "Type": "SD"}, {"Location": [["10.0", "520.2"], ["56.6", "520.2"], ["56.6", "560.4"], ["70.1", "560.4"], ["70.1", "636.8"], ["10.0", "636.8"]], "Type": "GATE"}, {"Location": [["16.1", "525.3"], ["49.5", "525.3"], ["49.5", "530.1"], ["16.1", "530.1"]], "Type": "SD"}], "Module": "M16", "Boundary": [["10.0", "520.2"], ["56.6", "520.2"], ["56.6", "560.4"], ["70.1", "560.4"], ["70.1", "642.8"], ["10.0", "642.8"]], "Module_type": "GATE"}, {"Ports": [{"Location": [["10.0", "430.2"], ["15.0", "430.2"], ["15.0", "486.3"], ["10.0", "486.3"]], "Type": "SD"}, {"Location": [["83.0", "416.3"], ["83.0", "483.7"], ["83.0", "483.7"], ["83.0", "500.2"], ["16.1", "500.2"], ["16.1", "416.3"]], "Type": "GATE"}, {"Location": [["71.7", "422.9"], ["77.4", "422.9"], ["77.4", "477.1"], ["71.7", "477.1"]], "Type": "SD"}], "Module": "M13", "Boundary": [["83.0", "416.3"], ["83.0", "483.7"], ["83.0", "483.7"], ["83.0", "500.2"], ["10.0", "500.2"], ["10.0", "416.3"]], "Module_type": "GATE"}, {"Ports": [{"Location": [["485.1", "180.7"], ["535.4", "180.7"], ["535.4", "186.4"], ["485.1", "186.4"]], "Type": "SD"}, {"Location": [["472.8", "10.0"], ["534.3", "10.0"], ["534.3", "85.7"], ["547.7", "85.7"], ["547.7", "178.6"], ["472.8", "178.6"]], "Type": "GATE"}, {"Location": [["478.1", "14.3"], ["528.0", "14.3"], ["528.0", "20.4"], ["478.1", "20.4"]], "Type": "SD"}], "Module": "M10", "Boundary": [["472.8", "10.0"], ["534.3", "10.0"], ["534.3", "85.7"], ["547.7", "85.7"], ["547.7", "186.4"], ["472.8", "186.4"]], "Module_type": "GATE"}, {"Ports": [{"Location": [["394.8", "149.5"], ["429.4", "149.5"], ["429.4", "154.9"], ["394.8", "154.9"]], "Type": "SD"}, {"Location": [["381.4", "20.0"], ["442.8", "20.0"], ["442.8", "146.6"], ["381.4", "146.6"]], "Type": "GATE"}, {"Location": [["388.4", "26.0"], ["435.8", "26.0"], ["435.8", "31.5"], ["388.4", "31.5"]], "Type": "SD"}], "Module": "M7", "Boundary": [["381.4", "20.0"], ["442.8", "20.0"], ["442.8", "154.9"], ["381.4", "154.9"]], "Module_type": "GATE"}, {"Ports": [{"Location": [["333.4", "557.1"], ["339.1", "557.1"], ["339.1", "630.5"], ["333.4", "630.5"]], "Type": "SD"}, {"Location": [["551.5", "543.8"], ["551.5", "643.8"], ["342.0", "643.8"], ["342.0", "543.8"]], "Type": "GATE"}, {"Location": [["540.3", "550.4"], ["545.9", "550.4"], ["545.9", "637.2"], ["540.3", "637.2"]], "Type": "SD"}], "Module": "M3", "Boundary": [["551.5", "543.8"], ["551.5", "643.8"], ["333.4", "643.8"], ["333.4", "543.8"]], "Module_type": "GATE"}, {"Ports": [{"Location": [["144.7", "162.8"], ["150.6", "162.8"], ["150.6", "202.9"], ["144.7", "202.9"]], "Type": "SD"}, {"Location": [["329.7", "147.7"], ["329.7", "218.0"], ["153.2", "218.0"], ["153.2", "147.7"]], "Type": "GATE"}, {"Location": [["317.6", "154.7"], ["323.7", "154.7"], ["323.7", "211.0"], ["317.6", "211.0"]], "Type": "SD"}], "Module": "M15", "Boundary": [["329.7", "147.7"], ["329.7", "218.0"], ["144.7", "218.0"], ["144.7", "147.7"]], "Module_type": "GATE"}, {"Ports": [{"Location": [["90.1", "546.4"], ["95.7", "546.4"], ["95.7", "628.5"], ["90.1", "628.5"]], "Type": "SD"}, {"Location": [["240.6", "535.0"], ["240.6", "625.7"], ["176.6", "625.7"], ["176.6", "639.9"], ["97.4", "639.9"], ["97.4", "535.0"]], "Type": "GATE"}, {"Location": [["232.2", "540.1"], ["236.5", "540.1"], ["236.5", "619.6"], ["232.2", "619.6"]], "Type": "SD"}], "Module": "M12", "Boundary": [["240.6", "535.0"], ["240.6", "625.7"], ["176.6", "625.7"], ["176.6", "639.9"], ["90.1", "639.9"], ["90.1", "535.0"]], "Module_type": "GATE"}, {"Ports": [{"Location": [["113.0", "454.5"], ["117.7", "454.5"], ["117.7", "492.6"], ["113.0", "492.6"]], "Type": "SD"}, {"Location": [["315.1", "442.1"], ["315.1", "490.3"], ["207.9", "490.3"], ["207.9", "505.0"], ["120.2", "505.0"], ["120.2", "442.1"]], "Type": "GATE"}, {"Location": [["305.7", "448.5"], ["309.7", "448.5"], ["309.7", "482.9"], ["305.7", "482.9"]], "Type": "SD"}], "Module": "M8", "Boundary": [["315.1", "442.1"], ["315.1", "490.3"], ["207.9", "490.3"], ["207.9", "505.0"], ["113.0", "505.0"], ["113.0", "442.1"]], "Module_type": "GATE"}, {"Ports": [{"Location": [["355.1", "446.1"], ["360.6", "446.1"], ["360.6", "500.5"], ["355.1", "500.5"]], "Type": "SD"}, {"Location": [["544.9", "432.8"], ["544.9", "499.1"], ["462.5", "499.1"], ["462.5", "513.8"], ["361.8", "513.8"], ["361.8", "432.8"]], "Type": "GATE"}, {"Location": [["533.8", "438.5"], ["540.2", "438.5"], ["540.2", "492.4"], ["533.8", "492.4"]], "Type": "SD"}], "Module": "M4", "Boundary": [["544.9", "432.8"], ["544.9", "499.1"], ["462.5", "499.1"], ["462.5", "513.8"], ["355.1", "513.8"], ["355.1", "432.8"]], "Module_type": "GATE"}], "Area": [["-30.0", "-30.0"], ["591.5", "-30.0"], ["591.5", "683.8"], ["-30.0", "683.8"]], "Rules": ["GATE(5,5)", "SD(5,5)", "GATE_SD(0.5)", "GATE_ITO(0.5)", "SD_ITO(0.5)"]}