{"Modules": [{"Module": "M14", "Boundary": [["258.8", "271.5"], ["258.8", "315.3"], ["193.0", "315.3"], ["193.0", "327.9"], ["142.0", "327.9"], ["142.0", "271.5"]], "Module_type": "GATE", "Ports": [{"Location": [["142.0", "282.8"], ["147.1", "282.8"], ["147.1", "316.6"], ["142.0", "316.6"]], "Type": "SD"}, {"Location": [["258.8", "271.5"], ["258.8", "315.3"], ["193.0", "315.3"], ["193.0", "327.9"], ["148.2", "327.9"], ["148.2", "271.5"]], "Type": "GATE"}, {"Location": [["249.4", "277.1"], ["254.2", "277.1"], ["254.2", "308.7"], ["249.4", "308.7"]], "Type": "SD"}]}, {"Ports": [{"Location": [["116.3", "721.6"], ["121.1", "721.6"], ["121.1", "761.5"], ["116.3", "761.5"]], "Type": "SD"}, {"Location": [["238.5", "707.3"], ["238.5", "759.1"], ["238.1", "759.1"], ["238.1", "775.8"], ["122.2", "775.8"], ["122.2", "707.3"]], "Type": "GATE"}, {"Location": [["227.6", "714.3"], ["232.5", "714.3"], ["232.5", "752.1"], ["227.6", "752.1"]], "Type": "SD"}], "Module": "M9", "Boundary": [["238.5", "707.3"], ["238.5", "759.1"], ["238.1", "759.1"], ["238.1", "775.8"], ["116.3", "775.8"], ["116.3", "707.3"]], "Module_type": "GATE"}, {"Ports": [{"Location": [["20.0", "33.0"], ["24.0", "33.0"], ["24.0", "71.1"], ["20.0", "71.1"]], "Type": "SD"}, {"Location": [["101.9", "20.0"], ["101.9", "68.3"], ["101.6", "68.3"], ["101.6", "84.1"], ["25.6", "84.1"], ["25.6", "20.0"]], "Type": "GATE"}, {"Location": [["91.4", "25.5"], ["97.4", "25.5"], ["97.4", "62.8"], ["91.4", "62.8"]], "Type": "SD"}], "Module": "M5", "Boundary": [["101.9", "20.0"], ["101.9", "68.3"], ["101.6", "68.3"], ["101.6", "84.1"], ["20.0", "84.1"], ["20.0", "20.0"]], "Module_type": "GATE"}, {"Ports": [{"Location": [["131.1", "164.0"], ["137.1", "164.0"], ["137.1", "218.9"], ["131.1", "218.9"]], "Type": "SD"}, {"Location": [["261.9", "151.4"], ["261.9", "231.5"], ["139.2", "231.5"], ["139.2", "151.4"]], "Type": "GATE"}, {"Location": [["251.5", "158.2"], ["256.1", "158.2"], ["256.1", "224.7"], ["251.5", "224.7"]], "Type": "SD"}], "Module": "M11", "Boundary": [["261.9", "151.4"], ["261.9", "231.5"], ["131.1", "231.5"], ["131.1", "151.4"]], "Module_type": "GATE"}, {"Ports": [{"Location": [["136.3", "600.7"], ["140.9", "600.7"], ["140.9", "654.2"], ["136.3", "654.2"]], "Type": "SD"}, {"Location": [["237.7", "587.6"], ["237.7", "651.7"], ["237.6", "651.7"], ["237.6", "667.3"], ["143.2", "667.3"], ["143.2", "587.6"]], "Type": "GATE"}, {"Location": [["226.7", "593.7"], ["232.6", "593.7"], ["232.6", "645.6"], ["226.7", "645.6"]], "Type": "SD"}], "Module": "M1", "Boundary": [["237.7", "587.6"], ["237.7", "651.7"], ["237.6", "651.7"], ["237.6", "667.3"], ["136.3", "667.3"], ["136.3", "587.6"]], "Module_type": "GATE"}, {"Ports": [{"Location": [["23.5", "202.4"], ["97.6", "202.4"], ["97.6", "206.5"], ["23.5", "206.5"]], "Type": "SD"}, {"Location": [["10.0", "114.1"], ["95.5", "114.1"], ["95.5", "155.1"], ["111.1", "155.1"], ["111.1", "201.0"], ["10.0", "201.0"]], "Type": "GATE"}, {"Location": [["16.2", "119.3"], ["88.3", "119.3"], ["88.3", "125.2"], ["16.2", "125.2"]], "Type": "SD"}], "Module": "M6", "Boundary": [["10.0", "114.1"], ["95.5", "114.1"], ["95.5", "155.1"], ["111.1", "155.1"], ["111.1", "206.5"], ["10.0", "206.5"]], "Module_type": "GATE"}, {"Ports": [{"Location": [["308.8", "259.5"], ["313.5", "259.5"], ["313.5", "315.2"], ["308.8", "315.2"]], "Type": "SD"}, {"Location": [["402.0", "245.6"], ["402.0", "313.8"], ["355.9", "313.8"], ["355.9", "329.1"], ["316.3", "329.1"], ["316.3", "245.6"]], "Type": "GATE"}, {"Location": [["391.0", "251.1"], ["397.5", "251.1"], ["397.5", "307.3"], ["391.0", "307.3"]], "Type": "SD"}], "Module": "M2", "Boundary": [["402.0", "245.6"], ["402.0", "313.8"], ["355.9", "313.8"], ["355.9", "329.1"], ["308.8", "329.1"], ["308.8", "245.6"]], "Module_type": "GATE"}, {"Ports": [{"Location": [["25.2", "304.6"], ["86.8", "304.6"], ["86.8", "309.1"], ["25.2", "309.1"]], "Type": "SD"}, {"Location": [["10.0", "226.5"], ["85.1", "226.5"], ["85.1", "231.7"], ["102.0", "231.7"], ["102.0", "302.5"], ["10.0", "302.5"]], "Type": "GATE"}, {"Location": [["16.5", "232.0"], ["77.6", "232.0"], ["77.6", "239.1"], ["16.5", "239.1"]], "Type": "SD"}], "Module": "M16", "Boundary": [["10.0", "226.5"], ["85.1", "226.5"], ["85.1", "231.7"], ["102.0", "231.7"], ["102.0", "309.1"], ["10.0", "309.1"]], "Module_type": "GATE"}, {"Ports": [{"Location": [["114.1", "381.0"], ["119.0", "381.0"], ["119.0", "418.8"], ["114.1", "418.8"]], "Type": "SD"}, {"Location": [["318.9", "367.9"], ["318.9", "416.7"], ["318.8", "416.7"], ["318.8", "431.9"], ["121.4", "431.9"], ["121.4", "367.9"]], "Type": "GATE"}, {"Location": [["307.8", "374.6"], ["313.2", "374.6"], ["313.2", "410.0"], ["307.8", "410.0"]], "Type": "SD"}], "Module": "M13", "Boundary": [["318.9", "367.9"], ["318.9", "416.7"], ["318.8", "416.7"], ["318.8", "431.9"], ["114.1", "431.9"], ["114.1", "367.9"]], "Module_type": "GATE"}, {"Ports": [{"Location": [["131.9", "23.7"], ["136.0", "23.7"], ["136.0", "117.7"], ["131.9", "117.7"]], "Type": "SD"}, {"Location": [["266.8", "10.0"], ["266.8", "115.0"], ["245.0", "115.0"], ["245.0", "131.4"], ["137.4", "131.4"], ["137.4", "10.0"]], "Type": "GATE"}, {"Location": [["256.0", "15.6"], ["262.2", "15.6"], ["262.2", "108.4"], ["256.0", "108.4"]], "Type": "SD"}], "Module": "M10", "Boundary": [["266.8", "10.0"], ["266.8", "115.0"], ["245.0", "115.0"], ["245.0", "131.4"], ["131.9", "131.4"], ["131.9", "10.0"]], "Module_type": "GATE"}, {"Ports": [{"Location": [["34.2", "737.0"], ["72.1", "737.0"], ["72.1", "743.0"], ["34.2", "743.0"]], "Type": "SD"}, {"Location": [["20.0", "584.8"], ["86.3", "584.8"], ["86.3", "734.8"], ["20.0", "734.8"]], "Type": "GATE"}, {"Location": [["25.2", "589.0"], ["81.1", "589.0"], ["81.1", "596.2"], ["25.2", "596.2"]], "Type": "SD"}], "Module": "M7", "Boundary": [["20.0", "584.8"], ["86.3", "584.8"], ["86.3", "743.0"], ["20.0", "743.0"]], "Module_type": "GATE"}, {"Ports": [{"Location": [["299.4", "210.1"], ["366.7", "210.1"], ["366.7", "215.6"], ["299.4", "215.6"]], "Type": "SD"}, {"Location": [["286.8", "10.0"], ["379.3", "10.0"], ["379.3", "207.9"], ["286.8", "207.9"]], "Type": "GATE"}, {"Location": [["293.0", "15.2"], ["373.1", "15.2"], ["373.1", "20.0"], ["293.0", "20.0"]], "Type": "SD"}], "Module": "M3", "Boundary": [["286.8", "10.0"], ["379.3", "10.0"], ["379.3", "215.6"], ["286.8", "215.6"]], "Module_type": "GATE"}, {"Ports": [{"Location": [["24.1", "549.2"], ["80.0", "549.2"], ["80.0", "554.8"], ["24.1", "554.8"]], "Type": "SD"}, {"Location": [["10.0", "329.1"], ["94.1", "329.1"], ["94.1", "546.4"], ["10.0", "546.4"]], "Type": "GATE"}, {"Location": [["15.8", "333.9"], ["88.3", "333.9"], ["88.3", "340.8"], ["15.8", "340.8"]], "Type": "SD"}], "Module": "M15", "Boundary": [["10.0", "329.1"], ["94.1", "329.1"], ["94.1", "554.8"], ["10.0", "554.8"]], "Module_type": "GATE"}, {"Ports": [{"Location": [["353.9", "551.8"], ["397.1", "551.8"], ["397.1", "557.4"], ["353.9", "557.4"]], "Type": "SD"}, {"Location": [["338.9", "359.1"], ["395.4", "359.1"], ["395.4", "427.9"], ["412.1", "427.9"], ["412.1", "550.2"], ["338.9", "550.2"]], "Type": "GATE"}, {"Location": [["345.2", "364.4"], ["388.1", "364.4"], ["388.1", "371.4"], ["345.2", "371.4"]], "Type": "SD"}], "Module": "M12", "Boundary": [["338.9", "359.1"], ["395.4", "359.1"], ["395.4", "427.9"], ["412.1", "427.9"], ["412.1", "557.4"], ["338.9", "557.4"]], "Module_type": "GATE"}, {"Ports": [{"Location": [["124.1", "473.1"], ["128.1", "473.1"], ["128.1", "526.4"], ["124.1", "526.4"]], "Type": "SD"}, {"Location": [["307.3", "461.9"], ["307.3", "523.4"], ["210.6", "523.4"], ["210.6", "537.6"], ["130.6", "537.6"], ["130.6", "461.9"]], "Type": "GATE"}, {"Location": [["297.8", "467.1"], ["303.1", "467.1"], ["303.1", "517.2"], ["297.8", "517.2"]], "Type": "SD"}], "Module": "M8", "Boundary": [["307.3", "461.9"], ["307.3", "523.4"], ["210.6", "523.4"], ["210.6", "537.6"], ["124.1", "537.6"], ["124.1", "461.9"]], "Module_type": "GATE"}, {"Ports": [{"Location": [["299.8", "755.0"], ["386.1", "755.0"], ["386.1", "759.7"], ["299.8", "759.7"]], "Type": "SD"}, {"Location": [["287.7", "587.4"], ["382.5", "587.4"], ["382.5", "587.6"], ["398.2", "587.6"], ["398.2", "752.5"], ["287.7", "752.5"]], "Type": "GATE"}, {"Location": [["292.9", "591.6"], ["377.3", "591.6"], ["377.3", "597.9"], ["292.9", "597.9"]], "Type": "SD"}], "Module": "M4", "Boundary": [["287.7", "587.4"], ["382.5", "587.4"], ["382.5", "587.6"], ["398.2", "587.6"], ["398.2", "759.7"], ["287.7", "759.7"]], "Module_type": "GATE"}], "Area": [["-30.0", "-30.0"], ["452.1", "-30.0"], ["452.1", "815.8"], ["-30.0", "815.8"]], "Rules": ["GATE(5,5)", "SD(5,5)", "GATE_SD(0.5)", "GATE_ITO(0.5)", "SD_ITO(0.5)"]}