{"Modules": [{"Module": "M14", "Boundary": [["299.9", "355.7"], ["349.5", "355.7"], ["349.5", "355.8"], ["366.3", "355.8"], ["366.3", "573.8"], ["299.9", "573.8"]], "Module_type": "GATE", "Ports": [{"Location": [["312.5", "568.0"], ["353.7", "568.0"], ["353.7", "573.8"], ["312.5", "573.8"]], "Type": "SD"}, {"Location": [["299.9", "355.7"], ["349.5", "355.7"], ["349.5", "355.8"], ["366.3", "355.8"], ["366.3", "565.2"], ["299.9", "565.2"]], "Type": "GATE"}, {"Location": [["305.6", "360.4"], ["343.8", "360.4"], ["343.8", "365.6"], ["305.6", "365.6"]], "Type": "SD"}]}, {"Ports": [{"Location": [["10.0", "363.9"], ["14.4", "363.9"], ["14.4", "401.6"], ["10.0", "401.6"]], "Type": "SD"}, {"Location": [["87.6", "350.3"], ["87.6", "415.2"], ["17.1", "415.2"], ["17.1", "350.3"]], "Type": "GATE"}, {"Location": [["75.8", "356.2"], ["82.7", "356.2"], ["82.7", "409.3"], ["75.8", "409.3"]], "Type": "SD"}], "Module": "M9", "Boundary": [["87.6", "350.3"], ["87.6", "415.2"], ["10.0", "415.2"], ["10.0", "350.3"]], "Module_type": "GATE"}, {"Ports": [{"Location": [["152.2", "516.8"], ["233.5", "516.8"], ["233.5", "522.4"], ["152.2", "522.4"]], "Type": "SD"}, {"Location": [["135.8", "383.1"], ["249.9", "383.1"], ["249.9", "514.5"], ["135.8", "514.5"]], "Type": "GATE"}, {"Location": [["142.8", "389.1"], ["242.9", "389.1"], ["242.9", "396.1"], ["142.8", "396.1"]], "Type": "SD"}], "Module": "M5", "Boundary": [["135.8", "383.1"], ["249.9", "383.1"], ["249.9", "522.4"], ["135.8", "522.4"]], "Module_type": "GATE"}, {"Ports": [{"Location": [["266.7", "209.6"], ["325.2", "209.6"], ["325.2", "214.2"], ["266.7", "214.2"]], "Type": "SD"}, {"Location": [["253.7", "10.0"], ["338.2", "10.0"], ["338.2", "206.9"], ["253.7", "206.9"]], "Type": "GATE"}, {"Location": [["259.0", "14.3"], ["332.9", "14.3"], ["332.9", "20.0"], ["259.0", "20.0"]], "Type": "SD"}], "Module": "M11", "Boundary": [["253.7", "10.0"], ["338.2", "10.0"], ["338.2", "214.2"], ["253.7", "214.2"]], "Module_type": "GATE"}, {"Ports": [{"Location": [["30.0", "42.9"], ["35.7", "42.9"], ["35.7", "65.6"], ["30.0", "65.6"]], "Type": "SD"}, {"Location": [["213.7", "30.0"], ["213.7", "78.5"], ["38.0", "78.5"], ["38.0", "30.0"]], "Type": "GATE"}, {"Location": [["202.8", "36.4"], ["208.3", "36.4"], ["208.3", "72.1"], ["202.8", "72.1"]], "Type": "SD"}], "Module": "M1", "Boundary": [["213.7", "30.0"], ["213.7", "78.5"], ["30.0", "78.5"], ["30.0", "30.0"]], "Module_type": "GATE"}, {"Ports": [{"Location": [["10.0", "448.5"], ["15.5", "448.5"], ["15.5", "526.1"], ["10.0", "526.1"]], "Type": "SD"}, {"Location": [["105.8", "435.2"], ["105.8", "522.0"], ["105.4", "522.0"], ["105.4", "539.4"], ["17.5", "539.4"], ["17.5", "435.2"]], "Type": "GATE"}, {"Location": [["95.1", "440.8"], ["101.2", "440.8"], ["101.2", "516.4"], ["95.1", "516.4"]], "Type": "SD"}], "Module": "M6", "Boundary": [["105.8", "435.2"], ["105.8", "522.0"], ["105.4", "522.0"], ["105.4", "539.4"], ["10.0", "539.4"], ["10.0", "435.2"]], "Module_type": "GATE"}, {"Ports": [{"Location": [["416.3", "558.0"], ["420.7", "558.0"], ["420.7", "639.6"], ["416.3", "639.6"]], "Type": "SD"}, {"Location": [["520.4", "543.6"], ["520.4", "654.0"], ["422.5", "654.0"], ["422.5", "543.6"]], "Type": "GATE"}, {"Location": [["509.5", "549.0"], ["516.0", "549.0"], ["516.0", "648.6"], ["509.5", "648.6"]], "Type": "SD"}], "Module": "M2", "Boundary": [["520.4", "543.6"], ["520.4", "654.0"], ["416.3", "654.0"], ["416.3", "543.6"]], "Module_type": "GATE"}, {"Ports": [{"Location": [["424.2", "420.4"], ["499.6", "420.4"], ["499.6", "426.1"], ["424.2", "426.1"]], "Type": "SD"}, {"Location": [["410.5", "258.1"], ["513.3", "258.1"], ["513.3", "418.4"], ["410.5", "418.4"]], "Type": "GATE"}, {"Location": [["416.5", "263.1"], ["507.3", "263.1"], ["507.3", "268.5"], ["416.5", "268.5"]], "Type": "SD"}], "Module": "M16", "Boundary": [["410.5", "258.1"], ["513.3", "258.1"], ["513.3", "426.1"], ["410.5", "426.1"]], "Module_type": "GATE"}, {"Ports": [{"Location": [["206.7", "626.7"], ["212.7", "626.7"], ["212.7", "664.6"], ["206.7", "664.6"]], "Type": "SD"}, {"Location": [["371.1", "613.8"], ["371.1", "661.6"], ["370.9", "661.6"], ["370.9", "677.5"], ["214.9", "677.5"], ["214.9", "613.8"]], "Type": "GATE"}, {"Location": [["360.6", "619.2"], ["366.7", "619.2"], ["366.7", "656.2"], ["360.6", "656.2"]], "Type": "SD"}], "Module": "M13", "Boundary": [["371.1", "613.8"], ["371.1", "661.6"], ["370.9", "661.6"], ["370.9", "677.5"], ["206.7", "677.5"], ["206.7", "613.8"]], "Module_type": "GATE"}, {"Ports": [{"Location": [["253.2", "247.6"], ["257.4", "247.6"], ["257.4", "302.3"], ["253.2", "302.3"]], "Type": "SD"}, {"Location": [["390.5", "234.2"], ["390.5", "299.8"], ["390.4", "299.8"], ["390.4", "315.7"], ["258.9", "315.7"], ["258.9", "234.2"]], "Type": "GATE"}, {"Location": [["379.9", "240.8"], ["384.9", "240.8"], ["384.9", "293.2"], ["379.9", "293.2"]], "Type": "SD"}], "Module": "M10", "Boundary": [["390.5", "234.2"], ["390.5", "299.8"], ["390.4", "299.8"], ["390.4", "315.7"], ["253.2", "315.7"], ["253.2", "234.2"]], "Module_type": "GATE"}, {"Ports": [{"Location": [["35.5", "315.4"], ["123.8", "315.4"], ["123.8", "320.3"], ["35.5", "320.3"]], "Type": "SD"}, {"Location": [["20.0", "128.5"], ["123.0", "128.5"], ["123.0", "128.6"], ["139.3", "128.6"], ["139.3", "314.0"], ["20.0", "314.0"]], "Type": "GATE"}, {"Location": [["26.9", "134.4"], ["116.1", "134.4"], ["116.1", "141.1"], ["26.9", "141.1"]], "Type": "SD"}], "Module": "M7", "Boundary": [["20.0", "128.5"], ["123.0", "128.5"], ["123.0", "128.6"], ["139.3", "128.6"], ["139.3", "320.3"], ["20.0", "320.3"]], "Module_type": "GATE"}, {"Ports": [{"Location": [["458.9", "234.0"], ["514.8", "234.0"], ["514.8", "238.1"], ["458.9", "238.1"]], "Type": "SD"}, {"Location": [["445.1", "10.0"], ["528.6", "10.0"], ["528.6", "231.5"], ["445.1", "231.5"]], "Type": "GATE"}, {"Location": [["452.0", "15.9"], ["521.7", "15.9"], ["521.7", "21.3"], ["452.0", "21.3"]], "Type": "SD"}], "Module": "M3", "Boundary": [["445.1", "10.0"], ["528.6", "10.0"], ["528.6", "238.1"], ["445.1", "238.1"]], "Module_type": "GATE"}, {"Ports": [{"Location": [["373.2", "175.7"], ["410.1", "175.7"], ["410.1", "181.0"], ["373.2", "181.0"]], "Type": "SD"}, {"Location": [["358.2", "10.0"], ["425.1", "10.0"], ["425.1", "174.7"], ["358.2", "174.7"]], "Type": "GATE"}, {"Location": [["364.7", "15.5"], ["418.6", "15.5"], ["418.6", "22.6"], ["364.7", "22.6"]], "Type": "SD"}], "Module": "M15", "Boundary": [["358.2", "10.0"], ["425.1", "10.0"], ["425.1", "181.0"], ["358.2", "181.0"]], "Module_type": "GATE"}, {"Ports": [{"Location": [["10.0", "573.8"], ["14.8", "573.8"], ["14.8", "654.1"], ["10.0", "654.1"]], "Type": "SD"}, {"Location": [["186.7", "559.4"], ["186.7", "668.5"], ["16.0", "668.5"], ["16.0", "559.4"]], "Type": "GATE"}, {"Location": [["174.4", "565.4"], ["181.7", "565.4"], ["181.7", "662.5"], ["174.4", "662.5"]], "Type": "SD"}], "Module": "M12", "Boundary": [["186.7", "559.4"], ["186.7", "668.5"], ["10.0", "668.5"], ["10.0", "559.4"]], "Module_type": "GATE"}, {"Ports": [{"Location": [["191.7", "339.0"], ["210.8", "339.0"], ["210.8", "343.1"], ["191.7", "343.1"]], "Type": "SD"}, {"Location": [["179.3", "128.5"], ["223.2", "128.5"], ["223.2", "337.3"], ["179.3", "337.3"]], "Type": "GATE"}, {"Location": [["185.6", "133.8"], ["216.9", "133.8"], ["216.9", "139.1"], ["185.6", "139.1"]], "Type": "SD"}], "Module": "M8", "Boundary": [["179.3", "128.5"], ["223.2", "128.5"], ["223.2", "343.1"], ["179.3", "343.1"]], "Module_type": "GATE"}, {"Ports": [{"Location": [["416.3", "468.8"], ["420.4", "468.8"], ["420.4", "490.9"], ["416.3", "490.9"]], "Type": "SD"}, {"Location": [["514.8", "456.1"], ["514.8", "487.9"], ["514.8", "487.9"], ["514.8", "503.6"], ["422.1", "503.6"], ["422.1", "456.1"]], "Type": "GATE"}, {"Location": [["504.8", "461.5"], ["510.4", "461.5"], ["510.4", "482.5"], ["504.8", "482.5"]], "Type": "SD"}], "Module": "M4", "Boundary": [["514.8", "456.1"], ["514.8", "487.9"], ["514.8", "487.9"], ["514.8", "503.6"], ["416.3", "503.6"], ["416.3", "456.1"]], "Module_type": "GATE"}], "Area": [["-30.0", "-30.0"], ["568.6", "-30.0"], ["568.6", "717.5"], ["-30.0", "717.5"]], "Rules": ["GATE(5,5)", "SD(5,5)", "GATE_SD(0.5)", "GATE_ITO(0.5)", "SD_ITO(0.5)"]}