{"Modules": [{"Module": "M14", "Boundary": [["290.2", "177.8"], ["290.2", "262.4"], ["227.5", "262.4"], ["227.5", "277.4"], ["160.9", "277.4"], ["160.9", "177.8"]], "Module_type": "GATE", "Ports": [{"Location": [["160.9", "192.1"], ["165.5", "192.1"], ["165.5", "263.1"], ["160.9", "263.1"]], "Type": "SD"}, {"Location": [["290.2", "177.8"], ["290.2", "262.4"], ["227.5", "262.4"], ["227.5", "277.4"], ["167.7", "277.4"], ["167.7", "177.8"]], "Type": "GATE"}, {"Location": [["278.3", "183.7"], ["285.3", "183.7"], ["285.3", "255.5"], ["278.3", "255.5"]], "Type": "SD"}]}, {"Ports": [{"Location": [["10.0", "747.1"], ["14.2", "747.1"], ["14.2", "817.4"], ["10.0", "817.4"]], "Type": "SD"}, {"Location": [["120.5", "733.7"], ["120.5", "830.8"], ["16.0", "830.8"], ["16.0", "733.7"]], "Type": "GATE"}, {"Location": [["110.1", "739.8"], ["115.4", "739.8"], ["115.4", "824.7"], ["110.1", "824.7"]], "Type": "SD"}], "Module": "M9", "Boundary": [["120.5", "733.7"], ["120.5", "830.8"], ["10.0", "830.8"], ["10.0", "733.7"]], "Module_type": "GATE"}, {"Ports": [{"Location": [["20.0", "34.5"], ["24.3", "34.5"], ["24.3", "113.3"], ["20.0", "113.3"]], "Type": "SD"}, {"Location": [["181.1", "20.0"], ["181.1", "127.8"], ["26.3", "127.8"], ["26.3", "20.0"]], "Type": "GATE"}, {"Location": [["169.6", "25.4"], ["176.7", "25.4"], ["176.7", "122.4"], ["169.6", "122.4"]], "Type": "SD"}], "Module": "M5", "Boundary": [["181.1", "20.0"], ["181.1", "127.8"], ["20.0", "127.8"], ["20.0", "20.0"]], "Module_type": "GATE"}, {"Ports": [{"Location": [["342.6", "290.5"], ["365.9", "290.5"], ["365.9", "296.1"], ["342.6", "296.1"]], "Type": "SD"}, {"Location": [["330.2", "144.3"], ["361.5", "144.3"], ["361.5", "144.4"], ["378.3", "144.4"], ["378.3", "288.5"], ["330.2", "288.5"]], "Type": "GATE"}, {"Location": [["335.3", "148.4"], ["356.4", "148.4"], ["356.4", "153.3"], ["335.3", "153.3"]], "Type": "SD"}], "Module": "M11", "Boundary": [["330.2", "144.3"], ["361.5", "144.3"], ["361.5", "144.4"], ["378.3", "144.4"], ["378.3", "296.1"], ["330.2", "296.1"]], "Module_type": "GATE"}, {"Ports": [{"Location": [["160.5", "832.5"], ["166.5", "832.5"], ["166.5", "917.0"], ["160.5", "917.0"]], "Type": "SD"}, {"Location": [["362.0", "819.6"], ["362.0", "914.5"], ["361.5", "914.5"], ["361.5", "929.9"], ["168.0", "929.9"], ["168.0", "819.6"]], "Type": "GATE"}, {"Location": [["351.4", "826.6"], ["356.0", "826.6"], ["356.0", "907.5"], ["351.4", "907.5"]], "Type": "SD"}], "Module": "M1", "Boundary": [["362.0", "819.6"], ["362.0", "914.5"], ["361.5", "914.5"], ["361.5", "929.9"], ["160.5", "929.9"], ["160.5", "819.6"]], "Module_type": "GATE"}, {"Ports": [{"Location": [["194.9", "332.0"], ["200.3", "332.0"], ["200.3", "423.9"], ["194.9", "423.9"]], "Type": "SD"}, {"Location": [["366.6", "317.4"], ["366.6", "422.4"], ["280.1", "422.4"], ["280.1", "438.5"], ["202.1", "438.5"], ["202.1", "317.4"]], "Type": "GATE"}, {"Location": [["354.9", "322.7"], ["362.3", "322.7"], ["362.3", "416.1"], ["354.9", "416.1"]], "Type": "SD"}], "Module": "M6", "Boundary": [["366.6", "317.4"], ["366.6", "422.4"], ["280.1", "422.4"], ["280.1", "438.5"], ["194.9", "438.5"], ["194.9", "317.4"]], "Module_type": "GATE"}, {"Ports": [{"Location": [["275.6", "642.3"], ["280.9", "642.3"], ["280.9", "743.2"], ["275.6", "743.2"]], "Type": "SD"}, {"Location": [["370.5", "628.8"], ["370.5", "739.0"], ["334.5", "739.0"], ["334.5", "756.7"], ["282.0", "756.7"], ["282.0", "628.8"]], "Type": "GATE"}, {"Location": [["360.4", "634.4"], ["365.9", "634.4"], ["365.9", "732.4"], ["360.4", "732.4"]], "Type": "SD"}], "Module": "M2", "Boundary": [["370.5", "628.8"], ["370.5", "739.0"], ["334.5", "739.0"], ["334.5", "756.7"], ["275.6", "756.7"], ["275.6", "628.8"]], "Module_type": "GATE"}, {"Ports": [{"Location": [["10.0", "627.4"], ["15.4", "627.4"], ["15.4", "701.3"], ["10.0", "701.3"]], "Type": "SD"}, {"Location": [["126.9", "615.0"], ["126.9", "698.1"], ["71.1", "698.1"], ["71.1", "713.7"], ["17.4", "713.7"], ["17.4", "615.0"]], "Type": "GATE"}, {"Location": [["116.8", "620.5"], ["122.4", "620.5"], ["122.4", "691.6"], ["116.8", "691.6"]], "Type": "SD"}], "Module": "M16", "Boundary": [["126.9", "615.0"], ["126.9", "698.1"], ["71.1", "698.1"], ["71.1", "713.7"], ["10.0", "713.7"], ["10.0", "615.0"]], "Module_type": "GATE"}, {"Ports": [{"Location": [["326.2", "119.1"], ["363.8", "119.1"], ["363.8", "124.3"], ["326.2", "124.3"]], "Type": "SD"}, {"Location": [["313.0", "10.0"], ["377.0", "10.0"], ["377.0", "117.2"], ["313.0", "117.2"]], "Type": "GATE"}, {"Location": [["319.2", "15.2"], ["370.8", "15.2"], ["370.8", "21.0"], ["319.2", "21.0"]], "Type": "SD"}], "Module": "M13", "Boundary": [["313.0", "10.0"], ["377.0", "10.0"], ["377.0", "124.3"], ["313.0", "124.3"]], "Module_type": "GATE"}, {"Ports": [{"Location": [["10.0", "863.8"], ["15.4", "863.8"], ["15.4", "896.6"], ["10.0", "896.6"]], "Type": "SD"}, {"Location": [["116.5", "850.8"], ["116.5", "897.3"], ["68.3", "897.3"], ["68.3", "909.6"], ["17.2", "909.6"], ["17.2", "850.8"]], "Type": "GATE"}, {"Location": [["105.5", "856.9"], ["111.4", "856.9"], ["111.4", "890.2"], ["105.5", "890.2"]], "Type": "SD"}], "Module": "M10", "Boundary": [["116.5", "850.8"], ["116.5", "897.3"], ["68.3", "897.3"], ["68.3", "909.6"], ["10.0", "909.6"], ["10.0", "850.8"]], "Module_type": "GATE"}, {"Ports": [{"Location": [["20.0", "476.4"], ["25.3", "476.4"], ["25.3", "570.5"], ["20.0", "570.5"]], "Type": "SD"}, {"Location": [["159.9", "461.9"], ["159.9", "585.0"], ["26.3", "585.0"], ["26.3", "461.9"]], "Type": "GATE"}, {"Location": [["148.5", "468.5"], ["154.3", "468.5"], ["154.3", "578.4"], ["148.5", "578.4"]], "Type": "SD"}], "Module": "M7", "Boundary": [["159.9", "461.9"], ["159.9", "585.0"], ["20.0", "585.0"], ["20.0", "461.9"]], "Module_type": "GATE"}, {"Ports": [{"Location": [["163.0", "774.2"], ["229.5", "774.2"], ["229.5", "779.6"], ["163.0", "779.6"]], "Type": "SD"}, {"Location": [["146.9", "618.8"], ["226.0", "618.8"], ["226.0", "618.9"], ["245.6", "618.9"], ["245.6", "772.1"], ["146.9", "772.1"]], "Type": "GATE"}, {"Location": [["153.1", "624.0"], ["219.8", "624.0"], ["219.8", "631.4"], ["153.1", "631.4"]], "Type": "SD"}], "Module": "M3", "Boundary": [["146.9", "618.8"], ["226.0", "618.8"], ["226.0", "618.9"], ["245.6", "618.9"], ["245.6", "779.6"], ["146.9", "779.6"]], "Module_type": "GATE"}, {"Ports": [{"Location": [["224.6", "132.1"], ["279.5", "132.1"], ["279.5", "136.7"], ["224.6", "136.7"]], "Type": "SD"}, {"Location": [["211.1", "10.0"], ["293.0", "10.0"], ["293.0", "131.0"], ["211.1", "131.0"]], "Type": "GATE"}, {"Location": [["216.9", "14.8"], ["287.2", "14.8"], ["287.2", "20.5"], ["216.9", "20.5"]], "Type": "SD"}], "Module": "M15", "Boundary": [["211.1", "10.0"], ["293.0", "10.0"], ["293.0", "136.7"], ["211.1", "136.7"]], "Module_type": "GATE"}, {"Ports": [{"Location": [["10.0", "381.4"], ["16.0", "381.4"], ["16.0", "419.4"], ["10.0", "419.4"]], "Type": "SD"}, {"Location": [["174.9", "368.9"], ["174.9", "417.6"], ["104.5", "417.6"], ["104.5", "431.9"], ["17.9", "431.9"], ["17.9", "368.9"]], "Type": "GATE"}, {"Location": [["164.8", "374.1"], ["170.7", "374.1"], ["170.7", "411.4"], ["164.8", "411.4"]], "Type": "SD"}], "Module": "M12", "Boundary": [["174.9", "368.9"], ["174.9", "417.6"], ["104.5", "417.6"], ["104.5", "431.9"], ["10.0", "431.9"], ["10.0", "368.9"]], "Module_type": "GATE"}, {"Ports": [{"Location": [["34.2", "334.0"], ["96.7", "334.0"], ["96.7", "338.9"], ["34.2", "338.9"]], "Type": "SD"}, {"Location": [["20.0", "167.8"], ["93.5", "167.8"], ["93.5", "240.7"], ["110.9", "240.7"], ["110.9", "331.4"], ["20.0", "331.4"]], "Type": "GATE"}, {"Location": [["25.2", "172.0"], ["87.3", "172.0"], ["87.3", "178.7"], ["25.2", "178.7"]], "Type": "SD"}], "Module": "M8", "Boundary": [["20.0", "167.8"], ["93.5", "167.8"], ["93.5", "240.7"], ["110.9", "240.7"], ["110.9", "338.9"], ["20.0", "338.9"]], "Module_type": "GATE"}, {"Ports": [{"Location": [["199.9", "480.9"], ["205.4", "480.9"], ["205.4", "576.4"], ["199.9", "576.4"]], "Type": "SD"}, {"Location": [["370.1", "468.5"], ["370.1", "572.3"], ["296.5", "572.3"], ["296.5", "588.8"], ["207.3", "588.8"], ["207.3", "468.5"]], "Type": "GATE"}, {"Location": [["360.5", "474.2"], ["365.4", "474.2"], ["365.4", "565.6"], ["360.5", "565.6"]], "Type": "SD"}], "Module": "M4", "Boundary": [["370.1", "468.5"], ["370.1", "572.3"], ["296.5", "572.3"], ["296.5", "588.8"], ["199.9", "588.8"], ["199.9", "468.5"]], "Module_type": "GATE"}], "Area": [["-30.0", "-30.0"], ["418.3", "-30.0"], ["418.3", "969.9"], ["-30.0", "969.9"]], "Rules": ["GATE(5,5)", "SD(5,5)", "GATE_SD(0.5)", "GATE_ITO(0.5)", "SD_ITO(0.5)"]}