{"Modules": [{"Module": "M14", "Boundary": [["129.8", "30.0"], ["262.8", "30.0"], ["262.8", "209.0"], ["129.8", "209.0"]], "Module_type": "GATE", "Ports": [{"Location": [["144.7", "203.3"], ["247.9", "203.3"], ["247.9", "209.0"], ["144.7", "209.0"]], "Type": "SD"}, {"Location": [["129.8", "30.0"], ["262.8", "30.0"], ["262.8", "200.5"], ["129.8", "200.5"]], "Type": "GATE"}, {"Location": [["135.2", "34.4"], ["257.4", "34.4"], ["257.4", "41.5"], ["135.2", "41.5"]], "Type": "SD"}]}, {"Ports": [{"Location": [["10.0", "211.0"], ["16.0", "211.0"], ["16.0", "261.6"], ["10.0", "261.6"]], "Type": "SD"}, {"Location": [["88.6", "197.4"], ["88.6", "275.2"], ["18.1", "275.2"], ["18.1", "197.4"]], "Type": "GATE"}, {"Location": [["77.3", "203.6"], ["83.4", "203.6"], ["83.4", "269.0"], ["77.3", "269.0"]], "Type": "SD"}], "Module": "M9", "Boundary": [["88.6", "197.4"], ["88.6", "275.2"], ["10.0", "275.2"], ["10.0", "197.4"]], "Module_type": "GATE"}, {"Ports": [{"Location": [["161.0", "815.7"], ["166.2", "815.7"], ["166.2", "838.7"], ["161.0", "838.7"]], "Type": "SD"}, {"Location": [["368.0", "800.6"], ["368.0", "836.9"], ["367.8", "836.9"], ["367.8", "853.8"], ["168.2", "853.8"], ["168.2", "800.6"]], "Type": "GATE"}, {"Location": [["356.0", "806.8"], ["362.8", "806.8"], ["362.8", "830.7"], ["356.0", "830.7"]], "Type": "SD"}], "Module": "M5", "Boundary": [["368.0", "800.6"], ["368.0", "836.9"], ["367.8", "836.9"], ["367.8", "853.8"], ["161.0", "853.8"], ["161.0", "800.6"]], "Module_type": "GATE"}, {"Ports": [{"Location": [["329.6", "375.8"], ["402.9", "375.8"], ["402.9", "381.6"], ["329.6", "381.6"]], "Type": "SD"}, {"Location": [["315.0", "239.5"], ["400.9", "239.5"], ["400.9", "239.9"], ["417.5", "239.9"], ["417.5", "373.6"], ["315.0", "373.6"]], "Type": "GATE"}, {"Location": [["321.4", "244.9"], ["394.5", "244.9"], ["394.5", "250.9"], ["321.4", "250.9"]], "Type": "SD"}], "Module": "M11", "Boundary": [["315.0", "239.5"], ["400.9", "239.5"], ["400.9", "239.9"], ["417.5", "239.9"], ["417.5", "381.6"], ["315.0", "381.6"]], "Module_type": "GATE"}, {"Ports": [{"Location": [["128.1", "635.3"], ["185.9", "635.3"], ["185.9", "640.8"], ["128.1", "640.8"]], "Type": "SD"}, {"Location": [["115.0", "448.6"], ["199.0", "448.6"], ["199.0", "632.8"], ["115.0", "632.8"]], "Type": "GATE"}, {"Location": [["120.0", "452.6"], ["194.0", "452.6"], ["194.0", "459.1"], ["120.0", "459.1"]], "Type": "SD"}], "Module": "M1", "Boundary": [["115.0", "448.6"], ["199.0", "448.6"], ["199.0", "640.8"], ["115.0", "640.8"]], "Module_type": "GATE"}, {"Ports": [{"Location": [["22.9", "756.4"], ["60.5", "756.4"], ["60.5", "761.4"], ["22.9", "761.4"]], "Type": "SD"}, {"Location": [["10.0", "575.1"], ["73.4", "575.1"], ["73.4", "755.3"], ["10.0", "755.3"]], "Type": "GATE"}, {"Location": [["17.0", "581.1"], ["66.4", "581.1"], ["66.4", "586.1"], ["17.0", "586.1"]], "Type": "SD"}], "Module": "M6", "Boundary": [["10.0", "575.1"], ["73.4", "575.1"], ["73.4", "761.4"], ["10.0", "761.4"]], "Module_type": "GATE"}, {"Ports": [{"Location": [["103.4", "705.0"], ["108.7", "705.0"], ["108.7", "746.4"], ["103.4", "746.4"]], "Type": "SD"}, {"Location": [["281.2", "690.8"], ["281.2", "760.6"], ["111.6", "760.6"], ["111.6", "690.8"]], "Type": "GATE"}, {"Location": [["269.2", "697.7"], ["275.3", "697.7"], ["275.3", "753.7"], ["269.2", "753.7"]], "Type": "SD"}], "Module": "M2", "Boundary": [["281.2", "690.8"], ["281.2", "760.6"], ["103.4", "760.6"], ["103.4", "690.8"]], "Module_type": "GATE"}, {"Ports": [{"Location": [["23.6", "172.0"], ["76.2", "172.0"], ["76.2", "177.4"], ["23.6", "177.4"]], "Type": "SD"}, {"Location": [["10.0", "10.0"], ["89.8", "10.0"], ["89.8", "170.7"], ["10.0", "170.7"]], "Type": "GATE"}, {"Location": [["15.9", "14.9"], ["83.9", "14.9"], ["83.9", "20.8"], ["15.9", "20.8"]], "Type": "SD"}], "Module": "M16", "Boundary": [["10.0", "10.0"], ["89.8", "10.0"], ["89.8", "177.4"], ["10.0", "177.4"]], "Module_type": "GATE"}, {"Ports": [{"Location": [["24.3", "551.1"], ["60.7", "551.1"], ["60.7", "555.1"], ["24.3", "555.1"]], "Type": "SD"}, {"Location": [["10.0", "428.6"], ["59.9", "428.6"], ["59.9", "428.7"], ["75.0", "428.7"], ["75.0", "549.4"], ["10.0", "549.4"]], "Type": "GATE"}, {"Location": [["15.9", "433.5"], ["54.0", "433.5"], ["54.0", "440.9"], ["15.9", "440.9"]], "Type": "SD"}], "Module": "M13", "Boundary": [["10.0", "428.6"], ["59.9", "428.6"], ["59.9", "428.7"], ["75.0", "428.7"], ["75.0", "555.1"], ["10.0", "555.1"]], "Module_type": "GATE"}, {"Ports": [{"Location": [["239.0", "414.7"], ["243.9", "414.7"], ["243.9", "511.6"], ["239.0", "511.6"]], "Type": "SD"}, {"Location": [["437.4", "401.6"], ["437.4", "506.9"], ["437.1", "506.9"], ["437.1", "524.7"], ["245.6", "524.7"], ["245.6", "401.6"]], "Type": "GATE"}, {"Location": [["426.9", "406.9"], ["433.1", "406.9"], ["433.1", "501.6"], ["426.9", "501.6"]], "Type": "SD"}], "Module": "M10", "Boundary": [["437.4", "401.6"], ["437.4", "506.9"], ["437.1", "506.9"], ["437.1", "524.7"], ["239.0", "524.7"], ["239.0", "401.6"]], "Module_type": "GATE"}, {"Ports": [{"Location": [["20.0", "316.7"], ["24.2", "316.7"], ["24.2", "387.1"], ["20.0", "387.1"]], "Type": "SD"}, {"Location": [["209.0", "305.2"], ["209.0", "382.9"], ["208.7", "382.9"], ["208.7", "398.6"], ["25.5", "398.6"], ["25.5", "305.2"]], "Type": "GATE"}, {"Location": [["199.9", "311.0"], ["204.2", "311.0"], ["204.2", "377.1"], ["199.9", "377.1"]], "Type": "SD"}], "Module": "M7", "Boundary": [["209.0", "305.2"], ["209.0", "382.9"], ["208.7", "382.9"], ["208.7", "398.6"], ["20.0", "398.6"], ["20.0", "305.2"]], "Module_type": "GATE"}, {"Ports": [{"Location": [["239.0", "558.2"], ["244.6", "558.2"], ["244.6", "632.9"], ["239.0", "632.9"]], "Type": "SD"}, {"Location": [["440.2", "544.7"], ["440.2", "646.4"], ["246.5", "646.4"], ["246.5", "544.7"]], "Type": "GATE"}, {"Location": [["429.1", "549.9"], ["436.0", "549.9"], ["436.0", "641.2"], ["429.1", "641.2"]], "Type": "SD"}], "Module": "M3", "Boundary": [["440.2", "544.7"], ["440.2", "646.4"], ["239.0", "646.4"], ["239.0", "544.7"]], "Module_type": "GATE"}, {"Ports": [{"Location": [["10.0", "804.3"], ["15.1", "804.3"], ["15.1", "860.7"], ["10.0", "860.7"]], "Type": "SD"}, {"Location": [["131.0", "790.6"], ["131.0", "857.9"], ["130.9", "857.9"], ["130.9", "874.4"], ["17.2", "874.4"], ["17.2", "790.6"]], "Type": "GATE"}, {"Location": [["119.6", "796.0"], ["126.6", "796.0"], ["126.6", "852.5"], ["119.6", "852.5"]], "Type": "SD"}], "Module": "M15", "Boundary": [["131.0", "790.6"], ["131.0", "857.9"], ["130.9", "857.9"], ["130.9", "874.4"], ["10.0", "874.4"], ["10.0", "790.6"]], "Module_type": "GATE"}, {"Ports": [{"Location": [["255.2", "371.7"], ["278.8", "371.7"], ["278.8", "377.0"], ["255.2", "377.0"]], "Type": "SD"}, {"Location": [["239.0", "249.0"], ["277.7", "249.0"], ["277.7", "249.0"], ["295.0", "249.0"], ["295.0", "369.3"], ["239.0", "369.3"]], "Type": "GATE"}, {"Location": [["245.5", "254.5"], ["271.2", "254.5"], ["271.2", "261.9"], ["245.5", "261.9"]], "Type": "SD"}], "Module": "M12", "Boundary": [["239.0", "249.0"], ["277.7", "249.0"], ["277.7", "249.0"], ["295.0", "249.0"], ["295.0", "377.0"], ["239.0", "377.0"]], "Module_type": "GATE"}, {"Ports": [{"Location": [["326.6", "204.0"], ["399.8", "204.0"], ["399.8", "209.5"], ["326.6", "209.5"]], "Type": "SD"}, {"Location": [["312.8", "20.0"], ["413.6", "20.0"], ["413.6", "202.1"], ["312.8", "202.1"]], "Type": "GATE"}, {"Location": [["318.5", "24.7"], ["407.9", "24.7"], ["407.9", "30.5"], ["318.5", "30.5"]], "Type": "SD"}], "Module": "M8", "Boundary": [["312.8", "20.0"], ["413.6", "20.0"], ["413.6", "209.5"], ["312.8", "209.5"]], "Module_type": "GATE"}, {"Ports": [{"Location": [["321.2", "690.7"], ["326.8", "690.7"], ["326.8", "743.8"], ["321.2", "743.8"]], "Type": "SD"}, {"Location": [["430.0", "676.4"], ["430.0", "758.1"], ["329.0", "758.1"], ["329.0", "676.4"]], "Type": "GATE"}, {"Location": [["417.3", "683.4"], ["424.0", "683.4"], ["424.0", "751.1"], ["417.3", "751.1"]], "Type": "SD"}], "Module": "M4", "Boundary": [["430.0", "676.4"], ["430.0", "758.1"], ["321.2", "758.1"], ["321.2", "676.4"]], "Module_type": "GATE"}], "Area": [["-30.0", "-30.0"], ["480.2", "-30.0"], ["480.2", "914.4"], ["-30.0", "914.4"]], "Rules": ["GATE(5,5)", "SD(5,5)", "GATE_SD(0.5)", "GATE_ITO(0.5)", "SD_ITO(0.5)"]}