{"Modules": [{"Module": "M14", "Boundary": [["242.0", "335.2"], ["316.2", "335.2"], ["316.2", "395.4"], ["333.1", "395.4"], ["333.1", "462.5"], ["242.0", "462.5"]], "Module_type": "GATE", "Ports": [{"Location": [["257.1", "456.7"], ["318.0", "456.7"], ["318.0", "462.5"], ["257.1", "462.5"]], "Type": "SD"}, {"Location": [["242.0", "335.2"], ["316.2", "335.2"], ["316.2", "395.4"], ["333.1", "395.4"], ["333.1", "454.1"], ["242.0", "454.1"]], "Type": "GATE"}, {"Location": [["248.1", "340.3"], ["309.1", "340.3"], ["309.1", "346.8"], ["248.1", "346.8"]], "Type": "SD"}]}, {"Ports": [{"Location": [["22.5", "375.4"], ["56.4", "375.4"], ["56.4", "379.9"], ["22.5", "379.9"]], "Type": "SD"}, {"Location": [["10.0", "193.4"], ["55.2", "193.4"], ["55.2", "193.4"], ["68.9", "193.4"], ["68.9", "373.6"], ["10.0", "373.6"]], "Type": "GATE"}, {"Location": [["16.6", "199.0"], ["48.6", "199.0"], ["48.6", "204.0"], ["16.6", "204.0"]], "Type": "SD"}], "Module": "M9", "Boundary": [["10.0", "193.4"], ["55.2", "193.4"], ["55.2", "193.4"], ["68.9", "193.4"], ["68.9", "379.9"], ["10.0", "379.9"]], "Module_type": "GATE"}, {"Ports": [{"Location": [["121.1", "383.1"], ["178.9", "383.1"], ["178.9", "387.2"], ["121.1", "387.2"]], "Type": "SD"}, {"Location": [["108.0", "182.0"], ["192.0", "182.0"], ["192.0", "381.1"], ["108.0", "381.1"]], "Type": "GATE"}, {"Location": [["113.3", "186.3"], ["186.7", "186.3"], ["186.7", "191.7"], ["113.3", "191.7"]], "Type": "SD"}], "Module": "M5", "Boundary": [["108.0", "182.0"], ["192.0", "182.0"], ["192.0", "387.2"], ["108.0", "387.2"]], "Module_type": "GATE"}, {"Ports": [{"Location": [["310.6", "685.7"], ["344.7", "685.7"], ["344.7", "690.0"], ["310.6", "690.0"]], "Type": "SD"}, {"Location": [["297.3", "502.5"], ["358.0", "502.5"], ["358.0", "684.4"], ["297.3", "684.4"]], "Type": "GATE"}, {"Location": [["303.6", "507.8"], ["351.7", "507.8"], ["351.7", "513.8"], ["303.6", "513.8"]], "Type": "SD"}], "Module": "M11", "Boundary": [["297.3", "502.5"], ["358.0", "502.5"], ["358.0", "690.0"], ["297.3", "690.0"]], "Module_type": "GATE"}, {"Ports": [{"Location": [["45.5", "803.5"], ["88.4", "803.5"], ["88.4", "809.1"], ["45.5", "809.1"]], "Type": "SD"}, {"Location": [["30.0", "662.2"], ["86.0", "662.2"], ["86.0", "662.4"], ["103.9", "662.4"], ["103.9", "801.0"], ["30.0", "801.0"]], "Type": "GATE"}, {"Location": [["36.5", "667.7"], ["79.5", "667.7"], ["79.5", "674.6"], ["36.5", "674.6"]], "Type": "SD"}], "Module": "M1", "Boundary": [["30.0", "662.2"], ["86.0", "662.2"], ["86.0", "662.4"], ["103.9", "662.4"], ["103.9", "809.1"], ["30.0", "809.1"]], "Module_type": "GATE"}, {"Ports": [{"Location": [["222.2", "23.5"], ["227.9", "23.5"], ["227.9", "88.2"], ["222.2", "88.2"]], "Type": "SD"}, {"Location": [["348.9", "10.0"], ["348.9", "88.3"], ["278.6", "88.3"], ["278.6", "101.7"], ["229.3", "101.7"], ["229.3", "10.0"]], "Type": "GATE"}, {"Location": [["337.5", "16.8"], ["343.1", "16.8"], ["343.1", "80.5"], ["337.5", "80.5"]], "Type": "SD"}], "Module": "M6", "Boundary": [["348.9", "10.0"], ["348.9", "88.3"], ["278.6", "88.3"], ["278.6", "101.7"], ["222.2", "101.7"], ["222.2", "10.0"]], "Module_type": "GATE"}, {"Ports": [{"Location": [["204.8", "847.4"], ["210.8", "847.4"], ["210.8", "885.8"], ["204.8", "885.8"]], "Type": "SD"}, {"Location": [["333.0", "834.7"], ["333.0", "884.2"], ["272.3", "884.2"], ["272.3", "898.5"], ["213.2", "898.5"], ["213.2", "834.7"]], "Type": "GATE"}, {"Location": [["322.4", "841.6"], ["327.1", "841.6"], ["327.1", "876.3"], ["322.4", "876.3"]], "Type": "SD"}], "Module": "M2", "Boundary": [["333.0", "834.7"], ["333.0", "884.2"], ["272.3", "884.2"], ["272.3", "898.5"], ["204.8", "898.5"], ["204.8", "834.7"]], "Module_type": "GATE"}, {"Ports": [{"Location": [["112.6", "617.7"], ["174.1", "617.7"], ["174.1", "622.2"], ["112.6", "622.2"]], "Type": "SD"}, {"Location": [["98.0", "417.2"], ["171.8", "417.2"], ["171.8", "542.8"], ["188.7", "542.8"], ["188.7", "615.6"], ["98.0", "615.6"]], "Type": "GATE"}, {"Location": [["104.2", "422.4"], ["164.6", "422.4"], ["164.6", "428.5"], ["104.2", "428.5"]], "Type": "SD"}], "Module": "M16", "Boundary": [["98.0", "417.2"], ["171.8", "417.2"], ["171.8", "542.8"], ["188.7", "542.8"], ["188.7", "622.2"], ["98.0", "622.2"]], "Module_type": "GATE"}, {"Ports": [{"Location": [["24.4", "607.7"], ["63.6", "607.7"], ["63.6", "612.2"], ["24.4", "612.2"]], "Type": "SD"}, {"Location": [["10.0", "399.9"], ["78.0", "399.9"], ["78.0", "604.8"], ["10.0", "604.8"]], "Type": "GATE"}, {"Location": [["16.0", "404.9"], ["72.0", "404.9"], ["72.0", "412.4"], ["16.0", "412.4"]], "Type": "SD"}], "Module": "M13", "Boundary": [["10.0", "399.9"], ["78.0", "399.9"], ["78.0", "612.2"], ["10.0", "612.2"]], "Module_type": "GATE"}, {"Ports": [{"Location": [["290.5", "799.2"], ["347.3", "799.2"], ["347.3", "804.7"], ["290.5", "804.7"]], "Type": "SD"}, {"Location": [["278.3", "710.0"], ["344.2", "710.0"], ["344.2", "745.4"], ["359.5", "745.4"], ["359.5", "797.1"], ["278.3", "797.1"]], "Type": "GATE"}, {"Location": [["284.3", "715.0"], ["337.2", "715.0"], ["337.2", "719.8"], ["284.3", "719.8"]], "Type": "SD"}], "Module": "M10", "Boundary": [["278.3", "710.0"], ["344.2", "710.0"], ["344.2", "745.4"], ["359.5", "745.4"], ["359.5", "804.7"], ["278.3", "804.7"]], "Module_type": "GATE"}, {"Ports": [{"Location": [["244.9", "279.5"], ["334.2", "279.5"], ["334.2", "285.2"], ["244.9", "285.2"]], "Type": "SD"}, {"Location": [["232.2", "131.7"], ["330.3", "131.7"], ["330.3", "131.8"], ["346.9", "131.8"], ["346.9", "276.8"], ["232.2", "276.8"]], "Type": "GATE"}, {"Location": [["237.8", "136.3"], ["324.7", "136.3"], ["324.7", "141.0"], ["237.8", "141.0"]], "Type": "SD"}], "Module": "M7", "Boundary": [["232.2", "131.7"], ["330.3", "131.7"], ["330.3", "131.8"], ["346.9", "131.8"], ["346.9", "285.2"], ["232.2", "285.2"]], "Module_type": "GATE"}, {"Ports": [{"Location": [["104.4", "147.8"], ["190.1", "147.8"], ["190.1", "152.0"], ["104.4", "152.0"]], "Type": "SD"}, {"Location": [["92.3", "10.0"], ["186.3", "10.0"], ["186.3", "10.5"], ["202.2", "10.5"], ["202.2", "146.4"], ["92.3", "146.4"]], "Type": "GATE"}, {"Location": [["97.9", "14.6"], ["180.7", "14.6"], ["180.7", "18.8"], ["97.9", "18.8"]], "Type": "SD"}], "Module": "M3", "Boundary": [["92.3", "10.0"], ["186.3", "10.0"], ["186.3", "10.5"], ["202.2", "10.5"], ["202.2", "152.0"], ["92.3", "152.0"]], "Module_type": "GATE"}, {"Ports": [{"Location": [["22.6", "167.8"], ["59.7", "167.8"], ["59.7", "173.4"], ["22.6", "173.4"]], "Type": "SD"}, {"Location": [["10.0", "10.0"], ["57.5", "10.0"], ["57.5", "10.1"], ["72.3", "10.1"], ["72.3", "165.2"], ["10.0", "165.2"]], "Type": "GATE"}, {"Location": [["15.0", "14.0"], ["52.5", "14.0"], ["52.5", "21.1"], ["15.0", "21.1"]], "Type": "SD"}], "Module": "M15", "Boundary": [["10.0", "10.0"], ["57.5", "10.0"], ["57.5", "10.1"], ["72.3", "10.1"], ["72.3", "173.4"], ["10.0", "173.4"]], "Module_type": "GATE"}, {"Ports": [{"Location": [["221.7", "608.8"], ["264.3", "608.8"], ["264.3", "614.7"], ["221.7", "614.7"]], "Type": "SD"}, {"Location": [["208.7", "502.5"], ["260.7", "502.5"], ["260.7", "536.8"], ["277.3", "536.8"], ["277.3", "606.3"], ["208.7", "606.3"]], "Type": "GATE"}, {"Location": [["214.2", "507.0"], ["254.2", "507.0"], ["254.2", "512.6"], ["214.2", "512.6"]], "Type": "SD"}], "Module": "M12", "Boundary": [["208.7", "502.5"], ["260.7", "502.5"], ["260.7", "536.8"], ["277.3", "536.8"], ["277.3", "614.7"], ["208.7", "614.7"]], "Module_type": "GATE"}, {"Ports": [{"Location": [["167.5", "772.0"], ["234.7", "772.0"], ["234.7", "777.7"], ["167.5", "777.7"]], "Type": "SD"}, {"Location": [["153.9", "652.2"], ["234.0", "652.2"], ["234.0", "691.3"], ["248.3", "691.3"], ["248.3", "769.8"], ["153.9", "769.8"]], "Type": "GATE"}, {"Location": [["159.8", "657.1"], ["227.1", "657.1"], ["227.1", "663.6"], ["159.8", "663.6"]], "Type": "SD"}], "Module": "M8", "Boundary": [["153.9", "652.2"], ["234.0", "652.2"], ["234.0", "691.3"], ["248.3", "691.3"], ["248.3", "777.7"], ["153.9", "777.7"]], "Module_type": "GATE"}], "Area": [["-30.0", "-30.0"], ["399.5", "-30.0"], ["399.5", "960.1"], ["-30.0", "960.1"]], "Rules": ["GATE(5,5)", "SD(5,5)", "GATE_SD(0.5)", "GATE_ITO(0.5)", "SD_ITO(0.5)"]}