{"Modules": [{"Module": "M14", "Boundary": [["375.6", "703.7"], ["375.6", "757.9"], ["328.7", "757.9"], ["328.7", "775.1"], ["258.3", "775.1"], ["258.3", "703.7"]], "Module_type": "GATE", "Ports": [{"Location": [["258.3", "717.4"], ["262.7", "717.4"], ["262.7", "761.4"], ["258.3", "761.4"]], "Type": "SD"}, {"Location": [["375.6", "703.7"], ["375.6", "757.9"], ["328.7", "757.9"], ["328.7", "775.1"], ["264.7", "775.1"], ["264.7", "703.7"]], "Type": "GATE"}, {"Location": [["365.0", "708.9"], ["371.4", "708.9"], ["371.4", "751.7"], ["365.0", "751.7"]], "Type": "SD"}]}, {"Ports": [{"Location": [["25.4", "216.7"], ["66.4", "216.7"], ["66.4", "221.2"], ["25.4", "221.2"]], "Type": "SD"}, {"Location": [["10.0", "10.0"], ["81.8", "10.0"], ["81.8", "215.3"], ["10.0", "215.3"]], "Type": "GATE"}, {"Location": [["16.7", "15.7"], ["75.1", "15.7"], ["75.1", "22.4"], ["16.7", "22.4"]], "Type": "SD"}], "Module": "M9", "Boundary": [["10.0", "10.0"], ["81.8", "10.0"], ["81.8", "221.2"], ["10.0", "221.2"]], "Module_type": "GATE"}, {"Ports": [{"Location": [["34.0", "462.6"], ["92.6", "462.6"], ["92.6", "466.7"], ["34.0", "466.7"]], "Type": "SD"}, {"Location": [["20.0", "266.9"], ["106.6", "266.9"], ["106.6", "460.9"], ["20.0", "460.9"]], "Type": "GATE"}, {"Location": [["26.5", "272.4"], ["100.1", "272.4"], ["100.1", "278.4"], ["26.5", "278.4"]], "Type": "SD"}], "Module": "M5", "Boundary": [["20.0", "266.9"], ["106.6", "266.9"], ["106.6", "466.7"], ["20.0", "466.7"]], "Module_type": "GATE"}, {"Ports": [{"Location": [["10.0", "726.8"], ["15.1", "726.8"], ["15.1", "783.1"], ["10.0", "783.1"]], "Type": "SD"}, {"Location": [["218.3", "712.7"], ["218.3", "780.5"], ["218.2", "780.5"], ["218.2", "797.2"], ["17.8", "797.2"], ["17.8", "712.7"]], "Type": "GATE"}, {"Location": [["207.5", "718.7"], ["213.3", "718.7"], ["213.3", "774.5"], ["207.5", "774.5"]], "Type": "SD"}], "Module": "M11", "Boundary": [["218.3", "712.7"], ["218.3", "780.5"], ["218.2", "780.5"], ["218.2", "797.2"], ["10.0", "797.2"], ["10.0", "712.7"]], "Module_type": "GATE"}, {"Ports": [{"Location": [["175.3", "535.1"], ["250.5", "535.1"], ["250.5", "540.3"], ["175.3", "540.3"]], "Type": "SD"}, {"Location": [["162.6", "394.7"], ["263.2", "394.7"], ["263.2", "533.1"], ["162.6", "533.1"]], "Type": "GATE"}, {"Location": [["168.5", "399.6"], ["257.3", "399.6"], ["257.3", "404.5"], ["168.5", "404.5"]], "Type": "SD"}], "Module": "M1", "Boundary": [["162.6", "394.7"], ["263.2", "394.7"], ["263.2", "540.3"], ["162.6", "540.3"]], "Module_type": "GATE"}, {"Ports": [{"Location": [["319.7", "24.8"], ["324.6", "24.8"], ["324.6", "105.3"], ["319.7", "105.3"]], "Type": "SD"}, {"Location": [["403.4", "10.0"], ["403.4", "102.8"], ["391.7", "102.8"], ["391.7", "120.1"], ["326.7", "120.1"], ["326.7", "10.0"]], "Type": "GATE"}, {"Location": [["391.9", "16.9"], ["397.5", "16.9"], ["397.5", "94.9"], ["391.9", "94.9"]], "Type": "SD"}], "Module": "M6", "Boundary": [["403.4", "10.0"], ["403.4", "102.8"], ["391.7", "102.8"], ["391.7", "120.1"], ["319.7", "120.1"], ["319.7", "10.0"]], "Module_type": "GATE"}, {"Ports": [{"Location": [["20.0", "519.1"], ["24.7", "519.1"], ["24.7", "599.6"], ["20.0", "599.6"]], "Type": "SD"}, {"Location": [["103.9", "506.7"], ["103.9", "598.4"], ["91.4", "598.4"], ["91.4", "612.0"], ["26.5", "612.0"], ["26.5", "506.7"]], "Type": "GATE"}, {"Location": [["93.4", "512.4"], ["99.2", "512.4"], ["99.2", "591.7"], ["93.4", "591.7"]], "Type": "SD"}], "Module": "M2", "Boundary": [["103.9", "506.7"], ["103.9", "598.4"], ["91.4", "598.4"], ["91.4", "612.0"], ["20.0", "612.0"], ["20.0", "506.7"]], "Module_type": "GATE"}, {"Ports": [{"Location": [["154.0", "349.5"], ["191.7", "349.5"], ["191.7", "354.7"], ["154.0", "354.7"]], "Type": "SD"}, {"Location": [["142.6", "256.9"], ["189.1", "256.9"], ["189.1", "264.4"], ["203.1", "264.4"], ["203.1", "346.7"], ["142.6", "346.7"]], "Type": "GATE"}, {"Location": [["147.8", "261.1"], ["182.9", "261.1"], ["182.9", "266.6"], ["147.8", "266.6"]], "Type": "SD"}], "Module": "M16", "Boundary": [["142.6", "256.9"], ["189.1", "256.9"], ["189.1", "264.4"], ["203.1", "264.4"], ["203.1", "354.7"], ["142.6", "354.7"]], "Module_type": "GATE"}, {"Ports": [{"Location": [["156.6", "680.4"], ["198.3", "680.4"], ["198.3", "684.7"], ["156.6", "684.7"]], "Type": "SD"}, {"Location": [["142.6", "580.3"], ["194.6", "580.3"], ["194.6", "580.5"], ["212.3", "580.5"], ["212.3", "677.4"], ["142.6", "677.4"]], "Type": "GATE"}, {"Location": [["148.1", "584.8"], ["189.1", "584.8"], ["189.1", "590.9"], ["148.1", "590.9"]], "Type": "SD"}], "Module": "M13", "Boundary": [["142.6", "580.3"], ["194.6", "580.3"], ["194.6", "580.5"], ["212.3", "580.5"], ["212.3", "684.7"], ["142.6", "684.7"]], "Module_type": "GATE"}, {"Ports": [{"Location": [["235.3", "344.6"], ["272.3", "344.6"], ["272.3", "349.2"], ["235.3", "349.2"]], "Type": "SD"}, {"Location": [["223.1", "211.9"], ["270.6", "211.9"], ["270.6", "257.7"], ["284.5", "257.7"], ["284.5", "343.0"], ["223.1", "343.0"]], "Type": "GATE"}, {"Location": [["229.1", "216.9"], ["263.6", "216.9"], ["263.6", "222.4"], ["229.1", "222.4"]], "Type": "SD"}], "Module": "M10", "Boundary": [["223.1", "211.9"], ["270.6", "211.9"], ["270.6", "257.7"], ["284.5", "257.7"], ["284.5", "349.2"], ["223.1", "349.2"]], "Module_type": "GATE"}, {"Ports": [{"Location": [["325.7", "537.0"], ["383.8", "537.0"], ["383.8", "541.1"], ["325.7", "541.1"]], "Type": "SD"}, {"Location": [["313.2", "405.1"], ["396.3", "405.1"], ["396.3", "534.3"], ["313.2", "534.3"]], "Type": "GATE"}, {"Location": [["318.2", "409.1"], ["391.3", "409.1"], ["391.3", "415.2"], ["318.2", "415.2"]], "Type": "SD"}], "Module": "M7", "Boundary": [["313.2", "405.1"], ["396.3", "405.1"], ["396.3", "541.1"], ["313.2", "541.1"]], "Module_type": "GATE"}, {"Ports": [{"Location": [["232.3", "593.6"], ["237.6", "593.6"], ["237.6", "650.4"], ["232.3", "650.4"]], "Type": "SD"}, {"Location": [["405.1", "580.3"], ["405.1", "647.3"], ["405.0", "647.3"], ["405.0", "663.7"], ["239.4", "663.7"], ["239.4", "580.3"]], "Type": "GATE"}, {"Location": [["394.3", "585.5"], ["400.9", "585.5"], ["400.9", "642.1"], ["394.3", "642.1"]], "Type": "SD"}], "Module": "M3", "Boundary": [["405.1", "580.3"], ["405.1", "647.3"], ["405.0", "647.3"], ["405.0", "663.7"], ["232.3", "663.7"], ["232.3", "580.3"]], "Module_type": "GATE"}, {"Ports": [{"Location": [["10.0", "655.2"], ["14.0", "655.2"], ["14.0", "679.5"], ["10.0", "679.5"]], "Type": "SD"}, {"Location": [["122.6", "642.0"], ["122.6", "692.7"], ["16.8", "692.7"], ["16.8", "642.0"]], "Type": "GATE"}, {"Location": [["111.8", "647.5"], ["118.1", "647.5"], ["118.1", "687.2"], ["111.8", "687.2"]], "Type": "SD"}], "Module": "M15", "Boundary": [["122.6", "642.0"], ["122.6", "692.7"], ["10.0", "692.7"], ["10.0", "642.0"]], "Module_type": "GATE"}, {"Ports": [{"Location": [["317.5", "369.7"], ["389.7", "369.7"], ["389.7", "375.1"], ["317.5", "375.1"]], "Type": "SD"}, {"Location": [["304.5", "211.9"], ["387.4", "211.9"], ["387.4", "268.3"], ["402.7", "268.3"], ["402.7", "368.1"], ["304.5", "368.1"]], "Type": "GATE"}, {"Location": [["310.4", "216.8"], ["380.5", "216.8"], ["380.5", "221.9"], ["310.4", "221.9"]], "Type": "SD"}], "Module": "M12", "Boundary": [["304.5", "211.9"], ["387.4", "211.9"], ["387.4", "268.3"], ["402.7", "268.3"], ["402.7", "375.1"], ["304.5", "375.1"]], "Module_type": "GATE"}, {"Ports": [{"Location": [["124.2", "222.8"], ["165.4", "222.8"], ["165.4", "226.9"], ["124.2", "226.9"]], "Type": "SD"}, {"Location": [["111.8", "20.0"], ["162.0", "20.0"], ["162.0", "148.8"], ["177.8", "148.8"], ["177.8", "220.9"], ["111.8", "220.9"]], "Type": "GATE"}, {"Location": [["117.0", "24.2"], ["155.8", "24.2"], ["155.8", "29.8"], ["117.0", "29.8"]], "Type": "SD"}], "Module": "M8", "Boundary": [["111.8", "20.0"], ["162.0", "20.0"], ["162.0", "148.8"], ["177.8", "148.8"], ["177.8", "226.9"], ["111.8", "226.9"]], "Module_type": "GATE"}, {"Ports": [{"Location": [["232.0", "176.9"], ["275.5", "176.9"], ["275.5", "181.9"], ["232.0", "181.9"]], "Type": "SD"}, {"Location": [["217.8", "20.0"], ["289.7", "20.0"], ["289.7", "174.3"], ["217.8", "174.3"]], "Type": "GATE"}, {"Location": [["223.9", "25.1"], ["283.6", "25.1"], ["283.6", "31.4"], ["223.9", "31.4"]], "Type": "SD"}], "Module": "M4", "Boundary": [["217.8", "20.0"], ["289.7", "20.0"], ["289.7", "181.9"], ["217.8", "181.9"]], "Module_type": "GATE"}], "Area": [["-30.0", "-30.0"], ["445.1", "-30.0"], ["445.1", "837.2"], ["-30.0", "837.2"]], "Rules": ["GATE(5,5)", "SD(5,5)", "GATE_SD(0.5)", "GATE_ITO(0.5)", "SD_ITO(0.5)"]}