{"Modules": [{"Module": "M14", "Boundary": [["636.3", "215.2"], ["636.3", "280.5"], ["526.6", "280.5"], ["526.6", "215.2"]], "Module_type": "GATE", "Ports": [{"Location": [["526.6", "228.0"], ["532.2", "228.0"], ["532.2", "267.7"], ["526.6", "267.7"]], "Type": "SD"}, {"Location": [["636.3", "215.2"], ["636.3", "280.5"], ["534.9", "280.5"], ["534.9", "215.2"]], "Type": "GATE"}, {"Location": [["626.1", "221.5"], ["631.0", "221.5"], ["631.0", "274.2"], ["626.1", "274.2"]], "Type": "SD"}]}, {"Ports": [{"Location": [["219.2", "258.6"], ["223.7", "258.6"], ["223.7", "303.4"], ["219.2", "303.4"]], "Type": "SD"}, {"Location": [["329.4", "246.5"], ["329.4", "315.5"], ["226.2", "315.5"], ["226.2", "246.5"]], "Type": "GATE"}, {"Location": [["319.1", "251.7"], ["325.2", "251.7"], ["325.2", "310.3"], ["319.1", "310.3"]], "Type": "SD"}], "Module": "M9", "Boundary": [["329.4", "246.5"], ["329.4", "315.5"], ["219.2", "315.5"], ["219.2", "246.5"]], "Module_type": "GATE"}, {"Ports": [{"Location": [["20.0", "269.0"], ["25.1", "269.0"], ["25.1", "310.5"], ["20.0", "310.5"]], "Type": "SD"}, {"Location": [["189.2", "253.8"], ["189.2", "325.7"], ["27.8", "325.7"], ["27.8", "253.8"]], "Type": "GATE"}, {"Location": [["177.4", "260.0"], ["184.0", "260.0"], ["184.0", "319.5"], ["177.4", "319.5"]], "Type": "SD"}], "Module": "M5", "Boundary": [["189.2", "253.8"], ["189.2", "325.7"], ["20.0", "325.7"], ["20.0", "253.8"]], "Module_type": "GATE"}, {"Ports": [{"Location": [["349.4", "237.9"], ["354.4", "237.9"], ["354.4", "290.6"], ["349.4", "290.6"]], "Type": "SD"}, {"Location": [["486.6", "224.7"], ["486.6", "288.4"], ["486.2", "288.4"], ["486.2", "303.8"], ["357.4", "303.8"], ["357.4", "224.7"]], "Type": "GATE"}, {"Location": [["476.1", "231.5"], ["480.8", "231.5"], ["480.8", "281.6"], ["476.1", "281.6"]], "Type": "SD"}], "Module": "M11", "Boundary": [["486.6", "224.7"], ["486.6", "288.4"], ["486.2", "288.4"], ["486.2", "303.8"], ["349.4", "303.8"], ["349.4", "224.7"]], "Module_type": "GATE"}, {"Ports": [{"Location": [["535.6", "45.3"], ["541.0", "45.3"], ["541.0", "139.9"], ["535.6", "139.9"]], "Type": "SD"}, {"Location": [["660.6", "30.0"], ["660.6", "155.2"], ["542.2", "155.2"], ["542.2", "30.0"]], "Type": "GATE"}, {"Location": [["648.0", "36.5"], ["655.1", "36.5"], ["655.1", "148.7"], ["648.0", "148.7"]], "Type": "SD"}], "Module": "M1", "Boundary": [["660.6", "30.0"], ["660.6", "155.2"], ["535.6", "155.2"], ["535.6", "30.0"]], "Module_type": "GATE"}, {"Ports": [{"Location": [["714.2", "99.6"], ["753.0", "99.6"], ["753.0", "104.5"], ["714.2", "104.5"]], "Type": "SD"}, {"Location": [["700.6", "10.0"], ["750.3", "10.0"], ["750.3", "10.0"], ["766.6", "10.0"], ["766.6", "97.3"], ["700.6", "97.3"]], "Type": "GATE"}, {"Location": [["706.6", "15.0"], ["744.3", "15.0"], ["744.3", "20.5"], ["706.6", "20.5"]], "Type": "SD"}], "Module": "M6", "Boundary": [["700.6", "10.0"], ["750.3", "10.0"], ["750.3", "10.0"], ["766.6", "10.0"], ["766.6", "104.5"], ["700.6", "104.5"]], "Module_type": "GATE"}, {"Ports": [{"Location": [["699.9", "421.3"], ["741.7", "421.3"], ["741.7", "425.8"], ["699.9", "425.8"]], "Type": "SD"}, {"Location": [["686.3", "281.1"], ["738.4", "281.1"], ["738.4", "281.4"], ["755.3", "281.4"], ["755.3", "419.0"], ["686.3", "419.0"]], "Type": "GATE"}, {"Location": [["692.1", "285.9"], ["732.6", "285.9"], ["732.6", "292.1"], ["692.1", "292.1"]], "Type": "SD"}], "Module": "M2", "Boundary": [["686.3", "281.1"], ["738.4", "281.1"], ["738.4", "281.4"], ["755.3", "281.4"], ["755.3", "425.8"], ["686.3", "425.8"]], "Module_type": "GATE"}, {"Ports": [{"Location": [["714.4", "245.7"], ["762.5", "245.7"], ["762.5", "251.1"], ["714.4", "251.1"]], "Type": "SD"}, {"Location": [["700.6", "124.5"], ["776.3", "124.5"], ["776.3", "244.3"], ["700.6", "244.3"]], "Type": "GATE"}, {"Location": [["706.1", "129.0"], ["770.8", "129.0"], ["770.8", "136.8"], ["706.1", "136.8"]], "Type": "SD"}], "Module": "M16", "Boundary": [["700.6", "124.5"], ["776.3", "124.5"], ["776.3", "251.1"], ["700.6", "251.1"]], "Module_type": "GATE"}, {"Ports": [{"Location": [["346.6", "106.9"], ["352.0", "106.9"], ["352.0", "189.5"], ["346.6", "189.5"]], "Type": "SD"}, {"Location": [["469.1", "91.7"], ["469.1", "204.7"], ["354.9", "204.7"], ["354.9", "91.7"]], "Type": "GATE"}, {"Location": [["456.9", "97.7"], ["464.1", "97.7"], ["464.1", "198.7"], ["456.9", "198.7"]], "Type": "SD"}], "Module": "M13", "Boundary": [["469.1", "91.7"], ["469.1", "204.7"], ["346.6", "204.7"], ["346.6", "91.7"]], "Module_type": "GATE"}, {"Ports": [{"Location": [["255.4", "349.1"], ["259.9", "349.1"], ["259.9", "425.2"], ["255.4", "425.2"]], "Type": "SD"}, {"Location": [["448.9", "335.5"], ["448.9", "421.5"], ["448.6", "421.5"], ["448.6", "438.8"], ["261.4", "438.8"], ["261.4", "335.5"]], "Type": "GATE"}, {"Location": [["438.2", "341.6"], ["443.8", "341.6"], ["443.8", "415.4"], ["438.2", "415.4"]], "Type": "SD"}], "Module": "M10", "Boundary": [["448.9", "335.5"], ["448.9", "421.5"], ["448.6", "421.5"], ["448.6", "438.8"], ["255.4", "438.8"], ["255.4", "335.5"]], "Module_type": "GATE"}, {"Ports": [{"Location": [["140.0", "209.2"], ["195.1", "209.2"], ["195.1", "213.8"], ["140.0", "213.8"]], "Type": "SD"}, {"Location": [["126.9", "20.0"], ["208.2", "20.0"], ["208.2", "207.4"], ["126.9", "207.4"]], "Type": "GATE"}, {"Location": [["132.9", "25.0"], ["202.2", "25.0"], ["202.2", "31.3"], ["132.9", "31.3"]], "Type": "SD"}], "Module": "M7", "Boundary": [["126.9", "20.0"], ["208.2", "20.0"], ["208.2", "213.8"], ["126.9", "213.8"]], "Module_type": "GATE"}, {"Ports": [{"Location": [["346.6", "22.7"], ["351.2", "22.7"], ["351.2", "59.0"], ["346.6", "59.0"]], "Type": "SD"}, {"Location": [["495.6", "10.0"], ["495.6", "56.7"], ["495.3", "56.7"], ["495.3", "71.7"], ["352.7", "71.7"], ["352.7", "10.0"]], "Type": "GATE"}, {"Location": [["485.5", "16.4"], ["490.2", "16.4"], ["490.2", "50.3"], ["485.5", "50.3"]], "Type": "SD"}], "Module": "M3", "Boundary": [["495.6", "10.0"], ["495.6", "56.7"], ["495.3", "56.7"], ["495.3", "71.7"], ["346.6", "71.7"], ["346.6", "10.0"]], "Module_type": "GATE"}, {"Ports": [{"Location": [["24.1", "202.9"], ["82.8", "202.9"], ["82.8", "207.5"], ["24.1", "207.5"]], "Type": "SD"}, {"Location": [["10.0", "10.0"], ["96.9", "10.0"], ["96.9", "200.5"], ["10.0", "200.5"]], "Type": "GATE"}, {"Location": [["16.1", "15.1"], ["90.8", "15.1"], ["90.8", "21.5"], ["16.1", "21.5"]], "Type": "SD"}], "Module": "M15", "Boundary": [["10.0", "10.0"], ["96.9", "10.0"], ["96.9", "207.5"], ["10.0", "207.5"]], "Module_type": "GATE"}, {"Ports": [{"Location": [["10.0", "368.9"], ["15.8", "368.9"], ["15.8", "424.1"], ["10.0", "424.1"]], "Type": "SD"}, {"Location": [["235.4", "355.7"], ["235.4", "421.4"], ["235.2", "421.4"], ["235.2", "437.3"], ["17.2", "437.3"], ["17.2", "355.7"]], "Type": "GATE"}, {"Location": [["224.8", "361.9"], ["230.2", "361.9"], ["230.2", "415.2"], ["224.8", "415.2"]], "Type": "SD"}], "Module": "M12", "Boundary": [["235.4", "355.7"], ["235.4", "421.4"], ["235.2", "421.4"], ["235.2", "437.3"], ["10.0", "437.3"], ["10.0", "355.7"]], "Module_type": "GATE"}, {"Ports": [{"Location": [["478.9", "347.6"], ["483.9", "347.6"], ["483.9", "415.4"], ["478.9", "415.4"]], "Type": "SD"}, {"Location": [["635.1", "333.8"], ["635.1", "429.2"], ["486.8", "429.2"], ["486.8", "333.8"]], "Type": "GATE"}, {"Location": [["623.8", "339.6"], ["630.3", "339.6"], ["630.3", "423.4"], ["623.8", "423.4"]], "Type": "SD"}], "Module": "M8", "Boundary": [["635.1", "333.8"], ["635.1", "429.2"], ["478.9", "429.2"], ["478.9", "333.8"]], "Module_type": "GATE"}], "Area": [["-30.0", "-30.0"], ["816.3", "-30.0"], ["816.3", "478.8"], ["-30.0", "478.8"]], "Rules": ["GATE(5,5)", "SD(5,5)", "GATE_SD(0.5)", "GATE_ITO(0.5)", "SD_ITO(0.5)"]}