{"Modules": [{"Module": "M14", "Boundary": [["380.6", "772.6"], ["380.6", "851.1"], ["329.9", "851.1"], ["329.9", "865.2"], ["273.3", "865.2"], ["273.3", "772.6"]], "Module_type": "GATE", "Ports": [{"Location": [["273.3", "784.8"], ["277.6", "784.8"], ["277.6", "853.0"], ["273.3", "853.0"]], "Type": "SD"}, {"Location": [["380.6", "772.6"], ["380.6", "851.1"], ["329.9", "851.1"], ["329.9", "865.2"], ["279.4", "865.2"], ["279.4", "772.6"]], "Type": "GATE"}, {"Location": [["370.4", "779.1"], ["375.1", "779.1"], ["375.1", "843.6"], ["370.4", "843.6"]], "Type": "SD"}]}, {"Ports": [{"Location": [["254.2", "408.7"], ["259.1", "408.7"], ["259.1", "483.1"], ["254.2", "483.1"]], "Type": "SD"}, {"Location": [["439.7", "393.3"], ["439.7", "498.5"], ["261.0", "498.5"], ["261.0", "393.3"]], "Type": "GATE"}, {"Location": [["427.5", "399.8"], ["434.2", "399.8"], ["434.2", "492.0"], ["427.5", "492.0"]], "Type": "SD"}], "Module": "M9", "Boundary": [["439.7", "393.3"], ["439.7", "498.5"], ["254.2", "498.5"], ["254.2", "393.3"]], "Module_type": "GATE"}, {"Ports": [{"Location": [["20.0", "198.4"], ["25.2", "198.4"], ["25.2", "271.5"], ["20.0", "271.5"]], "Type": "SD"}, {"Location": [["112.5", "185.4"], ["112.5", "284.5"], ["26.9", "284.5"], ["26.9", "185.4"]], "Type": "GATE"}, {"Location": [["102.0", "190.7"], ["108.2", "190.7"], ["108.2", "279.2"], ["102.0", "279.2"]], "Type": "SD"}], "Module": "M5", "Boundary": [["112.5", "185.4"], ["112.5", "284.5"], ["20.0", "284.5"], ["20.0", "185.4"]], "Module_type": "GATE"}, {"Ports": [{"Location": [["270.0", "152.1"], ["332.4", "152.1"], ["332.4", "157.8"], ["270.0", "157.8"]], "Type": "SD"}, {"Location": [["254.2", "10.0"], ["330.0", "10.0"], ["330.0", "10.1"], ["348.2", "10.1"], ["348.2", "150.7"], ["254.2", "150.7"]], "Type": "GATE"}, {"Location": [["261.1", "15.9"], ["323.1", "15.9"], ["323.1", "23.1"], ["261.1", "23.1"]], "Type": "SD"}], "Module": "M11", "Boundary": [["254.2", "10.0"], ["330.0", "10.0"], ["330.0", "10.1"], ["348.2", "10.1"], ["348.2", "157.8"], ["254.2", "157.8"]], "Module_type": "GATE"}, {"Ports": [{"Location": [["30.0", "757.3"], ["35.6", "757.3"], ["35.6", "849.9"], ["30.0", "849.9"]], "Type": "SD"}, {"Location": [["213.3", "743.0"], ["213.3", "847.1"], ["213.0", "847.1"], ["213.0", "864.2"], ["38.0", "864.2"], ["38.0", "743.0"]], "Type": "GATE"}, {"Location": [["202.4", "749.9"], ["207.4", "749.9"], ["207.4", "840.2"], ["202.4", "840.2"]], "Type": "SD"}], "Module": "M1", "Boundary": [["213.3", "743.0"], ["213.3", "847.1"], ["213.0", "847.1"], ["213.0", "864.2"], ["30.0", "864.2"], ["30.0", "743.0"]], "Module_type": "GATE"}, {"Ports": [{"Location": [["323.8", "652.5"], ["328.2", "652.5"], ["328.2", "719.4"], ["323.8", "719.4"]], "Type": "SD"}, {"Location": [["421.5", "639.3"], ["421.5", "718.4"], ["378.1", "718.4"], ["378.1", "732.6"], ["330.9", "732.6"], ["330.9", "639.3"]], "Type": "GATE"}, {"Location": [["411.2", "645.7"], ["416.1", "645.7"], ["416.1", "711.0"], ["411.2", "711.0"]], "Type": "SD"}], "Module": "M6", "Boundary": [["421.5", "639.3"], ["421.5", "718.4"], ["378.1", "718.4"], ["378.1", "732.6"], ["323.8", "732.6"], ["323.8", "639.3"]], "Module_type": "GATE"}, {"Ports": [{"Location": [["367.3", "357.5"], ["404.9", "357.5"], ["404.9", "361.5"], ["367.3", "361.5"]], "Type": "SD"}, {"Location": [["354.9", "221.5"], ["403.5", "221.5"], ["403.5", "279.8"], ["417.3", "279.8"], ["417.3", "355.9"], ["354.9", "355.9"]], "Type": "GATE"}, {"Location": [["360.5", "226.1"], ["396.9", "226.1"], ["396.9", "232.2"], ["360.5", "232.2"]], "Type": "SD"}], "Module": "M2", "Boundary": [["354.9", "221.5"], ["403.5", "221.5"], ["403.5", "279.8"], ["417.3", "279.8"], ["417.3", "361.5"], ["354.9", "361.5"]], "Module_type": "GATE"}, {"Ports": [{"Location": [["380.0", "187.3"], ["418.2", "187.3"], ["418.2", "191.5"], ["380.0", "191.5"]], "Type": "SD"}, {"Location": [["368.2", "10.0"], ["415.5", "10.0"], ["415.5", "105.1"], ["430.0", "105.1"], ["430.0", "185.5"], ["368.2", "185.5"]], "Type": "GATE"}, {"Location": [["373.7", "14.5"], ["409.0", "14.5"], ["409.0", "19.3"], ["373.7", "19.3"]], "Type": "SD"}], "Module": "M16", "Boundary": [["368.2", "10.0"], ["415.5", "10.0"], ["415.5", "105.1"], ["430.0", "105.1"], ["430.0", "191.5"], ["368.2", "191.5"]], "Module_type": "GATE"}, {"Ports": [{"Location": [["269.0", "367.6"], ["310.1", "367.6"], ["310.1", "373.3"], ["269.0", "373.3"]], "Type": "SD"}, {"Location": [["254.2", "177.8"], ["324.9", "177.8"], ["324.9", "365.9"], ["254.2", "365.9"]], "Type": "GATE"}, {"Location": [["260.3", "182.9"], ["318.8", "182.9"], ["318.8", "190.3"], ["260.3", "190.3"]], "Type": "SD"}], "Module": "M13", "Boundary": [["254.2", "177.8"], ["324.9", "177.8"], ["324.9", "373.3"], ["254.2", "373.3"]], "Module_type": "GATE"}, {"Ports": [{"Location": [["220.6", "688.4"], ["288.9", "688.4"], ["288.9", "692.7"], ["220.6", "692.7"]], "Type": "SD"}, {"Location": [["205.7", "518.5"], ["289.3", "518.5"], ["289.3", "592.6"], ["303.8", "592.6"], ["303.8", "685.7"], ["205.7", "685.7"]], "Type": "GATE"}, {"Location": [["211.6", "523.4"], ["282.4", "523.4"], ["282.4", "531.3"], ["211.6", "531.3"]], "Type": "SD"}], "Module": "M10", "Boundary": [["205.7", "518.5"], ["289.3", "518.5"], ["289.3", "592.6"], ["303.8", "592.6"], ["303.8", "692.7"], ["205.7", "692.7"]], "Module_type": "GATE"}, {"Ports": [{"Location": [["333.8", "540.6"], ["338.4", "540.6"], ["338.4", "597.2"], ["333.8", "597.2"]], "Type": "SD"}, {"Location": [["431.2", "528.5"], ["431.2", "592.6"], ["430.8", "592.6"], ["430.8", "609.3"], ["340.8", "609.3"], ["340.8", "528.5"]], "Type": "GATE"}, {"Location": [["422.3", "533.6"], ["427.1", "533.6"], ["427.1", "587.5"], ["422.3", "587.5"]], "Type": "SD"}], "Module": "M7", "Boundary": [["431.2", "528.5"], ["431.2", "592.6"], ["430.8", "592.6"], ["430.8", "609.3"], ["333.8", "609.3"], ["333.8", "528.5"]], "Module_type": "GATE"}, {"Ports": [{"Location": [["10.0", "595.5"], ["14.9", "595.5"], ["14.9", "689.0"], ["10.0", "689.0"]], "Type": "SD"}, {"Location": [["185.7", "581.5"], ["185.7", "703.0"], ["16.1", "703.0"], ["16.1", "581.5"]], "Type": "GATE"}, {"Location": [["173.9", "587.9"], ["180.3", "587.9"], ["180.3", "696.6"], ["173.9", "696.6"]], "Type": "SD"}], "Module": "M3", "Boundary": [["185.7", "581.5"], ["185.7", "703.0"], ["10.0", "703.0"], ["10.0", "581.5"]], "Module_type": "GATE"}, {"Ports": [{"Location": [["154.3", "371.5"], ["222.4", "371.5"], ["222.4", "376.4"], ["154.3", "376.4"]], "Type": "SD"}, {"Location": [["142.5", "175.4"], ["234.2", "175.4"], ["234.2", "369.7"], ["142.5", "369.7"]], "Type": "GATE"}, {"Location": [["147.7", "179.6"], ["229.0", "179.6"], ["229.0", "185.1"], ["147.7", "185.1"]], "Type": "SD"}], "Module": "M15", "Boundary": [["142.5", "175.4"], ["234.2", "175.4"], ["234.2", "376.4"], ["142.5", "376.4"]], "Module_type": "GATE"}, {"Ports": [{"Location": [["135.4", "557.0"], ["173.2", "557.0"], ["173.2", "561.5"], ["135.4", "561.5"]], "Type": "SD"}, {"Location": [["123.6", "396.4"], ["170.7", "396.4"], ["170.7", "482.2"], ["185.0", "482.2"], ["185.0", "555.9"], ["123.6", "555.9"]], "Type": "GATE"}, {"Location": [["128.9", "400.7"], ["164.4", "400.7"], ["164.4", "405.8"], ["128.9", "405.8"]], "Type": "SD"}], "Module": "M12", "Boundary": [["123.6", "396.4"], ["170.7", "396.4"], ["170.7", "482.2"], ["185.0", "482.2"], ["185.0", "561.5"], ["123.6", "561.5"]], "Module_type": "GATE"}, {"Ports": [{"Location": [["32.8", "508.7"], ["80.8", "508.7"], ["80.8", "514.5"], ["32.8", "514.5"]], "Type": "SD"}, {"Location": [["20.0", "324.5"], ["80.9", "324.5"], ["80.9", "406.5"], ["93.6", "406.5"], ["93.6", "507.3"], ["20.0", "507.3"]], "Type": "GATE"}, {"Location": [["26.6", "330.1"], ["73.3", "330.1"], ["73.3", "335.5"], ["26.6", "335.5"]], "Type": "SD"}], "Module": "M8", "Boundary": [["20.0", "324.5"], ["80.9", "324.5"], ["80.9", "406.5"], ["93.6", "406.5"], ["93.6", "514.5"], ["20.0", "514.5"]], "Module_type": "GATE"}], "Area": [["-30.0", "-30.0"], ["479.7", "-30.0"], ["479.7", "905.2"], ["-30.0", "905.2"]], "Rules": ["GATE(5,5)", "SD(5,5)", "GATE_SD(0.5)", "GATE_ITO(0.5)", "SD_ITO(0.5)"]}