{"Modules": [{"Module": "M14", "Boundary": [["147.1", "971.6"], ["237.8", "971.6"], ["237.8", "1042.3"], ["251.1", "1042.3"], ["251.1", "1174.6"], ["147.1", "1174.6"]], "Module_type": "GATE", "Ports": [{"Location": [["160.1", "1168.6"], ["238.1", "1168.6"], ["238.1", "1174.6"], ["160.1", "1174.6"]], "Type": "SD"}, {"Location": [["147.1", "971.6"], ["237.8", "971.6"], ["237.8", "1042.3"], ["251.1", "1042.3"], ["251.1", "1167.1"], ["147.1", "1167.1"]], "Type": "GATE"}, {"Location": [["153.9", "977.4"], ["230.0", "977.4"], ["230.0", "982.5"], ["153.9", "982.5"]], "Type": "SD"}]}, {"Ports": [{"Location": [["290.1", "544.0"], ["403.7", "544.0"], ["403.7", "548.8"], ["290.1", "548.8"]], "Type": "SD"}, {"Location": [["277.6", "359.1"], ["416.2", "359.1"], ["416.2", "541.7"], ["277.6", "541.7"]], "Type": "GATE"}, {"Location": [["283.2", "363.7"], ["410.6", "363.7"], ["410.6", "369.1"], ["283.2", "369.1"]], "Type": "SD"}], "Module": "M9", "Boundary": [["277.6", "359.1"], ["416.2", "359.1"], ["416.2", "548.8"], ["277.6", "548.8"]], "Module_type": "GATE"}, {"Ports": [{"Location": [["164.0", "465.9"], ["168.0", "465.9"], ["168.0", "527.3"], ["164.0", "527.3"]], "Type": "SD"}, {"Location": [["247.6", "452.0"], ["247.6", "523.2"], ["247.6", "523.2"], ["247.6", "541.2"], ["169.7", "541.2"], ["169.7", "452.0"]], "Type": "GATE"}, {"Location": [["237.1", "457.6"], ["243.0", "457.6"], ["243.0", "517.6"], ["237.1", "517.6"]], "Type": "SD"}], "Module": "M5", "Boundary": [["247.6", "452.0"], ["247.6", "523.2"], ["247.6", "523.2"], ["247.6", "541.2"], ["164.0", "541.2"], ["164.0", "452.0"]], "Module_type": "GATE"}, {"Ports": [{"Location": [["291.7", "314.6"], ["387.7", "314.6"], ["387.7", "319.1"], ["291.7", "319.1"]], "Type": "SD"}, {"Location": [["278.1", "181.1"], ["386.4", "181.1"], ["386.4", "181.6"], ["401.3", "181.6"], ["401.3", "312.4"], ["278.1", "312.4"]], "Type": "GATE"}, {"Location": [["284.4", "186.4"], ["380.1", "186.4"], ["380.1", "192.1"], ["284.4", "192.1"]], "Type": "SD"}], "Module": "M11", "Boundary": [["278.1", "181.1"], ["386.4", "181.1"], ["386.4", "181.6"], ["401.3", "181.6"], ["401.3", "319.1"], ["278.1", "319.1"]], "Module_type": "GATE"}, {"Ports": [{"Location": [["292.4", "1165.5"], ["408.9", "1165.5"], ["408.9", "1171.0"], ["292.4", "1171.0"]], "Type": "SD"}, {"Location": [["278.3", "957.5"], ["404.8", "957.5"], ["404.8", "958.1"], ["423.0", "958.1"], ["423.0", "1163.7"], ["278.3", "1163.7"]], "Type": "GATE"}, {"Location": [["283.4", "961.6"], ["399.7", "961.6"], ["399.7", "968.5"], ["283.4", "968.5"]], "Type": "SD"}], "Module": "M1", "Boundary": [["278.3", "957.5"], ["404.8", "957.5"], ["404.8", "958.1"], ["423.0", "958.1"], ["423.0", "1171.0"], ["278.3", "1171.0"]], "Module_type": "GATE"}, {"Ports": [{"Location": [["287.6", "610.8"], ["293.5", "610.8"], ["293.5", "673.1"], ["287.6", "673.1"]], "Type": "SD"}, {"Location": [["407.4", "598.8"], ["407.4", "685.1"], ["294.6", "685.1"], ["294.6", "598.8"]], "Type": "GATE"}, {"Location": [["397.2", "605.0"], ["402.2", "605.0"], ["402.2", "678.9"], ["397.2", "678.9"]], "Type": "SD"}], "Module": "M19", "Boundary": [["407.4", "598.8"], ["407.4", "685.1"], ["287.6", "685.1"], ["287.6", "598.8"]], "Module_type": "GATE"}, {"Ports": [{"Location": [["10.0", "1208.9"], ["15.4", "1208.9"], ["15.4", "1297.0"], ["10.0", "1297.0"]], "Type": "SD"}, {"Location": [["210.7", "1194.6"], ["210.7", "1296.1"], ["176.4", "1296.1"], ["176.4", "1311.3"], ["17.2", "1311.3"], ["17.2", "1194.6"]], "Type": "GATE"}, {"Location": [["198.6", "1200.4"], ["205.9", "1200.4"], ["205.9", "1289.3"], ["198.6", "1289.3"]], "Type": "SD"}], "Module": "M6", "Boundary": [["210.7", "1194.6"], ["210.7", "1296.1"], ["176.4", "1296.1"], ["176.4", "1311.3"], ["10.0", "1311.3"], ["10.0", "1194.6"]], "Module_type": "GATE"}, {"Ports": [{"Location": [["230.7", "1208.3"], ["235.0", "1208.3"], ["235.0", "1296.9"], ["230.7", "1296.9"]], "Type": "SD"}, {"Location": [["426.2", "1194.6"], ["426.2", "1295.2"], ["408.5", "1295.2"], ["408.5", "1310.6"], ["237.2", "1310.6"], ["237.2", "1194.6"]], "Type": "GATE"}, {"Location": [["415.4", "1200.0"], ["421.8", "1200.0"], ["421.8", "1288.8"], ["415.4", "1288.8"]], "Type": "SD"}], "Module": "M2", "Boundary": [["426.2", "1194.6"], ["426.2", "1295.2"], ["408.5", "1295.2"], ["408.5", "1310.6"], ["230.7", "1310.6"], ["230.7", "1194.6"]], "Module_type": "GATE"}, {"Ports": [{"Location": [["128.3", "44.0"], ["133.2", "44.0"], ["133.2", "99.8"], ["128.3", "99.8"]], "Type": "SD"}, {"Location": [["281.6", "30.0"], ["281.6", "98.6"], ["230.3", "98.6"], ["230.3", "113.8"], ["135.2", "113.8"], ["135.2", "30.0"]], "Type": "GATE"}, {"Location": [["269.7", "35.8"], ["276.8", "35.8"], ["276.8", "91.8"], ["269.7", "91.8"]], "Type": "SD"}], "Module": "M16", "Boundary": [["281.6", "30.0"], ["281.6", "98.6"], ["230.3", "98.6"], ["230.3", "113.8"], ["128.3", "113.8"], ["128.3", "30.0"]], "Module_type": "GATE"}, {"Ports": [{"Location": [["154.7", "262.0"], ["217.5", "262.0"], ["217.5", "268.0"], ["154.7", "268.0"]], "Type": "SD"}, {"Location": [["144.1", "173.8"], ["228.1", "173.8"], ["228.1", "260.0"], ["144.1", "260.0"]], "Type": "GATE"}, {"Location": [["149.3", "178.0"], ["222.9", "178.0"], ["222.9", "182.4"], ["149.3", "182.4"]], "Type": "SD"}], "Module": "M13", "Boundary": [["144.1", "173.8"], ["228.1", "173.8"], ["228.1", "268.0"], ["144.1", "268.0"]], "Module_type": "GATE"}, {"Ports": [{"Location": [["117.6", "585.3"], ["122.3", "585.3"], ["122.3", "713.6"], ["117.6", "713.6"]], "Type": "SD"}, {"Location": [["217.0", "571.2"], ["217.0", "711.4"], ["186.2", "711.4"], ["186.2", "727.7"], ["124.0", "727.7"], ["124.0", "571.2"]], "Type": "GATE"}, {"Location": [["205.9", "577.1"], ["212.1", "577.1"], ["212.1", "704.5"], ["205.9", "704.5"]], "Type": "SD"}], "Module": "M10", "Boundary": [["217.0", "571.2"], ["217.0", "711.4"], ["186.2", "711.4"], ["186.2", "727.7"], ["117.6", "727.7"], ["117.6", "571.2"]], "Module_type": "GATE"}, {"Ports": [{"Location": [["10.0", "21.1"], ["14.5", "21.1"], ["14.5", "115.7"], ["10.0", "115.7"]], "Type": "SD"}, {"Location": [["88.3", "10.0"], ["88.3", "126.8"], ["17.1", "126.8"], ["17.1", "10.0"]], "Type": "GATE"}, {"Location": [["78.8", "15.3"], ["84.0", "15.3"], ["84.0", "121.5"], ["78.8", "121.5"]], "Type": "SD"}], "Module": "M7", "Boundary": [["88.3", "10.0"], ["88.3", "126.8"], ["10.0", "126.8"], ["10.0", "10.0"]], "Module_type": "GATE"}, {"Ports": [{"Location": [["30.0", "344.9"], ["34.1", "344.9"], ["34.1", "398.1"], ["30.0", "398.1"]], "Type": "SD"}, {"Location": [["210.0", "331.0"], ["210.0", "412.0"], ["36.2", "412.0"], ["36.2", "331.0"]], "Type": "GATE"}, {"Location": [["198.6", "338.0"], ["204.0", "338.0"], ["204.0", "405.0"], ["198.6", "405.0"]], "Type": "SD"}], "Module": "M3", "Boundary": [["210.0", "331.0"], ["210.0", "412.0"], ["30.0", "412.0"], ["30.0", "331.0"]], "Module_type": "GATE"}, {"Ports": [{"Location": [["334.7", "145.9"], ["392.5", "145.9"], ["392.5", "151.1"], ["334.7", "151.1"]], "Type": "SD"}, {"Location": [["321.6", "10.0"], ["389.8", "10.0"], ["389.8", "57.0"], ["405.6", "57.0"], ["405.6", "144.8"], ["321.6", "144.8"]], "Type": "GATE"}, {"Location": [["326.6", "14.0"], ["383.8", "14.0"], ["383.8", "20.1"], ["326.6", "20.1"]], "Type": "SD"}], "Module": "M18", "Boundary": [["321.6", "10.0"], ["389.8", "10.0"], ["389.8", "57.0"], ["405.6", "57.0"], ["405.6", "151.1"], ["321.6", "151.1"]], "Module_type": "GATE"}, {"Ports": [{"Location": [["30.0", "792.1"], ["34.4", "792.1"], ["34.4", "917.2"], ["30.0", "917.2"]], "Type": "SD"}, {"Location": [["238.3", "777.7"], ["238.3", "915.7"], ["145.7", "915.7"], ["145.7", "931.6"], ["35.9", "931.6"], ["35.9", "777.7"]], "Type": "GATE"}, {"Location": [["226.8", "784.0"], ["233.0", "784.0"], ["233.0", "908.4"], ["226.8", "908.4"]], "Type": "SD"}], "Module": "M20", "Boundary": [["238.3", "777.7"], ["238.3", "915.7"], ["145.7", "915.7"], ["145.7", "931.6"], ["30.0", "931.6"], ["30.0", "777.7"]], "Module_type": "GATE"}, {"Ports": [{"Location": [["22.8", "1161.1"], ["114.3", "1161.1"], ["114.3", "1167.0"], ["22.8", "1167.0"]], "Type": "SD"}, {"Location": [["10.0", "971.6"], ["127.1", "971.6"], ["127.1", "1159.3"], ["10.0", "1159.3"]], "Type": "GATE"}, {"Location": [["15.3", "975.9"], ["121.8", "975.9"], ["121.8", "982.7"], ["15.3", "982.7"]], "Type": "SD"}], "Module": "M15", "Boundary": [["10.0", "971.6"], ["127.1", "971.6"], ["127.1", "1167.0"], ["10.0", "1167.0"]], "Module_type": "GATE"}, {"Ports": [{"Location": [["21.6", "732.7"], ["76.0", "732.7"], ["76.0", "737.5"], ["21.6", "737.5"]], "Type": "SD"}, {"Location": [["10.0", "534.4"], ["73.1", "534.4"], ["73.1", "659.2"], ["87.6", "659.2"], ["87.6", "730.3"], ["10.0", "730.3"]], "Type": "GATE"}, {"Location": [["15.1", "538.5"], ["67.0", "538.5"], ["67.0", "544.1"], ["15.1", "544.1"]], "Type": "SD"}], "Module": "M12", "Boundary": [["10.0", "534.4"], ["73.1", "534.4"], ["73.1", "659.2"], ["87.6", "659.2"], ["87.6", "737.5"], ["10.0", "737.5"]], "Module_type": "GATE"}, {"Ports": [{"Location": [["10.0", "169.3"], ["16.0", "169.3"], ["16.0", "275.5"], ["10.0", "275.5"]], "Type": "SD"}, {"Location": [["104.1", "153.8"], ["104.1", "275.4"], ["71.0", "275.4"], ["71.0", "291.0"], ["17.8", "291.0"], ["17.8", "153.8"]], "Type": "GATE"}, {"Location": [["91.2", "159.9"], ["99.0", "159.9"], ["99.0", "268.3"], ["91.2", "268.3"]], "Type": "SD"}], "Module": "M8", "Boundary": [["104.1", "153.8"], ["104.1", "275.4"], ["71.0", "275.4"], ["71.0", "291.0"], ["10.0", "291.0"], ["10.0", "153.8"]], "Module_type": "GATE"}, {"Ports": [{"Location": [["290.5", "931.9"], ["403.4", "931.9"], ["403.4", "937.5"], ["290.5", "937.5"]], "Type": "SD"}, {"Location": [["278.3", "725.1"], ["401.4", "725.1"], ["401.4", "818.3"], ["415.6", "818.3"], ["415.6", "929.0"], ["278.3", "929.0"]], "Type": "GATE"}, {"Location": [["283.7", "729.5"], ["395.0", "729.5"], ["395.0", "734.8"], ["283.7", "734.8"]], "Type": "SD"}], "Module": "M4", "Boundary": [["278.3", "725.1"], ["401.4", "725.1"], ["401.4", "818.3"], ["415.6", "818.3"], ["415.6", "937.5"], ["278.3", "937.5"]], "Module_type": "GATE"}], "Area": [["-30.0", "-30.0"], ["466.2", "-30.0"], ["466.2", "1351.3"], ["-30.0", "1351.3"]], "Rules": ["GATE(5,5)", "SD(5,5)", "GATE_SD(0.5)", "GATE_ITO(0.5)", "SD_ITO(0.5)"]}