{"Modules": [{"Module": "M14", "Boundary": [["132.3", "952.1"], ["132.3", "1060.8"], ["63.3", "1060.8"], ["63.3", "1077.6"], ["10.0", "1077.6"], ["10.0", "952.1"]], "Module_type": "GATE", "Ports": [{"Location": [["10.0", "967.3"], ["14.1", "967.3"], ["14.1", "1062.4"], ["10.0", "1062.4"]], "Type": "SD"}, {"Location": [["132.3", "952.1"], ["132.3", "1060.8"], ["63.3", "1060.8"], ["63.3", "1077.6"], ["15.2", "1077.6"], ["15.2", "952.1"]], "Type": "GATE"}, {"Location": [["120.5", "957.1"], ["128.3", "957.1"], ["128.3", "1054.8"], ["120.5", "1054.8"]], "Type": "SD"}]}, {"Ports": [{"Location": [["162.3", "980.3"], ["167.6", "980.3"], ["167.6", "1043.0"], ["162.3", "1043.0"]], "Type": "SD"}, {"Location": [["336.9", "967.1"], ["336.9", "1042.2"], ["336.5", "1042.2"], ["336.5", "1056.2"], ["169.8", "1056.2"], ["169.8", "967.1"]], "Type": "GATE"}, {"Location": [["325.4", "973.7"], ["331.3", "973.7"], ["331.3", "1035.6"], ["325.4", "1035.6"]], "Type": "SD"}], "Module": "M9", "Boundary": [["336.9", "967.1"], ["336.9", "1042.2"], ["336.5", "1042.2"], ["336.5", "1056.2"], ["162.3", "1056.2"], ["162.3", "967.1"]], "Module_type": "GATE"}, {"Ports": [{"Location": [["366.3", "639.3"], ["423.3", "639.3"], ["423.3", "645.1"], ["366.3", "645.1"]], "Type": "SD"}, {"Location": [["352.1", "472.6"], ["420.7", "472.6"], ["420.7", "472.8"], ["437.5", "472.8"], ["437.5", "637.9"], ["352.1", "637.9"]], "Type": "GATE"}, {"Location": [["358.8", "478.3"], ["414.0", "478.3"], ["414.0", "483.4"], ["358.8", "483.4"]], "Type": "SD"}], "Module": "M5", "Boundary": [["352.1", "472.6"], ["420.7", "472.6"], ["420.7", "472.8"], ["437.5", "472.8"], ["437.5", "645.1"], ["352.1", "645.1"]], "Module_type": "GATE"}, {"Ports": [{"Location": [["154.6", "33.0"], ["159.3", "33.0"], ["159.3", "82.4"], ["154.6", "82.4"]], "Type": "SD"}, {"Location": [["281.0", "20.0"], ["281.0", "81.3"], ["280.8", "81.3"], ["280.8", "95.4"], ["160.7", "95.4"], ["160.7", "20.0"]], "Type": "GATE"}, {"Location": [["270.0", "26.6"], ["275.4", "26.6"], ["275.4", "74.7"], ["270.0", "74.7"]], "Type": "SD"}], "Module": "M11", "Boundary": [["281.0", "20.0"], ["281.0", "81.3"], ["280.8", "81.3"], ["280.8", "95.4"], ["154.6", "95.4"], ["154.6", "20.0"]], "Module_type": "GATE"}, {"Ports": [{"Location": [["155.7", "393.3"], ["196.9", "393.3"], ["196.9", "397.7"], ["155.7", "397.7"]], "Type": "SD"}, {"Location": [["142.1", "323.1"], ["193.8", "323.1"], ["193.8", "323.4"], ["210.5", "323.4"], ["210.5", "392.0"], ["142.1", "392.0"]], "Type": "GATE"}, {"Location": [["148.8", "328.8"], ["187.1", "328.8"], ["187.1", "334.3"], ["148.8", "334.3"]], "Type": "SD"}], "Module": "M1", "Boundary": [["142.1", "323.1"], ["193.8", "323.1"], ["193.8", "323.4"], ["210.5", "323.4"], ["210.5", "397.7"], ["142.1", "397.7"]], "Module_type": "GATE"}, {"Ports": [{"Location": [["42.2", "567.9"], ["143.4", "567.9"], ["143.4", "573.3"], ["42.2", "573.3"]], "Type": "SD"}, {"Location": [["30.0", "481.7"], ["142.1", "481.7"], ["142.1", "482.3"], ["155.6", "482.3"], ["155.6", "566.4"], ["30.0", "566.4"]], "Type": "GATE"}, {"Location": [["35.4", "486.1"], ["136.7", "486.1"], ["136.7", "492.2"], ["35.4", "492.2"]], "Type": "SD"}], "Module": "M19", "Boundary": [["30.0", "481.7"], ["142.1", "481.7"], ["142.1", "482.3"], ["155.6", "482.3"], ["155.6", "573.3"], ["30.0", "573.3"]], "Module_type": "GATE"}, {"Ports": [{"Location": [["359.4", "448.3"], ["428.2", "448.3"], ["428.2", "452.6"], ["359.4", "452.6"]], "Type": "SD"}, {"Location": [["346.1", "277.3"], ["426.9", "277.3"], ["426.9", "337.2"], ["441.5", "337.2"], ["441.5", "445.8"], ["346.1", "445.8"]], "Type": "GATE"}, {"Location": [["351.9", "282.1"], ["420.1", "282.1"], ["420.1", "288.0"], ["351.9", "288.0"]], "Type": "SD"}], "Module": "M6", "Boundary": [["346.1", "277.3"], ["426.9", "277.3"], ["426.9", "337.2"], ["441.5", "337.2"], ["441.5", "452.6"], ["346.1", "452.6"]], "Module_type": "GATE"}, {"Ports": [{"Location": [["25.2", "129.2"], ["109.4", "129.2"], ["109.4", "134.7"], ["25.2", "134.7"]], "Type": "SD"}, {"Location": [["10.0", "10.0"], ["124.6", "10.0"], ["124.6", "126.8"], ["10.0", "126.8"]], "Type": "GATE"}, {"Location": [["16.1", "15.1"], ["99.3", "15.1"], ["99.3", "21.7"], ["16.1", "21.7"]], "Type": "SD"}], "Module": "M2", "Boundary": [["10.0", "10.0"], ["124.6", "10.0"], ["124.6", "134.7"], ["10.0", "134.7"]], "Module_type": "GATE"}, {"Ports": [{"Location": [["350.3", "233.2"], ["405.0", "233.2"], ["405.0", "237.3"], ["350.3", "237.3"]], "Type": "SD"}, {"Location": [["337.4", "30.0"], ["402.8", "30.0"], ["402.8", "140.3"], ["417.9", "140.3"], ["417.9", "231.4"], ["337.4", "231.4"]], "Type": "GATE"}, {"Location": [["342.9", "34.5"], ["396.3", "34.5"], ["396.3", "40.5"], ["342.9", "40.5"]], "Type": "SD"}], "Module": "M16", "Boundary": [["337.4", "30.0"], ["402.8", "30.0"], ["402.8", "140.3"], ["417.9", "140.3"], ["417.9", "237.3"], ["337.4", "237.3"]], "Module_type": "GATE"}, {"Ports": [{"Location": [["30.0", "740.3"], ["35.6", "740.3"], ["35.6", "801.3"], ["30.0", "801.3"]], "Type": "SD"}, {"Location": [["162.8", "726.1"], ["162.8", "815.5"], ["37.2", "815.5"], ["37.2", "726.1"]], "Type": "GATE"}, {"Location": [["152.0", "732.5"], ["157.4", "732.5"], ["157.4", "809.1"], ["152.0", "809.1"]], "Type": "SD"}], "Module": "M13", "Boundary": [["162.8", "726.1"], ["162.8", "815.5"], ["30.0", "815.5"], ["30.0", "726.1"]], "Module_type": "GATE"}, {"Ports": [{"Location": [["219.3", "632.2"], ["308.4", "632.2"], ["308.4", "637.2"], ["219.3", "637.2"]], "Type": "SD"}, {"Location": [["205.6", "490.0"], ["306.8", "490.0"], ["306.8", "539.0"], ["322.1", "539.0"], ["322.1", "629.7"], ["205.6", "629.7"]], "Type": "GATE"}, {"Location": [["211.7", "495.1"], ["299.7", "495.1"], ["299.7", "501.4"], ["211.7", "501.4"]], "Type": "SD"}], "Module": "M10", "Boundary": [["205.6", "490.0"], ["306.8", "490.0"], ["306.8", "539.0"], ["322.1", "539.0"], ["322.1", "637.2"], ["205.6", "637.2"]], "Module_type": "GATE"}, {"Ports": [{"Location": [["380.0", "1061.8"], ["431.1", "1061.8"], ["431.1", "1067.5"], ["380.0", "1067.5"]], "Type": "SD"}, {"Location": [["366.9", "859.5"], ["429.2", "859.5"], ["429.2", "859.8"], ["444.2", "859.8"], ["444.2", "1059.5"], ["366.9", "1059.5"]], "Type": "GATE"}, {"Location": [["372.7", "864.3"], ["423.4", "864.3"], ["423.4", "870.5"], ["372.7", "870.5"]], "Type": "SD"}], "Module": "M7", "Boundary": [["366.9", "859.5"], ["429.2", "859.5"], ["429.2", "859.8"], ["444.2", "859.8"], ["444.2", "1067.5"], ["366.9", "1067.5"]], "Module_type": "GATE"}, {"Ports": [{"Location": [["30.0", "189.0"], ["34.2", "189.0"], ["34.2", "268.8"], ["30.0", "268.8"]], "Type": "SD"}, {"Location": [["36.9", "251.4"], ["36.9", "206.4"], ["33.8", "206.4"], ["33.8", "175.7"], ["145.6", "175.7"], ["145.6", "282.1"], ["33.8", "282.1"], ["33.8", "251.4"]], "Type": "GATE"}, {"Location": [["134.1", "180.1"], ["141.2", "180.1"], ["141.2", "277.7"], ["134.1", "277.7"]], "Type": "SD"}], "Module": "M3", "Boundary": [["30.0", "251.4"], ["30.0", "206.4"], ["33.8", "206.4"], ["33.8", "175.7"], ["145.6", "175.7"], ["145.6", "282.1"], ["33.8", "282.1"], ["33.8", "251.4"]], "Module_type": "GATE"}, {"Ports": [{"Location": [["185.6", "139.4"], ["190.7", "139.4"], ["190.7", "265.7"], ["185.6", "265.7"]], "Type": "SD"}, {"Location": [["297.4", "125.4"], ["297.4", "263.6"], ["288.5", "263.6"], ["288.5", "279.7"], ["192.2", "279.7"], ["192.2", "125.4"]], "Type": "GATE"}, {"Location": [["286.4", "130.7"], ["293.1", "130.7"], ["293.1", "257.3"], ["286.4", "257.3"]], "Type": "SD"}], "Module": "M18", "Boundary": [["297.4", "125.4"], ["297.4", "263.6"], ["288.5", "263.6"], ["288.5", "279.7"], ["185.6", "279.7"], ["185.6", "125.4"]], "Module_type": "GATE"}, {"Ports": [{"Location": [["222.8", "700.5"], ["228.0", "700.5"], ["228.0", "806.2"], ["222.8", "806.2"]], "Type": "SD"}, {"Location": [["411.3", "687.2"], ["411.3", "804.9"], ["362.4", "804.9"], ["362.4", "819.5"], ["229.2", "819.5"], ["229.2", "687.2"]], "Type": "GATE"}, {"Location": [["401.0", "692.6"], ["406.9", "692.6"], ["406.9", "797.5"], ["401.0", "797.5"]], "Type": "SD"}], "Module": "M20", "Boundary": [["411.3", "687.2"], ["411.3", "804.9"], ["362.4", "804.9"], ["362.4", "819.5"], ["222.8", "819.5"], ["222.8", "687.2"]], "Module_type": "GATE"}, {"Ports": [{"Location": [["243.9", "454.2"], ["312.7", "454.2"], ["312.7", "460.0"], ["243.9", "460.0"]], "Type": "SD"}, {"Location": [["230.5", "299.7"], ["310.4", "299.7"], ["310.4", "299.8"], ["326.1", "299.8"], ["326.1", "453.0"], ["230.5", "453.0"]], "Type": "GATE"}, {"Location": [["236.7", "304.9"], ["304.2", "304.9"], ["304.2", "309.8"], ["236.7", "309.8"]], "Type": "SD"}], "Module": "M15", "Boundary": [["230.5", "299.7"], ["310.4", "299.7"], ["310.4", "299.8"], ["326.1", "299.8"], ["326.1", "460.0"], ["230.5", "460.0"]], "Module_type": "GATE"}, {"Ports": [{"Location": [["10.0", "625.5"], ["14.8", "625.5"], ["14.8", "673.9"], ["10.0", "673.9"]], "Type": "SD"}, {"Location": [["145.4", "613.3"], ["145.4", "673.1"], ["134.2", "673.1"], ["134.2", "686.1"], ["17.6", "686.1"], ["17.6", "613.3"]], "Type": "GATE"}, {"Location": [["135.5", "619.4"], ["140.3", "619.4"], ["140.3", "666.0"], ["135.5", "666.0"]], "Type": "SD"}], "Module": "M12", "Boundary": [["145.4", "613.3"], ["145.4", "673.1"], ["134.2", "673.1"], ["134.2", "686.1"], ["10.0", "686.1"], ["10.0", "613.3"]], "Module_type": "GATE"}, {"Ports": [{"Location": [["10.0", "871.9"], ["15.7", "871.9"], ["15.7", "919.7"], ["10.0", "919.7"]], "Type": "SD"}, {"Location": [["217.5", "859.5"], ["217.5", "920.2"], ["90.1", "920.2"], ["90.1", "932.1"], ["18.2", "932.1"], ["18.2", "859.5"]], "Type": "GATE"}, {"Location": [["207.1", "865.9"], ["212.1", "865.9"], ["212.1", "911.8"], ["207.1", "911.8"]], "Type": "SD"}], "Module": "M8", "Boundary": [["217.5", "859.5"], ["217.5", "920.2"], ["90.1", "920.2"], ["90.1", "932.1"], ["10.0", "932.1"], ["10.0", "859.5"]], "Module_type": "GATE"}, {"Ports": [{"Location": [["22.6", "436.5"], ["109.5", "436.5"], ["109.5", "441.7"], ["22.6", "441.7"]], "Type": "SD"}, {"Location": [["10.0", "323.1"], ["109.7", "323.1"], ["109.7", "388.2"], ["122.1", "388.2"], ["122.1", "433.6"], ["10.0", "433.6"]], "Type": "GATE"}, {"Location": [["16.8", "328.9"], ["101.9", "328.9"], ["101.9", "334.0"], ["16.8", "334.0"]], "Type": "SD"}], "Module": "M4", "Boundary": [["10.0", "323.1"], ["109.7", "323.1"], ["109.7", "388.2"], ["122.1", "388.2"], ["122.1", "441.7"], ["10.0", "441.7"]], "Module_type": "GATE"}], "Area": [["-30.0", "-30.0"], ["484.2", "-30.0"], ["484.2", "1117.6"], ["-30.0", "1117.6"]], "Rules": ["GATE(5,5)", "SD(5,5)", "GATE_SD(0.5)", "GATE_ITO(0.5)", "SD_ITO(0.5)"]}