{"Modules": [{"Module": "M14", "Boundary": [["427.3", "10.0"], ["427.3", "128.8"], ["368.4", "128.8"], ["368.4", "144.7"], ["285.9", "144.7"], ["285.9", "10.0"]], "Module_type": "GATE", "Ports": [{"Location": [["285.9", "23.4"], ["291.1", "23.4"], ["291.1", "131.3"], ["285.9", "131.3"]], "Type": "SD"}, {"Location": [["427.3", "10.0"], ["427.3", "128.8"], ["368.4", "128.8"], ["368.4", "144.7"], ["292.6", "144.7"], ["292.6", "10.0"]], "Type": "GATE"}, {"Location": [["417.1", "15.8"], ["422.5", "15.8"], ["422.5", "122.0"], ["417.1", "122.0"]], "Type": "SD"}]}, {"Ports": [{"Location": [["342.6", "1266.8"], ["407.2", "1266.8"], ["407.2", "1271.9"], ["342.6", "1271.9"]], "Type": "SD"}, {"Location": [["327.9", "1067.9"], ["421.9", "1067.9"], ["421.9", "1264.1"], ["327.9", "1264.1"]], "Type": "GATE"}, {"Location": [["334.2", "1073.2"], ["415.6", "1073.2"], ["415.6", "1080.8"], ["334.2", "1080.8"]], "Type": "SD"}], "Module": "M9", "Boundary": [["327.9", "1067.9"], ["421.9", "1067.9"], ["421.9", "1271.9"], ["327.9", "1271.9"]], "Module_type": "GATE"}, {"Ports": [{"Location": [["10.0", "1227.4"], ["15.6", "1227.4"], ["15.6", "1293.4"], ["10.0", "1293.4"]], "Type": "SD"}, {"Location": [["204.0", "1215.8"], ["204.0", "1290.3"], ["203.8", "1290.3"], ["203.8", "1305.0"], ["17.3", "1305.0"], ["17.3", "1215.8"]], "Type": "GATE"}, {"Location": [["194.5", "1221.2"], ["199.6", "1221.2"], ["199.6", "1284.9"], ["194.5", "1284.9"]], "Type": "SD"}], "Module": "M5", "Boundary": [["204.0", "1215.8"], ["204.0", "1290.3"], ["203.8", "1290.3"], ["203.8", "1305.0"], ["10.0", "1305.0"], ["10.0", "1215.8"]], "Module_type": "GATE"}, {"Ports": [{"Location": [["324.1", "622.5"], ["407.4", "622.5"], ["407.4", "627.8"], ["324.1", "627.8"]], "Type": "SD"}, {"Location": [["311.0", "453.4"], ["405.2", "453.4"], ["405.2", "453.6"], ["420.5", "453.6"], ["420.5", "619.8"], ["311.0", "619.8"]], "Type": "GATE"}, {"Location": [["316.4", "457.8"], ["399.8", "457.8"], ["399.8", "464.1"], ["316.4", "464.1"]], "Type": "SD"}], "Module": "M11", "Boundary": [["311.0", "453.4"], ["405.2", "453.4"], ["405.2", "453.6"], ["420.5", "453.6"], ["420.5", "627.8"], ["311.0", "627.8"]], "Module_type": "GATE"}, {"Ports": [{"Location": [["23.7", "604.6"], ["134.9", "604.6"], ["134.9", "609.5"], ["23.7", "609.5"]], "Type": "SD"}, {"Location": [["10.0", "431.6"], ["133.7", "431.6"], ["133.7", "431.7"], ["148.6", "431.7"], ["148.6", "601.7"], ["10.0", "601.7"]], "Type": "GATE"}, {"Location": [["16.9", "437.5"], ["126.8", "437.5"], ["126.8", "443.8"], ["16.9", "443.8"]], "Type": "SD"}], "Module": "M1", "Boundary": [["10.0", "431.6"], ["133.7", "431.6"], ["133.7", "431.7"], ["148.6", "431.7"], ["148.6", "609.5"], ["10.0", "609.5"]], "Module_type": "GATE"}, {"Ports": [{"Location": [["30.0", "258.4"], ["35.8", "258.4"], ["35.8", "376.7"], ["30.0", "376.7"]], "Type": "SD"}, {"Location": [["145.9", "243.5"], ["145.9", "373.1"], ["145.5", "373.1"], ["145.5", "391.6"], ["38.2", "391.6"], ["38.2", "243.5"]], "Type": "GATE"}, {"Location": [["134.2", "249.4"], ["141.0", "249.4"], ["141.0", "367.2"], ["134.2", "367.2"]], "Type": "SD"}], "Module": "M19", "Boundary": [["145.9", "243.5"], ["145.9", "373.1"], ["145.5", "373.1"], ["145.5", "391.6"], ["30.0", "391.6"], ["30.0", "243.5"]], "Module_type": "GATE"}, {"Ports": [{"Location": [["10.0", "884.1"], ["15.6", "884.1"], ["15.6", "956.0"], ["10.0", "956.0"]], "Type": "SD"}, {"Location": [["119.7", "870.8"], ["119.7", "969.3"], ["17.4", "969.3"], ["17.4", "870.8"]], "Type": "GATE"}, {"Location": [["108.6", "877.4"], ["114.1", "877.4"], ["114.1", "962.7"], ["108.6", "962.7"]], "Type": "SD"}], "Module": "M6", "Boundary": [["119.7", "870.8"], ["119.7", "969.3"], ["10.0", "969.3"], ["10.0", "870.8"]], "Module_type": "GATE"}, {"Ports": [{"Location": [["162.3", "1127.1"], ["260.2", "1127.1"], ["260.2", "1131.3"], ["162.3", "1131.3"]], "Type": "SD"}, {"Location": [["148.4", "1033.5"], ["260.0", "1033.5"], ["260.0", "1077.1"], ["274.1", "1077.1"], ["274.1", "1124.7"], ["148.4", "1124.7"]], "Type": "GATE"}, {"Location": [["154.6", "1038.7"], ["252.8", "1038.7"], ["252.8", "1045.5"], ["154.6", "1045.5"]], "Type": "SD"}], "Module": "M2", "Boundary": [["148.4", "1033.5"], ["260.0", "1033.5"], ["260.0", "1077.1"], ["274.1", "1077.1"], ["274.1", "1131.3"], ["148.4", "1131.3"]], "Module_type": "GATE"}, {"Ports": [{"Location": [["205.9", "332.4"], ["211.3", "332.4"], ["211.3", "388.5"], ["205.9", "388.5"]], "Type": "SD"}, {"Location": [["403.9", "317.5"], ["403.9", "387.8"], ["387.1", "387.8"], ["387.1", "403.4"], ["213.1", "403.4"], ["213.1", "317.5"]], "Type": "GATE"}, {"Location": [["392.1", "323.8"], ["398.6", "323.8"], ["398.6", "380.5"], ["392.1", "380.5"]], "Type": "SD"}], "Module": "M16", "Boundary": [["403.9", "317.5"], ["403.9", "387.8"], ["387.1", "387.8"], ["387.1", "403.4"], ["205.9", "403.4"], ["205.9", "317.5"]], "Module_type": "GATE"}, {"Ports": [{"Location": [["188.6", "475.8"], ["193.4", "475.8"], ["193.4", "584.5"], ["188.6", "584.5"]], "Type": "SD"}, {"Location": [["261.0", "463.4"], ["261.0", "579.9"], ["260.5", "579.9"], ["260.5", "596.9"], ["195.8", "596.9"], ["195.8", "463.4"]], "Type": "GATE"}, {"Location": [["252.1", "468.7"], ["256.7", "468.7"], ["256.7", "574.6"], ["252.1", "574.6"]], "Type": "SD"}], "Module": "M13", "Boundary": [["261.0", "463.4"], ["261.0", "579.9"], ["260.5", "579.9"], ["260.5", "596.9"], ["188.6", "596.9"], ["188.6", "463.4"]], "Module_type": "GATE"}, {"Ports": [{"Location": [["355.8", "1022.5"], ["408.1", "1022.5"], ["408.1", "1027.9"], ["355.8", "1027.9"]], "Type": "SD"}, {"Location": [["345.0", "816.7"], ["405.1", "816.7"], ["405.1", "929.7"], ["418.9", "929.7"], ["418.9", "1019.8"], ["345.0", "1019.8"]], "Type": "GATE"}, {"Location": [["350.5", "821.2"], ["398.6", "821.2"], ["398.6", "825.8"], ["350.5", "825.8"]], "Type": "SD"}], "Module": "M10", "Boundary": [["345.0", "816.7"], ["405.1", "816.7"], ["405.1", "929.7"], ["418.9", "929.7"], ["418.9", "1027.9"], ["345.0", "1027.9"]], "Module_type": "GATE"}, {"Ports": [{"Location": [["23.4", "1190.3"], ["112.3", "1190.3"], ["112.3", "1195.8"], ["23.4", "1195.8"]], "Type": "SD"}, {"Location": [["10.0", "989.3"], ["125.7", "989.3"], ["125.7", "1189.3"], ["10.0", "1189.3"]], "Type": "GATE"}, {"Location": [["16.1", "994.4"], ["119.6", "994.4"], ["119.6", "1001.1"], ["16.1", "1001.1"]], "Type": "SD"}], "Module": "M7", "Boundary": [["10.0", "989.3"], ["125.7", "989.3"], ["125.7", "1195.8"], ["10.0", "1195.8"]], "Module_type": "GATE"}, {"Ports": [{"Location": [["184.3", "987.8"], ["279.1", "987.8"], ["279.1", "993.5"], ["184.3", "993.5"]], "Type": "SD"}, {"Location": [["168.4", "826.7"], ["295.0", "826.7"], ["295.0", "986.0"], ["168.4", "986.0"]], "Type": "GATE"}, {"Location": [["174.8", "832.1"], ["288.6", "832.1"], ["288.6", "839.4"], ["174.8", "839.4"]], "Type": "SD"}], "Module": "M3", "Boundary": [["168.4", "826.7"], ["295.0", "826.7"], ["295.0", "993.5"], ["168.4", "993.5"]], "Module_type": "GATE"}, {"Ports": [{"Location": [["185.9", "179.7"], ["191.0", "179.7"], ["191.0", "263.6"], ["185.9", "263.6"]], "Type": "SD"}, {"Location": [["402.4", "165.8"], ["402.4", "259.5"], ["286.5", "259.5"], ["286.5", "277.5"], ["192.2", "277.5"], ["192.2", "165.8"]], "Type": "GATE"}, {"Location": [["391.6", "170.9"], ["398.3", "170.9"], ["398.3", "253.4"], ["391.6", "253.4"]], "Type": "SD"}], "Module": "M18", "Boundary": [["402.4", "165.8"], ["402.4", "259.5"], ["286.5", "259.5"], ["286.5", "277.5"], ["185.9", "277.5"], ["185.9", "165.8"]], "Module_type": "GATE"}, {"Ports": [{"Location": [["294.0", "761.7"], ["395.7", "761.7"], ["395.7", "766.7"], ["294.0", "766.7"]], "Type": "SD"}, {"Location": [["279.5", "677.8"], ["395.4", "677.8"], ["395.4", "702.9"], ["410.2", "702.9"], ["410.2", "760.2"], ["279.5", "760.2"]], "Type": "GATE"}, {"Location": [["285.6", "682.9"], ["388.3", "682.9"], ["388.3", "690.3"], ["285.6", "690.3"]], "Type": "SD"}], "Module": "M20", "Boundary": [["279.5", "677.8"], ["395.4", "677.8"], ["395.4", "702.9"], ["410.2", "702.9"], ["410.2", "766.7"], ["279.5", "766.7"]], "Module_type": "GATE"}, {"Ports": [{"Location": [["23.5", "197.8"], ["138.3", "197.8"], ["138.3", "203.5"], ["23.5", "203.5"]], "Type": "SD"}, {"Location": [["10.0", "10.0"], ["151.8", "10.0"], ["151.8", "195.3"], ["10.0", "195.3"]], "Type": "GATE"}, {"Location": [["16.0", "15.0"], ["145.8", "15.0"], ["145.8", "21.3"], ["16.0", "21.3"]], "Type": "SD"}], "Module": "M15", "Boundary": [["10.0", "10.0"], ["151.8", "10.0"], ["151.8", "203.5"], ["10.0", "203.5"]], "Module_type": "GATE"}, {"Ports": [{"Location": [["24.6", "845.3"], ["113.8", "845.3"], ["113.8", "850.8"], ["24.6", "850.8"]], "Type": "SD"}, {"Location": [["10.0", "629.5"], ["113.1", "629.5"], ["113.1", "708.6"], ["128.4", "708.6"], ["128.4", "843.7"], ["10.0", "843.7"]], "Type": "GATE"}, {"Location": [["16.6", "635.1"], ["105.5", "635.1"], ["105.5", "642.2"], ["16.6", "642.2"]], "Type": "SD"}], "Module": "M12", "Boundary": [["10.0", "629.5"], ["113.1", "629.5"], ["113.1", "708.6"], ["128.4", "708.6"], ["128.4", "850.8"], ["10.0", "850.8"]], "Module_type": "GATE"}, {"Ports": [{"Location": [["235.4", "1301.9"], ["286.5", "1301.9"], ["286.5", "1305.9"], ["235.4", "1305.9"]], "Type": "SD"}, {"Location": [["224.0", "1151.3"], ["284.3", "1151.3"], ["284.3", "1243.5"], ["297.9", "1243.5"], ["297.9", "1300.0"], ["224.0", "1300.0"]], "Type": "GATE"}, {"Location": [["229.2", "1155.5"], ["278.1", "1155.5"], ["278.1", "1161.0"], ["229.2", "1161.0"]], "Type": "SD"}], "Module": "M8", "Boundary": [["224.0", "1151.3"], ["284.3", "1151.3"], ["284.3", "1243.5"], ["297.9", "1243.5"], ["297.9", "1305.9"], ["224.0", "1305.9"]], "Module_type": "GATE"}, {"Ports": [{"Location": [["184.8", "140.0"], ["252.9", "140.0"], ["252.9", "145.8"], ["184.8", "145.8"]], "Type": "SD"}, {"Location": [["171.8", "10.0"], ["251.5", "10.0"], ["251.5", "20.9"], ["265.9", "20.9"], ["265.9", "137.8"], ["171.8", "137.8"]], "Type": "GATE"}, {"Location": [["177.5", "14.7"], ["244.8", "14.7"], ["244.8", "20.9"], ["177.5", "20.9"]], "Type": "SD"}], "Module": "M4", "Boundary": [["171.8", "10.0"], ["251.5", "10.0"], ["251.5", "20.9"], ["265.9", "20.9"], ["265.9", "145.8"], ["171.8", "145.8"]], "Module_type": "GATE"}], "Area": [["-30.0", "-30.0"], ["467.3", "-30.0"], ["467.3", "1345.9"], ["-30.0", "1345.9"]], "Rules": ["GATE(5,5)", "SD(5,5)", "GATE_SD(0.5)", "GATE_ITO(0.5)", "SD_ITO(0.5)"]}