{"Modules": [{"Module": "M14", "Boundary": [["517.7", "927.1"], ["517.7", "1018.9"], ["490.9", "1018.9"], ["490.9", "1032.7"], ["428.1", "1032.7"], ["428.1", "927.1"]], "Module_type": "GATE", "Ports": [{"Location": [["428.1", "939.3"], ["434.0", "939.3"], ["434.0", "1020.5"], ["428.1", "1020.5"]], "Type": "SD"}, {"Location": [["517.7", "927.1"], ["517.7", "1018.9"], ["490.9", "1018.9"], ["490.9", "1032.7"], ["435.5", "1032.7"], ["435.5", "927.1"]], "Type": "GATE"}, {"Location": [["507.7", "933.7"], ["512.1", "933.7"], ["512.1", "1011.3"], ["507.7", "1011.3"]], "Type": "SD"}]}, {"Ports": [{"Location": [["20.0", "216.4"], ["25.2", "216.4"], ["25.2", "324.8"], ["20.0", "324.8"]], "Type": "SD"}, {"Location": [["151.8", "202.7"], ["151.8", "338.5"], ["26.2", "338.5"], ["26.2", "202.7"]], "Type": "GATE"}, {"Location": [["141.5", "208.4"], ["147.1", "208.4"], ["147.1", "332.8"], ["141.5", "332.8"]], "Type": "SD"}], "Module": "M9", "Boundary": [["151.8", "202.7"], ["151.8", "338.5"], ["20.0", "338.5"], ["20.0", "202.7"]], "Module_type": "GATE"}, {"Ports": [{"Location": [["10.0", "745.2"], ["14.9", "745.2"], ["14.9", "797.5"], ["10.0", "797.5"]], "Type": "SD"}, {"Location": [["146.8", "731.4"], ["146.8", "796.3"], ["146.7", "796.3"], ["146.7", "811.3"], ["17.9", "811.3"], ["17.9", "731.4"]], "Type": "GATE"}, {"Location": [["134.7", "738.3"], ["140.9", "738.3"], ["140.9", "789.4"], ["134.7", "789.4"]], "Type": "SD"}], "Module": "M5", "Boundary": [["146.8", "731.4"], ["146.8", "796.3"], ["146.7", "796.3"], ["146.7", "811.3"], ["10.0", "811.3"], ["10.0", "731.4"]], "Module_type": "GATE"}, {"Ports": [{"Location": [["191.8", "216.6"], ["196.7", "216.6"], ["196.7", "325.9"], ["191.8", "325.9"]], "Type": "SD"}, {"Location": [["318.0", "202.7"], ["318.0", "322.6"], ["317.4", "322.6"], ["317.4", "339.8"], ["199.1", "339.8"], ["199.1", "202.7"]], "Type": "GATE"}, {"Location": [["307.5", "208.3"], ["313.4", "208.3"], ["313.4", "317.0"], ["307.5", "317.0"]], "Type": "SD"}], "Module": "M11", "Boundary": [["318.0", "202.7"], ["318.0", "322.6"], ["317.4", "322.6"], ["317.4", "339.8"], ["191.8", "339.8"], ["191.8", "202.7"]], "Module_type": "GATE"}, {"Ports": [{"Location": [["23.9", "153.7"], ["96.1", "153.7"], ["96.1", "158.0"], ["23.9", "158.0"]], "Type": "SD"}, {"Location": [["10.0", "10.0"], ["93.9", "10.0"], ["93.9", "10.4"], ["110.0", "10.4"], ["110.0", "151.3"], ["10.0", "151.3"]], "Type": "GATE"}, {"Location": [["17.0", "16.0"], ["86.9", "16.0"], ["86.9", "21.6"], ["17.0", "21.6"]], "Type": "SD"}], "Module": "M1", "Boundary": [["10.0", "10.0"], ["93.9", "10.0"], ["93.9", "10.4"], ["110.0", "10.4"], ["110.0", "158.0"], ["10.0", "158.0"]], "Module_type": "GATE"}, {"Ports": [{"Location": [["163.3", "562.1"], ["169.3", "562.1"], ["169.3", "672.3"], ["163.3", "672.3"]], "Type": "SD"}, {"Location": [["240.5", "548.7"], ["240.5", "685.7"], ["170.9", "685.7"], ["170.9", "548.7"]], "Type": "GATE"}, {"Location": [["230.1", "554.1"], ["236.1", "554.1"], ["236.1", "680.3"], ["230.1", "680.3"]], "Type": "SD"}], "Module": "M19", "Boundary": [["240.5", "548.7"], ["240.5", "685.7"], ["163.3", "685.7"], ["163.3", "548.7"]], "Module_type": "GATE"}, {"Ports": [{"Location": [["296.0", "708.5"], ["401.2", "708.5"], ["401.2", "713.3"], ["296.0", "713.3"]], "Type": "SD"}, {"Location": [["280.5", "586.6"], ["401.3", "586.6"], ["401.3", "636.2"], ["416.7", "636.2"], ["416.7", "706.8"], ["280.5", "706.8"]], "Type": "GATE"}, {"Location": [["287.2", "592.3"], ["393.6", "592.3"], ["393.6", "599.3"], ["287.2", "599.3"]], "Type": "SD"}], "Module": "M6", "Boundary": [["280.5", "586.6"], ["401.3", "586.6"], ["401.3", "636.2"], ["416.7", "636.2"], ["416.7", "713.3"], ["280.5", "713.3"]], "Module_type": "GATE"}, {"Ports": [{"Location": [["25.0", "707.2"], ["106.9", "707.2"], ["106.9", "711.4"], ["25.0", "711.4"]], "Type": "SD"}, {"Location": [["10.0", "580.9"], ["104.4", "580.9"], ["104.4", "643.7"], ["121.9", "643.7"], ["121.9", "705.4"], ["10.0", "705.4"]], "Type": "GATE"}, {"Location": [["15.7", "585.6"], ["97.7", "585.6"], ["97.7", "592.8"], ["15.7", "592.8"]], "Type": "SD"}], "Module": "M2", "Boundary": [["10.0", "580.9"], ["104.4", "580.9"], ["104.4", "643.7"], ["121.9", "643.7"], ["121.9", "711.4"], ["10.0", "711.4"]], "Module_type": "GATE"}, {"Ports": [{"Location": [["42.2", "1029.8"], ["108.1", "1029.8"], ["108.1", "1034.9"], ["42.2", "1034.9"]], "Type": "SD"}, {"Location": [["30.0", "851.3"], ["106.4", "851.3"], ["106.4", "946.1"], ["120.3", "946.1"], ["120.3", "1027.2"], ["30.0", "1027.2"]], "Type": "GATE"}, {"Location": [["35.3", "855.6"], ["100.1", "855.6"], ["100.1", "861.6"], ["35.3", "861.6"]], "Type": "SD"}], "Module": "M16", "Boundary": [["30.0", "851.3"], ["106.4", "851.3"], ["106.4", "946.1"], ["120.3", "946.1"], ["120.3", "1034.9"], ["30.0", "1034.9"]], "Module_type": "GATE"}, {"Ports": [{"Location": [["180.3", "894.5"], ["185.3", "894.5"], ["185.3", "1022.8"], ["180.3", "1022.8"]], "Type": "SD"}, {"Location": [["388.1", "878.6"], ["388.1", "1038.7"], ["187.4", "1038.7"], ["187.4", "878.6"]], "Type": "GATE"}, {"Location": [["375.3", "885.0"], ["382.7", "885.0"], ["382.7", "1032.3"], ["375.3", "1032.3"]], "Type": "SD"}], "Module": "M13", "Boundary": [["388.1", "878.6"], ["388.1", "1038.7"], ["180.3", "1038.7"], ["180.3", "878.6"]], "Module_type": "GATE"}, {"Ports": [{"Location": [["416.5", "201.1"], ["505.6", "201.1"], ["505.6", "206.1"], ["416.5", "206.1"]], "Type": "SD"}, {"Location": [["401.5", "133.3"], ["505.1", "133.3"], ["505.1", "165.5"], ["520.6", "165.5"], ["520.6", "198.5"], ["401.5", "198.5"]], "Type": "GATE"}, {"Location": [["408.2", "139.0"], ["497.4", "139.0"], ["497.4", "145.6"], ["408.2", "145.6"]], "Type": "SD"}], "Module": "M10", "Boundary": [["401.5", "133.3"], ["505.1", "133.3"], ["505.1", "165.5"], ["520.6", "165.5"], ["520.6", "206.1"], ["401.5", "206.1"]], "Module_type": "GATE"}, {"Ports": [{"Location": [["23.6", "555.2"], ["109.7", "555.2"], ["109.7", "560.9"], ["23.6", "560.9"]], "Type": "SD"}, {"Location": [["10.0", "368.5"], ["107.3", "368.5"], ["107.3", "368.6"], ["123.3", "368.6"], ["123.3", "553.5"], ["10.0", "553.5"]], "Type": "GATE"}, {"Location": [["16.2", "373.7"], ["101.1", "373.7"], ["101.1", "379.5"], ["16.2", "379.5"]], "Type": "SD"}], "Module": "M7", "Boundary": [["10.0", "368.5"], ["107.3", "368.5"], ["107.3", "368.6"], ["123.3", "368.6"], ["123.3", "560.9"], ["10.0", "560.9"]], "Module_type": "GATE"}, {"Ports": [{"Location": [["186.8", "766.7"], ["192.2", "766.7"], ["192.2", "805.2"], ["186.8", "805.2"]], "Type": "SD"}, {"Location": [["397.3", "753.3"], ["397.3", "803.0"], ["397.2", "803.0"], ["397.2", "818.6"], ["193.2", "818.6"], ["193.2", "753.3"]], "Type": "GATE"}, {"Location": [["386.1", "760.3"], ["391.3", "760.3"], ["391.3", "796.0"], ["386.1", "796.0"]], "Type": "SD"}], "Module": "M3", "Boundary": [["397.3", "753.3"], ["397.3", "803.0"], ["397.2", "803.0"], ["397.2", "818.6"], ["186.8", "818.6"], ["186.8", "753.3"]], "Module_type": "GATE"}, {"Ports": [{"Location": [["374.8", "560.7"], ["514.2", "560.7"], ["514.2", "566.6"], ["374.8", "566.6"]], "Type": "SD"}, {"Location": [["359.5", "388.4"], ["511.7", "388.4"], ["511.7", "479.4"], ["529.5", "479.4"], ["529.5", "557.8"], ["359.5", "557.8"]], "Type": "GATE"}, {"Location": [["365.2", "393.1"], ["505.0", "393.1"], ["505.0", "400.5"], ["365.2", "400.5"]], "Type": "SD"}], "Module": "M18", "Boundary": [["359.5", "388.4"], ["511.7", "388.4"], ["511.7", "479.4"], ["529.5", "479.4"], ["529.5", "566.6"], ["359.5", "566.6"]], "Module_type": "GATE"}, {"Ports": [{"Location": [["150.0", "43.4"], ["155.8", "43.4"], ["155.8", "139.3"], ["150.0", "139.3"]], "Type": "SD"}, {"Location": [["351.5", "30.0"], ["351.5", "139.0"], ["229.0", "139.0"], ["229.0", "152.7"], ["158.0", "152.7"], ["158.0", "30.0"]], "Type": "GATE"}, {"Location": [["340.0", "36.6"], ["345.9", "36.6"], ["345.9", "131.4"], ["340.0", "131.4"]], "Type": "SD"}], "Module": "M20", "Boundary": [["351.5", "30.0"], ["351.5", "139.0"], ["229.0", "139.0"], ["229.0", "152.7"], ["150.0", "152.7"], ["150.0", "30.0"]], "Module_type": "GATE"}, {"Ports": [{"Location": [["451.8", "902.1"], ["493.8", "902.1"], ["493.8", "907.1"], ["451.8", "907.1"]], "Type": "SD"}, {"Location": [["437.3", "789.0"], ["490.9", "789.0"], ["490.9", "789.2"], ["508.3", "789.2"], ["508.3", "900.3"], ["437.3", "900.3"]], "Type": "GATE"}, {"Location": [["443.6", "794.3"], ["484.6", "794.3"], ["484.6", "800.3"], ["443.6", "800.3"]], "Type": "SD"}], "Module": "M15", "Boundary": [["437.3", "789.0"], ["490.9", "789.0"], ["490.9", "789.2"], ["508.3", "789.2"], ["508.3", "907.1"], ["437.3", "907.1"]], "Module_type": "GATE"}, {"Ports": [{"Location": [["143.3", "401.8"], ["148.5", "401.8"], ["148.5", "495.3"], ["143.3", "495.3"]], "Type": "SD"}, {"Location": [["339.5", "388.4"], ["339.5", "492.4"], ["237.3", "492.4"], ["237.3", "508.7"], ["150.9", "508.7"], ["150.9", "388.4"]], "Type": "GATE"}, {"Location": [["329.3", "394.4"], ["334.5", "394.4"], ["334.5", "485.4"], ["329.3", "485.4"]], "Type": "SD"}], "Module": "M12", "Boundary": [["339.5", "388.4"], ["339.5", "492.4"], ["237.3", "492.4"], ["237.3", "508.7"], ["143.3", "508.7"], ["143.3", "388.4"]], "Module_type": "GATE"}, {"Ports": [{"Location": [["405.2", "97.9"], ["515.4", "97.9"], ["515.4", "103.3"], ["405.2", "103.3"]], "Type": "SD"}, {"Location": [["391.5", "10.0"], ["512.0", "10.0"], ["512.0", "10.2"], ["529.1", "10.2"], ["529.1", "95.9"], ["391.5", "95.9"]], "Type": "GATE"}, {"Location": [["397.6", "15.1"], ["505.9", "15.1"], ["505.9", "20.5"], ["397.6", "20.5"]], "Type": "SD"}], "Module": "M8", "Boundary": [["391.5", "10.0"], ["512.0", "10.0"], ["512.0", "10.2"], ["529.1", "10.2"], ["529.1", "103.3"], ["391.5", "103.3"]], "Module_type": "GATE"}, {"Ports": [{"Location": [["348.0", "249.5"], ["353.4", "249.5"], ["353.4", "355.0"], ["348.0", "355.0"]], "Type": "SD"}, {"Location": [["533.0", "236.1"], ["533.0", "353.1"], ["469.6", "353.1"], ["469.6", "368.4"], ["356.3", "368.4"], ["356.3", "236.1"]], "Type": "GATE"}, {"Location": [["521.6", "241.7"], ["528.4", "241.7"], ["528.4", "346.5"], ["521.6", "346.5"]], "Type": "SD"}], "Module": "M4", "Boundary": [["533.0", "236.1"], ["533.0", "353.1"], ["469.6", "353.1"], ["469.6", "368.4"], ["348.0", "368.4"], ["348.0", "236.1"]], "Module_type": "GATE"}, {"Ports": [{"Location": [["449.6", "764.8"], ["502.4", "764.8"], ["502.4", "769.0"], ["449.6", "769.0"]], "Type": "SD"}, {"Location": [["437.3", "586.6"], ["499.2", "586.6"], ["499.2", "586.9"], ["514.7", "586.9"], ["514.7", "763.3"], ["437.3", "763.3"]], "Type": "GATE"}, {"Location": [["442.6", "590.9"], ["493.9", "590.9"], ["493.9", "596.5"], ["442.6", "596.5"]], "Type": "SD"}], "Module": "M17", "Boundary": [["437.3", "586.6"], ["499.2", "586.6"], ["499.2", "586.9"], ["514.7", "586.9"], ["514.7", "769.0"], ["437.3", "769.0"]], "Module_type": "GATE"}], "Area": [["-30.0", "-30.0"], ["573.0", "-30.0"], ["573.0", "1078.7"], ["-30.0", "1078.7"]], "Rules": ["GATE(5,5)", "SD(5,5)", "GATE_SD(0.5)", "GATE_ITO(0.5)", "SD_ITO(0.5)"]}