{"Modules": [{"Module": "M14", "Boundary": [["334.8", "263.3"], ["334.8", "353.0"], ["327.8", "353.0"], ["327.8", "369.7"], ["246.1", "369.7"], ["246.1", "263.3"]], "Module_type": "GATE", "Ports": [{"Location": [["246.1", "277.4"], ["251.2", "277.4"], ["251.2", "355.6"], ["246.1", "355.6"]], "Type": "SD"}, {"Location": [["334.8", "263.3"], ["334.8", "353.0"], ["327.8", "353.0"], ["327.8", "369.7"], ["252.7", "369.7"], ["252.7", "263.3"]], "Type": "GATE"}, {"Location": [["323.7", "269.8"], ["329.3", "269.8"], ["329.3", "345.5"], ["323.7", "345.5"]], "Type": "SD"}]}, {"Ports": [{"Location": [["381.0", "341.9"], ["386.3", "341.9"], ["386.3", "409.3"], ["381.0", "409.3"]], "Type": "SD"}, {"Location": [["491.9", "328.2"], ["491.9", "407.7"], ["491.8", "407.7"], ["491.8", "423.0"], ["387.9", "423.0"], ["387.9", "328.2"]], "Type": "GATE"}, {"Location": [["481.2", "334.4"], ["486.7", "334.4"], ["486.7", "401.5"], ["481.2", "401.5"]], "Type": "SD"}], "Module": "M9", "Boundary": [["491.9", "328.2"], ["491.9", "407.7"], ["491.8", "407.7"], ["491.8", "423.0"], ["381.0", "423.0"], ["381.0", "328.2"]], "Module_type": "GATE"}, {"Ports": [{"Location": [["131.0", "344.5"], ["213.6", "344.5"], ["213.6", "349.0"], ["131.0", "349.0"]], "Type": "SD"}, {"Location": [["118.5", "189.6"], ["226.1", "189.6"], ["226.1", "343.4"], ["118.5", "343.4"]], "Type": "GATE"}, {"Location": [["125.0", "195.1"], ["219.6", "195.1"], ["219.6", "200.3"], ["125.0", "200.3"]], "Type": "SD"}], "Module": "M5", "Boundary": [["118.5", "189.6"], ["226.1", "189.6"], ["226.1", "349.0"], ["118.5", "349.0"]], "Module_type": "GATE"}, {"Ports": [{"Location": [["33.2", "543.1"], ["144.5", "543.1"], ["144.5", "548.8"], ["33.2", "548.8"]], "Type": "SD"}, {"Location": [["20.0", "406.6"], ["157.7", "406.6"], ["157.7", "541.7"], ["20.0", "541.7"]], "Type": "GATE"}, {"Location": [["25.7", "411.3"], ["152.0", "411.3"], ["152.0", "417.4"], ["25.7", "417.4"]], "Type": "SD"}], "Module": "M11", "Boundary": [["20.0", "406.6"], ["157.7", "406.6"], ["157.7", "548.8"], ["20.0", "548.8"]], "Module_type": "GATE"}, {"Ports": [{"Location": [["219.4", "21.7"], ["223.8", "21.7"], ["223.8", "110.9"], ["219.4", "110.9"]], "Type": "SD"}, {"Location": [["405.3", "10.0"], ["405.3", "122.6"], ["225.7", "122.6"], ["225.7", "10.0"]], "Type": "GATE"}, {"Location": [["395.8", "15.1"], ["401.2", "15.1"], ["401.2", "117.5"], ["395.8", "117.5"]], "Type": "SD"}], "Module": "M1", "Boundary": [["405.3", "10.0"], ["405.3", "122.6"], ["219.4", "122.6"], ["219.4", "10.0"]], "Module_type": "GATE"}, {"Ports": [{"Location": [["162.7", "950.0"], ["166.9", "950.0"], ["166.9", "1001.6"], ["162.7", "1001.6"]], "Type": "SD"}, {"Location": [["253.6", "938.4"], ["253.6", "1013.2"], ["168.8", "1013.2"], ["168.8", "938.4"]], "Type": "GATE"}, {"Location": [["244.5", "943.6"], ["249.4", "943.6"], ["249.4", "1008.0"], ["244.5", "1008.0"]], "Type": "SD"}], "Module": "M19", "Boundary": [["253.6", "938.4"], ["253.6", "1013.2"], ["162.7", "1013.2"], ["162.7", "938.4"]], "Module_type": "GATE"}, {"Ports": [{"Location": [["236.8", "726.2"], ["339.2", "726.2"], ["339.2", "732.0"], ["236.8", "732.0"]], "Type": "SD"}, {"Location": [["223.2", "575.1"], ["340.1", "575.1"], ["340.1", "601.6"], ["352.8", "601.6"], ["352.8", "723.7"], ["223.2", "723.7"]], "Type": "GATE"}, {"Location": [["229.8", "580.7"], ["332.5", "580.7"], ["332.5", "587.0"], ["229.8", "587.0"]], "Type": "SD"}], "Module": "M6", "Boundary": [["223.2", "575.1"], ["340.1", "575.1"], ["340.1", "601.6"], ["352.8", "601.6"], ["352.8", "732.0"], ["223.2", "732.0"]], "Module_type": "GATE"}, {"Ports": [{"Location": [["258.6", "871.2"], ["342.8", "871.2"], ["342.8", "876.7"], ["258.6", "876.7"]], "Type": "SD"}, {"Location": [["243.4", "752.0"], ["358.0", "752.0"], ["358.0", "868.8"], ["243.4", "868.8"]], "Type": "GATE"}, {"Location": [["249.5", "757.1"], ["332.7", "757.1"], ["332.7", "763.7"], ["249.5", "763.7"]], "Type": "SD"}], "Module": "M2", "Boundary": [["243.4", "752.0"], ["358.0", "752.0"], ["358.0", "876.7"], ["243.4", "876.7"]], "Module_type": "GATE"}, {"Ports": [{"Location": [["30.0", "614.0"], ["35.1", "614.0"], ["35.1", "731.4"], ["30.0", "731.4"]], "Type": "SD"}, {"Location": [["183.2", "598.8"], ["183.2", "731.7"], ["131.9", "731.7"], ["131.9", "746.6"], ["37.7", "746.6"], ["37.7", "598.8"]], "Type": "GATE"}, {"Location": [["171.2", "605.6"], ["177.4", "605.6"], ["177.4", "723.9"], ["171.2", "723.9"]], "Type": "SD"}], "Module": "M16", "Boundary": [["183.2", "598.8"], ["183.2", "731.7"], ["131.9", "731.7"], ["131.9", "746.6"], ["30.0", "746.6"], ["30.0", "598.8"]], "Module_type": "GATE"}, {"Ports": [{"Location": [["411.8", "880.2"], ["479.1", "880.2"], ["479.1", "885.0"], ["411.8", "885.0"]], "Type": "SD"}, {"Location": [["398.0", "657.9"], ["477.6", "657.9"], ["477.6", "658.0"], ["492.9", "658.0"], ["492.9", "878.8"], ["398.0", "878.8"]], "Type": "GATE"}, {"Location": [["403.4", "662.3"], ["472.2", "662.3"], ["472.2", "669.2"], ["403.4", "669.2"]], "Type": "SD"}], "Module": "M13", "Boundary": [["398.0", "657.9"], ["477.6", "657.9"], ["477.6", "658.0"], ["492.9", "658.0"], ["492.9", "885.0"], ["398.0", "885.0"]], "Module_type": "GATE"}, {"Ports": [{"Location": [["197.7", "414.7"], ["202.6", "414.7"], ["202.6", "530.1"], ["197.7", "530.1"]], "Type": "SD"}, {"Location": [["341.0", "399.7"], ["341.0", "528.1"], ["317.0", "528.1"], ["317.0", "545.1"], ["204.1", "545.1"], ["204.1", "399.7"]], "Type": "GATE"}, {"Location": [["329.4", "406.0"], ["335.7", "406.0"], ["335.7", "520.8"], ["329.4", "520.8"]], "Type": "SD"}], "Module": "M10", "Boundary": [["341.0", "399.7"], ["341.0", "528.1"], ["317.0", "528.1"], ["317.0", "545.1"], ["197.7", "545.1"], ["197.7", "399.7"]], "Module_type": "GATE"}, {"Ports": [{"Location": [["246.1", "156.9"], ["251.8", "156.9"], ["251.8", "229.0"], ["246.1", "229.0"]], "Type": "SD"}, {"Location": [["340.5", "142.6"], ["340.5", "227.2"], ["340.3", "227.2"], ["340.3", "243.3"], ["253.3", "243.3"], ["253.3", "142.6"]], "Type": "GATE"}, {"Location": [["328.7", "149.2"], ["334.9", "149.2"], ["334.9", "220.6"], ["328.7", "220.6"]], "Type": "SD"}], "Module": "M7", "Boundary": [["340.5", "142.6"], ["340.5", "227.2"], ["340.3", "227.2"], ["340.3", "243.3"], ["246.1", "243.3"], ["246.1", "142.6"]], "Module_type": "GATE"}, {"Ports": [{"Location": [["394.8", "274.0"], ["474.6", "274.0"], ["474.6", "278.2"], ["394.8", "278.2"]], "Type": "SD"}, {"Location": [["468.3", "271.3"], ["379.0", "271.3"], ["379.0", "161.0"], ["490.4", "161.0"], ["490.4", "260.7"], ["468.3", "260.7"]], "Type": "GATE"}, {"Location": [["385.9", "167.0"], ["483.5", "167.0"], ["483.5", "174.0"], ["385.9", "174.0"]], "Type": "SD"}], "Module": "M3", "Boundary": [["468.3", "278.2"], ["379.0", "278.2"], ["379.0", "161.0"], ["490.4", "161.0"], ["490.4", "260.7"], ["468.3", "260.7"]], "Module_type": "GATE"}, {"Ports": [{"Location": [["293.6", "936.7"], ["298.2", "936.7"], ["298.2", "1019.8"], ["293.6", "1019.8"]], "Type": "SD"}, {"Location": [["507.2", "925.0"], ["507.2", "1017.4"], ["391.3", "1017.4"], ["391.3", "1031.5"], ["299.2", "1031.5"], ["299.2", "925.0"]], "Type": "GATE"}, {"Location": [["497.4", "930.6"], ["502.6", "930.6"], ["502.6", "1010.8"], ["497.4", "1010.8"]], "Type": "SD"}], "Module": "M18", "Boundary": [["507.2", "925.0"], ["507.2", "1017.4"], ["391.3", "1017.4"], ["391.3", "1031.5"], ["293.6", "1031.5"], ["293.6", "925.0"]], "Module_type": "GATE"}, {"Ports": [{"Location": [["30.0", "43.9"], ["34.2", "43.9"], ["34.2", "135.7"], ["30.0", "135.7"]], "Type": "SD"}, {"Location": [["179.4", "30.0"], ["179.4", "133.6"], ["104.5", "133.6"], ["104.5", "149.6"], ["35.4", "149.6"], ["35.4", "30.0"]], "Type": "GATE"}, {"Location": [["168.5", "35.8"], ["174.6", "35.8"], ["174.6", "126.8"], ["168.5", "126.8"]], "Type": "SD"}], "Module": "M20", "Boundary": [["179.4", "30.0"], ["179.4", "133.6"], ["104.5", "133.6"], ["104.5", "149.6"], ["30.0", "149.6"], ["30.0", "30.0"]], "Module_type": "GATE"}, {"Ports": [{"Location": [["386.5", "613.5"], ["499.2", "613.5"], ["499.2", "617.9"], ["386.5", "617.9"]], "Type": "SD"}, {"Location": [["372.8", "453.0"], ["512.9", "453.0"], ["512.9", "612.4"], ["372.8", "612.4"]], "Type": "GATE"}, {"Location": [["379.4", "458.6"], ["506.3", "458.6"], ["506.3", "464.6"], ["379.4", "464.6"]], "Type": "SD"}], "Module": "M15", "Boundary": [["372.8", "453.0"], ["512.9", "453.0"], ["512.9", "617.9"], ["372.8", "617.9"]], "Module_type": "GATE"}, {"Ports": [{"Location": [["24.6", "372.2"], ["83.9", "372.2"], ["83.9", "376.6"], ["24.6", "376.6"]], "Type": "SD"}, {"Location": [["10.0", "189.6"], ["81.9", "189.6"], ["81.9", "205.9"], ["98.5", "205.9"], ["98.5", "371.2"], ["10.0", "371.2"]], "Type": "GATE"}, {"Location": [["16.1", "194.7"], ["74.8", "194.7"], ["74.8", "201.1"], ["16.1", "201.1"]], "Type": "SD"}], "Module": "M12", "Boundary": [["10.0", "189.6"], ["81.9", "189.6"], ["81.9", "205.9"], ["98.5", "205.9"], ["98.5", "376.6"], ["10.0", "376.6"]], "Module_type": "GATE"}, {"Ports": [{"Location": [["437.9", "103.9"], ["494.8", "103.9"], ["494.8", "108.9"], ["437.9", "108.9"]], "Type": "SD"}, {"Location": [["425.3", "10.0"], ["491.7", "10.0"], ["491.7", "63.1"], ["507.4", "63.1"], ["507.4", "102.1"], ["425.3", "102.1"]], "Type": "GATE"}, {"Location": [["431.1", "14.8"], ["484.9", "14.8"], ["484.9", "19.2"], ["431.1", "19.2"]], "Type": "SD"}], "Module": "M8", "Boundary": [["425.3", "10.0"], ["491.7", "10.0"], ["491.7", "63.1"], ["507.4", "63.1"], ["507.4", "108.9"], ["425.3", "108.9"]], "Module_type": "GATE"}, {"Ports": [{"Location": [["10.0", "801.4"], ["15.5", "801.4"], ["15.5", "883.6"], ["10.0", "883.6"]], "Type": "SD"}, {"Location": [["223.4", "786.6"], ["223.4", "884.2"], ["130.8", "884.2"], ["130.8", "898.4"], ["18.1", "898.4"], ["18.1", "786.6"]], "Type": "GATE"}, {"Location": [["210.7", "793.5"], ["217.5", "793.5"], ["217.5", "876.3"], ["210.7", "876.3"]], "Type": "SD"}], "Module": "M4", "Boundary": [["223.4", "786.6"], ["223.4", "884.2"], ["130.8", "884.2"], ["130.8", "898.4"], ["10.0", "898.4"], ["10.0", "786.6"]], "Module_type": "GATE"}], "Area": [["-30.0", "-30.0"], ["552.9", "-30.0"], ["552.9", "1071.5"], ["-30.0", "1071.5"]], "Rules": ["GATE(5,5)", "SD(5,5)", "GATE_SD(0.5)", "GATE_ITO(0.5)", "SD_ITO(0.5)"]}