{"Modules": [{"Module": "M14", "Boundary": [["750.9", "443.7"], ["845.1", "443.7"], ["845.1", "461.8"], ["859.3", "461.8"], ["859.3", "557.7"], ["750.9", "557.7"]], "Module_type": "GATE", "Ports": [{"Location": [["763.3", "552.1"], ["846.9", "552.1"], ["846.9", "557.7"], ["763.3", "557.7"]], "Type": "SD"}, {"Location": [["750.9", "443.7"], ["845.1", "443.7"], ["845.1", "461.8"], ["859.3", "461.8"], ["859.3", "550.0"], ["750.9", "550.0"]], "Type": "GATE"}, {"Location": [["756.6", "448.4"], ["838.4", "448.4"], ["838.4", "454.3"], ["756.6", "454.3"]], "Type": "SD"}]}, {"Ports": [{"Location": [["382.4", "391.7"], ["436.5", "391.7"], ["436.5", "395.8"], ["382.4", "395.8"]], "Type": "SD"}, {"Location": [["369.8", "215.5"], ["433.6", "215.5"], ["433.6", "215.5"], ["449.1", "215.5"], ["449.1", "390.5"], ["369.8", "390.5"]], "Type": "GATE"}, {"Location": [["376.0", "220.7"], ["427.4", "220.7"], ["427.4", "225.7"], ["376.0", "225.7"]], "Type": "SD"}], "Module": "M9", "Boundary": [["369.8", "215.5"], ["433.6", "215.5"], ["433.6", "215.5"], ["449.1", "215.5"], ["449.1", "395.8"], ["369.8", "395.8"]], "Module_type": "GATE"}, {"Ports": [{"Location": [["10.0", "485.3"], ["14.5", "485.3"], ["14.5", "544.6"], ["10.0", "544.6"]], "Type": "SD"}, {"Location": [["134.1", "472.8"], ["134.1", "543.9"], ["133.7", "543.9"], ["133.7", "557.1"], ["16.9", "557.1"], ["16.9", "472.8"]], "Type": "GATE"}, {"Location": [["123.3", "478.6"], ["129.3", "478.6"], ["129.3", "538.1"], ["123.3", "538.1"]], "Type": "SD"}], "Module": "M5", "Boundary": [["134.1", "472.8"], ["134.1", "543.9"], ["133.7", "543.9"], ["133.7", "557.1"], ["10.0", "557.1"], ["10.0", "472.8"]], "Module_type": "GATE"}, {"Ports": [{"Location": [["20.0", "33.6"], ["25.8", "33.6"], ["25.8", "154.1"], ["20.0", "154.1"]], "Type": "SD"}, {"Location": [["220.6", "20.0"], ["220.6", "151.4"], ["219.9", "151.4"], ["219.9", "167.7"], ["27.3", "167.7"], ["27.3", "20.0"]], "Type": "GATE"}, {"Location": [["209.5", "25.1"], ["216.5", "25.1"], ["216.5", "146.3"], ["209.5", "146.3"]], "Type": "SD"}], "Module": "M11", "Boundary": [["220.6", "20.0"], ["220.6", "151.4"], ["219.9", "151.4"], ["219.9", "167.7"], ["20.0", "167.7"], ["20.0", "20.0"]], "Module_type": "GATE"}, {"Ports": [{"Location": [["649.1", "456.7"], ["653.5", "456.7"], ["653.5", "542.3"], ["649.1", "542.3"]], "Type": "SD"}, {"Location": [["730.9", "443.7"], ["730.9", "542.1"], ["730.6", "542.1"], ["730.6", "555.3"], ["654.6", "555.3"], ["654.6", "443.7"]], "Type": "GATE"}, {"Location": [["719.5", "450.6"], ["725.0", "450.6"], ["725.0", "535.2"], ["719.5", "535.2"]], "Type": "SD"}], "Module": "M1", "Boundary": [["730.9", "443.7"], ["730.9", "542.1"], ["730.6", "542.1"], ["730.6", "555.3"], ["649.1", "555.3"], ["649.1", "443.7"]], "Module_type": "GATE"}, {"Ports": [{"Location": [["661.1", "42.2"], ["665.2", "42.2"], ["665.2", "99.8"], ["661.1", "99.8"]], "Type": "SD"}, {"Location": [["767.5", "30.0"], ["767.5", "95.3"], ["767.4", "95.3"], ["767.4", "112.0"], ["667.7", "112.0"], ["667.7", "30.0"]], "Type": "GATE"}, {"Location": [["758.2", "35.4"], ["763.1", "35.4"], ["763.1", "89.9"], ["758.2", "89.9"]], "Type": "SD"}], "Module": "M19", "Boundary": [["767.5", "30.0"], ["767.5", "95.3"], ["767.4", "95.3"], ["767.4", "112.0"], ["661.1", "112.0"], ["661.1", "30.0"]], "Module_type": "GATE"}, {"Ports": [{"Location": [["894.3", "513.1"], ["954.6", "513.1"], ["954.6", "518.0"], ["894.3", "518.0"]], "Type": "SD"}, {"Location": [["879.3", "312.0"], ["953.1", "312.0"], ["953.1", "330.2"], ["969.6", "330.2"], ["969.6", "510.5"], ["879.3", "510.5"]], "Type": "GATE"}, {"Location": [["885.9", "317.6"], ["945.5", "317.6"], ["945.5", "323.8"], ["885.9", "323.8"]], "Type": "SD"}], "Module": "M6", "Boundary": [["879.3", "312.0"], ["953.1", "312.0"], ["953.1", "330.2"], ["969.6", "330.2"], ["969.6", "518.0"], ["879.3", "518.0"]], "Module_type": "GATE"}, {"Ports": [{"Location": [["492.2", "552.0"], ["616.0", "552.0"], ["616.0", "556.9"], ["492.2", "556.9"]], "Type": "SD"}, {"Location": [["479.1", "400.2"], ["613.5", "400.2"], ["613.5", "453.5"], ["629.1", "453.5"], ["629.1", "549.1"], ["479.1", "549.1"]], "Type": "GATE"}, {"Location": [["484.2", "404.3"], ["607.4", "404.3"], ["607.4", "411.1"], ["484.2", "411.1"]], "Type": "SD"}], "Module": "M2", "Boundary": [["479.1", "400.2"], ["613.5", "400.2"], ["613.5", "453.5"], ["629.1", "453.5"], ["629.1", "556.9"], ["479.1", "556.9"]], "Module_type": "GATE"}, {"Ports": [{"Location": [["499.1", "225.8"], ["503.2", "225.8"], ["503.2", "346.9"], ["499.1", "346.9"]], "Type": "SD"}, {"Location": [["630.0", "212.5"], ["630.0", "344.8"], ["554.2", "344.8"], ["554.2", "360.2"], ["505.0", "360.2"], ["505.0", "212.5"]], "Type": "GATE"}, {"Location": [["619.5", "218.3"], ["625.2", "218.3"], ["625.2", "338.0"], ["619.5", "338.0"]], "Type": "SD"}], "Module": "M16", "Boundary": [["630.0", "212.5"], ["630.0", "344.8"], ["554.2", "344.8"], ["554.2", "360.2"], ["499.1", "360.2"], ["499.1", "212.5"]], "Module_type": "GATE"}, {"Ports": [{"Location": [["316.7", "535.7"], ["415.8", "535.7"], ["415.8", "540.2"], ["316.7", "540.2"]], "Type": "SD"}, {"Location": [["304.3", "445.8"], ["412.8", "445.8"], ["412.8", "446.2"], ["428.2", "446.2"], ["428.2", "534.3"], ["304.3", "534.3"]], "Type": "GATE"}, {"Location": [["310.2", "450.7"], ["406.9", "450.7"], ["406.9", "455.7"], ["310.2", "455.7"]], "Type": "SD"}], "Module": "M13", "Boundary": [["304.3", "445.8"], ["412.8", "445.8"], ["412.8", "446.2"], ["428.2", "446.2"], ["428.2", "540.2"], ["304.3", "540.2"]], "Module_type": "GATE"}, {"Ports": [{"Location": [["20.0", "361.5"], ["25.5", "361.5"], ["25.5", "429.5"], ["20.0", "429.5"]], "Type": "SD"}, {"Location": [["123.9", "348.2"], ["123.9", "428.7"], ["93.4", "428.7"], ["93.4", "442.8"], ["28.3", "442.8"], ["28.3", "348.2"]], "Type": "GATE"}, {"Location": [["112.2", "354.7"], ["118.4", "354.7"], ["118.4", "421.2"], ["112.2", "421.2"]], "Type": "SD"}], "Module": "M10", "Boundary": [["123.9", "348.2"], ["123.9", "428.7"], ["93.4", "428.7"], ["93.4", "442.8"], ["20.0", "442.8"], ["20.0", "348.2"]], "Module_type": "GATE"}, {"Ports": [{"Location": [["453.1", "26.1"], ["458.1", "26.1"], ["458.1", "156.4"], ["453.1", "156.4"]], "Type": "SD"}, {"Location": [["621.1", "10.0"], ["621.1", "154.9"], ["621.0", "154.9"], ["621.0", "172.5"], ["460.4", "172.5"], ["460.4", "10.0"]], "Type": "GATE"}, {"Location": [["607.8", "16.7"], ["615.4", "16.7"], ["615.4", "148.2"], ["607.8", "148.2"]], "Type": "SD"}], "Module": "M7", "Boundary": [["621.1", "10.0"], ["621.1", "154.9"], ["621.0", "154.9"], ["621.0", "172.5"], ["453.1", "172.5"], ["453.1", "10.0"]], "Module_type": "GATE"}, {"Ports": [{"Location": [["285.2", "160.8"], ["398.5", "160.8"], ["398.5", "165.5"], ["285.2", "165.5"]], "Type": "SD"}, {"Location": [["270.6", "30.0"], ["395.4", "30.0"], ["395.4", "30.5"], ["413.1", "30.5"], ["413.1", "158.2"], ["270.6", "158.2"]], "Type": "GATE"}, {"Location": [["276.5", "34.9"], ["389.5", "34.9"], ["389.5", "41.6"], ["276.5", "41.6"]], "Type": "SD"}], "Module": "M3", "Boundary": [["270.6", "30.0"], ["395.4", "30.0"], ["395.4", "30.5"], ["413.1", "30.5"], ["413.1", "165.5"], ["270.6", "165.5"]], "Module_type": "GATE"}, {"Ports": [{"Location": [["785.6", "164.8"], ["790.5", "164.8"], ["790.5", "279.2"], ["785.6", "279.2"]], "Type": "SD"}, {"Location": [["962.6", "152.0"], ["962.6", "277.7"], ["901.4", "277.7"], ["901.4", "292.0"], ["792.0", "292.0"], ["792.0", "152.0"]], "Type": "GATE"}, {"Location": [["952.1", "158.2"], ["957.4", "158.2"], ["957.4", "270.5"], ["952.1", "270.5"]], "Type": "SD"}], "Module": "M18", "Boundary": [["962.6", "152.0"], ["962.6", "277.7"], ["901.4", "277.7"], ["901.4", "292.0"], ["785.6", "292.0"], ["785.6", "152.0"]], "Module_type": "GATE"}, {"Ports": [{"Location": [["217.4", "357.2"], ["306.1", "357.2"], ["306.1", "362.8"], ["217.4", "362.8"]], "Type": "SD"}, {"Location": [["203.7", "225.5"], ["304.5", "225.5"], ["304.5", "303.2"], ["319.8", "303.2"], ["319.8", "354.8"], ["203.7", "354.8"]], "Type": "GATE"}, {"Location": [["209.4", "230.2"], ["297.8", "230.2"], ["297.8", "236.7"], ["209.4", "236.7"]], "Type": "SD"}], "Module": "M20", "Boundary": [["203.7", "225.5"], ["304.5", "225.5"], ["304.5", "303.2"], ["319.8", "303.2"], ["319.8", "362.8"], ["203.7", "362.8"]], "Module_type": "GATE"}, {"Ports": [{"Location": [["197.1", "541.9"], ["250.9", "541.9"], ["250.9", "546.4"], ["197.1", "546.4"]], "Type": "SD"}, {"Location": [["183.7", "402.8"], ["248.9", "402.8"], ["248.9", "402.8"], ["264.3", "402.8"], ["264.3", "539.0"], ["183.7", "539.0"]], "Type": "GATE"}, {"Location": [["189.4", "407.5"], ["243.2", "407.5"], ["243.2", "414.7"], ["189.4", "414.7"]], "Type": "SD"}], "Module": "M15", "Boundary": [["183.7", "402.8"], ["248.9", "402.8"], ["248.9", "402.8"], ["264.3", "402.8"], ["264.3", "546.4"], ["183.7", "546.4"]], "Module_type": "GATE"}, {"Ports": [{"Location": [["670.0", "165.3"], ["675.9", "165.3"], ["675.9", "274.2"], ["670.0", "274.2"]], "Type": "SD"}, {"Location": [["765.6", "152.0"], ["765.6", "273.9"], ["730.9", "273.9"], ["730.9", "287.5"], ["678.7", "287.5"], ["678.7", "152.0"]], "Type": "GATE"}, {"Location": [["754.0", "157.3"], ["761.3", "157.3"], ["761.3", "267.6"], ["754.0", "267.6"]], "Type": "SD"}], "Module": "M12", "Boundary": [["765.6", "152.0"], ["765.6", "273.9"], ["730.9", "273.9"], ["730.9", "287.5"], ["670.0", "287.5"], ["670.0", "152.0"]], "Module_type": "GATE"}, {"Ports": [{"Location": [["807.5", "23.9"], ["812.7", "23.9"], ["812.7", "111.4"], ["807.5", "111.4"]], "Type": "SD"}, {"Location": [["962.0", "10.0"], ["962.0", "110.4"], ["885.0", "110.4"], ["885.0", "125.3"], ["814.6", "125.3"], ["814.6", "10.0"]], "Type": "GATE"}, {"Location": [["949.7", "16.2"], ["956.8", "16.2"], ["956.8", "103.2"], ["949.7", "103.2"]], "Type": "SD"}], "Module": "M8", "Boundary": [["962.0", "10.0"], ["962.0", "110.4"], ["885.0", "110.4"], ["885.0", "125.3"], ["807.5", "125.3"], ["807.5", "10.0"]], "Module_type": "GATE"}, {"Ports": [{"Location": [["670.0", "324.2"], ["674.0", "324.2"], ["674.0", "411.5"], ["670.0", "411.5"]], "Type": "SD"}, {"Location": [["849.6", "312.0"], ["849.6", "408.8"], ["786.6", "408.8"], ["786.6", "423.7"], ["676.7", "423.7"], ["676.7", "312.0"]], "Type": "GATE"}, {"Location": [["839.6", "317.5"], ["845.1", "317.5"], ["845.1", "402.3"], ["839.6", "402.3"]], "Type": "SD"}], "Module": "M4", "Boundary": [["849.6", "312.0"], ["849.6", "408.8"], ["786.6", "408.8"], ["786.6", "423.7"], ["670.0", "423.7"], ["670.0", "312.0"]], "Module_type": "GATE"}], "Area": [["-30.0", "-30.0"], ["1009.6", "-30.0"], ["1009.6", "597.7"], ["-30.0", "597.7"]], "Rules": ["GATE(5,5)", "SD(5,5)", "GATE_SD(0.5)", "GATE_ITO(0.5)", "SD_ITO(0.5)"]}