{"Modules": [{"Module": "M14", "Boundary": [["284.5", "10.0"], ["348.6", "10.0"], ["348.6", "69.2"], ["362.5", "69.2"], ["362.5", "152.7"], ["284.5", "152.7"]], "Module_type": "GATE", "Ports": [{"Location": [["297.8", "148.0"], ["349.2", "148.0"], ["349.2", "152.7"], ["297.8", "152.7"]], "Type": "SD"}, {"Location": [["284.5", "10.0"], ["348.6", "10.0"], ["348.6", "69.2"], ["362.5", "69.2"], ["362.5", "147.0"], ["284.5", "147.0"]], "Type": "GATE"}, {"Location": [["291.1", "15.6"], ["341.0", "15.6"], ["341.0", "20.8"], ["291.1", "20.8"]], "Type": "SD"}]}, {"Ports": [{"Location": [["332.3", "615.3"], ["400.4", "615.3"], ["400.4", "621.2"], ["332.3", "621.2"]], "Type": "SD"}, {"Location": [["320.2", "506.0"], ["412.5", "506.0"], ["412.5", "613.4"], ["320.2", "613.4"]], "Type": "GATE"}, {"Location": [["327.2", "512.0"], ["405.5", "512.0"], ["405.5", "516.6"], ["327.2", "516.6"]], "Type": "SD"}], "Module": "M9", "Boundary": [["320.2", "506.0"], ["412.5", "506.0"], ["412.5", "621.2"], ["320.2", "621.2"]], "Module_type": "GATE"}, {"Ports": [{"Location": [["435.2", "361.4"], ["439.4", "361.4"], ["439.4", "427.3"], ["435.2", "427.3"]], "Type": "SD"}, {"Location": [["578.8", "349.7"], ["578.8", "439.0"], ["440.9", "439.0"], ["440.9", "349.7"]], "Type": "GATE"}, {"Location": [["569.0", "354.9"], ["574.6", "354.9"], ["574.6", "433.8"], ["569.0", "433.8"]], "Type": "SD"}], "Module": "M5", "Boundary": [["578.8", "349.7"], ["578.8", "439.0"], ["435.2", "439.0"], ["435.2", "349.7"]], "Module_type": "GATE"}, {"Ports": [{"Location": [["555.2", "163.1"], ["614.0", "163.1"], ["614.0", "168.7"], ["555.2", "168.7"]], "Type": "SD"}, {"Location": [["542.6", "20.0"], ["609.5", "20.0"], ["609.5", "20.4"], ["626.6", "20.4"], ["626.6", "161.1"], ["542.6", "161.1"]], "Type": "GATE"}, {"Location": [["548.6", "25.0"], ["603.5", "25.0"], ["603.5", "29.4"], ["548.6", "29.4"]], "Type": "SD"}], "Module": "M11", "Boundary": [["542.6", "20.0"], ["609.5", "20.0"], ["609.5", "20.4"], ["626.6", "20.4"], ["626.6", "168.7"], ["542.6", "168.7"]], "Module_type": "GATE"}, {"Ports": [{"Location": [["607.1", "486.3"], ["611.9", "486.3"], ["611.9", "607.2"], ["607.1", "607.2"]], "Type": "SD"}, {"Location": [["735.2", "472.4"], ["735.2", "621.1"], ["614.3", "621.1"], ["614.3", "472.4"]], "Type": "GATE"}, {"Location": [["724.5", "478.6"], ["730.0", "478.6"], ["730.0", "614.9"], ["724.5", "614.9"]], "Type": "SD"}], "Module": "M1", "Boundary": [["735.2", "472.4"], ["735.2", "621.1"], ["607.1", "621.1"], ["607.1", "472.4"]], "Module_type": "GATE"}, {"Ports": [{"Location": [["651.6", "426.9"], ["699.3", "426.9"], ["699.3", "432.4"], ["651.6", "432.4"]], "Type": "SD"}, {"Location": [["640.1", "233.3"], ["697.1", "233.3"], ["697.1", "233.4"], ["710.8", "233.4"], ["710.8", "425.0"], ["640.1", "425.0"]], "Type": "GATE"}, {"Location": [["645.4", "237.6"], ["691.8", "237.6"], ["691.8", "243.2"], ["645.4", "243.2"]], "Type": "SD"}], "Module": "M19", "Boundary": [["640.1", "233.3"], ["697.1", "233.3"], ["697.1", "233.4"], ["710.8", "233.4"], ["710.8", "432.4"], ["640.1", "432.4"]], "Module_type": "GATE"}, {"Ports": [{"Location": [["310.2", "665.1"], ["314.7", "665.1"], ["314.7", "722.3"], ["310.2", "722.3"]], "Type": "SD"}, {"Location": [["473.8", "651.2"], ["473.8", "720.6"], ["418.0", "720.6"], ["418.0", "736.2"], ["316.5", "736.2"], ["316.5", "651.2"]], "Type": "GATE"}, {"Location": [["462.5", "657.5"], ["468.5", "657.5"], ["468.5", "713.3"], ["462.5", "713.3"]], "Type": "SD"}], "Module": "M6", "Boundary": [["473.8", "651.2"], ["473.8", "720.6"], ["418.0", "720.6"], ["418.0", "736.2"], ["310.2", "736.2"], ["310.2", "651.2"]], "Module_type": "GATE"}, {"Ports": [{"Location": [["165.1", "129.2"], ["249.3", "129.2"], ["249.3", "134.7"], ["165.1", "134.7"]], "Type": "SD"}, {"Location": [["149.9", "10.0"], ["264.5", "10.0"], ["264.5", "126.8"], ["149.9", "126.8"]], "Type": "GATE"}, {"Location": [["156.0", "15.1"], ["239.2", "15.1"], ["239.2", "21.7"], ["156.0", "21.7"]], "Type": "SD"}], "Module": "M2", "Boundary": [["149.9", "10.0"], ["264.5", "10.0"], ["264.5", "134.7"], ["149.9", "134.7"]], "Module_type": "GATE"}, {"Ports": [{"Location": [["418.3", "146.7"], ["476.8", "146.7"], ["476.8", "152.1"], ["418.3", "152.1"]], "Type": "SD"}, {"Location": [["402.5", "30.0"], ["476.3", "30.0"], ["476.3", "85.9"], ["492.6", "85.9"], ["492.6", "144.3"], ["402.5", "144.3"]], "Type": "GATE"}, {"Location": [["408.7", "35.2"], ["469.1", "35.2"], ["469.1", "42.9"], ["408.7", "42.9"]], "Type": "SD"}], "Module": "M16", "Boundary": [["402.5", "30.0"], ["476.3", "30.0"], ["476.3", "85.9"], ["492.6", "85.9"], ["492.6", "152.1"], ["402.5", "152.1"]], "Module_type": "GATE"}, {"Ports": [{"Location": [["176.9", "712.1"], ["256.0", "712.1"], ["256.0", "716.5"], ["176.9", "716.5"]], "Type": "SD"}, {"Location": [["162.7", "525.0"], ["270.2", "525.0"], ["270.2", "710.6"], ["162.7", "710.6"]], "Type": "GATE"}, {"Location": [["168.7", "530.0"], ["264.2", "530.0"], ["264.2", "536.1"], ["168.7", "536.1"]], "Type": "SD"}], "Module": "M13", "Boundary": [["162.7", "525.0"], ["270.2", "525.0"], ["270.2", "716.5"], ["162.7", "716.5"]], "Module_type": "GATE"}, {"Ports": [{"Location": [["20.0", "371.3"], ["26.0", "371.3"], ["26.0", "462.0"], ["20.0", "462.0"]], "Type": "SD"}, {"Location": [["249.5", "358.3"], ["249.5", "462.0"], ["167.8", "462.0"], ["167.8", "475.0"], ["27.5", "475.0"], ["27.5", "358.3"]], "Type": "GATE"}, {"Location": [["238.3", "365.2"], ["243.6", "365.2"], ["243.6", "454.1"], ["238.3", "454.1"]], "Type": "SD"}], "Module": "M10", "Boundary": [["249.5", "358.3"], ["249.5", "462.0"], ["167.8", "462.0"], ["167.8", "475.0"], ["20.0", "475.0"], ["20.0", "358.3"]], "Module_type": "GATE"}, {"Ports": [{"Location": [["457.5", "614.9"], ["572.1", "614.9"], ["572.1", "619.8"], ["457.5", "619.8"]], "Type": "SD"}, {"Location": [["442.5", "459.0"], ["569.2", "459.0"], ["569.2", "459.3"], ["587.1", "459.3"], ["587.1", "612.6"], ["442.5", "612.6"]], "Type": "GATE"}, {"Location": [["449.5", "465.0"], ["562.2", "465.0"], ["562.2", "470.8"], ["449.5", "470.8"]], "Type": "SD"}], "Module": "M7", "Boundary": [["442.5", "459.0"], ["569.2", "459.0"], ["569.2", "459.3"], ["587.1", "459.3"], ["587.1", "619.8"], ["442.5", "619.8"]], "Module_type": "GATE"}, {"Ports": [{"Location": [["221.8", "304.1"], ["301.6", "304.1"], ["301.6", "308.3"], ["221.8", "308.3"]], "Type": "SD"}, {"Location": [["285.4", "301.4"], ["238.0", "301.4"], ["238.0", "358.6"], ["207.2", "358.6"], ["207.2", "192.7"], ["316.2", "192.7"], ["316.2", "358.6"], ["285.4", "358.6"]], "Type": "GATE"}, {"Location": [["212.9", "197.1"], ["310.5", "197.1"], ["310.5", "204.1"], ["212.9", "204.1"]], "Type": "SD"}], "Module": "M3", "Boundary": [["285.4", "308.3"], ["238.0", "308.3"], ["238.0", "358.6"], ["207.2", "358.6"], ["207.2", "192.7"], ["316.2", "192.7"], ["316.2", "358.6"], ["285.4", "358.6"]], "Module_type": "GATE"}, {"Ports": [{"Location": [["669.9", "187.8"], ["723.0", "187.8"], ["723.0", "193.3"], ["669.9", "193.3"]], "Type": "SD"}, {"Location": [["656.6", "10.0"], ["721.8", "10.0"], ["721.8", "56.6"], ["736.3", "56.6"], ["736.3", "185.2"], ["656.6", "185.2"]], "Type": "GATE"}, {"Location": [["661.7", "14.1"], ["715.7", "14.1"], ["715.7", "21.0"], ["661.7", "21.0"]], "Type": "SD"}], "Module": "M18", "Boundary": [["656.6", "10.0"], ["721.8", "10.0"], ["721.8", "56.6"], ["736.3", "56.6"], ["736.3", "193.3"], ["656.6", "193.3"]], "Module_type": "GATE"}, {"Ports": [{"Location": [["375.9", "232.2"], ["380.0", "232.2"], ["380.0", "296.2"], ["375.9", "296.2"]], "Type": "SD"}, {"Location": [["580.1", "218.7"], ["580.1", "296.3"], ["490.4", "296.3"], ["490.4", "309.7"], ["383.0", "309.7"], ["383.0", "218.7"]], "Type": "GATE"}, {"Location": [["569.1", "224.7"], ["575.1", "224.7"], ["575.1", "289.3"], ["569.1", "289.3"]], "Type": "SD"}], "Module": "M20", "Boundary": [["580.1", "218.7"], ["580.1", "296.3"], ["490.4", "296.3"], ["490.4", "309.7"], ["375.9", "309.7"], ["375.9", "218.7"]], "Module_type": "GATE"}, {"Ports": [{"Location": [["21.5", "697.7"], ["111.2", "697.7"], ["111.2", "703.5"], ["21.5", "703.5"]], "Type": "SD"}, {"Location": [["10.0", "505.0"], ["122.7", "505.0"], ["122.7", "695.9"], ["10.0", "695.9"]], "Type": "GATE"}, {"Location": [["16.1", "510.1"], ["116.6", "510.1"], ["116.6", "514.7"], ["16.1", "514.7"]], "Type": "SD"}], "Module": "M15", "Boundary": [["10.0", "505.0"], ["122.7", "505.0"], ["122.7", "703.5"], ["10.0", "703.5"]], "Module_type": "GATE"}, {"Ports": [{"Location": [["10.0", "23.5"], ["14.4", "23.5"], ["14.4", "147.3"], ["10.0", "147.3"]], "Type": "SD"}, {"Location": [["129.9", "10.0"], ["129.9", "145.2"], ["110.1", "145.2"], ["110.1", "160.8"], ["15.5", "160.8"], ["15.5", "10.0"]], "Type": "GATE"}, {"Location": [["118.8", "16.7"], ["124.2", "16.7"], ["124.2", "137.5"], ["118.8", "137.5"]], "Type": "SD"}], "Module": "M12", "Boundary": [["129.9", "10.0"], ["129.9", "145.2"], ["110.1", "145.2"], ["110.1", "160.8"], ["10.0", "160.8"], ["10.0", "10.0"]], "Module_type": "GATE"}, {"Ports": [{"Location": [["10.0", "194.4"], ["14.0", "194.4"], ["14.0", "312.0"], ["10.0", "312.0"]], "Type": "SD"}, {"Location": [["167.5", "180.8"], ["167.5", "310.7"], ["88.2", "310.7"], ["88.2", "325.6"], ["15.4", "325.6"], ["15.4", "180.8"]], "Type": "GATE"}, {"Location": [["156.4", "185.9"], ["163.4", "185.9"], ["163.4", "304.6"], ["156.4", "304.6"]], "Type": "SD"}], "Module": "M8", "Boundary": [["167.5", "180.8"], ["167.5", "310.7"], ["88.2", "310.7"], ["88.2", "325.6"], ["10.0", "325.6"], ["10.0", "180.8"]], "Module_type": "GATE"}, {"Ports": [{"Location": [["493.8", "657.1"], ["499.5", "657.1"], ["499.5", "715.8"], ["493.8", "715.8"]], "Type": "SD"}, {"Location": [["670.3", "641.1"], ["670.3", "715.4"], ["567.1", "715.4"], ["567.1", "731.8"], ["501.8", "731.8"], ["501.8", "641.1"]], "Type": "GATE"}, {"Location": [["657.5", "647.7"], ["664.7", "647.7"], ["664.7", "707.8"], ["657.5", "707.8"]], "Type": "SD"}], "Module": "M4", "Boundary": [["670.3", "641.1"], ["670.3", "715.4"], ["567.1", "715.4"], ["567.1", "731.8"], ["493.8", "731.8"], ["493.8", "641.1"]], "Module_type": "GATE"}, {"Ports": [{"Location": [["293.4", "470.4"], ["401.3", "470.4"], ["401.3", "476.0"], ["293.4", "476.0"]], "Type": "SD"}, {"Location": [["279.5", "349.7"], ["415.2", "349.7"], ["415.2", "468.5"], ["279.5", "468.5"]], "Type": "GATE"}, {"Location": [["285.3", "354.5"], ["409.4", "354.5"], ["409.4", "360.8"], ["285.3", "360.8"]], "Type": "SD"}], "Module": "M17", "Boundary": [["279.5", "349.7"], ["415.2", "349.7"], ["415.2", "476.0"], ["279.5", "476.0"]], "Module_type": "GATE"}], "Area": [["-30.0", "-30.0"], ["776.3", "-30.0"], ["776.3", "776.2"], ["-30.0", "776.2"]], "Rules": ["GATE(5,5)", "SD(5,5)", "GATE_SD(0.5)", "GATE_ITO(0.5)", "SD_ITO(0.5)"]}