{"Modules": [{"Module": "M14", "Boundary": [["112.6", "10.0"], ["184.3", "10.0"], ["184.3", "62.8"], ["200.8", "62.8"], ["200.8", "140.7"], ["112.6", "140.7"]], "Module_type": "GATE", "Ports": [{"Location": [["126.7", "136.0"], ["186.7", "136.0"], ["186.7", "140.7"], ["126.7", "140.7"]], "Type": "SD"}, {"Location": [["112.6", "10.0"], ["184.3", "10.0"], ["184.3", "62.8"], ["200.8", "62.8"], ["200.8", "134.3"], ["112.6", "134.3"]], "Type": "GATE"}, {"Location": [["117.9", "14.3"], ["178.0", "14.3"], ["178.0", "21.2"], ["117.9", "21.2"]], "Type": "SD"}]}, {"Ports": [{"Location": [["333.6", "1043.8"], ["462.4", "1043.8"], ["462.4", "1048.6"], ["333.6", "1048.6"]], "Type": "SD"}, {"Location": [["317.9", "830.9"], ["460.7", "830.9"], ["460.7", "831.7"], ["478.1", "831.7"], ["478.1", "1042.6"], ["317.9", "1042.6"]], "Type": "GATE"}, {"Location": [["324.5", "836.5"], ["454.1", "836.5"], ["454.1", "843.7"], ["324.5", "843.7"]], "Type": "SD"}], "Module": "M9", "Boundary": [["317.9", "830.9"], ["460.7", "830.9"], ["460.7", "831.7"], ["478.1", "831.7"], ["478.1", "1048.6"], ["317.9", "1048.6"]], "Module_type": "GATE"}, {"Ports": [{"Location": [["10.0", "531.9"], ["15.5", "531.9"], ["15.5", "644.7"], ["10.0", "644.7"]], "Type": "SD"}, {"Location": [["209.4", "518.2"], ["209.4", "658.4"], ["17.0", "658.4"], ["17.0", "518.2"]], "Type": "GATE"}, {"Location": [["198.6", "523.4"], ["205.2", "523.4"], ["205.2", "653.2"], ["198.6", "653.2"]], "Type": "SD"}], "Module": "M5", "Boundary": [["209.4", "518.2"], ["209.4", "658.4"], ["10.0", "658.4"], ["10.0", "518.2"]], "Module_type": "GATE"}, {"Ports": [{"Location": [["263.5", "544.3"], ["267.9", "544.3"], ["267.9", "598.6"], ["263.5", "598.6"]], "Type": "SD"}, {"Location": [["467.9", "529.7"], ["467.9", "613.2"], ["270.3", "613.2"], ["270.3", "529.7"]], "Type": "GATE"}, {"Location": [["456.6", "535.6"], ["463.0", "535.6"], ["463.0", "607.3"], ["456.6", "607.3"]], "Type": "SD"}], "Module": "M11", "Boundary": [["467.9", "529.7"], ["467.9", "613.2"], ["263.5", "613.2"], ["263.5", "529.7"]], "Module_type": "GATE"}, {"Ports": [{"Location": [["10.0", "175.6"], ["14.9", "175.6"], ["14.9", "292.8"], ["10.0", "292.8"]], "Type": "SD"}, {"Location": [["194.0", "162.1"], ["194.0", "288.0"], ["193.2", "288.0"], ["193.2", "306.3"], ["17.3", "306.3"], ["17.3", "162.1"]], "Type": "GATE"}, {"Location": [["183.8", "167.3"], ["189.8", "167.3"], ["189.8", "282.8"], ["183.8", "282.8"]], "Type": "SD"}], "Module": "M1", "Boundary": [["194.0", "162.1"], ["194.0", "288.0"], ["193.2", "288.0"], ["193.2", "306.3"], ["10.0", "306.3"], ["10.0", "162.1"]], "Module_type": "GATE"}, {"Ports": [{"Location": [["44.3", "472.9"], ["129.3", "472.9"], ["129.3", "478.2"], ["44.3", "478.2"]], "Type": "SD"}, {"Location": [["30.0", "346.3"], ["143.6", "346.3"], ["143.6", "470.7"], ["30.0", "470.7"]], "Type": "GATE"}, {"Location": [["36.8", "352.1"], ["136.8", "352.1"], ["136.8", "358.2"], ["36.8", "358.2"]], "Type": "SD"}], "Module": "M19", "Boundary": [["30.0", "346.3"], ["143.6", "346.3"], ["143.6", "478.2"], ["30.0", "478.2"]], "Module_type": "GATE"}, {"Ports": [{"Location": [["190.2", "1181.5"], ["261.3", "1181.5"], ["261.3", "1185.6"], ["190.2", "1185.6"]], "Type": "SD"}, {"Location": [["177.6", "1045.2"], ["258.7", "1045.2"], ["258.7", "1080.9"], ["273.9", "1080.9"], ["273.9", "1178.8"], ["177.6", "1178.8"]], "Type": "GATE"}, {"Location": [["182.7", "1049.3"], ["252.6", "1049.3"], ["252.6", "1054.7"], ["182.7", "1054.7"]], "Type": "SD"}], "Module": "M6", "Boundary": [["177.6", "1045.2"], ["258.7", "1045.2"], ["258.7", "1080.9"], ["273.9", "1080.9"], ["273.9", "1185.6"], ["177.6", "1185.6"]], "Module_type": "GATE"}, {"Ports": [{"Location": [["365.8", "208.8"], ["371.4", "208.8"], ["371.4", "333.2"], ["365.8", "333.2"]], "Type": "SD"}, {"Location": [["476.9", "195.4"], ["476.9", "330.8"], ["442.0", "330.8"], ["442.0", "346.6"], ["373.1", "346.6"], ["373.1", "195.4"]], "Type": "GATE"}, {"Location": [["466.7", "200.7"], ["472.6", "200.7"], ["472.6", "324.5"], ["466.7", "324.5"]], "Type": "SD"}], "Module": "M2", "Boundary": [["476.9", "195.4"], ["476.9", "330.8"], ["442.0", "330.8"], ["442.0", "346.6"], ["365.8", "346.6"], ["365.8", "195.4"]], "Module_type": "GATE"}, {"Ports": [{"Location": [["255.3", "133.9"], ["335.3", "133.9"], ["335.3", "137.9"], ["255.3", "137.9"]], "Type": "SD"}, {"Location": [["240.8", "30.0"], ["332.7", "30.0"], ["332.7", "79.5"], ["349.8", "79.5"], ["349.8", "132.4"], ["240.8", "132.4"]], "Type": "GATE"}, {"Location": [["246.5", "34.7"], ["326.0", "34.7"], ["326.0", "41.4"], ["246.5", "41.4"]], "Type": "SD"}], "Module": "M16", "Boundary": [["240.8", "30.0"], ["332.7", "30.0"], ["332.7", "79.5"], ["349.8", "79.5"], ["349.8", "137.9"], ["240.8", "137.9"]], "Module_type": "GATE"}, {"Ports": [{"Location": [["357.0", "474.7"], ["445.8", "474.7"], ["445.8", "479.7"], ["357.0", "479.7"]], "Type": "SD"}, {"Location": [["341.1", "386.6"], ["461.7", "386.6"], ["461.7", "472.0"], ["341.1", "472.0"]], "Type": "GATE"}, {"Location": [["347.9", "392.4"], ["454.9", "392.4"], ["454.9", "399.5"], ["347.9", "399.5"]], "Type": "SD"}], "Module": "M13", "Boundary": [["341.1", "386.6"], ["461.7", "386.6"], ["461.7", "479.7"], ["341.1", "479.7"]], "Module_type": "GATE"}, {"Ports": [{"Location": [["33.2", "1014.5"], ["117.2", "1014.5"], ["117.2", "1018.7"], ["33.2", "1018.7"]], "Type": "SD"}, {"Location": [["20.0", "852.9"], ["116.1", "852.9"], ["116.1", "881.2"], ["130.4", "881.2"], ["130.4", "1012.2"], ["20.0", "1012.2"]], "Type": "GATE"}, {"Location": [["25.6", "857.5"], ["109.5", "857.5"], ["109.5", "864.3"], ["25.6", "864.3"]], "Type": "SD"}], "Module": "M10", "Boundary": [["20.0", "852.9"], ["116.1", "852.9"], ["116.1", "881.2"], ["130.4", "881.2"], ["130.4", "1018.7"], ["20.0", "1018.7"]], "Module_type": "GATE"}, {"Ports": [{"Location": [["404.0", "171.3"], ["471.3", "171.3"], ["471.3", "175.4"], ["404.0", "175.4"]], "Type": "SD"}, {"Location": [["389.8", "10.0"], ["485.5", "10.0"], ["485.5", "169.3"], ["389.8", "169.3"]], "Type": "GATE"}, {"Location": [["396.7", "15.9"], ["478.6", "15.9"], ["478.6", "21.9"], ["396.7", "21.9"]], "Type": "SD"}], "Module": "M7", "Boundary": [["389.8", "10.0"], ["485.5", "10.0"], ["485.5", "175.4"], ["389.8", "175.4"]], "Module_type": "GATE"}, {"Ports": [{"Location": [["30.0", "1080.6"], ["34.3", "1080.6"], ["34.3", "1158.2"], ["30.0", "1158.2"]], "Type": "SD"}, {"Location": [["137.6", "1068.7"], ["137.6", "1170.1"], ["36.8", "1170.1"], ["36.8", "1068.7"]], "Type": "GATE"}, {"Location": [["127.3", "1074.5"], ["132.8", "1074.5"], ["132.8", "1164.3"], ["127.3", "1164.3"]], "Type": "SD"}], "Module": "M3", "Boundary": [["137.6", "1068.7"], ["137.6", "1170.1"], ["30.0", "1170.1"], ["30.0", "1068.7"]], "Module_type": "GATE"}, {"Ports": [{"Location": [["197.1", "489.6"], ["287.6", "489.6"], ["287.6", "495.2"], ["197.1", "495.2"]], "Type": "SD"}, {"Location": [["183.6", "335.9"], ["285.4", "335.9"], ["285.4", "416.3"], ["301.1", "416.3"], ["301.1", "487.8"], ["183.6", "487.8"]], "Type": "GATE"}, {"Location": [["189.7", "341.0"], ["278.3", "341.0"], ["278.3", "347.0"], ["189.7", "347.0"]], "Type": "SD"}], "Module": "M18", "Boundary": [["183.6", "335.9"], ["285.4", "335.9"], ["285.4", "416.3"], ["301.1", "416.3"], ["301.1", "495.2"], ["183.6", "495.2"]], "Module_type": "GATE"}, {"Ports": [{"Location": [["273.5", "677.0"], ["278.2", "677.0"], ["278.2", "767.1"], ["273.5", "767.1"]], "Type": "SD"}, {"Location": [["453.5", "663.2"], ["453.5", "780.9"], ["279.7", "780.9"], ["279.7", "663.2"]], "Type": "GATE"}, {"Location": [["442.1", "669.9"], ["447.8", "669.9"], ["447.8", "774.2"], ["442.1", "774.2"]], "Type": "SD"}], "Module": "M20", "Boundary": [["453.5", "663.2"], ["453.5", "780.9"], ["273.5", "780.9"], ["273.5", "663.2"]], "Module_type": "GATE"}, {"Ports": [{"Location": [["235.5", "311.4"], ["331.1", "311.4"], ["331.1", "315.9"], ["235.5", "315.9"]], "Type": "SD"}, {"Location": [["220.8", "177.9"], ["328.2", "177.9"], ["328.2", "178.3"], ["345.8", "178.3"], ["345.8", "308.9"], ["220.8", "308.9"]], "Type": "GATE"}, {"Location": [["226.2", "182.3"], ["322.8", "182.3"], ["322.8", "190.0"], ["226.2", "190.0"]], "Type": "SD"}], "Module": "M15", "Boundary": [["220.8", "177.9"], ["328.2", "177.9"], ["328.2", "178.3"], ["345.8", "178.3"], ["345.8", "315.9"], ["220.8", "315.9"]], "Module_type": "GATE"}, {"Ports": [{"Location": [["24.7", "137.6"], ["77.9", "137.6"], ["77.9", "142.1"], ["24.7", "142.1"]], "Type": "SD"}, {"Location": [["10.0", "10.0"], ["78.0", "10.0"], ["78.0", "41.6"], ["92.6", "41.6"], ["92.6", "135.0"], ["10.0", "135.0"]], "Type": "GATE"}, {"Location": [["16.2", "15.2"], ["70.8", "15.2"], ["70.8", "22.2"], ["16.2", "22.2"]], "Type": "SD"}], "Module": "M12", "Boundary": [["10.0", "10.0"], ["78.0", "10.0"], ["78.0", "41.6"], ["92.6", "41.6"], ["92.6", "142.1"], ["10.0", "142.1"]], "Module_type": "GATE"}, {"Ports": [{"Location": [["293.9", "1093.0"], ["298.5", "1093.0"], ["298.5", "1174.7"], ["293.9", "1174.7"]], "Type": "SD"}, {"Location": [["479.6", "1078.6"], ["479.6", "1171.5"], ["447.4", "1171.5"], ["447.4", "1189.1"], ["299.6", "1189.1"], ["299.6", "1078.6"]], "Type": "GATE"}, {"Location": [["468.6", "1085.0"], ["474.2", "1085.0"], ["474.2", "1164.1"], ["468.6", "1164.1"]], "Type": "SD"}], "Module": "M8", "Boundary": [["479.6", "1078.6"], ["479.6", "1171.5"], ["447.4", "1171.5"], ["447.4", "1189.1"], ["293.9", "1189.1"], ["293.9", "1078.6"]], "Module_type": "GATE"}, {"Ports": [{"Location": [["174.0", "1019.6"], ["274.3", "1019.6"], ["274.3", "1025.2"], ["174.0", "1025.2"]], "Type": "SD"}, {"Location": [["160.4", "842.9"], ["273.5", "842.9"], ["273.5", "874.6"], ["287.9", "874.6"], ["287.9", "1017.2"], ["160.4", "1017.2"]], "Type": "GATE"}, {"Location": [["166.9", "848.4"], ["266.0", "848.4"], ["266.0", "854.3"], ["166.9", "854.3"]], "Type": "SD"}], "Module": "M4", "Boundary": [["160.4", "842.9"], ["273.5", "842.9"], ["273.5", "874.6"], ["287.9", "874.6"], ["287.9", "1025.2"], ["160.4", "1025.2"]], "Module_type": "GATE"}, {"Ports": [{"Location": [["10.0", "694.0"], ["14.3", "694.0"], ["14.3", "807.3"], ["10.0", "807.3"]], "Type": "SD"}, {"Location": [["233.5", "678.4"], ["233.5", "805.2"], ["233.0", "805.2"], ["233.0", "822.9"], ["16.3", "822.9"], ["16.3", "678.4"]], "Type": "GATE"}, {"Location": [["221.1", "685.2"], ["227.7", "685.2"], ["227.7", "798.4"], ["221.1", "798.4"]], "Type": "SD"}], "Module": "M17", "Boundary": [["233.5", "678.4"], ["233.5", "805.2"], ["233.0", "805.2"], ["233.0", "822.9"], ["10.0", "822.9"], ["10.0", "678.4"]], "Module_type": "GATE"}], "Area": [["-30.0", "-30.0"], ["525.5", "-30.0"], ["525.5", "1229.1"], ["-30.0", "1229.1"]], "Rules": ["GATE(5,5)", "SD(5,5)", "GATE_SD(0.5)", "GATE_ITO(0.5)", "SD_ITO(0.5)"]}