{"Modules": [{"Module": "M14", "Boundary": [["397.9", "578.0"], ["397.9", "646.9"], ["384.7", "646.9"], ["384.7", "658.9"], ["331.0", "658.9"], ["331.0", "578.0"]], "Module_type": "GATE", "Ports": [{"Location": [["331.0", "589.3"], ["335.8", "589.3"], ["335.8", "647.6"], ["331.0", "647.6"]], "Type": "SD"}, {"Location": [["397.9", "578.0"], ["397.9", "646.9"], ["384.7", "646.9"], ["384.7", "658.9"], ["337.1", "658.9"], ["337.1", "578.0"]], "Type": "GATE"}, {"Location": [["388.2", "583.6"], ["393.3", "583.6"], ["393.3", "640.3"], ["388.2", "640.3"]], "Type": "SD"}]}, {"Ports": [{"Location": [["31.8", "791.5"], ["67.9", "791.5"], ["67.9", "797.2"], ["31.8", "797.2"]], "Type": "SD"}, {"Location": [["20.0", "633.7"], ["65.1", "633.7"], ["65.1", "633.8"], ["79.7", "633.8"], ["79.7", "789.4"], ["20.0", "789.4"]], "Type": "GATE"}, {"Location": [["25.9", "638.6"], ["59.2", "638.6"], ["59.2", "643.2"], ["25.9", "643.2"]], "Type": "SD"}], "Module": "M9", "Boundary": [["20.0", "633.7"], ["65.1", "633.7"], ["65.1", "633.8"], ["79.7", "633.8"], ["79.7", "797.2"], ["20.0", "797.2"]], "Module_type": "GATE"}, {"Ports": [{"Location": [["148.9", "964.0"], ["206.1", "964.0"], ["206.1", "969.3"], ["148.9", "969.3"]], "Type": "SD"}, {"Location": [["136.7", "782.7"], ["205.6", "782.7"], ["205.6", "782.8"], ["218.3", "782.8"], ["218.3", "962.8"], ["136.7", "962.8"]], "Type": "GATE"}, {"Location": [["143.0", "788.0"], ["199.3", "788.0"], ["199.3", "793.4"], ["143.0", "793.4"]], "Type": "SD"}], "Module": "M5", "Boundary": [["136.7", "782.7"], ["205.6", "782.7"], ["205.6", "782.8"], ["218.3", "782.8"], ["218.3", "969.3"], ["136.7", "969.3"]], "Module_type": "GATE"}, {"Ports": [{"Location": [["291.0", "216.6"], ["367.2", "216.6"], ["367.2", "222.4"], ["291.0", "222.4"]], "Type": "SD"}, {"Location": [["279.4", "20.0"], ["378.8", "20.0"], ["378.8", "214.9"], ["279.4", "214.9"]], "Type": "GATE"}, {"Location": [["286.0", "25.6"], ["372.2", "25.6"], ["372.2", "29.8"], ["286.0", "29.8"]], "Type": "SD"}], "Module": "M11", "Boundary": [["279.4", "20.0"], ["378.8", "20.0"], ["378.8", "222.4"], ["279.4", "222.4"]], "Module_type": "GATE"}, {"Ports": [{"Location": [["312.2", "424.7"], ["378.0", "424.7"], ["378.0", "429.5"], ["312.2", "429.5"]], "Type": "SD"}, {"Location": [["298.8", "252.4"], ["391.4", "252.4"], ["391.4", "421.9"], ["298.8", "421.9"]], "Type": "GATE"}, {"Location": [["304.3", "256.9"], ["385.9", "256.9"], ["385.9", "263.4"], ["304.3", "263.4"]], "Type": "SD"}], "Module": "M1", "Boundary": [["298.8", "252.4"], ["391.4", "252.4"], ["391.4", "429.5"], ["298.8", "429.5"]], "Module_type": "GATE"}, {"Ports": [{"Location": [["258.7", "1177.8"], ["365.7", "1177.8"], ["365.7", "1182.7"], ["258.7", "1182.7"]], "Type": "SD"}, {"Location": [["245.0", "1042.2"], ["379.4", "1042.2"], ["379.4", "1175.1"], ["245.0", "1175.1"]], "Type": "GATE"}, {"Location": [["251.3", "1047.5"], ["373.1", "1047.5"], ["373.1", "1052.9"], ["251.3", "1052.9"]], "Type": "SD"}], "Module": "M19", "Boundary": [["245.0", "1042.2"], ["379.4", "1042.2"], ["379.4", "1182.7"], ["245.0", "1182.7"]], "Module_type": "GATE"}, {"Ports": [{"Location": [["10.0", "1100.0"], ["14.2", "1100.0"], ["14.2", "1191.1"], ["10.0", "1191.1"]], "Type": "SD"}, {"Location": [["102.4", "1087.9"], ["102.4", "1190.2"], ["81.9", "1190.2"], ["81.9", "1203.2"], ["15.7", "1203.2"], ["15.7", "1087.9"]], "Type": "GATE"}, {"Location": [["92.2", "1093.4"], ["97.9", "1093.4"], ["97.9", "1183.7"], ["92.2", "1183.7"]], "Type": "SD"}], "Module": "M6", "Boundary": [["102.4", "1087.9"], ["102.4", "1190.2"], ["81.9", "1190.2"], ["81.9", "1203.2"], ["10.0", "1203.2"], ["10.0", "1087.9"]], "Module_type": "GATE"}, {"Ports": [{"Location": [["226.5", "461.2"], ["231.5", "461.2"], ["231.5", "546.3"], ["226.5", "546.3"]], "Type": "SD"}, {"Location": [["386.4", "449.5"], ["386.4", "543.4"], ["317.6", "543.4"], ["317.6", "558.0"], ["232.9", "558.0"], ["232.9", "449.5"]], "Type": "GATE"}, {"Location": [["377.1", "454.8"], ["382.1", "454.8"], ["382.1", "537.1"], ["377.1", "537.1"]], "Type": "SD"}], "Module": "M2", "Boundary": [["386.4", "449.5"], ["386.4", "543.4"], ["317.6", "543.4"], ["317.6", "558.0"], ["226.5", "558.0"], ["226.5", "449.5"]], "Module_type": "GATE"}, {"Ports": [{"Location": [["44.0", "577.8"], ["172.5", "577.8"], ["172.5", "583.7"], ["44.0", "583.7"]], "Type": "SD"}, {"Location": [["30.0", "461.2"], ["170.2", "461.2"], ["170.2", "510.8"], ["186.5", "510.8"], ["186.5", "576.0"], ["30.0", "576.0"]], "Type": "GATE"}, {"Location": [["36.4", "466.6"], ["162.8", "466.6"], ["162.8", "471.9"], ["36.4", "471.9"]], "Type": "SD"}], "Module": "M16", "Boundary": [["30.0", "461.2"], ["170.2", "461.2"], ["170.2", "510.8"], ["186.5", "510.8"], ["186.5", "583.7"], ["30.0", "583.7"]], "Module_type": "GATE"}, {"Ports": [{"Location": [["273.5", "976.8"], ["356.9", "976.8"], ["356.9", "982.2"], ["273.5", "982.2"]], "Type": "SD"}, {"Location": [["258.3", "842.7"], ["372.1", "842.7"], ["372.1", "975.5"], ["258.3", "975.5"]], "Type": "GATE"}, {"Location": [["264.9", "848.3"], ["365.5", "848.3"], ["365.5", "854.8"], ["264.9", "854.8"]], "Type": "SD"}], "Module": "M13", "Boundary": [["258.3", "842.7"], ["372.1", "842.7"], ["372.1", "982.2"], ["258.3", "982.2"]], "Module_type": "GATE"}, {"Ports": [{"Location": [["132.9", "748.7"], ["198.9", "748.7"], ["198.9", "752.7"], ["132.9", "752.7"]], "Type": "SD"}, {"Location": [["119.7", "633.7"], ["198.3", "633.7"], ["198.3", "653.2"], ["212.1", "653.2"], ["212.1", "747.6"], ["119.7", "747.6"]], "Type": "GATE"}, {"Location": [["125.9", "638.9"], ["191.1", "638.9"], ["191.1", "645.3"], ["125.9", "645.3"]], "Type": "SD"}], "Module": "M10", "Boundary": [["119.7", "633.7"], ["198.3", "633.7"], ["198.3", "653.2"], ["212.1", "653.2"], ["212.1", "752.7"], ["119.7", "752.7"]], "Module_type": "GATE"}, {"Ports": [{"Location": [["10.0", "195.2"], ["15.4", "195.2"], ["15.4", "271.0"], ["10.0", "271.0"]], "Type": "SD"}, {"Location": [["170.0", "182.3"], ["170.0", "283.9"], ["17.1", "283.9"], ["17.1", "182.3"]], "Type": "GATE"}, {"Location": [["159.7", "187.3"], ["166.0", "187.3"], ["166.0", "278.9"], ["159.7", "278.9"]], "Type": "SD"}], "Module": "M7", "Boundary": [["170.0", "182.3"], ["170.0", "283.9"], ["10.0", "283.9"], ["10.0", "182.3"]], "Module_type": "GATE"}, {"Ports": [{"Location": [["30.0", "336.3"], ["35.8", "336.3"], ["35.8", "388.8"], ["30.0", "388.8"]], "Type": "SD"}, {"Location": [["154.4", "323.9"], ["154.4", "401.2"], ["36.9", "401.2"], ["36.9", "323.9"]], "Type": "GATE"}, {"Location": [["144.0", "329.5"], ["149.8", "329.5"], ["149.8", "395.6"], ["144.0", "395.6"]], "Type": "SD"}], "Module": "M3", "Boundary": [["154.4", "323.9"], ["154.4", "401.2"], ["30.0", "401.2"], ["30.0", "323.9"]], "Module_type": "GATE"}, {"Ports": [{"Location": [["134.3", "1197.3"], ["182.7", "1197.3"], ["182.7", "1202.7"], ["134.3", "1202.7"]], "Type": "SD"}, {"Location": [["122.4", "1087.9"], ["181.9", "1087.9"], ["181.9", "1152.2"], ["194.6", "1152.2"], ["194.6", "1196.2"], ["122.4", "1196.2"]], "Type": "GATE"}, {"Location": [["128.5", "1093.0"], ["174.8", "1093.0"], ["174.8", "1098.3"], ["128.5", "1098.3"]], "Type": "SD"}], "Module": "M18", "Boundary": [["122.4", "1087.9"], ["181.9", "1087.9"], ["181.9", "1152.2"], ["194.6", "1152.2"], ["194.6", "1202.7"], ["122.4", "1202.7"]], "Module_type": "GATE"}, {"Ports": [{"Location": [["30.0", "42.2"], ["35.8", "42.2"], ["35.8", "130.1"], ["30.0", "130.1"]], "Type": "SD"}, {"Location": [["229.4", "30.0"], ["229.4", "127.3"], ["160.0", "127.3"], ["160.0", "142.3"], ["38.2", "142.3"], ["38.2", "30.0"]], "Type": "GATE"}, {"Location": [["218.8", "35.6"], ["224.8", "35.6"], ["224.8", "120.7"], ["218.8", "120.7"]], "Type": "SD"}], "Module": "M20", "Boundary": [["229.4", "30.0"], ["229.4", "127.3"], ["160.0", "127.3"], ["160.0", "142.3"], ["30.0", "142.3"], ["30.0", "30.0"]], "Module_type": "GATE"}, {"Ports": [{"Location": [["254.4", "642.3"], ["298.7", "642.3"], ["298.7", "648.0"], ["254.4", "648.0"]], "Type": "SD"}, {"Location": [["242.1", "578.0"], ["298.3", "578.0"], ["298.3", "578.2"], ["311.0", "578.2"], ["311.0", "640.5"], ["242.1", "640.5"]], "Type": "GATE"}, {"Location": [["248.3", "583.2"], ["292.1", "583.2"], ["292.1", "588.7"], ["248.3", "588.7"]], "Type": "SD"}], "Module": "M15", "Boundary": [["242.1", "578.0"], ["298.3", "578.0"], ["298.3", "578.2"], ["311.0", "578.2"], ["311.0", "648.0"], ["242.1", "648.0"]], "Module_type": "GATE"}, {"Ports": [{"Location": [["254.8", "796.9"], ["373.7", "796.9"], ["373.7", "802.7"], ["254.8", "802.7"]], "Type": "SD"}, {"Location": [["242.1", "678.9"], ["371.5", "678.9"], ["371.5", "728.3"], ["386.4", "728.3"], ["386.4", "794.7"], ["242.1", "794.7"]], "Type": "GATE"}, {"Location": [["248.0", "683.8"], ["364.6", "683.8"], ["364.6", "689.4"], ["248.0", "689.4"]], "Type": "SD"}], "Module": "M12", "Boundary": [["242.1", "678.9"], ["371.5", "678.9"], ["371.5", "728.3"], ["386.4", "728.3"], ["386.4", "802.7"], ["242.1", "802.7"]], "Module_type": "GATE"}, {"Ports": [{"Location": [["24.3", "961.2"], ["102.4", "961.2"], ["102.4", "966.5"], ["24.3", "966.5"]], "Type": "SD"}, {"Location": [["10.0", "827.2"], ["100.0", "827.2"], ["100.0", "861.3"], ["116.7", "861.3"], ["116.7", "958.9"], ["10.0", "958.9"]], "Type": "GATE"}, {"Location": [["15.1", "831.3"], ["93.9", "831.3"], ["93.9", "838.5"], ["15.1", "838.5"]], "Type": "SD"}], "Module": "M8", "Boundary": [["10.0", "827.2"], ["100.0", "827.2"], ["100.0", "861.3"], ["116.7", "861.3"], ["116.7", "966.5"], ["10.0", "966.5"]], "Module_type": "GATE"}, {"Ports": [{"Location": [["10.0", "1001.9"], ["15.0", "1001.9"], ["15.0", "1055.3"], ["10.0", "1055.3"]], "Type": "SD"}, {"Location": [["205.0", "989.3"], ["205.0", "1053.2"], ["187.4", "1053.2"], ["187.4", "1067.9"], ["16.9", "1067.9"], ["16.9", "989.3"]], "Type": "GATE"}, {"Location": [["195.6", "995.1"], ["200.2", "995.1"], ["200.2", "1046.4"], ["195.6", "1046.4"]], "Type": "SD"}], "Module": "M4", "Boundary": [["205.0", "989.3"], ["205.0", "1053.2"], ["187.4", "1053.2"], ["187.4", "1067.9"], ["10.0", "1067.9"], ["10.0", "989.3"]], "Module_type": "GATE"}], "Area": [["-30.0", "-20.0"], ["437.9", "-20.0"], ["437.9", "1243.2"], ["-30.0", "1243.2"]], "Rules": ["GATE(5,5)", "SD(5,5)", "GATE_SD(0.5)", "GATE_ITO(0.5)", "SD_ITO(0.5)"]}