{"Modules": [{"Module": "M14", "Boundary": [["623.4", "167.6"], ["623.4", "299.0"], ["530.5", "299.0"], ["530.5", "314.2"], ["444.5", "314.2"], ["444.5", "167.6"]], "Module_type": "GATE", "Ports": [{"Location": [["444.5", "180.7"], ["450.1", "180.7"], ["450.1", "301.1"], ["444.5", "301.1"]], "Type": "SD"}, {"Location": [["623.4", "167.6"], ["623.4", "299.0"], ["530.5", "299.0"], ["530.5", "314.2"], ["451.5", "314.2"], ["451.5", "167.6"]], "Type": "GATE"}, {"Location": [["612.6", "173.6"], ["618.4", "173.6"], ["618.4", "292.0"], ["612.6", "292.0"]], "Type": "SD"}]}, {"Ports": [{"Location": [["20.0", "586.3"], ["24.3", "586.3"], ["24.3", "704.2"], ["20.0", "704.2"]], "Type": "SD"}, {"Location": [["114.9", "573.5"], ["114.9", "701.1"], ["114.5", "701.1"], ["114.5", "717.0"], ["25.6", "717.0"], ["25.6", "573.5"]], "Type": "GATE"}, {"Location": [["104.7", "579.3"], ["110.1", "579.3"], ["110.1", "695.3"], ["104.7", "695.3"]], "Type": "SD"}], "Module": "M9", "Boundary": [["114.9", "573.5"], ["114.9", "701.1"], ["114.5", "701.1"], ["114.5", "717.0"], ["20.0", "717.0"], ["20.0", "573.5"]], "Module_type": "GATE"}, {"Ports": [{"Location": [["200.2", "162.3"], ["205.7", "162.3"], ["205.7", "206.5"], ["200.2", "206.5"]], "Type": "SD"}, {"Location": [["274.7", "151.3"], ["274.7", "204.8"], ["274.6", "204.8"], ["274.6", "217.5"], ["206.7", "217.5"], ["206.7", "151.3"]], "Type": "GATE"}, {"Location": [["265.4", "157.2"], ["269.8", "157.2"], ["269.8", "198.9"], ["265.4", "198.9"]], "Type": "SD"}], "Module": "M5", "Boundary": [["274.7", "151.3"], ["274.7", "204.8"], ["274.6", "204.8"], ["274.6", "217.5"], ["200.2", "217.5"], ["200.2", "151.3"]], "Module_type": "GATE"}, {"Ports": [{"Location": [["326.9", "351.9"], ["401.8", "351.9"], ["401.8", "357.0"], ["326.9", "357.0"]], "Type": "SD"}, {"Location": [["314.2", "177.6"], ["414.5", "177.6"], ["414.5", "350.5"], ["314.2", "350.5"]], "Type": "GATE"}, {"Location": [["320.2", "182.6"], ["408.5", "182.6"], ["408.5", "188.2"], ["320.2", "188.2"]], "Type": "SD"}], "Module": "M11", "Boundary": [["314.2", "177.6"], ["414.5", "177.6"], ["414.5", "357.0"], ["314.2", "357.0"]], "Module_type": "GATE"}, {"Ports": [{"Location": [["141.9", "250.5"], ["146.8", "250.5"], ["146.8", "348.3"], ["141.9", "348.3"]], "Type": "SD"}, {"Location": [["284.2", "237.5"], ["284.2", "346.0"], ["283.8", "346.0"], ["283.8", "361.3"], ["148.6", "361.3"], ["148.6", "237.5"]], "Type": "GATE"}, {"Location": [["274.1", "243.1"], ["279.6", "243.1"], ["279.6", "340.4"], ["274.1", "340.4"]], "Type": "SD"}], "Module": "M1", "Boundary": [["284.2", "237.5"], ["284.2", "346.0"], ["283.8", "346.0"], ["283.8", "361.3"], ["141.9", "361.3"], ["141.9", "237.5"]], "Module_type": "GATE"}, {"Ports": [{"Location": [["556.4", "642.2"], ["560.4", "642.2"], ["560.4", "701.2"], ["556.4", "701.2"]], "Type": "SD"}, {"Location": [["753.4", "629.8"], ["753.4", "713.6"], ["563.3", "713.6"], ["563.3", "629.8"]], "Type": "GATE"}, {"Location": [["744.2", "635.3"], ["748.9", "635.3"], ["748.9", "708.1"], ["744.2", "708.1"]], "Type": "SD"}], "Module": "M19", "Boundary": [["753.4", "629.8"], ["753.4", "713.6"], ["556.4", "713.6"], ["556.4", "629.8"]], "Module_type": "GATE"}, {"Ports": [{"Location": [["141.9", "403.0"], ["146.3", "403.0"], ["146.3", "462.0"], ["141.9", "462.0"]], "Type": "SD"}, {"Location": [["340.8", "387.0"], ["340.8", "461.4"], ["289.0", "461.4"], ["289.0", "478.0"], ["147.4", "478.0"], ["147.4", "387.0"]], "Type": "GATE"}, {"Location": [["328.3", "393.6"], ["335.2", "393.6"], ["335.2", "453.8"], ["328.3", "453.8"]], "Type": "SD"}], "Module": "M6", "Boundary": [["340.8", "387.0"], ["340.8", "461.4"], ["289.0", "461.4"], ["289.0", "478.0"], ["141.9", "478.0"], ["141.9", "387.0"]], "Module_type": "GATE"}, {"Ports": [{"Location": [["645.5", "222.4"], ["651.0", "222.4"], ["651.0", "306.6"], ["645.5", "306.6"]], "Type": "SD"}, {"Location": [["770.2", "207.2"], ["770.2", "321.8"], ["653.4", "321.8"], ["653.4", "207.2"]], "Type": "GATE"}, {"Location": [["758.5", "213.3"], ["765.1", "213.3"], ["765.1", "296.5"], ["758.5", "296.5"]], "Type": "SD"}], "Module": "M2", "Boundary": [["770.2", "207.2"], ["770.2", "321.8"], ["645.5", "321.8"], ["645.5", "207.2"]], "Module_type": "GATE"}, {"Ports": [{"Location": [["500.0", "542.0"], ["572.2", "542.0"], ["572.2", "546.2"], ["500.0", "546.2"]], "Type": "SD"}, {"Location": [["487.7", "354.2"], ["569.1", "354.2"], ["569.1", "370.8"], ["584.5", "370.8"], ["584.5", "540.2"], ["487.7", "540.2"]], "Type": "GATE"}, {"Location": [["493.3", "358.8"], ["562.5", "358.8"], ["562.5", "363.3"], ["493.3", "363.3"]], "Type": "SD"}], "Module": "M16", "Boundary": [["487.7", "354.2"], ["569.1", "354.2"], ["569.1", "370.8"], ["584.5", "370.8"], ["584.5", "546.2"], ["487.7", "546.2"]], "Module_type": "GATE"}, {"Ports": [{"Location": [["658.4", "565.4"], ["756.4", "565.4"], ["756.4", "569.8"], ["658.4", "569.8"]], "Type": "SD"}, {"Location": [["644.5", "361.8"], ["752.2", "361.8"], ["752.2", "362.0"], ["770.3", "362.0"], ["770.3", "563.1"], ["644.5", "563.1"]], "Type": "GATE"}, {"Location": [["649.6", "365.9"], ["747.1", "365.9"], ["747.1", "372.3"], ["649.6", "372.3"]], "Type": "SD"}], "Module": "M13", "Boundary": [["644.5", "361.8"], ["752.2", "361.8"], ["752.2", "362.0"], ["770.3", "362.0"], ["770.3", "569.8"], ["644.5", "569.8"]], "Module_type": "GATE"}, {"Ports": [{"Location": [["33.4", "385.3"], ["98.5", "385.3"], ["98.5", "389.8"], ["33.4", "389.8"]], "Type": "SD"}, {"Location": [["20.0", "225.6"], ["98.2", "225.6"], ["98.2", "309.7"], ["111.9", "309.7"], ["111.9", "383.8"], ["20.0", "383.8"]], "Type": "GATE"}, {"Location": [["25.5", "230.1"], ["91.7", "230.1"], ["91.7", "237.0"], ["25.5", "237.0"]], "Type": "SD"}], "Module": "M10", "Boundary": [["20.0", "225.6"], ["98.2", "225.6"], ["98.2", "309.7"], ["111.9", "309.7"], ["111.9", "389.8"], ["20.0", "389.8"]], "Module_type": "GATE"}, {"Ports": [{"Location": [["21.5", "159.6"], ["56.7", "159.6"], ["56.7", "164.8"], ["21.5", "164.8"]], "Type": "SD"}, {"Location": [["10.0", "10.0"], ["53.8", "10.0"], ["53.8", "10.1"], ["68.2", "10.1"], ["68.2", "157.8"], ["10.0", "157.8"]], "Type": "GATE"}, {"Location": [["15.2", "14.2"], ["48.6", "14.2"], ["48.6", "19.5"], ["15.2", "19.5"]], "Type": "SD"}], "Module": "M7", "Boundary": [["10.0", "10.0"], ["53.8", "10.0"], ["53.8", "10.1"], ["68.2", "10.1"], ["68.2", "164.8"], ["10.0", "164.8"]], "Module_type": "GATE"}, {"Ports": [{"Location": [["380.8", "621.6"], ["385.0", "621.6"], ["385.0", "701.4"], ["380.8", "701.4"]], "Type": "SD"}, {"Location": [["387.7", "686.2"], ["387.7", "636.8"], ["302.7", "636.8"], ["302.7", "607.2"], ["496.4", "607.2"], ["496.4", "715.8"], ["302.7", "715.8"], ["302.7", "686.2"]], "Type": "GATE"}, {"Location": [["484.9", "612.7"], ["492.0", "612.7"], ["492.0", "710.3"], ["484.9", "710.3"]], "Type": "SD"}], "Module": "M3", "Boundary": [["380.8", "686.2"], ["380.8", "636.8"], ["302.7", "636.8"], ["302.7", "607.2"], ["496.4", "607.2"], ["496.4", "715.8"], ["302.7", "715.8"], ["302.7", "686.2"]], "Module_type": "GATE"}, {"Ports": [{"Location": [["374.8", "561.8"], ["433.7", "561.8"], ["433.7", "567.3"], ["374.8", "567.3"]], "Type": "SD"}, {"Location": [["360.8", "387.0"], ["432.7", "387.0"], ["432.7", "418.2"], ["447.7", "418.2"], ["447.7", "560.3"], ["360.8", "560.3"]], "Type": "GATE"}, {"Location": [["366.9", "392.1"], ["424.6", "392.1"], ["424.6", "398.2"], ["366.9", "398.2"]], "Type": "SD"}], "Module": "M18", "Boundary": [["360.8", "387.0"], ["432.7", "387.0"], ["432.7", "418.2"], ["447.7", "418.2"], ["447.7", "567.3"], ["360.8", "567.3"]], "Module_type": "GATE"}, {"Ports": [{"Location": [["178.5", "669.4"], ["305.2", "669.4"], ["305.2", "674.5"], ["178.5", "674.5"]], "Type": "SD"}, {"Location": [["164.9", "518.0"], ["302.7", "518.0"], ["302.7", "597.3"], ["318.8", "597.3"], ["318.8", "668.2"], ["164.9", "668.2"]], "Type": "GATE"}, {"Location": [["171.7", "523.8"], ["294.9", "523.8"], ["294.9", "528.2"], ["171.7", "528.2"]], "Type": "SD"}], "Module": "M20", "Boundary": [["164.9", "518.0"], ["302.7", "518.0"], ["302.7", "597.3"], ["318.8", "597.3"], ["318.8", "674.5"], ["164.9", "674.5"]], "Module_type": "GATE"}, {"Ports": [{"Location": [["659.4", "183.2"], ["775.8", "183.2"], ["775.8", "187.2"], ["659.4", "187.2"]], "Type": "SD"}, {"Location": [["645.5", "10.0"], ["789.7", "10.0"], ["789.7", "182.0"], ["645.5", "182.0"]], "Type": "GATE"}, {"Location": [["651.4", "14.9"], ["783.8", "14.9"], ["783.8", "20.4"], ["651.4", "20.4"]], "Type": "SD"}], "Module": "M15", "Boundary": [["645.5", "10.0"], ["789.7", "10.0"], ["789.7", "187.2"], ["645.5", "187.2"]], "Module_type": "GATE"}, {"Ports": [{"Location": [["200.2", "22.6"], ["205.7", "22.6"], ["205.7", "118.7"], ["200.2", "118.7"]], "Type": "SD"}, {"Location": [["401.1", "10.0"], ["401.1", "117.4"], ["331.2", "117.4"], ["331.2", "131.3"], ["208.6", "131.3"], ["208.6", "10.0"]], "Type": "GATE"}, {"Location": [["390.7", "15.5"], ["396.6", "15.5"], ["396.6", "110.9"], ["390.7", "110.9"]], "Type": "SD"}], "Module": "M12", "Boundary": [["401.1", "10.0"], ["401.1", "117.4"], ["331.2", "117.4"], ["331.2", "131.3"], ["200.2", "131.3"], ["200.2", "10.0"]], "Module_type": "GATE"}, {"Ports": [{"Location": [["421.1", "23.6"], ["426.3", "23.6"], ["426.3", "134.0"], ["421.1", "134.0"]], "Type": "SD"}, {"Location": [["625.5", "10.0"], ["625.5", "133.8"], ["554.0", "133.8"], ["554.0", "147.6"], ["428.4", "147.6"], ["428.4", "10.0"]], "Type": "GATE"}, {"Location": [["613.6", "16.7"], ["619.8", "16.7"], ["619.8", "126.1"], ["613.6", "126.1"]], "Type": "SD"}], "Module": "M8", "Boundary": [["625.5", "10.0"], ["625.5", "133.8"], ["554.0", "133.8"], ["554.0", "147.6"], ["421.1", "147.6"], ["421.1", "10.0"]], "Module_type": "GATE"}, {"Ports": [{"Location": [["25.7", "538.5"], ["86.8", "538.5"], ["86.8", "543.5"], ["25.7", "543.5"]], "Type": "SD"}, {"Location": [["10.0", "419.8"], ["85.3", "419.8"], ["85.3", "468.3"], ["102.5", "468.3"], ["102.5", "536.9"], ["10.0", "536.9"]], "Type": "GATE"}, {"Location": [["16.3", "425.1"], ["78.0", "425.1"], ["78.0", "432.1"], ["16.3", "432.1"]], "Type": "SD"}], "Module": "M4", "Boundary": [["10.0", "419.8"], ["85.3", "419.8"], ["85.3", "468.3"], ["102.5", "468.3"], ["102.5", "543.5"], ["10.0", "543.5"]], "Module_type": "GATE"}], "Area": [["-30.0", "-30.0"], ["829.7", "-30.0"], ["829.7", "757.0"], ["-30.0", "757.0"]], "Rules": ["GATE(5,5)", "SD(5,5)", "GATE_SD(0.5)", "GATE_ITO(0.5)", "SD_ITO(0.5)"]}