{"Modules": [{"Module": "M14", "Boundary": [["457.3", "250.3"], ["582.3", "250.3"], ["582.3", "378.3"], ["596.7", "378.3"], ["596.7", "457.6"], ["457.3", "457.6"]], "Module_type": "GATE", "Ports": [{"Location": [["469.2", "451.7"], ["584.8", "451.7"], ["584.8", "457.6"], ["469.2", "457.6"]], "Type": "SD"}, {"Location": [["457.3", "250.3"], ["582.3", "250.3"], ["582.3", "378.3"], ["596.7", "378.3"], ["596.7", "449.1"], ["457.3", "449.1"]], "Type": "GATE"}, {"Location": [["462.9", "254.9"], ["575.7", "254.9"], ["575.7", "260.0"], ["462.9", "260.0"]], "Type": "SD"}]}, {"Ports": [{"Location": [["158.7", "277.8"], ["163.0", "277.8"], ["163.0", "332.7"], ["158.7", "332.7"]], "Type": "SD"}, {"Location": [["259.8", "265.9"], ["259.8", "328.9"], ["259.5", "328.9"], ["259.5", "344.6"], ["164.2", "344.6"], ["164.2", "265.9"]], "Type": "GATE"}, {"Location": [["250.0", "271.3"], ["255.4", "271.3"], ["255.4", "323.5"], ["250.0", "323.5"]], "Type": "SD"}], "Module": "M9", "Boundary": [["259.8", "265.9"], ["259.8", "328.9"], ["259.5", "328.9"], ["259.5", "344.6"], ["158.7", "344.6"], ["158.7", "265.9"]], "Module_type": "GATE"}, {"Ports": [{"Location": [["344.4", "25.3"], ["350.1", "25.3"], ["350.1", "121.8"], ["344.4", "121.8"]], "Type": "SD"}, {"Location": [["437.3", "10.0"], ["437.3", "137.1"], ["351.2", "137.1"], ["351.2", "10.0"]], "Type": "GATE"}, {"Location": [["424.7", "16.6"], ["431.7", "16.6"], ["431.7", "130.5"], ["424.7", "130.5"]], "Type": "SD"}], "Module": "M5", "Boundary": [["437.3", "10.0"], ["437.3", "137.1"], ["344.4", "137.1"], ["344.4", "10.0"]], "Module_type": "GATE"}, {"Ports": [{"Location": [["172.3", "221.6"], ["300.8", "221.6"], ["300.8", "225.9"], ["172.3", "225.9"]], "Type": "SD"}, {"Location": [["158.7", "20.0"], ["297.1", "20.0"], ["297.1", "20.5"], ["314.4", "20.5"], ["314.4", "218.7"], ["158.7", "218.7"]], "Type": "GATE"}, {"Location": [["164.5", "24.8"], ["291.3", "24.8"], ["291.3", "30.3"], ["164.5", "30.3"]], "Type": "SD"}], "Module": "M11", "Boundary": [["158.7", "20.0"], ["297.1", "20.0"], ["297.1", "20.5"], ["314.4", "20.5"], ["314.4", "225.9"], ["158.7", "225.9"]], "Module_type": "GATE"}, {"Ports": [{"Location": [["23.7", "533.4"], ["123.2", "533.4"], ["123.2", "539.1"], ["23.7", "539.1"]], "Type": "SD"}, {"Location": [["10.0", "374.6"], ["121.6", "374.6"], ["121.6", "374.9"], ["136.9", "374.9"], ["136.9", "531.1"], ["10.0", "531.1"]], "Type": "GATE"}, {"Location": [["16.3", "379.9"], ["115.3", "379.9"], ["115.3", "386.7"], ["16.3", "386.7"]], "Type": "SD"}], "Module": "M1", "Boundary": [["10.0", "374.6"], ["121.6", "374.6"], ["121.6", "374.9"], ["136.9", "374.9"], ["136.9", "539.1"], ["10.0", "539.1"]], "Module_type": "GATE"}, {"Ports": [{"Location": [["295.6", "590.7"], ["389.1", "590.7"], ["389.1", "596.5"], ["295.6", "596.5"]], "Type": "SD"}, {"Location": [["282.6", "422.8"], ["402.1", "422.8"], ["402.1", "587.8"], ["282.6", "587.8"]], "Type": "GATE"}, {"Location": [["288.6", "427.8"], ["396.1", "427.8"], ["396.1", "434.3"], ["288.6", "434.3"]], "Type": "SD"}], "Module": "M19", "Boundary": [["282.6", "422.8"], ["402.1", "422.8"], ["402.1", "596.5"], ["282.6", "596.5"]], "Module_type": "GATE"}, {"Ports": [{"Location": [["232.8", "649.7"], ["237.8", "649.7"], ["237.8", "705.3"], ["232.8", "705.3"]], "Type": "SD"}, {"Location": [["417.4", "636.5"], ["417.4", "703.3"], ["353.3", "703.3"], ["353.3", "718.5"], ["240.1", "718.5"], ["240.1", "636.5"]], "Type": "GATE"}, {"Location": [["406.8", "642.5"], ["412.4", "642.5"], ["412.4", "696.3"], ["406.8", "696.3"]], "Type": "SD"}], "Module": "M6", "Boundary": [["417.4", "636.5"], ["417.4", "703.3"], ["353.3", "703.3"], ["353.3", "718.5"], ["232.8", "718.5"], ["232.8", "636.5"]], "Module_type": "GATE"}, {"Ports": [{"Location": [["23.3", "341.4"], ["115.3", "341.4"], ["115.3", "345.9"], ["23.3", "345.9"]], "Type": "SD"}, {"Location": [["10.0", "172.8"], ["112.6", "172.8"], ["112.6", "247.5"], ["128.6", "247.5"], ["128.6", "339.0"], ["10.0", "339.0"]], "Type": "GATE"}, {"Location": [["16.4", "178.2"], ["105.2", "178.2"], ["105.2", "182.9"], ["16.4", "182.9"]], "Type": "SD"}], "Module": "M2", "Boundary": [["10.0", "172.8"], ["112.6", "172.8"], ["112.6", "247.5"], ["128.6", "247.5"], ["128.6", "345.9"], ["10.0", "345.9"]], "Module_type": "GATE"}, {"Ports": [{"Location": [["30.0", "43.1"], ["35.7", "43.1"], ["35.7", "119.7"], ["30.0", "119.7"]], "Type": "SD"}, {"Location": [["108.7", "30.0"], ["108.7", "119.7"], ["72.9", "119.7"], ["72.9", "132.8"], ["38.3", "132.8"], ["38.3", "30.0"]], "Type": "GATE"}, {"Location": [["97.8", "35.4"], ["104.3", "35.4"], ["104.3", "113.3"], ["97.8", "113.3"]], "Type": "SD"}], "Module": "M16", "Boundary": [["108.7", "30.0"], ["108.7", "119.7"], ["72.9", "119.7"], ["72.9", "132.8"], ["30.0", "132.8"], ["30.0", "30.0"]], "Module_type": "GATE"}, {"Ports": [{"Location": [["603.7", "200.5"], ["738.5", "200.5"], ["738.5", "206.1"], ["603.7", "206.1"]], "Type": "SD"}, {"Location": [["588.8", "30.0"], ["753.4", "30.0"], ["753.4", "199.4"], ["588.8", "199.4"]], "Type": "GATE"}, {"Location": [["595.1", "35.3"], ["747.1", "35.3"], ["747.1", "41.7"], ["595.1", "41.7"]], "Type": "SD"}], "Module": "M13", "Boundary": [["588.8", "30.0"], ["753.4", "30.0"], ["753.4", "206.1"], ["588.8", "206.1"]], "Module_type": "GATE"}, {"Ports": [{"Location": [["20.0", "584.5"], ["25.8", "584.5"], ["25.8", "701.2"], ["20.0", "701.2"]], "Type": "SD"}, {"Location": [["202.8", "569.1"], ["202.8", "701.8"], ["125.3", "701.8"], ["125.3", "716.6"], ["27.2", "716.6"], ["27.2", "569.1"]], "Type": "GATE"}, {"Location": [["190.1", "575.7"], ["197.2", "575.7"], ["197.2", "694.2"], ["190.1", "694.2"]], "Type": "SD"}], "Module": "M10", "Boundary": [["202.8", "569.1"], ["202.8", "701.8"], ["125.3", "701.8"], ["125.3", "716.6"], ["20.0", "716.6"], ["20.0", "569.1"]], "Module_type": "GATE"}, {"Ports": [{"Location": [["630.5", "547.5"], ["756.2", "547.5"], ["756.2", "552.4"], ["630.5", "552.4"]], "Type": "SD"}, {"Location": [["616.7", "451.5"], ["753.0", "451.5"], ["753.0", "451.9"], ["770.0", "451.9"], ["770.0", "546.5"], ["616.7", "546.5"]], "Type": "GATE"}, {"Location": [["623.0", "456.8"], ["746.7", "456.8"], ["746.7", "462.0"], ["623.0", "462.0"]], "Type": "SD"}], "Module": "M7", "Boundary": [["616.7", "451.5"], ["753.0", "451.5"], ["753.0", "451.9"], ["770.0", "451.9"], ["770.0", "552.4"], ["616.7", "552.4"]], "Module_type": "GATE"}, {"Ports": [{"Location": [["649.5", "407.4"], ["746.3", "407.4"], ["746.3", "411.5"], ["649.5", "411.5"]], "Type": "SD"}, {"Location": [["636.7", "266.1"], ["744.1", "266.1"], ["744.1", "266.2"], ["759.1", "266.2"], ["759.1", "404.9"], ["636.7", "404.9"]], "Type": "GATE"}, {"Location": [["643.2", "271.6"], ["737.6", "271.6"], ["737.6", "276.9"], ["643.2", "276.9"]], "Type": "SD"}], "Module": "M3", "Boundary": [["636.7", "266.1"], ["744.1", "266.1"], ["744.1", "266.2"], ["759.1", "266.2"], ["759.1", "411.5"], ["636.7", "411.5"]], "Module_type": "GATE"}, {"Ports": [{"Location": [["608.9", "585.0"], ["613.3", "585.0"], ["613.3", "710.6"], ["608.9", "710.6"]], "Type": "SD"}, {"Location": [["776.0", "572.4"], ["776.0", "707.4"], ["747.6", "707.4"], ["747.6", "723.2"], ["614.8", "723.2"], ["614.8", "572.4"]], "Type": "GATE"}, {"Location": [["766.2", "578.4"], ["771.0", "578.4"], ["771.0", "700.4"], ["766.2", "700.4"]], "Type": "SD"}], "Module": "M18", "Boundary": [["776.0", "572.4"], ["776.0", "707.4"], ["747.6", "707.4"], ["747.6", "723.2"], ["608.9", "723.2"], ["608.9", "572.4"]], "Module_type": "GATE"}, {"Ports": [{"Location": [["473.5", "511.8"], ["477.7", "511.8"], ["477.7", "562.2"], ["473.5", "562.2"]], "Type": "SD"}, {"Location": [["568.9", "497.6"], ["568.9", "562.9"], ["534.3", "562.9"], ["534.3", "576.4"], ["479.5", "576.4"], ["479.5", "497.6"]], "Type": "GATE"}, {"Location": [["556.5", "504.2"], ["563.3", "504.2"], ["563.3", "555.3"], ["556.5", "555.3"]], "Type": "SD"}], "Module": "M20", "Boundary": [["568.9", "497.6"], ["568.9", "562.9"], ["534.3", "562.9"], ["534.3", "576.4"], ["473.5", "576.4"], ["473.5", "497.6"]], "Module_type": "GATE"}, {"Ports": [{"Location": [["443.3", "627.7"], ["447.5", "627.7"], ["447.5", "710.9"], ["443.3", "710.9"]], "Type": "SD"}, {"Location": [["564.0", "616.4"], ["564.0", "722.2"], ["449.4", "722.2"], ["449.4", "616.4"]], "Type": "GATE"}, {"Location": [["554.8", "622.1"], ["559.3", "622.1"], ["559.3", "716.5"], ["554.8", "716.5"]], "Type": "SD"}], "Module": "M15", "Boundary": [["564.0", "616.4"], ["564.0", "722.2"], ["443.3", "722.2"], ["443.3", "616.4"]], "Module_type": "GATE"}, {"Ports": [{"Location": [["301.4", "378.2"], ["411.7", "378.2"], ["411.7", "382.8"], ["301.4", "382.8"]], "Type": "SD"}, {"Location": [["289.8", "255.9"], ["409.5", "255.9"], ["409.5", "308.3"], ["423.3", "308.3"], ["423.3", "376.0"], ["289.8", "376.0"]], "Type": "GATE"}, {"Location": [["295.0", "260.1"], ["403.3", "260.1"], ["403.3", "265.6"], ["295.0", "265.6"]], "Type": "SD"}], "Module": "M12", "Boundary": [["289.8", "255.9"], ["409.5", "255.9"], ["409.5", "308.3"], ["423.3", "308.3"], ["423.3", "382.8"], ["289.8", "382.8"]], "Module_type": "GATE"}, {"Ports": [{"Location": [["470.8", "224.6"], ["535.3", "224.6"], ["535.3", "230.3"], ["470.8", "230.3"]], "Type": "SD"}, {"Location": [["457.3", "10.0"], ["535.2", "10.0"], ["535.2", "107.7"], ["548.8", "107.7"], ["548.8", "222.8"], ["457.3", "222.8"]], "Type": "GATE"}, {"Location": [["463.0", "14.7"], ["528.5", "14.7"], ["528.5", "21.2"], ["463.0", "21.2"]], "Type": "SD"}], "Module": "M8", "Boundary": [["457.3", "10.0"], ["535.2", "10.0"], ["535.2", "107.7"], ["548.8", "107.7"], ["548.8", "230.3"], ["457.3", "230.3"]], "Module_type": "GATE"}, {"Ports": [{"Location": [["344.4", "168.6"], ["349.7", "168.6"], ["349.7", "221.2"], ["344.4", "221.2"]], "Type": "SD"}, {"Location": [["433.5", "157.1"], ["433.5", "218.8"], ["408.4", "218.8"], ["408.4", "232.7"], ["352.6", "232.7"], ["352.6", "157.1"]], "Type": "GATE"}, {"Location": [["423.5", "162.7"], ["428.9", "162.7"], ["428.9", "212.2"], ["423.5", "212.2"]], "Type": "SD"}], "Module": "M4", "Boundary": [["433.5", "157.1"], ["433.5", "218.8"], ["408.4", "218.8"], ["408.4", "232.7"], ["344.4", "232.7"], ["344.4", "157.1"]], "Module_type": "GATE"}], "Area": [["-30.0", "-30.0"], ["816.0", "-30.0"], ["816.0", "763.2"], ["-30.0", "763.2"]], "Rules": ["GATE(5,5)", "SD(5,5)", "GATE_SD(0.5)", "GATE_ITO(0.5)", "SD_ITO(0.5)"]}