{"Modules": [{"Module": "M14", "Boundary": [["810.2", "299.2"], ["810.2", "396.5"], ["703.1", "396.5"], ["703.1", "411.3"], ["630.8", "411.3"], ["630.8", "299.2"]], "Module_type": "GATE", "Ports": [{"Location": [["630.8", "312.6"], ["635.6", "312.6"], ["635.6", "397.9"], ["630.8", "397.9"]], "Type": "SD"}, {"Location": [["810.2", "299.2"], ["810.2", "396.5"], ["703.1", "396.5"], ["703.1", "411.3"], ["638.2", "411.3"], ["638.2", "299.2"]], "Type": "GATE"}, {"Location": [["799.1", "305.1"], ["805.3", "305.1"], ["805.3", "389.6"], ["799.1", "389.6"]], "Type": "SD"}]}, {"Ports": [{"Location": [["491.4", "533.2"], ["495.8", "533.2"], ["495.8", "625.0"], ["491.4", "625.0"]], "Type": "SD"}, {"Location": [["623.8", "520.9"], ["623.8", "637.3"], ["497.3", "637.3"], ["497.3", "520.9"]], "Type": "GATE"}, {"Location": [["613.1", "527.1"], ["618.6", "527.1"], ["618.6", "631.1"], ["613.1", "631.1"]], "Type": "SD"}], "Module": "M9", "Boundary": [["623.8", "520.9"], ["623.8", "637.3"], ["491.4", "637.3"], ["491.4", "520.9"]], "Module_type": "GATE"}, {"Ports": [{"Location": [["350.7", "197.5"], ["355.7", "197.5"], ["355.7", "239.2"], ["350.7", "239.2"]], "Type": "SD"}, {"Location": [["558.3", "185.2"], ["558.3", "234.4"], ["558.0", "234.4"], ["558.0", "251.5"], ["358.5", "251.5"], ["358.5", "185.2"]], "Type": "GATE"}, {"Location": [["549.1", "190.5"], ["554.0", "190.5"], ["554.0", "229.1"], ["549.1", "229.1"]], "Type": "SD"}], "Module": "M5", "Boundary": [["558.3", "185.2"], ["558.3", "234.4"], ["558.0", "234.4"], ["558.0", "251.5"], ["350.7", "251.5"], ["350.7", "185.2"]], "Module_type": "GATE"}, {"Ports": [{"Location": [["515.2", "474.9"], ["588.3", "474.9"], ["588.3", "480.9"], ["515.2", "480.9"]], "Type": "SD"}, {"Location": [["502.7", "281.5"], ["600.8", "281.5"], ["600.8", "473.2"], ["502.7", "473.2"]], "Type": "GATE"}, {"Location": [["508.1", "285.9"], ["595.4", "285.9"], ["595.4", "291.1"], ["508.1", "291.1"]], "Type": "SD"}], "Module": "M11", "Boundary": [["502.7", "281.5"], ["600.8", "281.5"], ["600.8", "480.9"], ["502.7", "480.9"]], "Module_type": "GATE"}, {"Ports": [{"Location": [["23.3", "157.3"], ["106.5", "157.3"], ["106.5", "163.2"], ["23.3", "163.2"]], "Type": "SD"}, {"Location": [["10.0", "10.0"], ["104.4", "10.0"], ["104.4", "10.0"], ["119.8", "10.0"], ["119.8", "154.8"], ["10.0", "154.8"]], "Type": "GATE"}, {"Location": [["16.1", "15.1"], ["98.3", "15.1"], ["98.3", "20.6"], ["16.1", "20.6"]], "Type": "SD"}], "Module": "M1", "Boundary": [["10.0", "10.0"], ["104.4", "10.0"], ["104.4", "10.0"], ["119.8", "10.0"], ["119.8", "163.2"], ["10.0", "163.2"]], "Module_type": "GATE"}, {"Ports": [{"Location": [["159.8", "42.7"], ["163.8", "42.7"], ["163.8", "169.3"], ["159.8", "169.3"]], "Type": "SD"}, {"Location": [["310.7", "30.0"], ["310.7", "182.0"], ["164.8", "182.0"], ["164.8", "30.0"]], "Type": "GATE"}, {"Location": [["301.3", "35.5"], ["306.2", "35.5"], ["306.2", "176.5"], ["301.3", "176.5"]], "Type": "SD"}], "Module": "M19", "Boundary": [["310.7", "30.0"], ["310.7", "182.0"], ["159.8", "182.0"], ["159.8", "30.0"]], "Module_type": "GATE"}, {"Ports": [{"Location": [["23.0", "426.4"], ["95.9", "426.4"], ["95.9", "431.1"], ["23.0", "431.1"]], "Type": "SD"}, {"Location": [["10.0", "336.6"], ["96.6", "336.6"], ["96.6", "371.6"], ["108.9", "371.6"], ["108.9", "425.0"], ["10.0", "425.0"]], "Type": "GATE"}, {"Location": [["17.0", "342.6"], ["88.6", "342.6"], ["88.6", "348.0"], ["17.0", "348.0"]], "Type": "SD"}], "Module": "M6", "Boundary": [["10.0", "336.6"], ["96.6", "336.6"], ["96.6", "371.6"], ["108.9", "371.6"], ["108.9", "431.1"], ["10.0", "431.1"]], "Module_type": "GATE"}, {"Ports": [{"Location": [["741.2", "244.6"], ["798.6", "244.6"], ["798.6", "249.3"], ["741.2", "249.3"]], "Type": "SD"}, {"Location": [["727.1", "158.9"], ["797.2", "158.9"], ["797.2", "184.2"], ["812.7", "184.2"], ["812.7", "241.8"], ["727.1", "241.8"]], "Type": "GATE"}, {"Location": [["732.7", "163.5"], ["790.6", "163.5"], ["790.6", "171.2"], ["732.7", "171.2"]], "Type": "SD"}], "Module": "M2", "Boundary": [["727.1", "158.9"], ["797.2", "158.9"], ["797.2", "184.2"], ["812.7", "184.2"], ["812.7", "249.3"], ["727.1", "249.3"]], "Module_type": "GATE"}, {"Ports": [{"Location": [["370.7", "42.2"], ["376.3", "42.2"], ["376.3", "133.0"], ["370.7", "133.0"]], "Type": "SD"}, {"Location": [["479.9", "30.0"], ["479.9", "132.2"], ["454.9", "132.2"], ["454.9", "145.2"], ["379.0", "145.2"], ["379.0", "30.0"]], "Type": "GATE"}, {"Location": [["469.8", "36.8"], ["474.1", "36.8"], ["474.1", "124.4"], ["469.8", "124.4"]], "Type": "SD"}], "Module": "M16", "Boundary": [["479.9", "30.0"], ["479.9", "132.2"], ["454.9", "132.2"], ["454.9", "145.2"], ["370.7", "145.2"], ["370.7", "30.0"]], "Module_type": "GATE"}, {"Ports": [{"Location": [["685.0", "608.7"], ["775.4", "608.7"], ["775.4", "614.7"], ["685.0", "614.7"]], "Type": "SD"}, {"Location": [["673.8", "451.3"], ["786.6", "451.3"], ["786.6", "606.0"], ["673.8", "606.0"]], "Type": "GATE"}, {"Location": [["679.0", "455.5"], ["781.4", "455.5"], ["781.4", "460.3"], ["679.0", "460.3"]], "Type": "SD"}], "Module": "M13", "Boundary": [["673.8", "451.3"], ["786.6", "451.3"], ["786.6", "614.7"], ["673.8", "614.7"]], "Module_type": "GATE"}, {"Ports": [{"Location": [["32.7", "619.2"], ["83.2", "619.2"], ["83.2", "624.6"], ["32.7", "624.6"]], "Type": "SD"}, {"Location": [["20.0", "461.1"], ["82.3", "461.1"], ["82.3", "488.6"], ["95.9", "488.6"], ["95.9", "616.6"], ["20.0", "616.6"]], "Type": "GATE"}, {"Location": [["27.0", "467.1"], ["74.3", "467.1"], ["74.3", "471.4"], ["27.0", "471.4"]], "Type": "SD"}], "Module": "M10", "Boundary": [["20.0", "461.1"], ["82.3", "461.1"], ["82.3", "488.6"], ["95.9", "488.6"], ["95.9", "624.6"], ["20.0", "624.6"]], "Module_type": "GATE"}, {"Ports": [{"Location": [["129.3", "351.8"], ["134.8", "351.8"], ["134.8", "425.4"], ["129.3", "425.4"]], "Type": "SD"}, {"Location": [["300.8", "336.0"], ["300.8", "441.2"], ["136.1", "441.2"], ["136.1", "336.0"]], "Type": "GATE"}, {"Location": [["288.4", "343.0"], ["294.8", "343.0"], ["294.8", "434.2"], ["288.4", "434.2"]], "Type": "SD"}], "Module": "M7", "Boundary": [["300.8", "336.0"], ["300.8", "441.2"], ["129.3", "441.2"], ["129.3", "336.0"]], "Module_type": "GATE"}, {"Ports": [{"Location": [["370.7", "532.7"], ["376.1", "532.7"], ["376.1", "616.9"], ["370.7", "616.9"]], "Type": "SD"}, {"Location": [["441.4", "519.3"], ["441.4", "630.3"], ["377.8", "630.3"], ["377.8", "519.3"]], "Type": "GATE"}, {"Location": [["429.6", "525.4"], ["436.3", "525.4"], ["436.3", "624.2"], ["429.6", "624.2"]], "Type": "SD"}], "Module": "M3", "Boundary": [["441.4", "519.3"], ["441.4", "630.3"], ["370.7", "630.3"], ["370.7", "519.3"]], "Module_type": "GATE"}, {"Ports": [{"Location": [["519.9", "23.2"], ["524.6", "23.2"], ["524.6", "125.2"], ["519.9", "125.2"]], "Type": "SD"}, {"Location": [["673.3", "10.0"], ["673.3", "123.7"], ["648.0", "123.7"], ["648.0", "138.4"], ["527.1", "138.4"], ["527.1", "10.0"]], "Type": "GATE"}, {"Location": [["662.5", "16.6"], ["667.7", "16.6"], ["667.7", "116.1"], ["662.5", "116.1"]], "Type": "SD"}], "Module": "M18", "Boundary": [["673.3", "10.0"], ["673.3", "123.7"], ["648.0", "123.7"], ["648.0", "138.4"], ["519.9", "138.4"], ["519.9", "10.0"]], "Module_type": "GATE"}, {"Ports": [{"Location": [["145.9", "494.3"], ["151.7", "494.3"], ["151.7", "578.4"], ["145.9", "578.4"]], "Type": "SD"}, {"Location": [["306.1", "481.2"], ["306.1", "577.0"], ["252.3", "577.0"], ["252.3", "591.5"], ["154.3", "591.5"], ["154.3", "481.2"]], "Type": "GATE"}, {"Location": [["295.5", "486.2"], ["302.1", "486.2"], ["302.1", "571.0"], ["295.5", "571.0"]], "Type": "SD"}], "Module": "M20", "Boundary": [["306.1", "481.2"], ["306.1", "577.0"], ["252.3", "577.0"], ["252.3", "591.5"], ["145.9", "591.5"], ["145.9", "481.2"]], "Module_type": "GATE"}, {"Ports": [{"Location": [["23.5", "311.3"], ["95.8", "311.3"], ["95.8", "316.6"], ["23.5", "316.6"]], "Type": "SD"}, {"Location": [["10.0", "183.2"], ["109.3", "183.2"], ["109.3", "308.9"], ["10.0", "308.9"]], "Type": "GATE"}, {"Location": [["16.2", "188.4"], ["103.1", "188.4"], ["103.1", "193.7"], ["16.2", "193.7"]], "Type": "SD"}], "Module": "M15", "Boundary": [["10.0", "183.2"], ["109.3", "183.2"], ["109.3", "316.6"], ["10.0", "316.6"]], "Module_type": "GATE"}, {"Ports": [{"Location": [["642.8", "274.8"], ["695.1", "274.8"], ["695.1", "279.2"], ["642.8", "279.2"]], "Type": "SD"}, {"Location": [["630.8", "158.9"], ["692.7", "158.9"], ["692.7", "207.5"], ["707.1", "207.5"], ["707.1", "273.8"], ["630.8", "273.8"]], "Type": "GATE"}, {"Location": [["635.8", "162.9"], ["686.7", "162.9"], ["686.7", "168.4"], ["635.8", "168.4"]], "Type": "SD"}], "Module": "M12", "Boundary": [["630.8", "158.9"], ["692.7", "158.9"], ["692.7", "207.5"], ["707.1", "207.5"], ["707.1", "279.2"], ["630.8", "279.2"]], "Module_type": "GATE"}, {"Ports": [{"Location": [["363.6", "473.4"], ["459.8", "473.4"], ["459.8", "479.3"], ["363.6", "479.3"]], "Type": "SD"}, {"Location": [["350.7", "271.5"], ["458.9", "271.5"], ["458.9", "363.5"], ["472.7", "363.5"], ["472.7", "471.3"], ["350.7", "471.3"]], "Type": "GATE"}, {"Location": [["357.6", "277.4"], ["451.0", "277.4"], ["451.0", "282.7"], ["357.6", "282.7"]], "Type": "SD"}], "Module": "M8", "Boundary": [["350.7", "271.5"], ["458.9", "271.5"], ["458.9", "363.5"], ["472.7", "363.5"], ["472.7", "479.3"], ["350.7", "479.3"]], "Module_type": "GATE"}, {"Ports": [{"Location": [["706.2", "134.4"], ["796.9", "134.4"], ["796.9", "138.9"], ["706.2", "138.9"]], "Type": "SD"}, {"Location": [["693.3", "10.0"], ["794.2", "10.0"], ["794.2", "20.8"], ["809.8", "20.8"], ["809.8", "131.4"], ["693.3", "131.4"]], "Type": "GATE"}, {"Location": [["698.7", "14.4"], ["787.8", "14.4"], ["787.8", "20.4"], ["698.7", "20.4"]], "Type": "SD"}], "Module": "M4", "Boundary": [["693.3", "10.0"], ["794.2", "10.0"], ["794.2", "20.8"], ["809.8", "20.8"], ["809.8", "138.9"], ["693.3", "138.9"]], "Module_type": "GATE"}, {"Ports": [{"Location": [["129.3", "238.0"], ["133.6", "238.0"], ["133.6", "300.0"], ["129.3", "300.0"]], "Type": "SD"}, {"Location": [["324.9", "222.0"], ["324.9", "316.0"], ["134.6", "316.0"], ["134.6", "222.0"]], "Type": "GATE"}, {"Location": [["312.2", "228.8"], ["319.1", "228.8"], ["319.1", "309.2"], ["312.2", "309.2"]], "Type": "SD"}], "Module": "M17", "Boundary": [["324.9", "222.0"], ["324.9", "316.0"], ["129.3", "316.0"], ["129.3", "222.0"]], "Module_type": "GATE"}], "Area": [["-30.0", "-30.0"], ["852.7", "-30.0"], ["852.7", "677.3"], ["-30.0", "677.3"]], "Rules": ["GATE(5,5)", "SD(5,5)", "GATE_SD(0.5)", "GATE_ITO(0.5)", "SD_ITO(0.5)"]}