{"Modules": [{"Module": "M14", "Boundary": [["522.0", "431.6"], ["650.2", "431.6"], ["650.2", "521.8"], ["667.5", "521.8"], ["667.5", "607.7"], ["522.0", "607.7"]], "Module_type": "GATE", "Ports": [{"Location": [["536.3", "602.7"], ["653.2", "602.7"], ["653.2", "607.7"], ["536.3", "607.7"]], "Type": "SD"}, {"Location": [["522.0", "431.6"], ["650.2", "431.6"], ["650.2", "521.8"], ["667.5", "521.8"], ["667.5", "601.1"], ["522.0", "601.1"]], "Type": "GATE"}, {"Location": [["527.9", "436.5"], ["643.3", "436.5"], ["643.3", "442.8"], ["527.9", "442.8"]], "Type": "SD"}]}, {"Ports": [{"Location": [["557.3", "771.5"], ["646.4", "771.5"], ["646.4", "776.7"], ["557.3", "776.7"]], "Type": "SD"}, {"Location": [["542.8", "637.7"], ["647.1", "637.7"], ["647.1", "637.7"], ["660.9", "637.7"], ["660.9", "769.2"], ["542.8", "769.2"]], "Type": "GATE"}, {"Location": [["549.8", "643.7"], ["640.1", "643.7"], ["640.1", "650.6"], ["549.8", "650.6"]], "Type": "SD"}], "Module": "M9", "Boundary": [["542.8", "637.7"], ["647.1", "637.7"], ["647.1", "637.7"], ["660.9", "637.7"], ["660.9", "776.7"], ["542.8", "776.7"]], "Module_type": "GATE"}, {"Ports": [{"Location": [["199.4", "543.7"], ["297.1", "543.7"], ["297.1", "549.2"], ["199.4", "549.2"]], "Type": "SD"}, {"Location": [["185.2", "458.1"], ["311.3", "458.1"], ["311.3", "541.5"], ["185.2", "541.5"]], "Type": "GATE"}, {"Location": [["190.8", "462.7"], ["305.7", "462.7"], ["305.7", "469.4"], ["190.8", "469.4"]], "Type": "SD"}], "Module": "M5", "Boundary": [["185.2", "458.1"], ["311.3", "458.1"], ["311.3", "549.2"], ["185.2", "549.2"]], "Module_type": "GATE"}, {"Ports": [{"Location": [["293.5", "35.8"], ["298.0", "35.8"], ["298.0", "118.7"], ["293.5", "118.7"]], "Type": "SD"}, {"Location": [["387.9", "20.0"], ["387.9", "134.5"], ["300.8", "134.5"], ["300.8", "20.0"]], "Type": "GATE"}, {"Location": [["375.4", "26.1"], ["382.8", "26.1"], ["382.8", "128.4"], ["375.4", "128.4"]], "Type": "SD"}], "Module": "M11", "Boundary": [["387.9", "20.0"], ["387.9", "134.5"], ["293.5", "134.5"], ["293.5", "20.0"]], "Module_type": "GATE"}, {"Ports": [{"Location": [["10.0", "710.8"], ["15.9", "710.8"], ["15.9", "774.1"], ["10.0", "774.1"]], "Type": "SD"}, {"Location": [["105.0", "698.5"], ["105.0", "786.4"], ["17.5", "786.4"], ["17.5", "698.5"]], "Type": "GATE"}, {"Location": [["94.3", "703.8"], ["100.7", "703.8"], ["100.7", "781.1"], ["94.3", "781.1"]], "Type": "SD"}], "Module": "M1", "Boundary": [["105.0", "698.5"], ["105.0", "786.4"], ["10.0", "786.4"], ["10.0", "698.5"]], "Module_type": "GATE"}, {"Ports": [{"Location": [["179.9", "667.3"], ["272.7", "667.3"], ["272.7", "672.8"], ["179.9", "672.8"]], "Type": "SD"}, {"Location": [["165.2", "592.0"], ["270.3", "592.0"], ["270.3", "592.5"], ["287.4", "592.5"], ["287.4", "664.8"], ["165.2", "664.8"]], "Type": "GATE"}, {"Location": [["171.4", "597.2"], ["264.1", "597.2"], ["264.1", "604.1"], ["171.4", "604.1"]], "Type": "SD"}], "Module": "M19", "Boundary": [["165.2", "592.0"], ["270.3", "592.0"], ["270.3", "592.5"], ["287.4", "592.5"], ["287.4", "672.8"], ["165.2", "672.8"]], "Module_type": "GATE"}, {"Ports": [{"Location": [["331.3", "491.7"], ["335.5", "491.7"], ["335.5", "607.9"], ["331.3", "607.9"]], "Type": "SD"}, {"Location": [["493.1", "479.7"], ["493.1", "605.4"], ["479.1", "605.4"], ["479.1", "619.9"], ["337.3", "619.9"], ["337.3", "479.7"]], "Type": "GATE"}, {"Location": [["483.3", "485.6"], ["488.2", "485.6"], ["488.2", "598.5"], ["483.3", "598.5"]], "Type": "SD"}], "Module": "M6", "Boundary": [["493.1", "479.7"], ["493.1", "605.4"], ["479.1", "605.4"], ["479.1", "619.9"], ["331.3", "619.9"], ["331.3", "479.7"]], "Module_type": "GATE"}, {"Ports": [{"Location": [["550.9", "407.4"], ["649.4", "407.4"], ["649.4", "411.6"], ["550.9", "411.6"]], "Type": "SD"}, {"Location": [["537.7", "251.4"], ["648.4", "251.4"], ["648.4", "264.3"], ["662.6", "264.3"], ["662.6", "405.4"], ["537.7", "405.4"]], "Type": "GATE"}, {"Location": [["544.3", "257.0"], ["640.8", "257.0"], ["640.8", "262.3"], ["544.3", "262.3"]], "Type": "SD"}], "Module": "M2", "Boundary": [["537.7", "251.4"], ["648.4", "251.4"], ["648.4", "264.3"], ["662.6", "264.3"], ["662.6", "411.6"], ["537.7", "411.6"]], "Module_type": "GATE"}, {"Ports": [{"Location": [["285.2", "223.6"], ["291.1", "223.6"], ["291.1", "295.6"], ["285.2", "295.6"]], "Type": "SD"}, {"Location": [["497.7", "212.0"], ["497.7", "293.1"], ["440.8", "293.1"], ["440.8", "307.2"], ["293.1", "307.2"], ["293.1", "212.0"]], "Type": "GATE"}, {"Location": [["488.5", "217.5"], ["493.2", "217.5"], ["493.2", "285.6"], ["488.5", "285.6"]], "Type": "SD"}], "Module": "M16", "Boundary": [["497.7", "212.0"], ["497.7", "293.1"], ["440.8", "293.1"], ["440.8", "307.2"], ["285.2", "307.2"], ["285.2", "212.0"]], "Module_type": "GATE"}, {"Ports": [{"Location": [["30.0", "42.9"], ["35.1", "42.9"], ["35.1", "114.1"], ["30.0", "114.1"]], "Type": "SD"}, {"Location": [["243.5", "30.0"], ["243.5", "111.2"], ["243.4", "111.2"], ["243.4", "127.0"], ["37.4", "127.0"], ["37.4", "30.0"]], "Type": "GATE"}, {"Location": [["232.3", "36.8"], ["237.7", "36.8"], ["237.7", "104.4"], ["232.3", "104.4"]], "Type": "SD"}], "Module": "M13", "Boundary": [["243.5", "30.0"], ["243.5", "111.2"], ["243.4", "111.2"], ["243.4", "127.0"], ["30.0", "127.0"], ["30.0", "30.0"]], "Module_type": "GATE"}, {"Ports": [{"Location": [["434.3", "444.8"], ["479.4", "444.8"], ["479.4", "449.7"], ["434.3", "449.7"]], "Type": "SD"}, {"Location": [["421.7", "357.2"], ["480.0", "357.2"], ["480.0", "398.8"], ["492.0", "398.8"], ["492.0", "442.2"], ["421.7", "442.2"]], "Type": "GATE"}, {"Location": [["427.9", "362.4"], ["472.8", "362.4"], ["472.8", "368.0"], ["427.9", "368.0"]], "Type": "SD"}], "Module": "M10", "Boundary": [["421.7", "357.2"], ["480.0", "357.2"], ["480.0", "398.8"], ["492.0", "398.8"], ["492.0", "449.7"], ["421.7", "449.7"]], "Module_type": "GATE"}, {"Ports": [{"Location": [["125.0", "725.4"], ["129.9", "725.4"], ["129.9", "762.9"], ["125.0", "762.9"]], "Type": "SD"}, {"Location": [["305.1", "712.8"], ["305.1", "760.2"], ["305.0", "760.2"], ["305.0", "775.5"], ["131.3", "775.5"], ["131.3", "712.8"]], "Type": "GATE"}, {"Location": [["294.3", "718.3"], ["300.6", "718.3"], ["300.6", "754.7"], ["294.3", "754.7"]], "Type": "SD"}], "Module": "M7", "Boundary": [["305.1", "712.8"], ["305.1", "760.2"], ["305.0", "760.2"], ["305.0", "775.5"], ["125.0", "775.5"], ["125.0", "712.8"]], "Module_type": "GATE"}, {"Ports": [{"Location": [["360.4", "754.0"], ["479.8", "754.0"], ["479.8", "759.4"], ["360.4", "759.4"]], "Type": "SD"}, {"Location": [["347.4", "659.9"], ["476.7", "659.9"], ["476.7", "660.7"], ["492.8", "660.7"], ["492.8", "751.1"], ["347.4", "751.1"]], "Type": "GATE"}, {"Location": [["353.4", "664.9"], ["470.7", "664.9"], ["470.7", "669.8"], ["353.4", "669.8"]], "Type": "SD"}], "Module": "M3", "Boundary": [["347.4", "659.9"], ["476.7", "659.9"], ["476.7", "660.7"], ["492.8", "660.7"], ["492.8", "759.4"], ["347.4", "759.4"]], "Module_type": "GATE"}, {"Ports": [{"Location": [["10.0", "477.6"], ["14.7", "477.6"], ["14.7", "539.1"], ["10.0", "539.1"]], "Type": "SD"}, {"Location": [["155.1", "464.7"], ["155.1", "535.1"], ["69.5", "535.1"], ["69.5", "552.0"], ["16.1", "552.0"], ["16.1", "464.7"]], "Type": "GATE"}, {"Location": [["145.6", "470.1"], ["150.7", "470.1"], ["150.7", "528.7"], ["145.6", "528.7"]], "Type": "SD"}], "Module": "M18", "Boundary": [["155.1", "464.7"], ["155.1", "535.1"], ["69.5", "535.1"], ["69.5", "552.0"], ["10.0", "552.0"], ["10.0", "464.7"]], "Module_type": "GATE"}, {"Ports": [{"Location": [["30.0", "200.8"], ["34.2", "200.8"], ["34.2", "263.2"], ["30.0", "263.2"]], "Type": "SD"}, {"Location": [["225.2", "187.0"], ["225.2", "262.9"], ["224.9", "262.9"], ["224.9", "277.0"], ["36.7", "277.0"], ["36.7", "187.0"]], "Type": "GATE"}, {"Location": [["213.0", "193.5"], ["219.7", "193.5"], ["219.7", "256.4"], ["213.0", "256.4"]], "Type": "SD"}], "Module": "M20", "Boundary": [["225.2", "187.0"], ["225.2", "262.9"], ["224.9", "262.9"], ["224.9", "277.0"], ["30.0", "277.0"], ["30.0", "187.0"]], "Module_type": "GATE"}, {"Ports": [{"Location": [["584.4", "226.4"], ["656.2", "226.4"], ["656.2", "231.4"], ["584.4", "231.4"]], "Type": "SD"}, {"Location": [["571.4", "10.0"], ["669.2", "10.0"], ["669.2", "224.4"], ["571.4", "224.4"]], "Type": "GATE"}, {"Location": [["576.9", "14.5"], ["663.7", "14.5"], ["663.7", "21.0"], ["576.9", "21.0"]], "Type": "SD"}], "Module": "M15", "Boundary": [["571.4", "10.0"], ["669.2", "10.0"], ["669.2", "231.4"], ["571.4", "231.4"]], "Module_type": "GATE"}, {"Ports": [{"Location": [["185.2", "362.3"], ["191.2", "362.3"], ["191.2", "423.0"], ["185.2", "423.0"]], "Type": "SD"}, {"Location": [["391.7", "347.2"], ["391.7", "421.2"], ["284.4", "421.2"], ["284.4", "438.1"], ["193.9", "438.1"], ["193.9", "347.2"]], "Type": "GATE"}, {"Location": [["380.0", "354.0"], ["385.9", "354.0"], ["385.9", "413.4"], ["380.0", "413.4"]], "Type": "SD"}], "Module": "M12", "Boundary": [["391.7", "347.2"], ["391.7", "421.2"], ["284.4", "421.2"], ["284.4", "438.1"], ["185.2", "438.1"], ["185.2", "347.2"]], "Module_type": "GATE"}, {"Ports": [{"Location": [["10.0", "586.2"], ["14.2", "586.2"], ["14.2", "664.3"], ["10.0", "664.3"]], "Type": "SD"}, {"Location": [["125.2", "572.0"], ["125.2", "661.9"], ["97.9", "661.9"], ["97.9", "678.5"], ["16.1", "678.5"], ["16.1", "572.0"]], "Type": "GATE"}, {"Location": [["114.2", "578.2"], ["120.0", "578.2"], ["120.0", "654.7"], ["114.2", "654.7"]], "Type": "SD"}], "Module": "M8", "Boundary": [["125.2", "572.0"], ["125.2", "661.9"], ["97.9", "661.9"], ["97.9", "678.5"], ["10.0", "678.5"], ["10.0", "572.0"]], "Module_type": "GATE"}, {"Ports": [{"Location": [["433.9", "167.6"], ["535.4", "167.6"], ["535.4", "172.0"], ["433.9", "172.0"]], "Type": "SD"}, {"Location": [["417.9", "10.0"], ["533.5", "10.0"], ["533.5", "65.2"], ["551.4", "65.2"], ["551.4", "166.2"], ["417.9", "166.2"]], "Type": "GATE"}, {"Location": [["424.9", "16.0"], ["525.5", "16.0"], ["525.5", "22.5"], ["424.9", "22.5"]], "Type": "SD"}], "Module": "M4", "Boundary": [["417.9", "10.0"], ["533.5", "10.0"], ["533.5", "65.2"], ["551.4", "65.2"], ["551.4", "172.0"], ["417.9", "172.0"]], "Module_type": "GATE"}], "Area": [["-30.0", "-30.0"], ["709.2", "-30.0"], ["709.2", "826.4"], ["-30.0", "826.4"]], "Rules": ["GATE(5,5)", "SD(5,5)", "GATE_SD(0.5)", "GATE_ITO(0.5)", "SD_ITO(0.5)"]}