{"Modules": [{"Module": "M14", "Boundary": [["776.9", "389.0"], ["846.6", "389.0"], ["846.6", "519.4"], ["862.9", "519.4"], ["862.9", "599.7"], ["776.9", "599.7"]], "Module_type": "GATE", "Ports": [{"Location": [["790.2", "595.6"], ["849.6", "595.6"], ["849.6", "599.7"], ["790.2", "599.7"]], "Type": "SD"}, {"Location": [["776.9", "389.0"], ["846.6", "389.0"], ["846.6", "519.4"], ["862.9", "519.4"], ["862.9", "593.6"], ["776.9", "593.6"]], "Type": "GATE"}, {"Location": [["782.0", "393.1"], ["840.5", "393.1"], ["840.5", "399.5"], ["782.0", "399.5"]], "Type": "SD"}]}, {"Ports": [{"Location": [["629.3", "599.5"], ["734.4", "599.5"], ["734.4", "604.5"], ["629.3", "604.5"]], "Type": "SD"}, {"Location": [["616.8", "453.0"], ["746.9", "453.0"], ["746.9", "597.5"], ["616.8", "597.5"]], "Type": "GATE"}, {"Location": [["622.9", "458.1"], ["740.8", "458.1"], ["740.8", "462.7"], ["622.9", "462.7"]], "Type": "SD"}], "Module": "M9", "Boundary": [["616.8", "453.0"], ["746.9", "453.0"], ["746.9", "604.5"], ["616.8", "604.5"]], "Module_type": "GATE"}, {"Ports": [{"Location": [["487.0", "607.4"], ["573.2", "607.4"], ["573.2", "612.6"], ["487.0", "612.6"]], "Type": "SD"}, {"Location": [["473.4", "443.0"], ["573.5", "443.0"], ["573.5", "443.1"], ["586.8", "443.1"], ["586.8", "605.9"], ["473.4", "605.9"]], "Type": "GATE"}, {"Location": [["480.2", "448.8"], ["566.7", "448.8"], ["566.7", "454.8"], ["480.2", "454.8"]], "Type": "SD"}], "Module": "M5", "Boundary": [["473.4", "443.0"], ["573.5", "443.0"], ["573.5", "443.1"], ["586.8", "443.1"], ["586.8", "612.6"], ["473.4", "612.6"]], "Module_type": "GATE"}, {"Ports": [{"Location": [["783.7", "253.2"], ["788.1", "253.2"], ["788.1", "345.2"], ["783.7", "345.2"]], "Type": "SD"}, {"Location": [["902.0", "239.4"], ["902.0", "342.1"], ["901.6", "342.1"], ["901.6", "359.0"], ["789.1", "359.0"], ["789.1", "239.4"]], "Type": "GATE"}, {"Location": [["891.0", "246.0"], ["896.4", "246.0"], ["896.4", "335.5"], ["891.0", "335.5"]], "Type": "SD"}], "Module": "M11", "Boundary": [["902.0", "239.4"], ["902.0", "342.1"], ["901.6", "342.1"], ["901.6", "359.0"], ["783.7", "359.0"], ["783.7", "239.4"]], "Module_type": "GATE"}, {"Ports": [{"Location": [["568.8", "179.9"], ["642.0", "179.9"], ["642.0", "185.4"], ["568.8", "185.4"]], "Type": "SD"}, {"Location": [["556.6", "10.0"], ["654.2", "10.0"], ["654.2", "178.8"], ["556.6", "178.8"]], "Type": "GATE"}, {"Location": [["563.2", "15.6"], ["647.6", "15.6"], ["647.6", "20.6"], ["563.2", "20.6"]], "Type": "SD"}], "Module": "M1", "Boundary": [["556.6", "10.0"], ["654.2", "10.0"], ["654.2", "185.4"], ["556.6", "185.4"]], "Module_type": "GATE"}, {"Ports": [{"Location": [["635.3", "264.2"], ["640.0", "264.2"], ["640.0", "373.4"], ["635.3", "373.4"]], "Type": "SD"}, {"Location": [["733.7", "249.4"], ["733.7", "371.1"], ["733.1", "371.1"], ["733.1", "388.2"], ["641.5", "388.2"], ["641.5", "249.4"]], "Type": "GATE"}, {"Location": [["721.9", "255.7"], ["728.4", "255.7"], ["728.4", "364.8"], ["721.9", "364.8"]], "Type": "SD"}], "Module": "M19", "Boundary": [["733.7", "249.4"], ["733.7", "371.1"], ["733.1", "371.1"], ["733.1", "388.2"], ["635.3", "388.2"], ["635.3", "249.4"]], "Module_type": "GATE"}, {"Ports": [{"Location": [["878.9", "198.1"], ["1012.0", "198.1"], ["1012.0", "203.4"], ["878.9", "203.4"]], "Type": "SD"}, {"Location": [["866.7", "10.0"], ["1007.3", "10.0"], ["1007.3", "110.7"], ["1024.2", "110.7"], ["1024.2", "196.2"], ["866.7", "196.2"]], "Type": "GATE"}, {"Location": [["871.7", "14.0"], ["1001.3", "14.0"], ["1001.3", "19.1"], ["871.7", "19.1"]], "Type": "SD"}], "Module": "M6", "Boundary": [["866.7", "10.0"], ["1007.3", "10.0"], ["1007.3", "110.7"], ["1024.2", "110.7"], ["1024.2", "203.4"], ["866.7", "203.4"]], "Module_type": "GATE"}, {"Ports": [{"Location": [["24.2", "169.9"], ["81.5", "169.9"], ["81.5", "175.6"], ["24.2", "175.6"]], "Type": "SD"}, {"Location": [["10.0", "10.0"], ["80.1", "10.0"], ["80.1", "93.3"], ["95.7", "93.3"], ["95.7", "168.3"], ["10.0", "168.3"]], "Type": "GATE"}, {"Location": [["16.7", "15.7"], ["72.4", "15.7"], ["72.4", "22.0"], ["16.7", "22.0"]], "Type": "SD"}], "Module": "M2", "Boundary": [["10.0", "10.0"], ["80.1", "10.0"], ["80.1", "93.3"], ["95.7", "93.3"], ["95.7", "175.6"], ["10.0", "175.6"]], "Module_type": "GATE"}, {"Ports": [{"Location": [["707.2", "184.9"], ["813.7", "184.9"], ["813.7", "189.4"], ["707.2", "189.4"]], "Type": "SD"}, {"Location": [["694.2", "30.0"], ["813.4", "30.0"], ["813.4", "70.8"], ["826.7", "70.8"], ["826.7", "182.2"], ["694.2", "182.2"]], "Type": "GATE"}, {"Location": [["700.8", "35.6"], ["805.8", "35.6"], ["805.8", "40.8"], ["700.8", "40.8"]], "Type": "SD"}], "Module": "M16", "Boundary": [["694.2", "30.0"], ["813.4", "30.0"], ["813.4", "70.8"], ["826.7", "70.8"], ["826.7", "189.4"], ["694.2", "189.4"]], "Module_type": "GATE"}, {"Ports": [{"Location": [["44.3", "440.6"], ["167.3", "440.6"], ["167.3", "445.5"], ["44.3", "445.5"]], "Type": "SD"}, {"Location": [["30.0", "231.5"], ["181.6", "231.5"], ["181.6", "438.1"], ["30.0", "438.1"]], "Type": "GATE"}, {"Location": [["36.4", "236.9"], ["175.2", "236.9"], ["175.2", "242.8"], ["36.4", "242.8"]], "Type": "SD"}], "Module": "M13", "Boundary": [["30.0", "231.5"], ["181.6", "231.5"], ["181.6", "445.5"], ["30.0", "445.5"]], "Module_type": "GATE"}, {"Ports": [{"Location": [["231.6", "365.5"], ["236.6", "365.5"], ["236.6", "434.8"], ["231.6", "434.8"]], "Type": "SD"}, {"Location": [["442.6", "353.3"], ["442.6", "432.2"], ["348.1", "432.2"], ["348.1", "447.0"], ["238.8", "447.0"], ["238.8", "353.3"]], "Type": "GATE"}, {"Location": [["433.4", "358.5"], ["438.4", "358.5"], ["438.4", "426.0"], ["433.4", "426.0"]], "Type": "SD"}], "Module": "M10", "Boundary": [["442.6", "353.3"], ["442.6", "432.2"], ["348.1", "432.2"], ["348.1", "447.0"], ["231.6", "447.0"], ["231.6", "353.3"]], "Module_type": "GATE"}, {"Ports": [{"Location": [["488.1", "417.5"], ["580.6", "417.5"], ["580.6", "423.0"], ["488.1", "423.0"]], "Type": "SD"}, {"Location": [["473.4", "205.4"], ["578.3", "205.4"], ["578.3", "205.8"], ["595.3", "205.8"], ["595.3", "415.9"], ["473.4", "415.9"]], "Type": "GATE"}, {"Location": [["479.9", "210.9"], ["571.8", "210.9"], ["571.8", "217.0"], ["479.9", "217.0"]], "Type": "SD"}], "Module": "M7", "Boundary": [["473.4", "205.4"], ["578.3", "205.4"], ["578.3", "205.8"], ["595.3", "205.8"], ["595.3", "423.0"], ["473.4", "423.0"]], "Module_type": "GATE"}, {"Ports": [{"Location": [["202.9", "517.3"], ["207.8", "517.3"], ["207.8", "600.5"], ["202.9", "600.5"]], "Type": "SD"}, {"Location": [["430.2", "505.5"], ["430.2", "597.2"], ["430.1", "597.2"], ["430.1", "612.3"], ["209.4", "612.3"], ["209.4", "505.5"]], "Type": "GATE"}, {"Location": [["420.5", "510.6"], ["426.1", "510.6"], ["426.1", "592.1"], ["420.5", "592.1"]], "Type": "SD"}], "Module": "M3", "Boundary": [["430.2", "505.5"], ["430.2", "597.2"], ["430.1", "597.2"], ["430.1", "612.3"], ["202.9", "612.3"], ["202.9", "505.5"]], "Module_type": "GATE"}, {"Ports": [{"Location": [["249.0", "155.7"], ["342.2", "155.7"], ["342.2", "160.6"], ["249.0", "160.6"]], "Type": "SD"}, {"Location": [["235.1", "10.0"], ["342.8", "10.0"], ["342.8", "73.9"], ["356.1", "73.9"], ["356.1", "154.4"], ["235.1", "154.4"]], "Type": "GATE"}, {"Location": [["241.9", "15.8"], ["335.0", "15.8"], ["335.0", "22.2"], ["241.9", "22.2"]], "Type": "SD"}], "Module": "M18", "Boundary": [["235.1", "10.0"], ["342.8", "10.0"], ["342.8", "73.9"], ["356.1", "73.9"], ["356.1", "160.6"], ["235.1", "160.6"]], "Module_type": "GATE"}, {"Ports": [{"Location": [["408.5", "133.2"], ["504.2", "133.2"], ["504.2", "138.9"], ["408.5", "138.9"]], "Type": "SD"}, {"Location": [["396.1", "30.0"], ["502.8", "30.0"], ["502.8", "55.6"], ["516.6", "55.6"], ["516.6", "131.8"], ["396.1", "131.8"]], "Type": "GATE"}, {"Location": [["402.2", "35.1"], ["495.7", "35.1"], ["495.7", "40.6"], ["402.2", "40.6"]], "Type": "SD"}], "Module": "M20", "Boundary": [["396.1", "30.0"], ["502.8", "30.0"], ["502.8", "55.6"], ["516.6", "55.6"], ["516.6", "138.9"], ["396.1", "138.9"]], "Module_type": "GATE"}, {"Ports": [{"Location": [["235.1", "194.5"], ["240.2", "194.5"], ["240.2", "309.4"], ["235.1", "309.4"]], "Type": "SD"}, {"Location": [["453.4", "180.6"], ["453.4", "323.3"], ["242.2", "323.3"], ["242.2", "180.6"]], "Type": "GATE"}, {"Location": [["442.0", "187.1"], ["447.9", "187.1"], ["447.9", "316.8"], ["442.0", "316.8"]], "Type": "SD"}], "Module": "M15", "Boundary": [["453.4", "180.6"], ["453.4", "323.3"], ["235.1", "323.3"], ["235.1", "180.6"]], "Module_type": "GATE"}, {"Ports": [{"Location": [["944.4", "406.2"], ["1011.6", "406.2"], ["1011.6", "410.7"], ["944.4", "410.7"]], "Type": "SD"}, {"Location": [["932.0", "223.4"], ["1010.1", "223.4"], ["1010.1", "304.8"], ["1024.0", "304.8"], ["1024.0", "404.0"], ["932.0", "404.0"]], "Type": "GATE"}, {"Location": [["938.0", "228.4"], ["1003.1", "228.4"], ["1003.1", "234.3"], ["938.0", "234.3"]], "Type": "SD"}], "Module": "M12", "Boundary": [["932.0", "223.4"], ["1010.1", "223.4"], ["1010.1", "304.8"], ["1024.0", "304.8"], ["1024.0", "410.7"], ["932.0", "410.7"]], "Module_type": "GATE"}, {"Ports": [{"Location": [["10.0", "498.9"], ["15.3", "498.9"], ["15.3", "613.3"], ["10.0", "613.3"]], "Type": "SD"}, {"Location": [["162.9", "485.5"], ["162.9", "612.3"], ["124.1", "612.3"], ["124.1", "626.7"], ["17.9", "626.7"], ["17.9", "485.5"]], "Type": "GATE"}, {"Location": [["152.3", "491.3"], ["158.1", "491.3"], ["158.1", "605.5"], ["152.3", "605.5"]], "Type": "SD"}], "Module": "M8", "Boundary": [["162.9", "485.5"], ["162.9", "612.3"], ["124.1", "612.3"], ["124.1", "626.7"], ["10.0", "626.7"], ["10.0", "485.5"]], "Module_type": "GATE"}, {"Ports": [{"Location": [["896.5", "617.0"], ["1010.1", "617.0"], ["1010.1", "622.5"], ["896.5", "622.5"]], "Type": "SD"}, {"Location": [["882.9", "430.7"], ["1009.5", "430.7"], ["1009.5", "514.8"], ["1023.7", "514.8"], ["1023.7", "615.1"], ["882.9", "615.1"]], "Type": "GATE"}, {"Location": [["888.6", "435.4"], ["1002.8", "435.4"], ["1002.8", "442.5"], ["888.6", "442.5"]], "Type": "SD"}], "Module": "M4", "Boundary": [["882.9", "430.7"], ["1009.5", "430.7"], ["1009.5", "514.8"], ["1023.7", "514.8"], ["1023.7", "622.5"], ["882.9", "622.5"]], "Module_type": "GATE"}, {"Ports": [{"Location": [["129.4", "187.2"], ["201.4", "187.2"], ["201.4", "191.5"], ["129.4", "191.5"]], "Type": "SD"}, {"Location": [["115.7", "10.0"], ["215.1", "10.0"], ["215.1", "185.9"], ["115.7", "185.9"]], "Type": "GATE"}, {"Location": [["122.3", "15.6"], ["208.5", "15.6"], ["208.5", "21.5"], ["122.3", "21.5"]], "Type": "SD"}], "Module": "M17", "Boundary": [["115.7", "10.0"], ["215.1", "10.0"], ["215.1", "191.5"], ["115.7", "191.5"]], "Module_type": "GATE"}], "Area": [["-30.0", "-30.0"], ["1064.2", "-30.0"], ["1064.2", "666.7"], ["-30.0", "666.7"]], "Rules": ["GATE(5,5)", "SD(5,5)", "GATE_SD(0.5)", "GATE_ITO(0.5)", "SD_ITO(0.5)"]}