{"Modules": [{"Module": "M14", "Boundary": [["426.4", "793.8"], ["426.4", "903.9"], ["343.7", "903.9"], ["343.7", "920.9"], ["263.4", "920.9"], ["263.4", "793.8"]], "Module_type": "GATE", "Ports": [{"Location": [["263.4", "809.3"], ["267.8", "809.3"], ["267.8", "905.4"], ["263.4", "905.4"]], "Type": "SD"}, {"Location": [["426.4", "793.8"], ["426.4", "903.9"], ["343.7", "903.9"], ["343.7", "920.9"], ["270.2", "920.9"], ["270.2", "793.8"]], "Type": "GATE"}, {"Location": [["414.4", "800.2"], ["421.0", "800.2"], ["421.0", "896.5"], ["414.4", "896.5"]], "Type": "SD"}]}, {"Ports": [{"Location": [["34.3", "807.6"], ["89.1", "807.6"], ["89.1", "812.5"], ["34.3", "812.5"]], "Type": "SD"}, {"Location": [["20.0", "663.2"], ["87.5", "663.2"], ["87.5", "663.5"], ["103.4", "663.5"], ["103.4", "804.9"], ["20.0", "804.9"]], "Type": "GATE"}, {"Location": [["26.1", "668.3"], ["81.4", "668.3"], ["81.4", "675.1"], ["26.1", "675.1"]], "Type": "SD"}], "Module": "M9", "Boundary": [["20.0", "663.2"], ["87.5", "663.2"], ["87.5", "663.5"], ["103.4", "663.5"], ["103.4", "812.5"], ["20.0", "812.5"]], "Module_type": "GATE"}, {"Ports": [{"Location": [["10.0", "287.4"], ["15.9", "287.4"], ["15.9", "352.6"], ["10.0", "352.6"]], "Type": "SD"}, {"Location": [["79.8", "275.5"], ["79.8", "364.5"], ["17.4", "364.5"], ["17.4", "275.5"]], "Type": "GATE"}, {"Location": [["69.9", "280.8"], ["75.5", "280.8"], ["75.5", "359.2"], ["69.9", "359.2"]], "Type": "SD"}], "Module": "M5", "Boundary": [["79.8", "275.5"], ["79.8", "364.5"], ["10.0", "364.5"], ["10.0", "275.5"]], "Module_type": "GATE"}, {"Ports": [{"Location": [["297.1", "225.0"], ["403.1", "225.0"], ["403.1", "230.0"], ["297.1", "230.0"]], "Type": "SD"}, {"Location": [["283.5", "20.0"], ["400.3", "20.0"], ["400.3", "20.4"], ["416.7", "20.4"], ["416.7", "222.7"], ["283.5", "222.7"]], "Type": "GATE"}, {"Location": [["288.7", "24.2"], ["395.1", "24.2"], ["395.1", "31.3"], ["288.7", "31.3"]], "Type": "SD"}], "Module": "M11", "Boundary": [["283.5", "20.0"], ["400.3", "20.0"], ["400.3", "20.4"], ["416.7", "20.4"], ["416.7", "230.0"], ["283.5", "230.0"]], "Module_type": "GATE"}, {"Ports": [{"Location": [["10.0", "407.2"], ["14.0", "407.2"], ["14.0", "445.1"], ["10.0", "445.1"]], "Type": "SD"}, {"Location": [["230.4", "394.1"], ["230.4", "442.9"], ["230.2", "442.9"], ["230.2", "458.2"], ["16.9", "458.2"], ["16.9", "394.1"]], "Type": "GATE"}, {"Location": [["219.0", "399.5"], ["226.0", "399.5"], ["226.0", "437.5"], ["219.0", "437.5"]], "Type": "SD"}], "Module": "M1", "Boundary": [["230.4", "394.1"], ["230.4", "442.9"], ["230.2", "442.9"], ["230.2", "458.2"], ["10.0", "458.2"], ["10.0", "394.1"]], "Module_type": "GATE"}, {"Ports": [{"Location": [["30.0", "511.2"], ["34.1", "511.2"], ["34.1", "600.2"], ["30.0", "600.2"]], "Type": "SD"}, {"Location": [["227.7", "498.2"], ["227.7", "597.0"], ["227.5", "597.0"], ["227.5", "613.2"], ["35.6", "613.2"], ["35.6", "498.2"]], "Type": "GATE"}, {"Location": [["216.6", "504.3"], ["222.6", "504.3"], ["222.6", "590.9"], ["216.6", "590.9"]], "Type": "SD"}], "Module": "M19", "Boundary": [["227.7", "498.2"], ["227.7", "597.0"], ["227.5", "597.0"], ["227.5", "613.2"], ["30.0", "613.2"], ["30.0", "498.2"]], "Module_type": "GATE"}, {"Ports": [{"Location": [["25.5", "1112.2"], ["131.5", "1112.2"], ["131.5", "1117.1"], ["25.5", "1117.1"]], "Type": "SD"}, {"Location": [["10.0", "991.0"], ["131.4", "991.0"], ["131.4", "1011.3"], ["147.0", "1011.3"], ["147.0", "1110.8"], ["10.0", "1110.8"]], "Type": "GATE"}, {"Location": [["16.5", "996.5"], ["123.9", "996.5"], ["123.9", "1003.8"], ["16.5", "1003.8"]], "Type": "SD"}], "Module": "M6", "Boundary": [["10.0", "991.0"], ["131.4", "991.0"], ["131.4", "1011.3"], ["147.0", "1011.3"], ["147.0", "1117.1"], ["10.0", "1117.1"]], "Module_type": "GATE"}, {"Ports": [{"Location": [["111.9", "369.3"], ["219.6", "369.3"], ["219.6", "374.1"], ["111.9", "374.1"]], "Type": "SD"}, {"Location": [["99.8", "259.3"], ["218.3", "259.3"], ["218.3", "314.1"], ["231.7", "314.1"], ["231.7", "367.8"], ["99.8", "367.8"]], "Type": "GATE"}, {"Location": [["104.8", "263.3"], ["212.3", "263.3"], ["212.3", "269.4"], ["104.8", "269.4"]], "Type": "SD"}], "Module": "M2", "Boundary": [["99.8", "259.3"], ["218.3", "259.3"], ["218.3", "314.1"], ["231.7", "314.1"], ["231.7", "374.1"], ["99.8", "374.1"]], "Module_type": "GATE"}, {"Ports": [{"Location": [["187.0", "973.6"], ["191.2", "973.6"], ["191.2", "1073.8"], ["187.0", "1073.8"]], "Type": "SD"}, {"Location": [["404.4", "960.9"], ["404.4", "1074.2"], ["346.4", "1074.2"], ["346.4", "1086.5"], ["193.0", "1086.5"], ["193.0", "960.9"]], "Type": "GATE"}, {"Location": [["393.2", "967.0"], ["399.3", "967.0"], ["399.3", "1067.1"], ["393.2", "1067.1"]], "Type": "SD"}], "Module": "M16", "Boundary": [["404.4", "960.9"], ["404.4", "1074.2"], ["346.4", "1074.2"], ["346.4", "1086.5"], ["187.0", "1086.5"], ["187.0", "960.9"]], "Module_type": "GATE"}, {"Ports": [{"Location": [["170.2", "862.8"], ["209.8", "862.8"], ["209.8", "867.1"], ["170.2", "867.1"]], "Type": "SD"}, {"Location": [["156.6", "673.2"], ["223.4", "673.2"], ["223.4", "860.6"], ["156.6", "860.6"]], "Type": "GATE"}, {"Location": [["162.0", "677.6"], ["218.0", "677.6"], ["218.0", "683.4"], ["162.0", "683.4"]], "Type": "SD"}], "Module": "M13", "Boundary": [["156.6", "673.2"], ["223.4", "673.2"], ["223.4", "867.1"], ["156.6", "867.1"]], "Module_type": "GATE"}, {"Ports": [{"Location": [["275.1", "425.7"], ["399.6", "425.7"], ["399.6", "430.3"], ["275.1", "430.3"]], "Type": "SD"}, {"Location": [["261.7", "270.0"], ["397.2", "270.0"], ["397.2", "324.3"], ["413.0", "324.3"], ["413.0", "422.8"], ["261.7", "422.8"]], "Type": "GATE"}, {"Location": [["266.9", "274.2"], ["391.0", "274.2"], ["391.0", "280.6"], ["266.9", "280.6"]], "Type": "SD"}], "Module": "M10", "Boundary": [["261.7", "270.0"], ["397.2", "270.0"], ["397.2", "324.3"], ["413.0", "324.3"], ["413.0", "430.3"], ["261.7", "430.3"]], "Module_type": "GATE"}, {"Ports": [{"Location": [["21.6", "249.9"], ["56.7", "249.9"], ["56.7", "255.5"], ["21.6", "255.5"]], "Type": "SD"}, {"Location": [["10.0", "136.1"], ["54.1", "136.1"], ["54.1", "136.3"], ["68.3", "136.3"], ["68.3", "247.9"], ["10.0", "247.9"]], "Type": "GATE"}, {"Location": [["15.1", "140.2"], ["49.0", "140.2"], ["49.0", "146.1"], ["15.1", "146.1"]], "Type": "SD"}], "Module": "M7", "Boundary": [["10.0", "136.1"], ["54.1", "136.1"], ["54.1", "136.3"], ["68.3", "136.3"], ["68.3", "255.5"], ["10.0", "255.5"]], "Module_type": "GATE"}, {"Ports": [{"Location": [["300.2", "749.5"], ["387.8", "749.5"], ["387.8", "753.8"], ["300.2", "753.8"]], "Type": "SD"}, {"Location": [["287.7", "593.7"], ["384.2", "593.7"], ["384.2", "594.2"], ["400.3", "594.2"], ["400.3", "746.6"], ["287.7", "746.6"]], "Type": "GATE"}, {"Location": [["293.0", "598.0"], ["378.9", "598.0"], ["378.9", "603.7"], ["293.0", "603.7"]], "Type": "SD"}], "Module": "M3", "Boundary": [["287.7", "593.7"], ["384.2", "593.7"], ["384.2", "594.2"], ["400.3", "594.2"], ["400.3", "753.8"], ["287.7", "753.8"]], "Module_type": "GATE"}, {"Ports": [{"Location": [["161.6", "23.0"], ["166.4", "23.0"], ["166.4", "98.5"], ["161.6", "98.5"]], "Type": "SD"}, {"Location": [["253.5", "10.0"], ["253.5", "95.4"], ["239.5", "95.4"], ["239.5", "111.5"], ["167.8", "111.5"], ["167.8", "10.0"]], "Type": "GATE"}, {"Location": [["243.1", "15.2"], ["249.3", "15.2"], ["249.3", "89.2"], ["243.1", "89.2"]], "Type": "SD"}], "Module": "M18", "Boundary": [["253.5", "10.0"], ["253.5", "95.4"], ["239.5", "95.4"], ["239.5", "111.5"], ["161.6", "111.5"], ["161.6", "10.0"]], "Module_type": "GATE"}, {"Ports": [{"Location": [["187.0", "1159.8"], ["192.2", "1159.8"], ["192.2", "1251.0"], ["187.0", "1251.0"]], "Type": "SD"}, {"Location": [["402.3", "1146.5"], ["402.3", "1247.6"], ["401.9", "1247.6"], ["401.9", "1264.3"], ["193.6", "1264.3"], ["193.6", "1146.5"]], "Type": "GATE"}, {"Location": [["391.6", "1152.2"], ["397.6", "1152.2"], ["397.6", "1241.9"], ["391.6", "1241.9"]], "Type": "SD"}], "Module": "M20", "Boundary": [["402.3", "1146.5"], ["402.3", "1247.6"], ["401.9", "1247.6"], ["401.9", "1264.3"], ["187.0", "1264.3"], ["187.0", "1146.5"]], "Module_type": "GATE"}, {"Ports": [{"Location": [["267.7", "472.0"], ["271.8", "472.0"], ["271.8", "542.0"], ["267.7", "542.0"]], "Type": "SD"}, {"Location": [["419.0", "460.3"], ["419.0", "538.1"], ["418.7", "538.1"], ["418.7", "553.7"], ["273.6", "553.7"], ["273.6", "460.3"]], "Type": "GATE"}, {"Location": [["409.4", "465.7"], ["414.6", "465.7"], ["414.6", "532.7"], ["409.4", "532.7"]], "Type": "SD"}], "Module": "M15", "Boundary": [["419.0", "460.3"], ["419.0", "538.1"], ["418.7", "538.1"], ["418.7", "553.7"], ["267.7", "553.7"], ["267.7", "460.3"]], "Module_type": "GATE"}, {"Ports": [{"Location": [["23.7", "1248.8"], ["129.1", "1248.8"], ["129.1", "1254.0"], ["23.7", "1254.0"]], "Type": "SD"}, {"Location": [["10.0", "1137.1"], ["124.3", "1137.1"], ["124.3", "1165.3"], ["142.8", "1165.3"], ["142.8", "1247.2"], ["10.0", "1247.2"]], "Type": "GATE"}, {"Location": [["15.3", "1141.4"], ["118.0", "1141.4"], ["118.0", "1147.4"], ["15.3", "1147.4"]], "Type": "SD"}], "Module": "M12", "Boundary": [["10.0", "1137.1"], ["124.3", "1137.1"], ["124.3", "1165.3"], ["142.8", "1165.3"], ["142.8", "1254.0"], ["10.0", "1254.0"]], "Module_type": "GATE"}, {"Ports": [{"Location": [["10.0", "21.1"], ["14.0", "21.1"], ["14.0", "105.0"], ["10.0", "105.0"]], "Type": "SD"}, {"Location": [["141.6", "10.0"], ["141.6", "101.9"], ["130.8", "101.9"], ["130.8", "116.1"], ["16.6", "116.1"], ["16.6", "10.0"]], "Type": "GATE"}, {"Location": [["132.6", "15.1"], ["137.5", "15.1"], ["137.5", "95.8"], ["132.6", "95.8"]], "Type": "SD"}], "Module": "M8", "Boundary": [["141.6", "10.0"], ["141.6", "101.9"], ["130.8", "101.9"], ["130.8", "116.1"], ["10.0", "116.1"], ["10.0", "10.0"]], "Module_type": "GATE"}, {"Ports": [{"Location": [["88.3", "147.5"], ["94.1", "147.5"], ["94.1", "227.9"], ["88.3", "227.9"]], "Type": "SD"}, {"Location": [["252.5", "136.1"], ["252.5", "225.7"], ["210.3", "225.7"], ["210.3", "239.3"], ["96.4", "239.3"], ["96.4", "136.1"]], "Type": "GATE"}, {"Location": [["243.0", "142.0"], ["247.6", "142.0"], ["247.6", "218.8"], ["243.0", "218.8"]], "Type": "SD"}], "Module": "M4", "Boundary": [["252.5", "136.1"], ["252.5", "225.7"], ["210.3", "225.7"], ["210.3", "239.3"], ["88.3", "239.3"], ["88.3", "136.1"]], "Module_type": "GATE"}, {"Ports": [{"Location": [["21.9", "965.9"], ["104.7", "965.9"], ["104.7", "971.0"], ["21.9", "971.0"]], "Type": "SD"}, {"Location": [["10.0", "842.5"], ["116.6", "842.5"], ["116.6", "964.0"], ["10.0", "964.0"]], "Type": "GATE"}, {"Location": [["15.8", "847.3"], ["110.8", "847.3"], ["110.8", "852.6"], ["15.8", "852.6"]], "Type": "SD"}], "Module": "M17", "Boundary": [["10.0", "842.5"], ["116.6", "842.5"], ["116.6", "971.0"], ["10.0", "971.0"]], "Module_type": "GATE"}], "Area": [["-30.0", "-30.0"], ["466.4", "-30.0"], ["466.4", "1304.3"], ["-30.0", "1304.3"]], "Rules": ["GATE(5,5)", "SD(5,5)", "GATE_SD(0.5)", "GATE_ITO(0.5)", "SD_ITO(0.5)"]}