{"Modules": [{"Module": "M14", "Boundary": [["394.3", "141.6"], ["493.4", "141.6"], ["493.4", "182.8"], ["507.8", "182.8"], ["507.8", "305.6"], ["394.3", "305.6"]], "Module_type": "GATE", "Ports": [{"Location": [["409.4", "300.3"], ["492.7", "300.3"], ["492.7", "305.6"], ["409.4", "305.6"]], "Type": "SD"}, {"Location": [["394.3", "141.6"], ["493.4", "141.6"], ["493.4", "182.8"], ["507.8", "182.8"], ["507.8", "298.2"], ["394.3", "298.2"]], "Type": "GATE"}, {"Location": [["400.6", "146.9"], ["486.1", "146.9"], ["486.1", "154.4"], ["400.6", "154.4"]], "Type": "SD"}]}, {"Ports": [{"Location": [["283.0", "315.6"], ["351.0", "315.6"], ["351.0", "319.7"], ["283.0", "319.7"]], "Type": "SD"}, {"Location": [["269.7", "151.6"], ["348.8", "151.6"], ["348.8", "151.9"], ["364.3", "151.9"], ["364.3", "312.7"], ["269.7", "312.7"]], "Type": "GATE"}, {"Location": [["276.0", "156.9"], ["342.5", "156.9"], ["342.5", "162.3"], ["276.0", "162.3"]], "Type": "SD"}], "Module": "M9", "Boundary": [["269.7", "151.6"], ["348.8", "151.6"], ["348.8", "151.9"], ["364.3", "151.9"], ["364.3", "319.7"], ["269.7", "319.7"]], "Module_type": "GATE"}, {"Ports": [{"Location": [["168.9", "481.3"], ["222.9", "481.3"], ["222.9", "486.9"], ["168.9", "486.9"]], "Type": "SD"}, {"Location": [["156.3", "270.4"], ["235.5", "270.4"], ["235.5", "479.8"], ["156.3", "479.8"]], "Type": "GATE"}, {"Location": [["161.3", "274.4"], ["230.5", "274.4"], ["230.5", "280.5"], ["161.3", "280.5"]], "Type": "SD"}], "Module": "M5", "Boundary": [["156.3", "270.4"], ["235.5", "270.4"], ["235.5", "486.9"], ["156.3", "486.9"]], "Module_type": "GATE"}, {"Ports": [{"Location": [["465.8", "32.8"], ["471.7", "32.8"], ["471.7", "66.7"], ["465.8", "66.7"]], "Type": "SD"}, {"Location": [["606.9", "20.0"], ["606.9", "79.5"], ["474.2", "79.5"], ["474.2", "20.0"]], "Type": "GATE"}, {"Location": [["596.1", "26.0"], ["601.9", "26.0"], ["601.9", "73.5"], ["596.1", "73.5"]], "Type": "SD"}], "Module": "M11", "Boundary": [["606.9", "20.0"], ["606.9", "79.5"], ["465.8", "79.5"], ["465.8", "20.0"]], "Module_type": "GATE"}, {"Ports": [{"Location": [["259.7", "362.8"], ["265.3", "362.8"], ["265.3", "427.7"], ["259.7", "427.7"]], "Type": "SD"}, {"Location": [["473.3", "349.7"], ["473.3", "426.1"], ["472.9", "426.1"], ["472.9", "440.8"], ["266.5", "440.8"], ["266.5", "349.7"]], "Type": "GATE"}, {"Location": [["462.6", "355.0"], ["469.0", "355.0"], ["469.0", "420.8"], ["462.6", "420.8"]], "Type": "SD"}], "Module": "M1", "Boundary": [["473.3", "349.7"], ["473.3", "426.1"], ["472.9", "426.1"], ["472.9", "440.8"], ["259.7", "440.8"], ["259.7", "349.7"]], "Module_type": "GATE"}, {"Ports": [{"Location": [["279.7", "42.9"], ["285.5", "42.9"], ["285.5", "88.7"], ["279.7", "88.7"]], "Type": "SD"}, {"Location": [["415.8", "30.0"], ["415.8", "88.5"], ["415.7", "88.5"], ["415.7", "101.6"], ["288.5", "101.6"], ["288.5", "30.0"]], "Type": "GATE"}, {"Location": [["404.6", "36.3"], ["410.5", "36.3"], ["410.5", "82.2"], ["404.6", "82.2"]], "Type": "SD"}], "Module": "M19", "Boundary": [["415.8", "30.0"], ["415.8", "88.5"], ["415.7", "88.5"], ["415.7", "101.6"], ["279.7", "101.6"], ["279.7", "30.0"]], "Module_type": "GATE"}, {"Ports": [{"Location": [["23.8", "317.9"], ["116.5", "317.9"], ["116.5", "323.3"], ["23.8", "323.3"]], "Type": "SD"}, {"Location": [["10.0", "148.9"], ["114.3", "148.9"], ["114.3", "223.4"], ["130.3", "223.4"], ["130.3", "315.6"], ["10.0", "315.6"]], "Type": "GATE"}, {"Location": [["16.3", "154.2"], ["107.0", "154.2"], ["107.0", "160.5"], ["16.3", "160.5"]], "Type": "SD"}], "Module": "M6", "Boundary": [["10.0", "148.9"], ["114.3", "148.9"], ["114.3", "223.4"], ["130.3", "223.4"], ["130.3", "323.3"], ["10.0", "323.3"]], "Module_type": "GATE"}, {"Ports": [{"Location": [["10.0", "674.2"], ["14.3", "674.2"], ["14.3", "757.2"], ["10.0", "757.2"]], "Type": "SD"}, {"Location": [["192.3", "662.5"], ["192.3", "754.8"], ["144.7", "754.8"], ["144.7", "768.9"], ["16.1", "768.9"], ["16.1", "662.5"]], "Type": "GATE"}, {"Location": [["182.6", "667.8"], ["188.0", "667.8"], ["188.0", "748.5"], ["182.6", "748.5"]], "Type": "SD"}], "Module": "M2", "Boundary": [["192.3", "662.5"], ["192.3", "754.8"], ["144.7", "754.8"], ["144.7", "768.9"], ["10.0", "768.9"], ["10.0", "662.5"]], "Module_type": "GATE"}, {"Ports": [{"Location": [["30.0", "545.6"], ["35.8", "545.6"], ["35.8", "609.9"], ["30.0", "609.9"]], "Type": "SD"}, {"Location": [["213.8", "533.0"], ["213.8", "609.1"], ["197.9", "609.1"], ["197.9", "622.5"], ["38.4", "622.5"], ["38.4", "533.0"]], "Type": "GATE"}, {"Location": [["203.3", "538.4"], ["209.4", "538.4"], ["209.4", "602.7"], ["203.3", "602.7"]], "Type": "SD"}], "Module": "M16", "Boundary": [["213.8", "533.0"], ["213.8", "609.1"], ["197.9", "609.1"], ["197.9", "622.5"], ["30.0", "622.5"], ["30.0", "533.0"]], "Module_type": "GATE"}, {"Ports": [{"Location": [["513.8", "658.5"], ["518.5", "658.5"], ["518.5", "734.9"], ["513.8", "734.9"]], "Type": "SD"}, {"Location": [["601.9", "645.4"], ["601.9", "730.7"], ["601.6", "730.7"], ["601.6", "748.0"], ["519.7", "748.0"], ["519.7", "645.4"]], "Type": "GATE"}, {"Location": [["591.8", "651.1"], ["597.2", "651.1"], ["597.2", "725.0"], ["591.8", "725.0"]], "Type": "SD"}], "Module": "M13", "Boundary": [["601.9", "645.4"], ["601.9", "730.7"], ["601.6", "730.7"], ["601.6", "748.0"], ["513.8", "748.0"], ["513.8", "645.4"]], "Module_type": "GATE"}, {"Ports": [{"Location": [["269.7", "482.9"], ["274.5", "482.9"], ["274.5", "598.5"], ["269.7", "598.5"]], "Type": "SD"}, {"Location": [["355.7", "470.8"], ["355.7", "596.1"], ["336.7", "596.1"], ["336.7", "610.6"], ["275.8", "610.6"], ["275.8", "470.8"]], "Type": "GATE"}, {"Location": [["346.2", "476.2"], ["351.3", "476.2"], ["351.3", "589.7"], ["346.2", "589.7"]], "Type": "SD"}], "Module": "M10", "Boundary": [["355.7", "470.8"], ["355.7", "596.1"], ["336.7", "596.1"], ["336.7", "610.6"], ["269.7", "610.6"], ["269.7", "470.8"]], "Module_type": "GATE"}, {"Ports": [{"Location": [["400.0", "595.4"], ["446.0", "595.4"], ["446.0", "600.2"], ["400.0", "600.2"]], "Type": "SD"}, {"Location": [["385.7", "460.8"], ["441.2", "460.8"], ["441.2", "460.9"], ["460.3", "460.9"], ["460.3", "594.3"], ["385.7", "594.3"]], "Type": "GATE"}, {"Location": [["391.5", "465.6"], ["435.4", "465.6"], ["435.4", "471.7"], ["391.5", "471.7"]], "Type": "SD"}], "Module": "M7", "Boundary": [["385.7", "460.8"], ["441.2", "460.8"], ["441.2", "460.9"], ["460.3", "460.9"], ["460.3", "600.2"], ["385.7", "600.2"]], "Module_type": "GATE"}, {"Ports": [{"Location": [["526.5", "486.5"], ["597.0", "486.5"], ["597.0", "491.2"], ["526.5", "491.2"]], "Type": "SD"}, {"Location": [["513.3", "347.3"], ["610.2", "347.3"], ["610.2", "484.9"], ["513.3", "484.9"]], "Type": "GATE"}, {"Location": [["518.9", "351.9"], ["604.6", "351.9"], ["604.6", "358.3"], ["518.9", "358.3"]], "Type": "SD"}], "Module": "M3", "Boundary": [["513.3", "347.3"], ["610.2", "347.3"], ["610.2", "491.2"], ["513.3", "491.2"]], "Module_type": "GATE"}, {"Ports": [{"Location": [["24.9", "123.9"], ["103.6", "123.9"], ["103.6", "128.9"], ["24.9", "128.9"]], "Type": "SD"}, {"Location": [["10.0", "10.0"], ["101.7", "10.0"], ["101.7", "66.2"], ["118.5", "66.2"], ["118.5", "122.8"], ["10.0", "122.8"]], "Type": "GATE"}, {"Location": [["16.0", "15.0"], ["94.7", "15.0"], ["94.7", "22.2"], ["16.0", "22.2"]], "Type": "SD"}], "Module": "M18", "Boundary": [["10.0", "10.0"], ["101.7", "10.0"], ["101.7", "66.2"], ["118.5", "66.2"], ["118.5", "128.9"], ["10.0", "128.9"]], "Module_type": "GATE"}, {"Ports": [{"Location": [["43.7", "468.2"], ["102.6", "468.2"], ["102.6", "473.0"], ["43.7", "473.0"]], "Type": "SD"}, {"Location": [["30.0", "363.3"], ["100.0", "363.3"], ["100.0", "388.7"], ["116.3", "388.7"], ["116.3", "465.8"], ["30.0", "465.8"]], "Type": "GATE"}, {"Location": [["35.5", "367.8"], ["93.5", "367.8"], ["93.5", "373.8"], ["35.5", "373.8"]], "Type": "SD"}], "Module": "M20", "Boundary": [["30.0", "363.3"], ["100.0", "363.3"], ["100.0", "388.7"], ["116.3", "388.7"], ["116.3", "473.0"], ["30.0", "473.0"]], "Module_type": "GATE"}, {"Ports": [{"Location": [["541.5", "302.2"], ["615.4", "302.2"], ["615.4", "307.3"], ["541.5", "307.3"]], "Type": "SD"}, {"Location": [["527.8", "109.5"], ["629.1", "109.5"], ["629.1", "300.6"], ["527.8", "300.6"]], "Type": "GATE"}, {"Location": [["534.6", "115.3"], ["622.3", "115.3"], ["622.3", "121.0"], ["534.6", "121.0"]], "Type": "SD"}], "Module": "M15", "Boundary": [["527.8", "109.5"], ["629.1", "109.5"], ["629.1", "307.3"], ["527.8", "307.3"]], "Module_type": "GATE"}, {"Ports": [{"Location": [["138.5", "22.7"], ["143.9", "22.7"], ["143.9", "69.5"], ["138.5", "69.5"]], "Type": "SD"}, {"Location": [["239.7", "10.0"], ["239.7", "69.7"], ["224.3", "69.7"], ["224.3", "82.2"], ["145.1", "82.2"], ["145.1", "10.0"]], "Type": "GATE"}, {"Location": [["228.9", "16.4"], ["234.3", "16.4"], ["234.3", "62.3"], ["228.9", "62.3"]], "Type": "SD"}], "Module": "M12", "Boundary": [["239.7", "10.0"], ["239.7", "69.7"], ["224.3", "69.7"], ["224.3", "82.2"], ["138.5", "82.2"], ["138.5", "10.0"]], "Module_type": "GATE"}, {"Ports": [{"Location": [["492.6", "601.1"], ["543.7", "601.1"], ["543.7", "605.4"], ["492.6", "605.4"]], "Type": "SD"}, {"Location": [["480.3", "531.2"], ["542.3", "531.2"], ["542.3", "556.7"], ["556.0", "556.7"], ["556.0", "600.0"], ["480.3", "600.0"]], "Type": "GATE"}, {"Location": [["485.4", "535.3"], ["536.2", "535.3"], ["536.2", "541.7"], ["485.4", "541.7"]], "Type": "SD"}], "Module": "M8", "Boundary": [["480.3", "531.2"], ["542.3", "531.2"], ["542.3", "556.7"], ["556.0", "556.7"], ["556.0", "605.4"], ["480.3", "605.4"]], "Module_type": "GATE"}, {"Ports": [{"Location": [["259.7", "653.3"], ["265.2", "653.3"], ["265.2", "755.1"], ["259.7", "755.1"]], "Type": "SD"}, {"Location": [["473.8", "640.6"], ["473.8", "753.1"], ["398.1", "753.1"], ["398.1", "767.8"], ["267.6", "767.8"], ["267.6", "640.6"]], "Type": "GATE"}, {"Location": [["463.3", "645.9"], ["469.5", "645.9"], ["469.5", "746.8"], ["463.3", "746.8"]], "Type": "SD"}], "Module": "M4", "Boundary": [["473.8", "640.6"], ["473.8", "753.1"], ["398.1", "753.1"], ["398.1", "767.8"], ["259.7", "767.8"], ["259.7", "640.6"]], "Module_type": "GATE"}], "Area": [["-30.0", "-30.0"], ["669.1", "-30.0"], ["669.1", "808.9"], ["-30.0", "808.9"]], "Rules": ["GATE(5,5)", "SD(5,5)", "GATE_SD(0.5)", "GATE_ITO(0.5)", "SD_ITO(0.5)"]}