{"Modules": [{"Module": "M14", "Boundary": [["462.9", "152.4"], ["462.9", "268.2"], ["249.2", "268.2"], ["249.2", "152.4"]], "Module_type": "GATE", "Ports": [{"Location": [["249.2", "165.6"], ["254.4", "165.6"], ["254.4", "255.0"], ["249.2", "255.0"]], "Type": "SD"}, {"Location": [["462.9", "152.4"], ["462.9", "268.2"], ["255.8", "268.2"], ["255.8", "152.4"]], "Type": "GATE"}, {"Location": [["451.2", "158.8"], ["457.5", "158.8"], ["457.5", "261.8"], ["451.2", "261.8"]], "Type": "SD"}]}, {"Ports": [{"Location": [["162.0", "836.7"], ["270.3", "836.7"], ["270.3", "840.9"], ["162.0", "840.9"]], "Type": "SD"}, {"Location": [["148.6", "645.4"], ["269.2", "645.4"], ["269.2", "645.6"], ["283.7", "645.6"], ["283.7", "834.7"], ["148.6", "834.7"]], "Type": "GATE"}, {"Location": [["155.3", "651.1"], ["262.5", "651.1"], ["262.5", "657.3"], ["155.3", "657.3"]], "Type": "SD"}], "Module": "M9", "Boundary": [["148.6", "645.4"], ["269.2", "645.4"], ["269.2", "645.6"], ["283.7", "645.6"], ["283.7", "840.9"], ["148.6", "840.9"]], "Module_type": "GATE"}, {"Ports": [{"Location": [["22.8", "658.8"], ["105.8", "658.8"], ["105.8", "664.4"], ["22.8", "664.4"]], "Type": "SD"}, {"Location": [["10.0", "524.4"], ["118.6", "524.4"], ["118.6", "657.7"], ["10.0", "657.7"]], "Type": "GATE"}, {"Location": [["16.8", "530.2"], ["111.8", "530.2"], ["111.8", "534.6"], ["16.8", "534.6"]], "Type": "SD"}], "Module": "M5", "Boundary": [["10.0", "524.4"], ["118.6", "524.4"], ["118.6", "664.4"], ["10.0", "664.4"]], "Module_type": "GATE"}, {"Ports": [{"Location": [["323.7", "719.9"], ["329.1", "719.9"], ["329.1", "807.2"], ["323.7", "807.2"]], "Type": "SD"}, {"Location": [["467.7", "706.1"], ["467.7", "821.0"], ["331.7", "821.0"], ["331.7", "706.1"]], "Type": "GATE"}, {"Location": [["455.8", "713.0"], ["461.8", "713.0"], ["461.8", "814.1"], ["455.8", "814.1"]], "Type": "SD"}], "Module": "M11", "Boundary": [["467.7", "706.1"], ["467.7", "821.0"], ["323.7", "821.0"], ["323.7", "706.1"]], "Module_type": "GATE"}, {"Ports": [{"Location": [["23.0", "841.7"], ["80.9", "841.7"], ["80.9", "846.5"], ["23.0", "846.5"]], "Type": "SD"}, {"Location": [["10.0", "684.4"], ["93.9", "684.4"], ["93.9", "839.1"], ["10.0", "839.1"]], "Type": "GATE"}, {"Location": [["15.1", "688.5"], ["88.8", "688.5"], ["88.8", "694.8"], ["15.1", "694.8"]], "Type": "SD"}], "Module": "M1", "Boundary": [["10.0", "684.4"], ["93.9", "684.4"], ["93.9", "846.5"], ["10.0", "846.5"]], "Module_type": "GATE"}, {"Ports": [{"Location": [["45.3", "478.4"], ["172.9", "478.4"], ["172.9", "484.4"], ["45.3", "484.4"]], "Type": "SD"}, {"Location": [["30.0", "332.9"], ["188.2", "332.9"], ["188.2", "476.8"], ["30.0", "476.8"]], "Type": "GATE"}, {"Location": [["36.5", "338.4"], ["181.7", "338.4"], ["181.7", "344.7"], ["36.5", "344.7"]], "Type": "SD"}], "Module": "M19", "Boundary": [["30.0", "332.9"], ["188.2", "332.9"], ["188.2", "484.4"], ["30.0", "484.4"]], "Module_type": "GATE"}, {"Ports": [{"Location": [["458.4", "21.1"], ["463.6", "21.1"], ["463.6", "114.1"], ["458.4", "114.1"]], "Type": "SD"}, {"Location": [["655.1", "10.0"], ["655.1", "112.0"], ["586.0", "112.0"], ["586.0", "125.2"], ["465.5", "125.2"], ["465.5", "10.0"]], "Type": "GATE"}, {"Location": [["645.6", "15.2"], ["650.9", "15.2"], ["650.9", "105.8"], ["645.6", "105.8"]], "Type": "SD"}], "Module": "M6", "Boundary": [["655.1", "10.0"], ["655.1", "112.0"], ["586.0", "112.0"], ["586.0", "125.2"], ["458.4", "125.2"], ["458.4", "10.0"]], "Module_type": "GATE"}, {"Ports": [{"Location": [["386.6", "374.6"], ["490.9", "374.6"], ["490.9", "379.7"], ["386.6", "379.7"]], "Type": "SD"}, {"Location": [["374.2", "288.2"], ["490.4", "288.2"], ["490.4", "335.3"], ["503.3", "335.3"], ["503.3", "372.0"], ["374.2", "372.0"]], "Type": "GATE"}, {"Location": [["380.6", "293.6"], ["483.0", "293.6"], ["483.0", "299.0"], ["380.6", "299.0"]], "Type": "SD"}], "Module": "M2", "Boundary": [["374.2", "288.2"], ["490.4", "288.2"], ["490.4", "335.3"], ["503.3", "335.3"], ["503.3", "379.7"], ["374.2", "379.7"]], "Module_type": "GATE"}, {"Ports": [{"Location": [["127.9", "169.0"], ["191.3", "169.0"], ["191.3", "174.6"], ["127.9", "174.6"]], "Type": "SD"}, {"Location": [["115.1", "30.0"], ["191.0", "30.0"], ["191.0", "100.7"], ["204.1", "100.7"], ["204.1", "166.7"], ["115.1", "166.7"]], "Type": "GATE"}, {"Location": [["121.9", "35.8"], ["183.2", "35.8"], ["183.2", "41.0"], ["121.9", "41.0"]], "Type": "SD"}], "Module": "M16", "Boundary": [["115.1", "30.0"], ["191.0", "30.0"], ["191.0", "100.7"], ["204.1", "100.7"], ["204.1", "174.6"], ["115.1", "174.6"]], "Module_type": "GATE"}, {"Ports": [{"Location": [["536.3", "587.7"], ["627.7", "587.7"], ["627.7", "593.6"], ["536.3", "593.6"]], "Type": "SD"}, {"Location": [["523.4", "419.7"], ["623.9", "419.7"], ["623.9", "419.9"], ["640.6", "419.9"], ["640.6", "586.3"], ["523.4", "586.3"]], "Type": "GATE"}, {"Location": [["529.2", "424.5"], ["618.1", "424.5"], ["618.1", "429.7"], ["529.2", "429.7"]], "Type": "SD"}], "Module": "M13", "Boundary": [["523.4", "419.7"], ["623.9", "419.7"], ["623.9", "419.9"], ["640.6", "419.9"], ["640.6", "593.6"], ["523.4", "593.6"]], "Module_type": "GATE"}, {"Ports": [{"Location": [["544.7", "348.7"], ["632.3", "348.7"], ["632.3", "354.5"], ["544.7", "354.5"]], "Type": "SD"}, {"Location": [["533.3", "155.2"], ["628.7", "155.2"], ["628.7", "243.1"], ["643.7", "243.1"], ["643.7", "347.4"], ["533.3", "347.4"]], "Type": "GATE"}, {"Location": [["538.4", "159.3"], ["622.6", "159.3"], ["622.6", "164.1"], ["538.4", "164.1"]], "Type": "SD"}], "Module": "M10", "Boundary": [["533.3", "155.2"], ["628.7", "155.2"], ["628.7", "243.1"], ["643.7", "243.1"], ["643.7", "354.5"], ["533.3", "354.5"]], "Module_type": "GATE"}, {"Ports": [{"Location": [["151.4", "610.2"], ["199.5", "610.2"], ["199.5", "615.4"], ["151.4", "615.4"]], "Type": "SD"}, {"Location": [["138.6", "524.4"], ["198.4", "524.4"], ["198.4", "524.4"], ["212.3", "524.4"], ["212.3", "607.7"], ["138.6", "607.7"]], "Type": "GATE"}, {"Location": [["144.6", "529.4"], ["192.4", "529.4"], ["192.4", "535.4"], ["144.6", "535.4"]], "Type": "SD"}], "Module": "M7", "Boundary": [["138.6", "524.4"], ["198.4", "524.4"], ["198.4", "524.4"], ["212.3", "524.4"], ["212.3", "615.4"], ["138.6", "615.4"]], "Module_type": "GATE"}, {"Ports": [{"Location": [["534.1", "829.8"], ["628.6", "829.8"], ["628.6", "834.4"], ["534.1", "834.4"]], "Type": "SD"}, {"Location": [["521.0", "653.6"], ["641.7", "653.6"], ["641.7", "828.8"], ["521.0", "828.8"]], "Type": "GATE"}, {"Location": [["527.8", "659.4"], ["634.9", "659.4"], ["634.9", "665.1"], ["527.8", "665.1"]], "Type": "SD"}], "Module": "M3", "Boundary": [["521.0", "653.6"], ["641.7", "653.6"], ["641.7", "834.4"], ["521.0", "834.4"]], "Module_type": "GATE"}, {"Ports": [{"Location": [["374.2", "413.8"], ["378.6", "413.8"], ["378.6", "517.0"], ["374.2", "517.0"]], "Type": "SD"}, {"Location": [["483.4", "399.7"], ["483.4", "516.2"], ["466.1", "516.2"], ["466.1", "531.1"], ["379.8", "531.1"], ["379.8", "399.7"]], "Type": "GATE"}, {"Location": [["471.2", "406.7"], ["477.4", "406.7"], ["477.4", "508.2"], ["471.2", "508.2"]], "Type": "SD"}], "Module": "M18", "Boundary": [["483.4", "399.7"], ["483.4", "516.2"], ["466.1", "516.2"], ["466.1", "531.1"], ["374.2", "531.1"], ["374.2", "399.7"]], "Module_type": "GATE"}, {"Ports": [{"Location": [["265.6", "468.9"], ["320.9", "468.9"], ["320.9", "474.9"], ["265.6", "474.9"]], "Type": "SD"}, {"Location": [["252.3", "332.9"], ["323.9", "332.9"], ["323.9", "367.3"], ["334.2", "367.3"], ["334.2", "466.7"], ["252.3", "466.7"]], "Type": "GATE"}, {"Location": [["259.1", "338.7"], ["315.1", "338.7"], ["315.1", "344.6"], ["259.1", "344.6"]], "Type": "SD"}], "Module": "M20", "Boundary": [["252.3", "332.9"], ["323.9", "332.9"], ["323.9", "367.3"], ["334.2", "367.3"], ["334.2", "474.9"], ["252.3", "474.9"]], "Module_type": "GATE"}, {"Ports": [{"Location": [["23.4", "198.5"], ["61.7", "198.5"], ["61.7", "203.0"], ["23.4", "203.0"]], "Type": "SD"}, {"Location": [["10.0", "10.0"], ["75.1", "10.0"], ["75.1", "196.6"], ["10.0", "196.6"]], "Type": "GATE"}, {"Location": [["16.3", "15.3"], ["68.8", "15.3"], ["68.8", "20.6"], ["16.3", "20.6"]], "Type": "SD"}], "Module": "M15", "Boundary": [["10.0", "10.0"], ["75.1", "10.0"], ["75.1", "203.0"], ["10.0", "203.0"]], "Module_type": "GATE"}, {"Ports": [{"Location": [["232.3", "527.7"], ["237.0", "527.7"], ["237.0", "581.6"], ["232.3", "581.6"]], "Type": "SD"}, {"Location": [["317.9", "514.9"], ["317.9", "579.8"], ["288.1", "579.8"], ["288.1", "594.4"], ["239.6", "594.4"], ["239.6", "514.9"]], "Type": "GATE"}, {"Location": [["306.9", "520.2"], ["313.6", "520.2"], ["313.6", "573.5"], ["306.9", "573.5"]], "Type": "SD"}], "Module": "M12", "Boundary": [["317.9", "514.9"], ["317.9", "579.8"], ["288.1", "579.8"], ["288.1", "594.4"], ["232.3", "594.4"], ["232.3", "514.9"]], "Module_type": "GATE"}, {"Ports": [{"Location": [["249.2", "23.1"], ["254.7", "23.1"], ["254.7", "119.3"], ["249.2", "119.3"]], "Type": "SD"}, {"Location": [["438.4", "10.0"], ["438.4", "118.6"], ["324.2", "118.6"], ["324.2", "132.4"], ["257.5", "132.4"], ["257.5", "10.0"]], "Type": "GATE"}, {"Location": [["427.4", "16.1"], ["433.3", "16.1"], ["433.3", "111.5"], ["427.4", "111.5"]], "Type": "SD"}], "Module": "M8", "Boundary": [["438.4", "10.0"], ["438.4", "118.6"], ["324.2", "118.6"], ["324.2", "132.4"], ["249.2", "132.4"], ["249.2", "10.0"]], "Module_type": "GATE"}, {"Ports": [{"Location": [["337.9", "566.0"], ["342.5", "566.0"], ["342.5", "661.2"], ["337.9", "661.2"]], "Type": "SD"}, {"Location": [["481.0", "551.1"], ["481.0", "662.3"], ["422.0", "662.3"], ["422.0", "676.1"], ["343.6", "676.1"], ["343.6", "551.1"]], "Type": "GATE"}, {"Location": [["468.0", "558.0"], ["475.1", "558.0"], ["475.1", "654.4"], ["468.0", "654.4"]], "Type": "SD"}], "Module": "M4", "Boundary": [["481.0", "551.1"], ["481.0", "662.3"], ["422.0", "662.3"], ["422.0", "676.1"], ["337.9", "676.1"], ["337.9", "551.1"]], "Module_type": "GATE"}], "Area": [["-30.0", "-30.0"], ["695.1", "-30.0"], ["695.1", "886.5"], ["-30.0", "886.5"]], "Rules": ["GATE(5,5)", "SD(5,5)", "GATE_SD(0.5)", "GATE_ITO(0.5)", "SD_ITO(0.5)"]}