{"Modules": [{"Module": "M14", "Boundary": [["249.9", "551.6"], ["397.4", "551.6"], ["397.4", "591.5"], ["414.2", "591.5"], ["414.2", "655.9"], ["249.9", "655.9"]], "Module_type": "GATE", "Ports": [{"Location": [["266.7", "650.5"], ["397.4", "650.5"], ["397.4", "655.9"], ["266.7", "655.9"]], "Type": "SD"}, {"Location": [["249.9", "551.6"], ["397.4", "551.6"], ["397.4", "591.5"], ["414.2", "591.5"], ["414.2", "649.0"], ["249.9", "649.0"]], "Type": "GATE"}, {"Location": [["256.8", "557.5"], ["389.5", "557.5"], ["389.5", "565.0"], ["256.8", "565.0"]], "Type": "SD"}]}, {"Ports": [{"Location": [["20.0", "165.6"], ["24.4", "165.6"], ["24.4", "220.0"], ["20.0", "220.0"]], "Type": "SD"}, {"Location": [["167.7", "153.7"], ["167.7", "231.9"], ["25.8", "231.9"], ["25.8", "153.7"]], "Type": "GATE"}, {"Location": [["158.2", "159.1"], ["163.3", "159.1"], ["163.3", "226.5"], ["158.2", "226.5"]], "Type": "SD"}], "Module": "M9", "Boundary": [["167.7", "153.7"], ["167.7", "231.9"], ["20.0", "231.9"], ["20.0", "153.7"]], "Module_type": "GATE"}, {"Ports": [{"Location": [["454.7", "464.6"], ["459.0", "464.6"], ["459.0", "532.6"], ["454.7", "532.6"]], "Type": "SD"}, {"Location": [["608.8", "453.3"], ["608.8", "528.6"], ["608.4", "528.6"], ["608.4", "543.9"], ["461.0", "543.9"], ["461.0", "453.3"]], "Type": "GATE"}, {"Location": [["600.1", "458.4"], ["604.7", "458.4"], ["604.7", "523.5"], ["600.1", "523.5"]], "Type": "SD"}], "Module": "M5", "Boundary": [["608.8", "453.3"], ["608.8", "528.6"], ["608.4", "528.6"], ["608.4", "543.9"], ["454.7", "543.9"], ["454.7", "453.3"]], "Module_type": "GATE"}, {"Ports": [{"Location": [["20.0", "563.0"], ["26.0", "563.0"], ["26.0", "627.8"], ["20.0", "627.8"]], "Type": "SD"}, {"Location": [["219.9", "548.7"], ["219.9", "627.4"], ["219.5", "627.4"], ["219.5", "642.1"], ["27.4", "642.1"], ["27.4", "548.7"]], "Type": "GATE"}, {"Location": [["207.5", "554.7"], ["214.9", "554.7"], ["214.9", "621.4"], ["207.5", "621.4"]], "Type": "SD"}], "Module": "M11", "Boundary": [["219.9", "548.7"], ["219.9", "627.4"], ["219.5", "627.4"], ["219.5", "642.1"], ["20.0", "642.1"], ["20.0", "548.7"]], "Module_type": "GATE"}, {"Ports": [{"Location": [["434.2", "579.4"], ["439.1", "579.4"], ["439.1", "638.5"], ["434.2", "638.5"]], "Type": "SD"}, {"Location": [["620.5", "563.9"], ["620.5", "636.7"], ["620.5", "636.7"], ["620.5", "654.0"], ["442.0", "654.0"], ["442.0", "563.9"]], "Type": "GATE"}, {"Location": [["607.9", "570.8"], ["614.6", "570.8"], ["614.6", "629.8"], ["607.9", "629.8"]], "Type": "SD"}], "Module": "M1", "Boundary": [["620.5", "563.9"], ["620.5", "636.7"], ["620.5", "636.7"], ["620.5", "654.0"], ["434.2", "654.0"], ["434.2", "563.9"]], "Module_type": "GATE"}, {"Ports": [{"Location": [["30.0", "447.1"], ["35.4", "447.1"], ["35.4", "486.6"], ["30.0", "486.6"]], "Type": "SD"}, {"Location": [["252.1", "435.0"], ["252.1", "482.4"], ["251.9", "482.4"], ["251.9", "498.7"], ["36.7", "498.7"], ["36.7", "435.0"]], "Type": "GATE"}, {"Location": [["243.1", "440.0"], ["248.1", "440.0"], ["248.1", "477.4"], ["243.1", "477.4"]], "Type": "SD"}], "Module": "M19", "Boundary": [["252.1", "435.0"], ["252.1", "482.4"], ["251.9", "482.4"], ["251.9", "498.7"], ["30.0", "498.7"], ["30.0", "435.0"]], "Module_type": "GATE"}, {"Ports": [{"Location": [["226.0", "211.4"], ["282.5", "211.4"], ["282.5", "215.8"], ["226.0", "215.8"]], "Type": "SD"}, {"Location": [["213.6", "10.0"], ["279.2", "10.0"], ["279.2", "83.2"], ["294.9", "83.2"], ["294.9", "209.3"], ["213.6", "209.3"]], "Type": "GATE"}, {"Location": [["218.7", "14.1"], ["273.1", "14.1"], ["273.1", "19.0"], ["218.7", "19.0"]], "Type": "SD"}], "Module": "M6", "Boundary": [["213.6", "10.0"], ["279.2", "10.0"], ["279.2", "83.2"], ["294.9", "83.2"], ["294.9", "215.8"], ["213.6", "215.8"]], "Module_type": "GATE"}, {"Ports": [{"Location": [["470.3", "429.0"], ["594.0", "429.0"], ["594.0", "433.3"], ["470.3", "433.3"]], "Type": "SD"}, {"Location": [["454.7", "271.6"], ["593.8", "271.6"], ["593.8", "340.4"], ["609.6", "340.4"], ["609.6", "427.8"], ["454.7", "427.8"]], "Type": "GATE"}, {"Location": [["461.7", "277.6"], ["585.8", "277.6"], ["585.8", "284.2"], ["461.7", "284.2"]], "Type": "SD"}], "Module": "M2", "Boundary": [["454.7", "271.6"], ["593.8", "271.6"], ["593.8", "340.4"], ["609.6", "340.4"], ["609.6", "433.3"], ["454.7", "433.3"]], "Module_type": "GATE"}, {"Ports": [{"Location": [["325.1", "505.9"], ["401.7", "505.9"], ["401.7", "511.6"], ["325.1", "511.6"]], "Type": "SD"}, {"Location": [["312.1", "427.7"], ["398.2", "427.7"], ["398.2", "463.8"], ["414.7", "463.8"], ["414.7", "503.5"], ["312.1", "503.5"]], "Type": "GATE"}, {"Location": [["317.2", "431.8"], ["392.1", "431.8"], ["392.1", "437.3"], ["317.2", "437.3"]], "Type": "SD"}], "Module": "M16", "Boundary": [["312.1", "427.7"], ["398.2", "427.7"], ["398.2", "463.8"], ["414.7", "463.8"], ["414.7", "511.6"], ["312.1", "511.6"]], "Module_type": "GATE"}, {"Ports": [{"Location": [["30.0", "293.5"], ["35.4", "293.5"], ["35.4", "363.4"], ["30.0", "363.4"]], "Type": "SD"}, {"Location": [["236.3", "281.9"], ["236.3", "359.4"], ["236.0", "359.4"], ["236.0", "375.0"], ["36.6", "375.0"], ["36.6", "281.9"]], "Type": "GATE"}, {"Location": [["227.1", "286.9"], ["232.3", "286.9"], ["232.3", "354.4"], ["227.1", "354.4"]], "Type": "SD"}], "Module": "M13", "Boundary": [["236.3", "281.9"], ["236.3", "359.4"], ["236.0", "359.4"], ["236.0", "375.0"], ["30.0", "375.0"], ["30.0", "281.9"]], "Module_type": "GATE"}, {"Ports": [{"Location": [["20.0", "32.8"], ["24.5", "32.8"], ["24.5", "100.9"], ["20.0", "100.9"]], "Type": "SD"}, {"Location": [["183.6", "20.0"], ["183.6", "99.6"], ["155.7", "99.6"], ["155.7", "113.7"], ["26.0", "113.7"], ["26.0", "20.0"]], "Type": "GATE"}, {"Location": [["172.4", "26.9"], ["177.7", "26.9"], ["177.7", "91.7"], ["172.4", "91.7"]], "Type": "SD"}], "Module": "M10", "Boundary": [["183.6", "20.0"], ["183.6", "99.6"], ["155.7", "99.6"], ["155.7", "113.7"], ["20.0", "113.7"], ["20.0", "20.0"]], "Module_type": "GATE"}, {"Ports": [{"Location": [["314.9", "23.7"], ["320.7", "23.7"], ["320.7", "95.7"], ["314.9", "95.7"]], "Type": "SD"}, {"Location": [["432.5", "10.0"], ["432.5", "109.4"], ["322.2", "109.4"], ["322.2", "10.0"]], "Type": "GATE"}, {"Location": [["421.6", "16.2"], ["427.3", "16.2"], ["427.3", "103.2"], ["421.6", "103.2"]], "Type": "SD"}], "Module": "M7", "Boundary": [["432.5", "10.0"], ["432.5", "109.4"], ["314.9", "109.4"], ["314.9", "10.0"]], "Module_type": "GATE"}, {"Ports": [{"Location": [["472.5", "44.5"], ["477.2", "44.5"], ["477.2", "83.8"], ["472.5", "83.8"]], "Type": "SD"}, {"Location": [["641.6", "30.0"], ["641.6", "82.0"], ["641.3", "82.0"], ["641.3", "98.3"], ["478.9", "98.3"], ["478.9", "30.0"]], "Type": "GATE"}, {"Location": [["630.2", "36.1"], ["636.5", "36.1"], ["636.5", "75.9"], ["630.2", "75.9"]], "Type": "SD"}], "Module": "M3", "Boundary": [["641.6", "30.0"], ["641.6", "82.0"], ["641.3", "82.0"], ["641.3", "98.3"], ["472.5", "98.3"], ["472.5", "30.0"]], "Module_type": "GATE"}, {"Ports": [{"Location": [["629.6", "359.4"], ["635.5", "359.4"], ["635.5", "474.7"], ["629.6", "474.7"]], "Type": "SD"}, {"Location": [["818.5", "347.6"], ["818.5", "472.1"], ["753.0", "472.1"], ["753.0", "486.5"], ["637.2", "486.5"], ["637.2", "347.6"]], "Type": "GATE"}, {"Location": [["809.1", "353.6"], ["813.5", "353.6"], ["813.5", "465.1"], ["809.1", "465.1"]], "Type": "SD"}], "Module": "M18", "Boundary": [["818.5", "347.6"], ["818.5", "472.1"], ["753.0", "472.1"], ["753.0", "486.5"], ["629.6", "486.5"], ["629.6", "347.6"]], "Module_type": "GATE"}, {"Ports": [{"Location": [["462.9", "171.8"], ["468.5", "171.8"], ["468.5", "218.1"], ["462.9", "218.1"]], "Type": "SD"}, {"Location": [["609.0", "158.3"], ["609.0", "219.2"], ["561.4", "219.2"], ["561.4", "231.6"], ["470.0", "231.6"], ["470.0", "158.3"]], "Type": "GATE"}, {"Location": [["597.1", "164.2"], ["604.1", "164.2"], ["604.1", "212.3"], ["597.1", "212.3"]], "Type": "SD"}], "Module": "M20", "Boundary": [["609.0", "158.3"], ["609.0", "219.2"], ["561.4", "219.2"], ["561.4", "231.6"], ["462.9", "231.6"], ["462.9", "158.3"]], "Module_type": "GATE"}, {"Ports": [{"Location": [["649.0", "206.5"], ["654.3", "206.5"], ["654.3", "315.2"], ["649.0", "315.2"]], "Type": "SD"}, {"Location": [["820.9", "194.1"], ["820.9", "327.6"], ["656.8", "327.6"], ["656.8", "194.1"]], "Type": "GATE"}, {"Location": [["810.1", "200.1"], ["815.9", "200.1"], ["815.9", "321.6"], ["810.1", "321.6"]], "Type": "SD"}], "Module": "M15", "Boundary": [["820.9", "194.1"], ["820.9", "327.6"], ["649.0", "327.6"], ["649.0", "194.1"]], "Module_type": "GATE"}, {"Ports": [{"Location": [["276.3", "300.6"], ["281.4", "300.6"], ["281.4", "374.0"], ["276.3", "374.0"]], "Type": "SD"}, {"Location": [["424.8", "286.9"], ["424.8", "372.2"], ["375.1", "372.2"], ["375.1", "387.7"], ["283.3", "387.7"], ["283.3", "286.9"]], "Type": "GATE"}, {"Location": [["413.3", "292.2"], ["420.5", "292.2"], ["420.5", "365.9"], ["413.3", "365.9"]], "Type": "SD"}], "Module": "M12", "Boundary": [["424.8", "286.9"], ["424.8", "372.2"], ["375.1", "372.2"], ["375.1", "387.7"], ["276.3", "387.7"], ["276.3", "286.9"]], "Module_type": "GATE"}, {"Ports": [{"Location": [["314.9", "143.2"], ["320.1", "143.2"], ["320.1", "253.1"], ["314.9", "253.1"]], "Type": "SD"}, {"Location": [["422.9", "129.4"], ["422.9", "250.7"], ["414.1", "250.7"], ["414.1", "266.9"], ["323.1", "266.9"], ["323.1", "129.4"]], "Type": "GATE"}, {"Location": [["412.4", "135.1"], ["418.2", "135.1"], ["418.2", "244.0"], ["412.4", "244.0"]], "Type": "SD"}], "Module": "M8", "Boundary": [["422.9", "129.4"], ["422.9", "250.7"], ["414.1", "250.7"], ["414.1", "266.9"], ["314.9", "266.9"], ["314.9", "129.4"]], "Module_type": "GATE"}, {"Ports": [{"Location": [["640.5", "521.5"], ["645.0", "521.5"], ["645.0", "634.3"], ["640.5", "634.3"]], "Type": "SD"}, {"Location": [["807.9", "506.5"], ["807.9", "632.6"], ["778.7", "632.6"], ["778.7", "649.3"], ["647.1", "649.3"], ["647.1", "506.5"]], "Type": "GATE"}, {"Location": [["796.2", "513.1"], ["802.3", "513.1"], ["802.3", "625.0"], ["796.2", "625.0"]], "Type": "SD"}], "Module": "M4", "Boundary": [["807.9", "506.5"], ["807.9", "632.6"], ["778.7", "632.6"], ["778.7", "649.3"], ["640.5", "649.3"], ["640.5", "506.5"]], "Module_type": "GATE"}], "Area": [["-20.0", "-30.0"], ["863.9", "-30.0"], ["863.9", "695.9"], ["-20.0", "695.9"]], "Rules": ["GATE(5,5)", "SD(5,5)", "GATE_SD(0.5)", "GATE_ITO(0.5)", "SD_ITO(0.5)"]}