{"Modules": [{"Module": "M14", "Boundary": [["10.0", "10.0"], ["113.2", "10.0"], ["113.2", "21.3"], ["129.2", "21.3"], ["129.2", "142.8"], ["10.0", "142.8"]], "Module_type": "GATE", "Ports": [{"Location": [["23.2", "138.2"], ["116.0", "138.2"], ["116.0", "142.8"], ["23.2", "142.8"]], "Type": "SD"}, {"Location": [["10.0", "10.0"], ["113.2", "10.0"], ["113.2", "21.3"], ["129.2", "21.3"], ["129.2", "136.3"], ["10.0", "136.3"]], "Type": "GATE"}, {"Location": [["16.1", "15.1"], ["106.1", "15.1"], ["106.1", "20.3"], ["16.1", "20.3"]], "Type": "SD"}]}, {"Ports": [{"Location": [["34.4", "962.8"], ["166.9", "962.8"], ["166.9", "967.2"], ["34.4", "967.2"]], "Type": "SD"}, {"Location": [["20.0", "877.6"], ["181.3", "877.6"], ["181.3", "961.7"], ["20.0", "961.7"]], "Type": "GATE"}, {"Location": [["25.1", "881.7"], ["176.2", "881.7"], ["176.2", "889.1"], ["25.1", "889.1"]], "Type": "SD"}], "Module": "M9", "Boundary": [["20.0", "877.6"], ["181.3", "877.6"], ["181.3", "967.2"], ["20.0", "967.2"]], "Module_type": "GATE"}, {"Ports": [{"Location": [["426.9", "518.3"], ["482.8", "518.3"], ["482.8", "523.3"], ["426.9", "523.3"]], "Type": "SD"}, {"Location": [["413.4", "371.4"], ["479.7", "371.4"], ["479.7", "371.4"], ["496.3", "371.4"], ["496.3", "517.1"], ["413.4", "517.1"]], "Type": "GATE"}, {"Location": [["419.2", "376.2"], ["473.9", "376.2"], ["473.9", "382.0"], ["419.2", "382.0"]], "Type": "SD"}], "Module": "M5", "Boundary": [["413.4", "371.4"], ["479.7", "371.4"], ["479.7", "371.4"], ["496.3", "371.4"], ["496.3", "523.3"], ["413.4", "523.3"]], "Module_type": "GATE"}, {"Ports": [{"Location": [["20.0", "355.0"], ["25.4", "355.0"], ["25.4", "464.6"], ["20.0", "464.6"]], "Type": "SD"}, {"Location": [["195.1", "339.7"], ["195.1", "479.9"], ["26.9", "479.9"], ["26.9", "339.7"]], "Type": "GATE"}, {"Location": [["182.7", "345.9"], ["189.9", "345.9"], ["189.9", "473.7"], ["182.7", "473.7"]], "Type": "SD"}], "Module": "M11", "Boundary": [["195.1", "339.7"], ["195.1", "479.9"], ["20.0", "479.9"], ["20.0", "339.7"]], "Module_type": "GATE"}, {"Ports": [{"Location": [["244.8", "276.6"], ["249.6", "276.6"], ["249.6", "382.5"], ["244.8", "382.5"]], "Type": "SD"}, {"Location": [["391.9", "262.4"], ["391.9", "380.2"], ["391.9", "380.2"], ["391.9", "396.7"], ["250.9", "396.7"], ["250.9", "262.4"]], "Type": "GATE"}, {"Location": [["380.1", "267.5"], ["387.8", "267.5"], ["387.8", "375.1"], ["380.1", "375.1"]], "Type": "SD"}], "Module": "M1", "Boundary": [["391.9", "262.4"], ["391.9", "380.2"], ["391.9", "380.2"], ["391.9", "396.7"], ["244.8", "396.7"], ["244.8", "262.4"]], "Module_type": "GATE"}, {"Ports": [{"Location": [["30.0", "753.4"], ["35.5", "753.4"], ["35.5", "814.0"], ["30.0", "814.0"]], "Type": "SD"}, {"Location": [["135.4", "739.8"], ["135.4", "827.6"], ["36.7", "827.6"], ["36.7", "739.8"]], "Type": "GATE"}, {"Location": [["125.0", "745.5"], ["130.7", "745.5"], ["130.7", "821.9"], ["125.0", "821.9"]], "Type": "SD"}], "Module": "M19", "Boundary": [["135.4", "739.8"], ["135.4", "827.6"], ["30.0", "827.6"], ["30.0", "739.8"]], "Module_type": "GATE"}, {"Ports": [{"Location": [["194.7", "594.9"], ["199.1", "594.9"], ["199.1", "684.3"], ["194.7", "684.3"]], "Type": "SD"}, {"Location": [["387.2", "581.2"], ["387.2", "685.3"], ["369.9", "685.3"], ["369.9", "698.0"], ["200.2", "698.0"], ["200.2", "581.2"]], "Type": "GATE"}, {"Location": [["375.0", "588.1"], ["381.3", "588.1"], ["381.3", "677.4"], ["375.0", "677.4"]], "Type": "SD"}], "Module": "M6", "Boundary": [["387.2", "581.2"], ["387.2", "685.3"], ["369.9", "685.3"], ["369.9", "698.0"], ["194.7", "698.0"], ["194.7", "581.2"]], "Module_type": "GATE"}, {"Ports": [{"Location": [["427.7", "688.3"], ["477.9", "688.3"], ["477.9", "693.3"], ["427.7", "693.3"]], "Type": "SD"}, {"Location": [["413.4", "543.3"], ["478.7", "543.3"], ["478.7", "592.7"], ["492.2", "592.7"], ["492.2", "686.4"], ["413.4", "686.4"]], "Type": "GATE"}, {"Location": [["420.0", "548.9"], ["471.1", "548.9"], ["471.1", "555.6"], ["420.0", "555.6"]], "Type": "SD"}], "Module": "M2", "Boundary": [["413.4", "543.3"], ["478.7", "543.3"], ["478.7", "592.7"], ["492.2", "592.7"], ["492.2", "693.3"], ["413.4", "693.3"]], "Module_type": "GATE"}, {"Ports": [{"Location": [["383.8", "928.3"], ["467.9", "928.3"], ["467.9", "933.1"], ["383.8", "933.1"]], "Type": "SD"}, {"Location": [["371.4", "738.0"], ["466.0", "738.0"], ["466.0", "805.7"], ["480.3", "805.7"], ["480.3", "925.9"], ["371.4", "925.9"]], "Type": "GATE"}, {"Location": [["377.5", "743.1"], ["458.9", "743.1"], ["458.9", "748.9"], ["377.5", "748.9"]], "Type": "SD"}], "Module": "M16", "Boundary": [["371.4", "738.0"], ["466.0", "738.0"], ["466.0", "805.7"], ["480.3", "805.7"], ["480.3", "933.1"], ["371.4", "933.1"]], "Module_type": "GATE"}, {"Ports": [{"Location": [["277.9", "217.2"], ["350.2", "217.2"], ["350.2", "222.4"], ["277.9", "222.4"]], "Type": "SD"}, {"Location": [["264.8", "141.7"], ["363.3", "141.7"], ["363.3", "214.6"], ["264.8", "214.6"]], "Type": "GATE"}, {"Location": [["270.5", "146.4"], ["357.6", "146.4"], ["357.6", "153.0"], ["270.5", "153.0"]], "Type": "SD"}], "Module": "M13", "Boundary": [["264.8", "141.7"], ["363.3", "141.7"], ["363.3", "222.4"], ["264.8", "222.4"]], "Module_type": "GATE"}, {"Ports": [{"Location": [["251.1", "546.1"], ["367.4", "546.1"], ["367.4", "551.2"], ["251.1", "551.2"]], "Type": "SD"}, {"Location": [["235.1", "426.7"], ["366.1", "426.7"], ["366.1", "495.2"], ["383.4", "495.2"], ["383.4", "544.4"], ["235.1", "544.4"]], "Type": "GATE"}, {"Location": [["240.9", "431.5"], ["359.3", "431.5"], ["359.3", "439.2"], ["240.9", "439.2"]], "Type": "SD"}], "Module": "M10", "Boundary": [["235.1", "426.7"], ["366.1", "426.7"], ["366.1", "495.2"], ["383.4", "495.2"], ["383.4", "551.2"], ["235.1", "551.2"]], "Module_type": "GATE"}, {"Ports": [{"Location": [["259.0", "96.0"], ["368.4", "96.0"], ["368.4", "101.7"], ["259.0", "101.7"]], "Type": "SD"}, {"Location": [["244.8", "10.0"], ["382.6", "10.0"], ["382.6", "94.7"], ["244.8", "94.7"]], "Type": "GATE"}, {"Location": [["251.0", "15.2"], ["376.4", "15.2"], ["376.4", "20.7"], ["251.0", "20.7"]], "Type": "SD"}], "Module": "M7", "Boundary": [["244.8", "10.0"], ["382.6", "10.0"], ["382.6", "101.7"], ["244.8", "101.7"]], "Module_type": "GATE"}, {"Ports": [{"Location": [["45.5", "675.5"], ["139.2", "675.5"], ["139.2", "679.8"], ["45.5", "679.8"]], "Type": "SD"}, {"Location": [["30.0", "529.9"], ["154.7", "529.9"], ["154.7", "672.9"], ["30.0", "672.9"]], "Type": "GATE"}, {"Location": [["36.8", "535.7"], ["147.9", "535.7"], ["147.9", "542.6"], ["36.8", "542.6"]], "Type": "SD"}], "Module": "M3", "Boundary": [["30.0", "529.9"], ["154.7", "529.9"], ["154.7", "679.8"], ["30.0", "679.8"]], "Module_type": "GATE"}, {"Ports": [{"Location": [["188.1", "811.7"], ["306.6", "811.7"], ["306.6", "816.1"], ["188.1", "816.1"]], "Type": "SD"}, {"Location": [["175.4", "719.8"], ["304.5", "719.8"], ["304.5", "742.1"], ["319.3", "742.1"], ["319.3", "810.1"], ["175.4", "810.1"]], "Type": "GATE"}, {"Location": [["182.0", "725.4"], ["296.9", "725.4"], ["296.9", "730.2"], ["182.0", "730.2"]], "Type": "SD"}], "Module": "M18", "Boundary": [["175.4", "719.8"], ["304.5", "719.8"], ["304.5", "742.1"], ["319.3", "742.1"], ["319.3", "816.1"], ["175.4", "816.1"]], "Module_type": "GATE"}, {"Ports": [{"Location": [["30.0", "194.8"], ["35.0", "194.8"], ["35.0", "277.7"], ["30.0", "277.7"]], "Type": "SD"}, {"Location": [["100.0", "182.8"], ["100.0", "275.5"], ["73.4", "275.5"], ["73.4", "289.7"], ["37.5", "289.7"], ["37.5", "182.8"]], "Type": "GATE"}, {"Location": [["90.1", "188.1"], ["95.7", "188.1"], ["95.7", "269.2"], ["90.1", "269.2"]], "Type": "SD"}], "Module": "M20", "Boundary": [["100.0", "182.8"], ["100.0", "275.5"], ["73.4", "275.5"], ["73.4", "289.7"], ["30.0", "289.7"], ["30.0", "182.8"]], "Module_type": "GATE"}, {"Ports": [{"Location": [["224.7", "967.8"], ["318.0", "967.8"], ["318.0", "973.1"], ["224.7", "973.1"]], "Type": "SD"}, {"Location": [["211.3", "836.1"], ["331.4", "836.1"], ["331.4", "966.2"], ["211.3", "966.2"]], "Type": "GATE"}, {"Location": [["217.6", "841.4"], ["325.1", "841.4"], ["325.1", "846.5"], ["217.6", "846.5"]], "Type": "SD"}], "Module": "M15", "Boundary": [["211.3", "836.1"], ["331.4", "836.1"], ["331.4", "973.1"], ["211.3", "973.1"]], "Module_type": "GATE"}, {"Ports": [{"Location": [["426.4", "345.7"], ["476.8", "345.7"], ["476.8", "351.4"], ["426.4", "351.4"]], "Type": "SD"}, {"Location": [["411.9", "241.0"], ["477.6", "241.0"], ["477.6", "291.8"], ["491.3", "291.8"], ["491.3", "344.3"], ["411.9", "344.3"]], "Type": "GATE"}, {"Location": [["418.0", "246.1"], ["470.5", "246.1"], ["470.5", "253.7"], ["418.0", "253.7"]], "Type": "SD"}], "Module": "M12", "Boundary": [["411.9", "241.0"], ["477.6", "241.0"], ["477.6", "291.8"], ["491.3", "291.8"], ["491.3", "351.4"], ["411.9", "351.4"]], "Module_type": "GATE"}, {"Ports": [{"Location": [["149.2", "22.5"], ["155.2", "22.5"], ["155.2", "91.7"], ["149.2", "91.7"]], "Type": "SD"}, {"Location": [["224.8", "10.0"], ["224.8", "89.6"], ["195.2", "89.6"], ["195.2", "104.2"], ["156.7", "104.2"], ["156.7", "10.0"]], "Type": "GATE"}, {"Location": [["214.4", "15.4"], ["220.4", "15.4"], ["220.4", "83.2"], ["214.4", "83.2"]], "Type": "SD"}], "Module": "M8", "Boundary": [["224.8", "10.0"], ["224.8", "89.6"], ["195.2", "89.6"], ["195.2", "104.2"], ["149.2", "104.2"], ["149.2", "10.0"]], "Module_type": "GATE"}, {"Ports": [{"Location": [["415.7", "215.2"], ["487.6", "215.2"], ["487.6", "221.0"], ["415.7", "221.0"]], "Type": "SD"}, {"Location": [["403.3", "10.0"], ["484.6", "10.0"], ["484.6", "140.8"], ["500.0", "140.8"], ["500.0", "212.5"], ["403.3", "212.5"]], "Type": "GATE"}, {"Location": [["408.4", "14.1"], ["478.5", "14.1"], ["478.5", "18.9"], ["408.4", "18.9"]], "Type": "SD"}], "Module": "M4", "Boundary": [["403.3", "10.0"], ["484.6", "10.0"], ["484.6", "140.8"], ["500.0", "140.8"], ["500.0", "221.0"], ["403.3", "221.0"]], "Module_type": "GATE"}, {"Ports": [{"Location": [["153.3", "301.7"], ["209.0", "301.7"], ["209.0", "307.4"], ["153.3", "307.4"]], "Type": "SD"}, {"Location": [["140.0", "162.8"], ["222.3", "162.8"], ["222.3", "298.9"], ["140.0", "298.9"]], "Type": "GATE"}, {"Location": [["145.4", "167.2"], ["216.9", "167.2"], ["216.9", "173.0"], ["145.4", "173.0"]], "Type": "SD"}], "Module": "M17", "Boundary": [["140.0", "162.8"], ["222.3", "162.8"], ["222.3", "307.4"], ["140.0", "307.4"]], "Module_type": "GATE"}], "Area": [["-30.0", "-30.0"], ["540.0", "-30.0"], ["540.0", "1013.1"], ["-30.0", "1013.1"]], "Rules": ["GATE(5,5)", "SD(5,5)", "GATE_SD(0.5)", "GATE_ITO(0.5)", "SD_ITO(0.5)"]}