{"Modules": [{"Module": "M14", "Boundary": [["210.4", "542.8"], ["210.4", "677.3"], ["87.8", "677.3"], ["87.8", "695.3"], ["10.0", "695.3"], ["10.0", "542.8"]], "Module_type": "GATE", "Ports": [{"Location": [["10.0", "558.1"], ["15.5", "558.1"], ["15.5", "680.0"], ["10.0", "680.0"]], "Type": "SD"}, {"Location": [["210.4", "542.8"], ["210.4", "677.3"], ["87.8", "677.3"], ["87.8", "695.3"], ["16.6", "695.3"], ["16.6", "542.8"]], "Type": "GATE"}, {"Location": [["198.6", "548.9"], ["205.3", "548.9"], ["205.3", "670.2"], ["198.6", "670.2"]], "Type": "SD"}]}, {"Ports": [{"Location": [["136.0", "198.3"], ["141.8", "198.3"], ["141.8", "305.3"], ["136.0", "305.3"]], "Type": "SD"}, {"Location": [["270.0", "183.8"], ["270.0", "303.0"], ["269.8", "303.0"], ["269.8", "319.8"], ["143.8", "319.8"], ["143.8", "183.8"]], "Type": "GATE"}, {"Location": [["258.9", "189.4"], ["265.4", "189.4"], ["265.4", "297.4"], ["258.9", "297.4"]], "Type": "SD"}], "Module": "M9", "Boundary": [["270.0", "183.8"], ["270.0", "303.0"], ["269.8", "303.0"], ["269.8", "319.8"], ["136.0", "319.8"], ["136.0", "183.8"]], "Module_type": "GATE"}, {"Ports": [{"Location": [["665.3", "201.6"], ["670.1", "201.6"], ["670.1", "252.5"], ["665.3", "252.5"]], "Type": "SD"}, {"Location": [["841.6", "188.6"], ["841.6", "265.5"], ["673.0", "265.5"], ["673.0", "188.6"]], "Type": "GATE"}, {"Location": [["830.8", "194.8"], ["836.4", "194.8"], ["836.4", "259.3"], ["830.8", "259.3"]], "Type": "SD"}], "Module": "M5", "Boundary": [["841.6", "188.6"], ["841.6", "265.5"], ["665.3", "265.5"], ["665.3", "188.6"]], "Module_type": "GATE"}, {"Ports": [{"Location": [["364.2", "683.3"], ["473.5", "683.3"], ["473.5", "689.0"], ["364.2", "689.0"]], "Type": "SD"}, {"Location": [["350.9", "526.0"], ["486.8", "526.0"], ["486.8", "680.8"], ["350.9", "680.8"]], "Type": "GATE"}, {"Location": [["357.3", "531.4"], ["480.4", "531.4"], ["480.4", "536.3"], ["357.3", "536.3"]], "Type": "SD"}], "Module": "M11", "Boundary": [["350.9", "526.0"], ["486.8", "526.0"], ["486.8", "689.0"], ["350.9", "689.0"]], "Module_type": "GATE"}, {"Ports": [{"Location": [["430.0", "196.0"], ["434.7", "196.0"], ["434.7", "294.0"], ["430.0", "294.0"]], "Type": "SD"}, {"Location": [["641.4", "184.8"], ["641.4", "292.1"], ["640.9", "292.1"], ["640.9", "305.2"], ["436.1", "305.2"], ["436.1", "184.8"]], "Type": "GATE"}, {"Location": [["631.9", "190.7"], ["636.5", "190.7"], ["636.5", "286.2"], ["631.9", "286.2"]], "Type": "SD"}], "Module": "M1", "Boundary": [["641.4", "184.8"], ["641.4", "292.1"], ["640.9", "292.1"], ["640.9", "305.2"], ["430.0", "305.2"], ["430.0", "184.8"]], "Module_type": "GATE"}, {"Ports": [{"Location": [["683.8", "674.1"], ["802.1", "674.1"], ["802.1", "679.2"], ["683.8", "679.2"]], "Type": "SD"}, {"Location": [["669.8", "568.5"], ["800.3", "568.5"], ["800.3", "568.9"], ["816.1", "568.9"], ["816.1", "671.9"], ["669.8", "671.9"]], "Type": "GATE"}, {"Location": [["676.8", "574.5"], ["793.3", "574.5"], ["793.3", "580.0"], ["676.8", "580.0"]], "Type": "SD"}], "Module": "M19", "Boundary": [["669.8", "568.5"], ["800.3", "568.5"], ["800.3", "568.9"], ["816.1", "568.9"], ["816.1", "679.2"], ["669.8", "679.2"]], "Module_type": "GATE"}, {"Ports": [{"Location": [["245.3", "677.1"], ["306.0", "677.1"], ["306.0", "681.9"], ["245.3", "681.9"]], "Type": "SD"}, {"Location": [["230.4", "516.3"], ["303.9", "516.3"], ["303.9", "587.7"], ["320.9", "587.7"], ["320.9", "675.8"], ["230.4", "675.8"]], "Type": "GATE"}, {"Location": [["237.0", "521.9"], ["296.3", "521.9"], ["296.3", "527.8"], ["237.0", "527.8"]], "Type": "SD"}], "Module": "M6", "Boundary": [["230.4", "516.3"], ["303.9", "516.3"], ["303.9", "587.7"], ["320.9", "587.7"], ["320.9", "681.9"], ["230.4", "681.9"]], "Module_type": "GATE"}, {"Ports": [{"Location": [["542.3", "518.9"], ["632.4", "518.9"], ["632.4", "523.1"], ["542.3", "523.1"]], "Type": "SD"}, {"Location": [["529.4", "325.2"], ["632.3", "325.2"], ["632.3", "394.9"], ["645.3", "394.9"], ["645.3", "517.0"], ["529.4", "517.0"]], "Type": "GATE"}, {"Location": [["534.8", "329.6"], ["625.9", "329.6"], ["625.9", "336.0"], ["534.8", "336.0"]], "Type": "SD"}], "Module": "M2", "Boundary": [["529.4", "325.2"], ["632.3", "325.2"], ["632.3", "394.9"], ["645.3", "394.9"], ["645.3", "523.1"], ["529.4", "523.1"]], "Module_type": "GATE"}, {"Ports": [{"Location": [["697.9", "503.7"], ["810.6", "503.7"], ["810.6", "508.5"], ["697.9", "508.5"]], "Type": "SD"}, {"Location": [["685.3", "305.5"], ["809.0", "305.5"], ["809.0", "323.3"], ["823.2", "323.3"], ["823.2", "502.6"], ["685.3", "502.6"]], "Type": "GATE"}, {"Location": [["691.1", "310.3"], ["802.2", "310.3"], ["802.2", "315.3"], ["691.1", "315.3"]], "Type": "SD"}], "Module": "M16", "Boundary": [["685.3", "305.5"], ["809.0", "305.5"], ["809.0", "323.3"], ["823.2", "323.3"], ["823.2", "508.5"], ["685.3", "508.5"]], "Module_type": "GATE"}, {"Ports": [{"Location": [["338.6", "361.1"], ["343.9", "361.1"], ["343.9", "460.5"], ["338.6", "460.5"]], "Type": "SD"}, {"Location": [["489.4", "345.6"], ["489.4", "476.0"], ["345.0", "476.0"], ["345.0", "345.6"]], "Type": "GATE"}, {"Location": [["477.1", "351.8"], ["484.2", "351.8"], ["484.2", "469.8"], ["477.1", "469.8"]], "Type": "SD"}], "Module": "M13", "Boundary": [["489.4", "345.6"], ["489.4", "476.0"], ["338.6", "476.0"], ["338.6", "345.6"]], "Module_type": "GATE"}, {"Ports": [{"Location": [["310.0", "194.8"], ["314.2", "194.8"], ["314.2", "284.6"], ["310.0", "284.6"]], "Type": "SD"}, {"Location": [["400.0", "183.8"], ["400.0", "282.7"], ["365.7", "282.7"], ["365.7", "295.6"], ["315.8", "295.6"], ["315.8", "183.8"]], "Type": "GATE"}, {"Location": [["391.1", "188.9"], ["395.9", "188.9"], ["395.9", "276.6"], ["391.1", "276.6"]], "Type": "SD"}], "Module": "M10", "Boundary": [["400.0", "183.8"], ["400.0", "282.7"], ["365.7", "282.7"], ["365.7", "295.6"], ["310.0", "295.6"], ["310.0", "183.8"]], "Module_type": "GATE"}, {"Ports": [{"Location": [["24.5", "371.3"], ["83.3", "371.3"], ["83.3", "375.6"], ["24.5", "375.6"]], "Type": "SD"}, {"Location": [["10.0", "229.1"], ["97.8", "229.1"], ["97.8", "370.2"], ["10.0", "370.2"]], "Type": "GATE"}, {"Location": [["15.9", "234.0"], ["91.9", "234.0"], ["91.9", "240.3"], ["15.9", "240.3"]], "Type": "SD"}], "Module": "M7", "Boundary": [["10.0", "229.1"], ["97.8", "229.1"], ["97.8", "375.6"], ["10.0", "375.6"]], "Module_type": "GATE"}, {"Ports": [{"Location": [["257.7", "44.2"], ["263.1", "44.2"], ["263.1", "119.6"], ["257.7", "119.6"]], "Type": "SD"}, {"Location": [["454.9", "30.0"], ["454.9", "133.8"], ["265.3", "133.8"], ["265.3", "30.0"]], "Type": "GATE"}, {"Location": [["443.4", "36.8"], ["449.1", "36.8"], ["449.1", "127.0"], ["443.4", "127.0"]], "Type": "SD"}], "Module": "M3", "Boundary": [["454.9", "30.0"], ["454.9", "133.8"], ["257.7", "133.8"], ["257.7", "30.0"]], "Module_type": "GATE"}, {"Ports": [{"Location": [["167.6", "490.3"], ["284.4", "490.3"], ["284.4", "496.3"], ["167.6", "496.3"]], "Type": "SD"}, {"Location": [["153.4", "349.8"], ["284.0", "349.8"], ["284.0", "421.9"], ["298.6", "421.9"], ["298.6", "489.1"], ["153.4", "489.1"]], "Type": "GATE"}, {"Location": [["159.7", "355.1"], ["276.7", "355.1"], ["276.7", "362.1"], ["159.7", "362.1"]], "Type": "SD"}], "Module": "M18", "Boundary": [["153.4", "349.8"], ["284.0", "349.8"], ["284.0", "421.9"], ["298.6", "421.9"], ["298.6", "496.3"], ["153.4", "496.3"]], "Module_type": "GATE"}, {"Ports": [{"Location": [["681.4", "43.9"], ["686.9", "43.9"], ["686.9", "134.7"], ["681.4", "134.7"]], "Type": "SD"}, {"Location": [["820.6", "30.0"], ["820.6", "133.0"], ["774.5", "133.0"], ["774.5", "148.6"], ["688.0", "148.6"], ["688.0", "30.0"]], "Type": "GATE"}, {"Location": [["808.9", "36.0"], ["815.6", "36.0"], ["815.6", "126.0"], ["808.9", "126.0"]], "Type": "SD"}], "Module": "M20", "Boundary": [["820.6", "30.0"], ["820.6", "133.0"], ["774.5", "133.0"], ["774.5", "148.6"], ["681.4", "148.6"], ["681.4", "30.0"]], "Module_type": "GATE"}, {"Ports": [{"Location": [["541.2", "682.5"], ["618.0", "682.5"], ["618.0", "687.0"], ["541.2", "687.0"]], "Type": "SD"}, {"Location": [["529.4", "543.1"], ["629.8", "543.1"], ["629.8", "680.5"], ["529.4", "680.5"]], "Type": "GATE"}, {"Location": [["534.7", "547.4"], ["624.5", "547.4"], ["624.5", "553.2"], ["534.7", "553.2"]], "Type": "SD"}], "Module": "M15", "Boundary": [["529.4", "543.1"], ["629.8", "543.1"], ["629.8", "687.0"], ["529.4", "687.0"]], "Module_type": "GATE"}, {"Ports": [{"Location": [["22.3", "518.3"], ["121.1", "518.3"], ["121.1", "522.8"], ["22.3", "522.8"]], "Type": "SD"}, {"Location": [["10.0", "395.6"], ["119.2", "395.6"], ["119.2", "448.1"], ["133.4", "448.1"], ["133.4", "515.3"], ["10.0", "515.3"]], "Type": "GATE"}, {"Location": [["16.0", "400.6"], ["112.2", "400.6"], ["112.2", "406.1"], ["16.0", "406.1"]], "Type": "SD"}], "Module": "M12", "Boundary": [["10.0", "395.6"], ["119.2", "395.6"], ["119.2", "448.1"], ["133.4", "448.1"], ["133.4", "522.8"], ["10.0", "522.8"]], "Module_type": "GATE"}, {"Ports": [{"Location": [["140.4", "122.5"], ["203.3", "122.5"], ["203.3", "127.1"], ["140.4", "127.1"]], "Type": "SD"}, {"Location": [["126.0", "10.0"], ["200.3", "10.0"], ["200.3", "56.7"], ["217.7", "56.7"], ["217.7", "120.7"], ["126.0", "120.7"]], "Type": "GATE"}, {"Location": [["132.0", "15.0"], ["193.3", "15.0"], ["193.3", "21.1"], ["132.0", "21.1"]], "Type": "SD"}], "Module": "M8", "Boundary": [["126.0", "10.0"], ["200.3", "10.0"], ["200.3", "56.7"], ["217.7", "56.7"], ["217.7", "127.1"], ["126.0", "127.1"]], "Module_type": "GATE"}, {"Ports": [{"Location": [["508.4", "160.0"], ["619.8", "160.0"], ["619.8", "164.8"], ["508.4", "164.8"]], "Type": "SD"}, {"Location": [["494.9", "10.0"], ["619.3", "10.0"], ["619.3", "76.5"], ["633.3", "76.5"], ["633.3", "158.7"], ["494.9", "158.7"]], "Type": "GATE"}, {"Location": [["501.5", "15.6"], ["611.7", "15.6"], ["611.7", "20.8"], ["501.5", "20.8"]], "Type": "SD"}], "Module": "M4", "Boundary": [["494.9", "10.0"], ["619.3", "10.0"], ["619.3", "76.5"], ["633.3", "76.5"], ["633.3", "164.8"], ["494.9", "164.8"]], "Module_type": "GATE"}], "Area": [["-30.0", "-30.0"], ["881.6", "-30.0"], ["881.6", "735.3"], ["-30.0", "735.3"]], "Rules": ["GATE(5,5)", "SD(5,5)", "GATE_SD(0.5)", "GATE_ITO(0.5)", "SD_ITO(0.5)"]}