{"Modules": [{"Module": "M14", "Boundary": [["385.8", "492.1"], ["472.7", "492.1"], ["472.7", "492.5"], ["489.9", "492.5"], ["489.9", "602.7"], ["385.8", "602.7"]], "Module_type": "GATE", "Ports": [{"Location": [["399.8", "597.2"], ["475.9", "597.2"], ["475.9", "602.7"], ["399.8", "602.7"]], "Type": "SD"}, {"Location": [["385.8", "492.1"], ["472.7", "492.1"], ["472.7", "492.5"], ["489.9", "492.5"], ["489.9", "594.7"], ["385.8", "594.7"]], "Type": "GATE"}, {"Location": [["391.1", "496.4"], ["467.4", "496.4"], ["467.4", "503.1"], ["391.1", "503.1"]], "Type": "SD"}]}, {"Ports": [{"Location": [["240.1", "683.3"], ["342.2", "683.3"], ["342.2", "687.4"], ["240.1", "687.4"]], "Type": "SD"}, {"Location": [["226.5", "527.0"], ["339.8", "527.0"], ["339.8", "527.4"], ["355.8", "527.4"], ["355.8", "681.6"], ["226.5", "681.6"]], "Type": "GATE"}, {"Location": [["232.5", "532.0"], ["333.8", "532.0"], ["333.8", "537.8"], ["232.5", "537.8"]], "Type": "SD"}], "Module": "M9", "Boundary": [["226.5", "527.0"], ["339.8", "527.0"], ["339.8", "527.4"], ["355.8", "527.4"], ["355.8", "687.4"], ["226.5", "687.4"]], "Module_type": "GATE"}, {"Ports": [{"Location": [["319.0", "851.7"], ["357.2", "851.7"], ["357.2", "857.5"], ["319.0", "857.5"]], "Type": "SD"}, {"Location": [["306.5", "717.4"], ["369.7", "717.4"], ["369.7", "849.3"], ["306.5", "849.3"]], "Type": "GATE"}, {"Location": [["311.8", "721.7"], ["364.4", "721.7"], ["364.4", "727.0"], ["311.8", "727.0"]], "Type": "SD"}], "Module": "M5", "Boundary": [["306.5", "717.4"], ["369.7", "717.4"], ["369.7", "857.5"], ["306.5", "857.5"]], "Module_type": "GATE"}, {"Ports": [{"Location": [["20.0", "247.5"], ["25.5", "247.5"], ["25.5", "300.5"], ["20.0", "300.5"]], "Type": "SD"}, {"Location": [["105.9", "233.5"], ["105.9", "299.2"], ["105.6", "299.2"], ["105.6", "314.5"], ["28.2", "314.5"], ["28.2", "233.5"]], "Type": "GATE"}, {"Location": [["94.2", "240.4"], ["100.0", "240.4"], ["100.0", "292.3"], ["94.2", "292.3"]], "Type": "SD"}], "Module": "M11", "Boundary": [["105.9", "233.5"], ["105.9", "299.2"], ["105.6", "299.2"], ["105.6", "314.5"], ["20.0", "314.5"], ["20.0", "233.5"]], "Module_type": "GATE"}, {"Ports": [{"Location": [["230.9", "491.1"], ["321.8", "491.1"], ["321.8", "497.0"], ["230.9", "497.0"]], "Type": "SD"}, {"Location": [["216.5", "340.3"], ["336.2", "340.3"], ["336.2", "488.9"], ["216.5", "488.9"]], "Type": "GATE"}, {"Location": [["222.8", "345.6"], ["329.9", "345.6"], ["329.9", "351.7"], ["222.8", "351.7"]], "Type": "SD"}], "Module": "M1", "Boundary": [["216.5", "340.3"], ["336.2", "340.3"], ["336.2", "497.0"], ["216.5", "497.0"]], "Module_type": "GATE"}, {"Ports": [{"Location": [["358.4", "178.3"], ["364.3", "178.3"], ["364.3", "276.9"], ["358.4", "276.9"]], "Type": "SD"}, {"Location": [["466.8", "165.9"], ["466.8", "276.1"], ["466.4", "276.1"], ["466.4", "289.3"], ["365.8", "289.3"], ["365.8", "165.9"]], "Type": "GATE"}, {"Location": [["455.9", "172.0"], ["461.7", "172.0"], ["461.7", "270.0"], ["455.9", "270.0"]], "Type": "SD"}], "Module": "M19", "Boundary": [["466.8", "165.9"], ["466.8", "276.1"], ["466.4", "276.1"], ["466.4", "289.3"], ["358.4", "289.3"], ["358.4", "165.9"]], "Module_type": "GATE"}, {"Ports": [{"Location": [["292.0", "23.1"], ["296.1", "23.1"], ["296.1", "112.8"], ["292.0", "112.8"]], "Type": "SD"}, {"Location": [["490.0", "10.0"], ["490.0", "113.0"], ["438.3", "113.0"], ["438.3", "125.9"], ["298.4", "125.9"], ["298.4", "10.0"]], "Type": "GATE"}, {"Location": [["478.5", "15.4"], ["485.6", "15.4"], ["485.6", "106.6"], ["478.5", "106.6"]], "Type": "SD"}], "Module": "M6", "Boundary": [["490.0", "10.0"], ["490.0", "113.0"], ["438.3", "113.0"], ["438.3", "125.9"], ["292.0", "125.9"], ["292.0", "10.0"]], "Module_type": "GATE"}, {"Ports": [{"Location": [["135.9", "194.1"], ["141.6", "194.1"], ["141.6", "306.7"], ["135.9", "306.7"]], "Type": "SD"}, {"Location": [["318.4", "180.5"], ["318.4", "306.2"], ["302.3", "306.2"], ["302.3", "320.3"], ["143.7", "320.3"], ["143.7", "180.5"]], "Type": "GATE"}, {"Location": [["306.4", "186.7"], ["313.2", "186.7"], ["313.2", "299.0"], ["306.4", "299.0"]], "Type": "SD"}], "Module": "M2", "Boundary": [["318.4", "180.5"], ["318.4", "306.2"], ["302.3", "306.2"], ["302.3", "320.3"], ["135.9", "320.3"], ["135.9", "180.5"]], "Module_type": "GATE"}, {"Ports": [{"Location": [["44.6", "562.6"], ["161.9", "562.6"], ["161.9", "567.2"], ["44.6", "567.2"]], "Type": "SD"}, {"Location": [["30.0", "364.5"], ["161.6", "364.5"], ["161.6", "471.4"], ["176.5", "471.4"], ["176.5", "560.7"], ["30.0", "560.7"]], "Type": "GATE"}, {"Location": [["36.2", "369.7"], ["154.4", "369.7"], ["154.4", "376.2"], ["36.2", "376.2"]], "Type": "SD"}], "Module": "M16", "Boundary": [["30.0", "364.5"], ["161.6", "364.5"], ["161.6", "471.4"], ["176.5", "471.4"], ["176.5", "567.2"], ["30.0", "567.2"]], "Module_type": "GATE"}, {"Ports": [{"Location": [["165.8", "135.4"], ["238.2", "135.4"], ["238.2", "140.5"], ["165.8", "140.5"]], "Type": "SD"}, {"Location": [["152.0", "30.0"], ["235.9", "30.0"], ["235.9", "30.2"], ["252.0", "30.2"], ["252.0", "132.7"], ["152.0", "132.7"]], "Type": "GATE"}, {"Location": [["158.9", "35.9"], ["229.0", "35.9"], ["229.0", "42.2"], ["158.9", "42.2"]], "Type": "SD"}], "Module": "M13", "Boundary": [["152.0", "30.0"], ["235.9", "30.0"], ["235.9", "30.2"], ["252.0", "30.2"], ["252.0", "140.5"], ["152.0", "140.5"]], "Module_type": "GATE"}, {"Ports": [{"Location": [["412.4", "829.1"], ["464.8", "829.1"], ["464.8", "834.2"], ["412.4", "834.2"]], "Type": "SD"}, {"Location": [["399.7", "632.7"], ["463.7", "632.7"], ["463.7", "703.2"], ["477.5", "703.2"], ["477.5", "827.0"], ["399.7", "827.0"]], "Type": "GATE"}, {"Location": [["405.9", "637.9"], ["456.5", "637.9"], ["456.5", "643.7"], ["405.9", "643.7"]], "Type": "SD"}], "Module": "M10", "Boundary": [["399.7", "632.7"], ["463.7", "632.7"], ["463.7", "703.2"], ["477.5", "703.2"], ["477.5", "834.2"], ["399.7", "834.2"]], "Module_type": "GATE"}, {"Ports": [{"Location": [["21.5", "1004.1"], ["81.8", "1004.1"], ["81.8", "1009.7"], ["21.5", "1009.7"]], "Type": "SD"}, {"Location": [["10.0", "820.3"], ["93.3", "820.3"], ["93.3", "1001.6"], ["10.0", "1001.6"]], "Type": "GATE"}, {"Location": [["15.0", "824.3"], ["88.3", "824.3"], ["88.3", "829.9"], ["15.0", "829.9"]], "Type": "SD"}], "Module": "M7", "Boundary": [["10.0", "820.3"], ["93.3", "820.3"], ["93.3", "1009.7"], ["10.0", "1009.7"]], "Module_type": "GATE"}, {"Ports": [{"Location": [["147.3", "829.0"], ["252.5", "829.0"], ["252.5", "833.4"], ["147.3", "833.4"]], "Type": "SD"}, {"Location": [["133.3", "751.7"], ["250.0", "751.7"], ["250.0", "752.4"], ["266.5", "752.4"], ["266.5", "827.5"], ["133.3", "827.5"]], "Type": "GATE"}, {"Location": [["138.6", "756.0"], ["244.7", "756.0"], ["244.7", "762.6"], ["138.6", "762.6"]], "Type": "SD"}], "Module": "M3", "Boundary": [["133.3", "751.7"], ["250.0", "751.7"], ["250.0", "752.4"], ["266.5", "752.4"], ["266.5", "833.4"], ["133.3", "833.4"]], "Module_type": "GATE"}, {"Ports": [{"Location": [["22.1", "795.7"], ["75.4", "795.7"], ["75.4", "800.3"], ["22.1", "800.3"]], "Type": "SD"}, {"Location": [["10.0", "731.7"], ["73.4", "731.7"], ["73.4", "736.1"], ["87.5", "736.1"], ["87.5", "793.5"], ["10.0", "793.5"]], "Type": "GATE"}, {"Location": [["15.4", "736.1"], ["67.0", "736.1"], ["67.0", "742.2"], ["15.4", "742.2"]], "Type": "SD"}], "Module": "M18", "Boundary": [["10.0", "731.7"], ["73.4", "731.7"], ["73.4", "736.1"], ["87.5", "736.1"], ["87.5", "800.3"], ["10.0", "800.3"]], "Module_type": "GATE"}, {"Ports": [{"Location": [["267.5", "980.5"], ["362.2", "980.5"], ["362.2", "986.4"], ["267.5", "986.4"]], "Type": "SD"}, {"Location": [["255.0", "897.5"], ["358.3", "897.5"], ["358.3", "944.1"], ["374.7", "944.1"], ["374.7", "979.5"], ["255.0", "979.5"]], "Type": "GATE"}, {"Location": [["260.4", "901.9"], ["351.9", "901.9"], ["351.9", "906.8"], ["260.4", "906.8"]], "Type": "SD"}], "Module": "M20", "Boundary": [["255.0", "897.5"], ["358.3", "897.5"], ["358.3", "944.1"], ["374.7", "944.1"], ["374.7", "986.4"], ["255.0", "986.4"]], "Module_type": "GATE"}, {"Ports": [{"Location": [["23.2", "198.5"], ["98.8", "198.5"], ["98.8", "203.5"], ["23.2", "203.5"]], "Type": "SD"}, {"Location": [["10.0", "10.0"], ["112.0", "10.0"], ["112.0", "196.8"], ["10.0", "196.8"]], "Type": "GATE"}, {"Location": [["16.0", "15.0"], ["106.0", "15.0"], ["106.0", "20.6"], ["16.0", "20.6"]], "Type": "SD"}], "Module": "M15", "Boundary": [["10.0", "10.0"], ["112.0", "10.0"], ["112.0", "203.5"], ["10.0", "203.5"]], "Module_type": "GATE"}, {"Ports": [{"Location": [["113.3", "886.7"], ["118.5", "886.7"], ["118.5", "975.5"], ["113.3", "975.5"]], "Type": "SD"}, {"Location": [["215.0", "873.4"], ["215.0", "973.3"], ["176.7", "973.3"], ["176.7", "988.8"], ["120.8", "988.8"], ["120.8", "873.4"]], "Type": "GATE"}, {"Location": [["204.8", "879.0"], ["210.4", "879.0"], ["210.4", "966.7"], ["204.8", "966.7"]], "Type": "SD"}], "Module": "M12", "Boundary": [["215.0", "873.4"], ["215.0", "973.3"], ["176.7", "973.3"], ["176.7", "988.8"], ["113.3", "988.8"], ["113.3", "873.4"]], "Module_type": "GATE"}, {"Ports": [{"Location": [["356.2", "342.1"], ["360.3", "342.1"], ["360.3", "459.3"], ["356.2", "459.3"]], "Type": "SD"}, {"Location": [["481.0", "329.3"], ["481.0", "454.9"], ["460.8", "454.9"], ["460.8", "472.1"], ["361.4", "472.1"], ["361.4", "329.3"]], "Type": "GATE"}, {"Location": [["471.2", "334.3"], ["477.0", "334.3"], ["477.0", "448.9"], ["471.2", "448.9"]], "Type": "SD"}], "Module": "M8", "Boundary": [["481.0", "329.3"], ["481.0", "454.9"], ["460.8", "454.9"], ["460.8", "472.1"], ["356.2", "472.1"], ["356.2", "329.3"]], "Module_type": "GATE"}, {"Ports": [{"Location": [["10.0", "618.5"], ["15.7", "618.5"], ["15.7", "700.4"], ["10.0", "700.4"]], "Type": "SD"}, {"Location": [["196.5", "607.2"], ["196.5", "697.7"], ["164.1", "697.7"], ["164.1", "711.7"], ["16.8", "711.7"], ["16.8", "607.2"]], "Type": "GATE"}, {"Location": [["187.7", "612.5"], ["192.2", "612.5"], ["192.2", "691.4"], ["187.7", "691.4"]], "Type": "SD"}], "Module": "M4", "Boundary": [["196.5", "607.2"], ["196.5", "697.7"], ["164.1", "697.7"], ["164.1", "711.7"], ["10.0", "711.7"], ["10.0", "607.2"]], "Module_type": "GATE"}, {"Ports": [{"Location": [["428.1", "1002.9"], ["472.7", "1002.9"], ["472.7", "1008.5"], ["428.1", "1008.5"]], "Type": "SD"}, {"Location": [["414.7", "864.2"], ["467.6", "864.2"], ["467.6", "864.3"], ["486.1", "864.3"], ["486.1", "1001.1"], ["414.7", "1001.1"]], "Type": "GATE"}, {"Location": [["420.2", "868.7"], ["462.1", "868.7"], ["462.1", "874.5"], ["420.2", "874.5"]], "Type": "SD"}], "Module": "M17", "Boundary": [["414.7", "864.2"], ["467.6", "864.2"], ["467.6", "864.3"], ["486.1", "864.3"], ["486.1", "1008.5"], ["414.7", "1008.5"]], "Module_type": "GATE"}], "Area": [["-30.0", "-30.0"], ["530.0", "-30.0"], ["530.0", "1049.7"], ["-30.0", "1049.7"]], "Rules": ["GATE(5,5)", "SD(5,5)", "GATE_SD(0.5)", "GATE_ITO(0.5)", "SD_ITO(0.5)"]}