[{"Link": "Link1:", "Mods": ["M19", "M16", "M13", "M14", "M2"], "Connects": ["3", "3", "1", "1", "1"]}, {"Link": "Link2:", "Mods": ["M11", "M10", "M13", "M20", "M19", "M18"], "Connects": ["1", "3", "3", "3", "1", "3"]}, {"Link": "Link3:", "Mods": ["M20", "M3", "M5", "M6", "M7"], "Connects": ["2", "2", "2", "2", "2"]}, {"Link": "Link4:", "Mods": ["M8", "M4", "M3", "M15"], "Connects": ["3", "1", "3", "3"]}, {"Link": "Link5:", "Mods": ["M10", "M13", "M19"], "Connects": ["2", "2", "2"]}, {"Link": "Link6:", "Mods": ["M1", "M20", "M9"], "Connects": ["1", "1", "1"]}, {"Link": "Link7:", "Mods": ["M9", "M16", "M3"], "Connects": ["3", "1", "1"]}, {"Link": "Link8:", "Mods": ["M16", "M11"], "Connects": ["2", "2"]}, {"Link": "Link9:", "Mods": ["M12", "M17"], "Connects": ["3", "3"]}]