{"Modules": [{"Module": "M14", "Boundary": [["326.9", "195.8"], ["448.9", "195.8"], ["448.9", "218.2"], ["462.4", "218.2"], ["462.4", "297.5"], ["326.9", "297.5"]], "Module_type": "GATE", "Ports": [{"Location": [["340.9", "291.6"], ["448.4", "291.6"], ["448.4", "297.5"], ["340.9", "297.5"]], "Type": "SD"}, {"Location": [["326.9", "195.8"], ["448.9", "195.8"], ["448.9", "218.2"], ["462.4", "218.2"], ["462.4", "290.3"], ["326.9", "290.3"]], "Type": "GATE"}, {"Location": [["332.4", "200.3"], ["442.4", "200.3"], ["442.4", "207.9"], ["332.4", "207.9"]], "Type": "SD"}]}, {"Ports": [{"Location": [["148.4", "194.4"], ["153.7", "194.4"], ["153.7", "287.0"], ["148.4", "287.0"]], "Type": "SD"}, {"Location": [["296.9", "183.2"], ["296.9", "298.2"], ["155.5", "298.2"], ["155.5", "183.2"]], "Type": "GATE"}, {"Location": [["287.6", "188.4"], ["292.7", "188.4"], ["292.7", "293.0"], ["287.6", "293.0"]], "Type": "SD"}], "Module": "M9", "Boundary": [["296.9", "183.2"], ["296.9", "298.2"], ["148.4", "298.2"], ["148.4", "183.2"]], "Module_type": "GATE"}, {"Ports": [{"Location": [["670.9", "168.4"], ["725.3", "168.4"], ["725.3", "173.3"], ["670.9", "173.3"]], "Type": "SD"}, {"Location": [["655.5", "10.0"], ["740.7", "10.0"], ["740.7", "165.7"], ["655.5", "165.7"]], "Type": "GATE"}, {"Location": [["662.5", "16.0"], ["733.7", "16.0"], ["733.7", "22.7"], ["662.5", "22.7"]], "Type": "SD"}], "Module": "M5", "Boundary": [["655.5", "10.0"], ["740.7", "10.0"], ["740.7", "173.3"], ["655.5", "173.3"]], "Module_type": "GATE"}, {"Ports": [{"Location": [["109.2", "33.5"], ["113.6", "33.5"], ["113.6", "129.7"], ["109.2", "129.7"]], "Type": "SD"}, {"Location": [["315.7", "20.0"], ["315.7", "125.3"], ["315.2", "125.3"], ["315.2", "143.2"], ["115.7", "143.2"], ["115.7", "20.0"]], "Type": "GATE"}, {"Location": [["305.5", "25.1"], ["311.6", "25.1"], ["311.6", "120.2"], ["305.5", "120.2"]], "Type": "SD"}], "Module": "M11", "Boundary": [["315.7", "20.0"], ["315.7", "125.3"], ["315.2", "125.3"], ["315.2", "143.2"], ["109.2", "143.2"], ["109.2", "20.0"]], "Module_type": "GATE"}, {"Ports": [{"Location": [["645.8", "355.3"], ["723.4", "355.3"], ["723.4", "360.0"], ["645.8", "360.0"]], "Type": "SD"}, {"Location": [["631.8", "193.3"], ["737.4", "193.3"], ["737.4", "353.5"], ["631.8", "353.5"]], "Type": "GATE"}, {"Location": [["636.9", "197.4"], ["732.3", "197.4"], ["732.3", "204.1"], ["636.9", "204.1"]], "Type": "SD"}], "Module": "M1", "Boundary": [["631.8", "193.3"], ["737.4", "193.3"], ["737.4", "360.0"], ["631.8", "360.0"]], "Module_type": "GATE"}, {"Ports": [{"Location": [["790.5", "466.0"], ["880.3", "466.0"], ["880.3", "470.5"], ["790.5", "470.5"]], "Type": "SD"}, {"Location": [["777.4", "297.4"], ["879.5", "297.4"], ["879.5", "297.8"], ["893.4", "297.8"], ["893.4", "463.5"], ["777.4", "463.5"]], "Type": "GATE"}, {"Location": [["783.7", "302.7"], ["873.2", "302.7"], ["873.2", "308.4"], ["783.7", "308.4"]], "Type": "SD"}], "Module": "M19", "Boundary": [["777.4", "297.4"], ["879.5", "297.4"], ["879.5", "297.8"], ["893.4", "297.8"], ["893.4", "470.5"], ["777.4", "470.5"]], "Module_type": "GATE"}, {"Ports": [{"Location": [["437.1", "332.1"], ["442.5", "332.1"], ["442.5", "438.4"], ["437.1", "438.4"]], "Type": "SD"}, {"Location": [["607.2", "320.2"], ["607.2", "437.0"], ["549.5", "437.0"], ["549.5", "450.3"], ["445.4", "450.3"], ["445.4", "320.2"]], "Type": "GATE"}, {"Location": [["597.8", "325.6"], ["602.8", "325.6"], ["602.8", "430.6"], ["597.8", "430.6"]], "Type": "SD"}], "Module": "M6", "Boundary": [["607.2", "320.2"], ["607.2", "437.0"], ["549.5", "437.0"], ["549.5", "450.3"], ["437.1", "450.3"], ["437.1", "320.2"]], "Module_type": "GATE"}, {"Ports": [{"Location": [["487.1", "200.8"], ["492.6", "200.8"], ["492.6", "285.0"], ["487.1", "285.0"]], "Type": "SD"}, {"Location": [["611.8", "185.6"], ["611.8", "300.2"], ["495.0", "300.2"], ["495.0", "185.6"]], "Type": "GATE"}, {"Location": [["600.1", "191.7"], ["606.7", "191.7"], ["606.7", "274.9"], ["600.1", "274.9"]], "Type": "SD"}], "Module": "M2", "Boundary": [["611.8", "185.6"], ["611.8", "300.2"], ["487.1", "300.2"], ["487.1", "185.6"]], "Module_type": "GATE"}, {"Ports": [{"Location": [["794.1", "226.8"], ["853.1", "226.8"], ["853.1", "232.3"], ["794.1", "232.3"]], "Type": "SD"}, {"Location": [["780.7", "30.0"], ["850.0", "30.0"], ["850.0", "119.4"], ["866.5", "119.4"], ["866.5", "224.6"], ["780.7", "224.6"]], "Type": "GATE"}, {"Location": [["786.3", "34.6"], ["843.4", "34.6"], ["843.4", "39.9"], ["786.3", "39.9"]], "Type": "SD"}], "Module": "M16", "Boundary": [["780.7", "30.0"], ["850.0", "30.0"], ["850.0", "119.4"], ["866.5", "119.4"], ["866.5", "232.3"], ["780.7", "232.3"]], "Module_type": "GATE"}, {"Ports": [{"Location": [["288.6", "361.5"], ["294.0", "361.5"], ["294.0", "453.3"], ["288.6", "453.3"]], "Type": "SD"}, {"Location": [["397.1", "348.2"], ["397.1", "466.6"], ["296.8", "466.6"], ["296.8", "348.2"]], "Type": "GATE"}, {"Location": [["386.7", "353.9"], ["392.4", "353.9"], ["392.4", "460.9"], ["386.7", "460.9"]], "Type": "SD"}], "Module": "M13", "Boundary": [["397.1", "348.2"], ["397.1", "466.6"], ["288.6", "466.6"], ["288.6", "348.2"]], "Module_type": "GATE"}, {"Ports": [{"Location": [["20.0", "296.2"], ["24.0", "296.2"], ["24.0", "353.5"], ["20.0", "353.5"]], "Type": "SD"}, {"Location": [["108.4", "283.2"], ["108.4", "350.9"], ["81.9", "350.9"], ["81.9", "366.5"], ["26.9", "366.5"], ["26.9", "283.2"]], "Type": "GATE"}, {"Location": [["98.4", "288.6"], ["104.0", "288.6"], ["104.0", "344.5"], ["98.4", "344.5"]], "Type": "SD"}], "Module": "M10", "Boundary": [["108.4", "283.2"], ["108.4", "350.9"], ["81.9", "350.9"], ["81.9", "366.5"], ["20.0", "366.5"], ["20.0", "283.2"]], "Module_type": "GATE"}, {"Ports": [{"Location": [["357.6", "169.8"], ["455.2", "169.8"], ["455.2", "175.8"], ["357.6", "175.8"]], "Type": "SD"}, {"Location": [["345.7", "10.0"], ["452.0", "10.0"], ["452.0", "10.1"], ["467.1", "10.1"], ["467.1", "167.7"], ["345.7", "167.7"]], "Type": "GATE"}, {"Location": [["350.7", "14.0"], ["447.0", "14.0"], ["447.0", "19.8"], ["350.7", "19.8"]], "Type": "SD"}], "Module": "M7", "Boundary": [["345.7", "10.0"], ["452.0", "10.0"], ["452.0", "10.1"], ["467.1", "10.1"], ["467.1", "175.8"], ["345.7", "175.8"]], "Module_type": "GATE"}, {"Ports": [{"Location": [["521.4", "141.4"], ["601.2", "141.4"], ["601.2", "145.6"], ["521.4", "145.6"]], "Type": "SD"}, {"Location": [["583.4", "138.7"], ["539.2", "138.7"], ["539.2", "226.5"], ["508.1", "226.5"], ["508.1", "30.0"], ["614.5", "30.0"], ["614.5", "226.5"], ["583.4", "226.5"]], "Type": "GATE"}, {"Location": [["512.5", "34.4"], ["610.1", "34.4"], ["610.1", "41.4"], ["512.5", "41.4"]], "Type": "SD"}], "Module": "M3", "Boundary": [["583.4", "145.6"], ["539.2", "145.6"], ["539.2", "226.5"], ["508.1", "226.5"], ["508.1", "30.0"], ["614.5", "30.0"], ["614.5", "226.5"], ["583.4", "226.5"]], "Module_type": "GATE"}, {"Ports": [{"Location": [["152.9", "481.8"], ["234.1", "481.8"], ["234.1", "487.6"], ["152.9", "487.6"]], "Type": "SD"}, {"Location": [["138.4", "328.2"], ["231.1", "328.2"], ["231.1", "395.7"], ["248.6", "395.7"], ["248.6", "479.3"], ["138.4", "479.3"]], "Type": "GATE"}, {"Location": [["144.3", "333.1"], ["224.2", "333.1"], ["224.2", "339.4"], ["144.3", "339.4"]], "Type": "SD"}], "Module": "M18", "Boundary": [["138.4", "328.2"], ["231.1", "328.2"], ["231.1", "395.7"], ["248.6", "395.7"], ["248.6", "487.6"], ["138.4", "487.6"]], "Module_type": "GATE"}, {"Ports": [{"Location": [["940.2", "231.9"], ["1040.3", "231.9"], ["1040.3", "237.4"], ["940.2", "237.4"]], "Type": "SD"}, {"Location": [["926.5", "30.0"], ["1041.6", "30.0"], ["1041.6", "102.9"], ["1054.0", "102.9"], ["1054.0", "230.0"], ["926.5", "230.0"]], "Type": "GATE"}, {"Location": [["933.1", "35.6"], ["1034.0", "35.6"], ["1034.0", "41.9"], ["933.1", "41.9"]], "Type": "SD"}], "Module": "M20", "Boundary": [["926.5", "30.0"], ["1041.6", "30.0"], ["1041.6", "102.9"], ["1054.0", "102.9"], ["1054.0", "237.4"], ["926.5", "237.4"]], "Module_type": "GATE"}, {"Ports": [{"Location": [["945.9", "480.5"], ["1069.3", "480.5"], ["1069.3", "484.7"], ["945.9", "484.7"]], "Type": "SD"}, {"Location": [["933.4", "277.4"], ["1065.3", "277.4"], ["1065.3", "277.7"], ["1081.8", "277.7"], ["1081.8", "478.6"], ["933.4", "478.6"]], "Type": "GATE"}, {"Location": [["939.2", "282.2"], ["1059.5", "282.2"], ["1059.5", "287.9"], ["939.2", "287.9"]], "Type": "SD"}], "Module": "M15", "Boundary": [["933.4", "277.4"], ["1065.3", "277.4"], ["1065.3", "277.7"], ["1081.8", "277.7"], ["1081.8", "484.7"], ["933.4", "484.7"]], "Module_type": "GATE"}, {"Ports": [{"Location": [["10.0", "23.8"], ["15.5", "23.8"], ["15.5", "133.8"], ["10.0", "133.8"]], "Type": "SD"}, {"Location": [["79.2", "10.0"], ["79.2", "131.4"], ["70.4", "131.4"], ["70.4", "147.6"], ["18.2", "147.6"], ["18.2", "10.0"]], "Type": "GATE"}, {"Location": [["68.1", "15.1"], ["75.1", "15.1"], ["75.1", "125.3"], ["68.1", "125.3"]], "Type": "SD"}], "Module": "M12", "Boundary": [["79.2", "10.0"], ["79.2", "131.4"], ["70.4", "131.4"], ["70.4", "147.6"], ["10.0", "147.6"], ["10.0", "10.0"]], "Module_type": "GATE"}, {"Ports": [{"Location": [["641.6", "472.0"], ["718.7", "472.0"], ["718.7", "477.0"], ["641.6", "477.0"]], "Type": "SD"}, {"Location": [["627.2", "380.0"], ["716.8", "380.0"], ["716.8", "415.7"], ["733.1", "415.7"], ["733.1", "469.7"], ["627.2", "469.7"]], "Type": "GATE"}, {"Location": [["633.4", "385.2"], ["709.6", "385.2"], ["709.6", "391.5"], ["633.4", "391.5"]], "Type": "SD"}], "Module": "M8", "Boundary": [["627.2", "380.0"], ["716.8", "380.0"], ["716.8", "415.7"], ["733.1", "415.7"], ["733.1", "477.0"], ["627.2", "477.0"]], "Module_type": "GATE"}, {"Ports": [{"Location": [["10.0", "187.5"], ["15.3", "187.5"], ["15.3", "238.9"], ["10.0", "238.9"]], "Type": "SD"}, {"Location": [["116.1", "173.2"], ["116.1", "239.3"], ["108.0", "239.3"], ["108.0", "253.2"], ["17.2", "253.2"], ["17.2", "173.2"]], "Type": "GATE"}, {"Location": [["103.6", "179.3"], ["111.0", "179.3"], ["111.0", "232.2"], ["103.6", "232.2"]], "Type": "SD"}], "Module": "M4", "Boundary": [["116.1", "173.2"], ["116.1", "239.3"], ["108.0", "239.3"], ["108.0", "253.2"], ["10.0", "253.2"], ["10.0", "173.2"]], "Module_type": "GATE"}, {"Ports": [{"Location": [["10.0", "410.3"], ["15.9", "410.3"], ["15.9", "465.3"], ["10.0", "465.3"]], "Type": "SD"}, {"Location": [["110.7", "396.5"], ["110.7", "462.8"], ["110.6", "462.8"], ["110.6", "479.1"], ["17.8", "479.1"], ["17.8", "396.5"]], "Type": "GATE"}, {"Location": [["100.1", "403.2"], ["105.0", "403.2"], ["105.0", "456.1"], ["100.1", "456.1"]], "Type": "SD"}], "Module": "M17", "Boundary": [["110.7", "396.5"], ["110.7", "462.8"], ["110.6", "462.8"], ["110.6", "479.1"], ["10.0", "479.1"], ["10.0", "396.5"]], "Module_type": "GATE"}], "Area": [["-30.0", "-30.0"], ["1121.8", "-30.0"], ["1121.8", "527.6"], ["-30.0", "527.6"]], "Rules": ["GATE(5,5)", "SD(5,5)", "GATE_SD(0.5)", "GATE_ITO(0.5)", "SD_ITO(0.5)"]}