{"Modules": [{"Module": "M14", "Boundary": [["633.4", "10.0"], ["758.2", "10.0"], ["758.2", "24.3"], ["771.8", "24.3"], ["771.8", "179.5"], ["633.4", "179.5"]], "Module_type": "GATE", "Ports": [{"Location": [["648.4", "173.8"], ["756.8", "173.8"], ["756.8", "179.5"], ["648.4", "179.5"]], "Type": "SD"}, {"Location": [["633.4", "10.0"], ["758.2", "10.0"], ["758.2", "24.3"], ["771.8", "24.3"], ["771.8", "172.2"], ["633.4", "172.2"]], "Type": "GATE"}, {"Location": [["640.3", "15.9"], ["750.3", "15.9"], ["750.3", "22.9"], ["640.3", "22.9"]], "Type": "SD"}]}, {"Ports": [{"Location": [["33.3", "597.4"], ["106.7", "597.4"], ["106.7", "603.3"], ["33.3", "603.3"]], "Type": "SD"}, {"Location": [["20.0", "403.8"], ["120.0", "403.8"], ["120.0", "595.0"], ["20.0", "595.0"]], "Type": "GATE"}, {"Location": [["25.4", "408.2"], ["114.6", "408.2"], ["114.6", "414.6"], ["25.4", "414.6"]], "Type": "SD"}], "Module": "M9", "Boundary": [["20.0", "403.8"], ["120.0", "403.8"], ["120.0", "603.3"], ["20.0", "603.3"]], "Module_type": "GATE"}, {"Ports": [{"Location": [["495.0", "401.7"], ["576.9", "401.7"], ["576.9", "407.4"], ["495.0", "407.4"]], "Type": "SD"}, {"Location": [["478.8", "270.8"], ["574.4", "270.8"], ["574.4", "271.2"], ["593.1", "271.2"], ["593.1", "400.5"], ["478.8", "400.5"]], "Type": "GATE"}, {"Location": [["485.5", "276.5"], ["567.7", "276.5"], ["567.7", "283.6"], ["485.5", "283.6"]], "Type": "SD"}], "Module": "M5", "Boundary": [["478.8", "270.8"], ["574.4", "270.8"], ["574.4", "271.2"], ["593.1", "271.2"], ["593.1", "407.4"], ["478.8", "407.4"]], "Module_type": "GATE"}, {"Ports": [{"Location": [["390.9", "33.8"], ["395.4", "33.8"], ["395.4", "74.8"], ["390.9", "74.8"]], "Type": "SD"}, {"Location": [["488.3", "20.0"], ["488.3", "88.6"], ["396.5", "88.6"], ["396.5", "20.0"]], "Type": "GATE"}, {"Location": [["477.9", "25.3"], ["484.0", "25.3"], ["484.0", "83.3"], ["477.9", "83.3"]], "Type": "SD"}], "Module": "M11", "Boundary": [["488.3", "20.0"], ["488.3", "88.6"], ["390.9", "88.6"], ["390.9", "20.0"]], "Module_type": "GATE"}, {"Ports": [{"Location": [["158.5", "206.7"], ["234.1", "206.7"], ["234.1", "212.5"], ["158.5", "212.5"]], "Type": "SD"}, {"Location": [["144.6", "10.0"], ["248.0", "10.0"], ["248.0", "204.8"], ["144.6", "204.8"]], "Type": "GATE"}, {"Location": [["150.9", "15.3"], ["241.7", "15.3"], ["241.7", "21.1"], ["150.9", "21.1"]], "Type": "SD"}], "Module": "M1", "Boundary": [["144.6", "10.0"], ["248.0", "10.0"], ["248.0", "212.5"], ["144.6", "212.5"]], "Module_type": "GATE"}, {"Ports": [{"Location": [["356.0", "463.3"], ["423.3", "463.3"], ["423.3", "468.2"], ["356.0", "468.2"]], "Type": "SD"}, {"Location": [["343.0", "368.3"], ["436.3", "368.3"], ["436.3", "460.5"], ["343.0", "460.5"]], "Type": "GATE"}, {"Location": [["348.9", "373.2"], ["430.4", "373.2"], ["430.4", "378.4"], ["348.9", "378.4"]], "Type": "SD"}], "Module": "M19", "Boundary": [["343.0", "368.3"], ["436.3", "368.3"], ["436.3", "468.2"], ["343.0", "468.2"]], "Module_type": "GATE"}, {"Ports": [{"Location": [["534.5", "110.2"], ["597.2", "110.2"], ["597.2", "116.0"], ["534.5", "116.0"]], "Type": "SD"}, {"Location": [["518.3", "10.0"], ["596.1", "10.0"], ["596.1", "25.5"], ["613.4", "25.5"], ["613.4", "107.6"], ["518.3", "107.6"]], "Type": "GATE"}, {"Location": [["525.1", "15.8"], ["588.3", "15.8"], ["588.3", "23.4"], ["525.1", "23.4"]], "Type": "SD"}], "Module": "M6", "Boundary": [["518.3", "10.0"], ["596.1", "10.0"], ["596.1", "25.5"], ["613.4", "25.5"], ["613.4", "116.0"], ["518.3", "116.0"]], "Module_type": "GATE"}, {"Ports": [{"Location": [["25.2", "129.2"], ["109.4", "129.2"], ["109.4", "134.7"], ["25.2", "134.7"]], "Type": "SD"}, {"Location": [["10.0", "10.0"], ["124.6", "10.0"], ["124.6", "126.8"], ["10.0", "126.8"]], "Type": "GATE"}, {"Location": [["16.1", "15.1"], ["99.3", "15.1"], ["99.3", "21.7"], ["16.1", "21.7"]], "Type": "SD"}], "Module": "M2", "Boundary": [["10.0", "10.0"], ["124.6", "10.0"], ["124.6", "134.7"], ["10.0", "134.7"]], "Module_type": "GATE"}, {"Ports": [{"Location": [["646.3", "587.6"], ["744.0", "587.6"], ["744.0", "592.2"], ["646.3", "592.2"]], "Type": "SD"}, {"Location": [["633.1", "395.1"], ["743.1", "395.1"], ["743.1", "446.5"], ["757.2", "446.5"], ["757.2", "586.0"], ["633.1", "586.0"]], "Type": "GATE"}, {"Location": [["639.8", "400.8"], ["735.4", "400.8"], ["735.4", "406.5"], ["639.8", "406.5"]], "Type": "SD"}], "Module": "M16", "Boundary": [["633.1", "395.1"], ["743.1", "395.1"], ["743.1", "446.5"], ["757.2", "446.5"], ["757.2", "592.2"], ["633.1", "592.2"]], "Module_type": "GATE"}, {"Ports": [{"Location": [["170.0", "521.5"], ["174.6", "521.5"], ["174.6", "574.5"], ["170.0", "574.5"]], "Type": "SD"}, {"Location": [["266.2", "507.3"], ["266.2", "573.1"], ["265.8", "573.1"], ["265.8", "588.7"], ["176.0", "588.7"], ["176.0", "507.3"]], "Type": "GATE"}, {"Location": [["254.4", "513.5"], ["261.0", "513.5"], ["261.0", "566.9"], ["254.4", "566.9"]], "Type": "SD"}], "Module": "M13", "Boundary": [["266.2", "507.3"], ["266.2", "573.1"], ["265.8", "573.1"], ["265.8", "588.7"], ["170.0", "588.7"], ["170.0", "507.3"]], "Module_type": "GATE"}, {"Ports": [{"Location": [["499.8", "590.0"], ["567.7", "590.0"], ["567.7", "595.9"], ["499.8", "595.9"]], "Type": "SD"}, {"Location": [["486.3", "437.4"], ["567.0", "437.4"], ["567.0", "504.3"], ["581.2", "504.3"], ["581.2", "588.8"], ["486.3", "588.8"]], "Type": "GATE"}, {"Location": [["493.0", "443.1"], ["559.3", "443.1"], ["559.3", "448.9"], ["493.0", "448.9"]], "Type": "SD"}], "Module": "M10", "Boundary": [["486.3", "437.4"], ["567.0", "437.4"], ["567.0", "504.3"], ["581.2", "504.3"], ["581.2", "595.9"], ["486.3", "595.9"]], "Module_type": "GATE"}, {"Ports": [{"Location": [["275.1", "323.8"], ["325.0", "323.8"], ["325.0", "328.3"], ["275.1", "328.3"]], "Type": "SD"}, {"Location": [["262.2", "235.8"], ["337.9", "235.8"], ["337.9", "321.6"], ["262.2", "321.6"]], "Type": "GATE"}, {"Location": [["269.1", "241.7"], ["331.0", "241.7"], ["331.0", "246.7"], ["269.1", "246.7"]], "Type": "SD"}], "Module": "M7", "Boundary": [["262.2", "235.8"], ["337.9", "235.8"], ["337.9", "328.3"], ["262.2", "328.3"]], "Module_type": "GATE"}, {"Ports": [{"Location": [["660.6", "330.9"], ["740.4", "330.9"], ["740.4", "335.1"], ["660.6", "335.1"]], "Type": "SD"}, {"Location": [["734.1", "328.2"], ["645.1", "328.2"], ["645.1", "218.9"], ["755.9", "218.9"], ["755.9", "311.2"], ["734.1", "311.2"]], "Type": "GATE"}, {"Location": [["651.7", "223.9"], ["749.3", "223.9"], ["749.3", "231.0"], ["651.7", "231.0"]], "Type": "SD"}], "Module": "M3", "Boundary": [["734.1", "335.1"], ["645.1", "335.1"], ["645.1", "218.9"], ["755.9", "218.9"], ["755.9", "311.2"], ["734.1", "311.2"]], "Module_type": "GATE"}, {"Ports": [{"Location": [["279.6", "210.0"], ["349.3", "210.0"], ["349.3", "215.8"], ["279.6", "215.8"]], "Type": "SD"}, {"Location": [["268.0", "10.0"], ["349.2", "10.0"], ["349.2", "65.0"], ["360.9", "65.0"], ["360.9", "208.9"], ["268.0", "208.9"]], "Type": "GATE"}, {"Location": [["274.6", "15.6"], ["341.6", "15.6"], ["341.6", "20.1"], ["274.6", "20.1"]], "Type": "SD"}], "Module": "M18", "Boundary": [["268.0", "10.0"], ["349.2", "10.0"], ["349.2", "65.0"], ["360.9", "65.0"], ["360.9", "215.8"], ["268.0", "215.8"]], "Module_type": "GATE"}, {"Ports": [{"Location": [["170.0", "381.6"], ["175.5", "381.6"], ["175.5", "434.0"], ["170.0", "434.0"]], "Type": "SD"}, {"Location": [["283.0", "368.3"], ["283.0", "433.1"], ["274.0", "433.1"], ["274.0", "447.3"], ["176.6", "447.3"], ["176.6", "368.3"]], "Type": "GATE"}, {"Location": [["271.4", "374.3"], ["278.0", "374.3"], ["278.0", "426.1"], ["271.4", "426.1"]], "Type": "SD"}], "Module": "M20", "Boundary": [["283.0", "368.3"], ["283.0", "433.1"], ["274.0", "433.1"], ["274.0", "447.3"], ["170.0", "447.3"], ["170.0", "368.3"]], "Module_type": "GATE"}, {"Ports": [{"Location": [["336.8", "601.6"], ["439.5", "601.6"], ["439.5", "605.7"], ["336.8", "605.7"]], "Type": "SD"}, {"Location": [["323.0", "508.2"], ["453.3", "508.2"], ["453.3", "600.5"], ["323.0", "600.5"]], "Type": "GATE"}, {"Location": [["328.5", "512.7"], ["447.8", "512.7"], ["447.8", "519.4"], ["328.5", "519.4"]], "Type": "SD"}], "Module": "M15", "Boundary": [["323.0", "508.2"], ["453.3", "508.2"], ["453.3", "605.7"], ["323.0", "605.7"]], "Module_type": "GATE"}, {"Ports": [{"Location": [["139.0", "246.0"], ["143.3", "246.0"], ["143.3", "302.9"], ["139.0", "302.9"]], "Type": "SD"}, {"Location": [["242.2", "232.5"], ["242.2", "300.6"], ["210.1", "300.6"], ["210.1", "316.4"], ["145.4", "316.4"], ["145.4", "232.5"]], "Type": "GATE"}, {"Location": [["231.6", "237.9"], ["237.8", "237.9"], ["237.8", "294.2"], ["231.6", "294.2"]], "Type": "SD"}], "Module": "M12", "Boundary": [["242.2", "232.5"], ["242.2", "300.6"], ["210.1", "300.6"], ["210.1", "316.4"], ["139.0", "316.4"], ["139.0", "232.5"]], "Module_type": "GATE"}, {"Ports": [{"Location": [["478.8", "149.5"], ["484.5", "149.5"], ["484.5", "237.3"], ["478.8", "237.3"]], "Type": "SD"}, {"Location": [["606.3", "136.0"], ["606.3", "235.5"], ["545.6", "235.5"], ["545.6", "250.8"], ["487.1", "250.8"], ["487.1", "136.0"]], "Type": "GATE"}, {"Location": [["596.2", "142.2"], ["601.1", "142.2"], ["601.1", "228.3"], ["596.2", "228.3"]], "Type": "SD"}], "Module": "M8", "Boundary": [["606.3", "136.0"], ["606.3", "235.5"], ["545.6", "235.5"], ["545.6", "250.8"], ["478.8", "250.8"], ["478.8", "136.0"]], "Module_type": "GATE"}, {"Ports": [{"Location": [["25.1", "368.3"], ["103.9", "368.3"], ["103.9", "373.8"], ["25.1", "373.8"]], "Type": "SD"}, {"Location": [["10.0", "154.7"], ["102.0", "154.7"], ["102.0", "174.2"], ["119.0", "174.2"], ["119.0", "365.7"], ["10.0", "365.7"]], "Type": "GATE"}, {"Location": [["15.4", "159.1"], ["95.6", "159.1"], ["95.6", "166.4"], ["15.4", "166.4"]], "Type": "SD"}], "Module": "M4", "Boundary": [["10.0", "154.7"], ["102.0", "154.7"], ["102.0", "174.2"], ["119.0", "174.2"], ["119.0", "373.8"], ["10.0", "373.8"]], "Module_type": "GATE"}], "Area": [["-30.0", "-30.0"], ["811.8", "-30.0"], ["811.8", "645.7"], ["-30.0", "645.7"]], "Rules": ["GATE(5,5)", "SD(5,5)", "GATE_SD(0.5)", "GATE_ITO(0.5)", "SD_ITO(0.5)"]}