{"Modules": [{"Module": "M14", "Boundary": [["761.9", "10.0"], ["761.9", "81.8"], ["654.0", "81.8"], ["654.0", "98.6"], ["583.6", "98.6"], ["583.6", "10.0"]], "Module_type": "GATE", "Ports": [{"Location": [["583.6", "24.0"], ["587.6", "24.0"], ["587.6", "84.6"], ["583.6", "84.6"]], "Type": "SD"}, {"Location": [["761.9", "10.0"], ["761.9", "81.8"], ["654.0", "81.8"], ["654.0", "98.6"], ["589.6", "98.6"], ["589.6", "10.0"]], "Type": "GATE"}, {"Location": [["751.1", "15.4"], ["757.5", "15.4"], ["757.5", "75.4"], ["751.1", "75.4"]], "Type": "SD"}]}, {"Ports": [{"Location": [["518.7", "381.5"], ["523.6", "381.5"], ["523.6", "440.7"], ["518.7", "440.7"]], "Type": "SD"}, {"Location": [["693.1", "366.1"], ["693.1", "438.5"], ["693.1", "438.5"], ["693.1", "456.1"], ["525.6", "456.1"], ["525.6", "366.1"]], "Type": "GATE"}, {"Location": [["680.9", "371.8"], ["688.4", "371.8"], ["688.4", "432.8"], ["680.9", "432.8"]], "Type": "SD"}], "Module": "M9", "Boundary": [["693.1", "366.1"], ["693.1", "438.5"], ["693.1", "438.5"], ["693.1", "456.1"], ["518.7", "456.1"], ["518.7", "366.1"]], "Module_type": "GATE"}, {"Ports": [{"Location": [["568.2", "213.3"], ["617.0", "213.3"], ["617.0", "217.8"], ["568.2", "217.8"]], "Type": "SD"}, {"Location": [["555.9", "145.5"], ["629.3", "145.5"], ["629.3", "211.7"], ["555.9", "211.7"]], "Type": "GATE"}, {"Location": [["561.5", "150.1"], ["623.7", "150.1"], ["623.7", "155.9"], ["561.5", "155.9"]], "Type": "SD"}], "Module": "M5", "Boundary": [["555.9", "145.5"], ["629.3", "145.5"], ["629.3", "217.8"], ["555.9", "217.8"]], "Module_type": "GATE"}, {"Ports": [{"Location": [["414.8", "32.1"], ["420.0", "32.1"], ["420.0", "103.4"], ["414.8", "103.4"]], "Type": "SD"}, {"Location": [["553.6", "20.0"], ["553.6", "99.3"], ["553.4", "99.3"], ["553.4", "115.5"], ["422.0", "115.5"], ["422.0", "20.0"]], "Type": "GATE"}, {"Location": [["544.5", "25.3"], ["549.3", "25.3"], ["549.3", "94.0"], ["544.5", "94.0"]], "Type": "SD"}], "Module": "M11", "Boundary": [["553.6", "20.0"], ["553.6", "99.3"], ["553.4", "99.3"], ["553.4", "115.5"], ["414.8", "115.5"], ["414.8", "20.0"]], "Module_type": "GATE"}, {"Ports": [{"Location": [["663.1", "213.4"], ["742.0", "213.4"], ["742.0", "217.6"], ["663.1", "217.6"]], "Type": "SD"}, {"Location": [["649.3", "118.6"], ["755.8", "118.6"], ["755.8", "211.1"], ["649.3", "211.1"]], "Type": "GATE"}, {"Location": [["654.4", "122.7"], ["750.7", "122.7"], ["750.7", "129.1"], ["654.4", "129.1"]], "Type": "SD"}], "Module": "M1", "Boundary": [["649.3", "118.6"], ["755.8", "118.6"], ["755.8", "217.6"], ["649.3", "217.6"]], "Module_type": "GATE"}, {"Ports": [{"Location": [["960.3", "149.8"], ["1013.0", "149.8"], ["1013.0", "155.7"], ["960.3", "155.7"]], "Type": "SD"}, {"Location": [["946.6", "30.0"], ["1026.7", "30.0"], ["1026.7", "147.5"], ["946.6", "147.5"]], "Type": "GATE"}, {"Location": [["952.6", "35.0"], ["1020.7", "35.0"], ["1020.7", "41.5"], ["952.6", "41.5"]], "Type": "SD"}], "Module": "M19", "Boundary": [["946.6", "30.0"], ["1026.7", "30.0"], ["1026.7", "155.7"], ["946.6", "155.7"]], "Module_type": "GATE"}, {"Ports": [{"Location": [["237.1", "24.2"], ["241.8", "24.2"], ["241.8", "120.3"], ["237.1", "120.3"]], "Type": "SD"}, {"Location": [["384.8", "10.0"], ["384.8", "117.8"], ["322.8", "117.8"], ["322.8", "134.5"], ["243.9", "134.5"], ["243.9", "10.0"]], "Type": "GATE"}, {"Location": [["373.4", "15.9"], ["379.9", "15.9"], ["379.9", "110.9"], ["373.4", "110.9"]], "Type": "SD"}], "Module": "M6", "Boundary": [["384.8", "10.0"], ["384.8", "117.8"], ["322.8", "117.8"], ["322.8", "134.5"], ["237.1", "134.5"], ["237.1", "10.0"]], "Module_type": "GATE"}, {"Ports": [{"Location": [["781.9", "25.2"], ["787.4", "25.2"], ["787.4", "109.4"], ["781.9", "109.4"]], "Type": "SD"}, {"Location": [["906.6", "10.0"], ["906.6", "124.6"], ["789.8", "124.6"], ["789.8", "10.0"]], "Type": "GATE"}, {"Location": [["894.9", "16.1"], ["901.5", "16.1"], ["901.5", "99.3"], ["894.9", "99.3"]], "Type": "SD"}], "Module": "M2", "Boundary": [["906.6", "10.0"], ["906.6", "124.6"], ["781.9", "124.6"], ["781.9", "10.0"]], "Module_type": "GATE"}, {"Ports": [{"Location": [["909.5", "229.8"], ["913.6", "229.8"], ["913.6", "301.6"], ["909.5", "301.6"]], "Type": "SD"}, {"Location": [["1016.5", "215.7"], ["1016.5", "300.6"], ["1008.7", "300.6"], ["1008.7", "315.7"], ["914.6", "315.7"], ["914.6", "215.7"]], "Type": "GATE"}, {"Location": [["1004.3", "221.4"], ["1011.8", "221.4"], ["1011.8", "293.9"], ["1004.3", "293.9"]], "Type": "SD"}], "Module": "M16", "Boundary": [["1016.5", "215.7"], ["1016.5", "300.6"], ["1008.7", "300.6"], ["1008.7", "315.7"], ["909.5", "315.7"], ["909.5", "215.7"]], "Module_type": "GATE"}, {"Ports": [{"Location": [["30.0", "45.0"], ["35.7", "45.0"], ["35.7", "104.2"], ["30.0", "104.2"]], "Type": "SD"}, {"Location": [["197.1", "30.0"], ["197.1", "101.7"], ["196.7", "101.7"], ["196.7", "119.2"], ["37.6", "119.2"], ["37.6", "30.0"]], "Type": "GATE"}, {"Location": [["185.2", "35.8"], ["192.3", "35.8"], ["192.3", "95.9"], ["185.2", "95.9"]], "Type": "SD"}], "Module": "M13", "Boundary": [["197.1", "30.0"], ["197.1", "101.7"], ["196.7", "101.7"], ["196.7", "119.2"], ["30.0", "119.2"], ["30.0", "30.0"]], "Module_type": "GATE"}, {"Ports": [{"Location": [["32.6", "276.5"], ["148.6", "276.5"], ["148.6", "280.8"], ["32.6", "280.8"]], "Type": "SD"}, {"Location": [["20.0", "169.2"], ["146.5", "169.2"], ["146.5", "212.9"], ["161.2", "212.9"], ["161.2", "274.6"], ["20.0", "274.6"]], "Type": "GATE"}, {"Location": [["25.7", "173.9"], ["139.8", "173.9"], ["139.8", "179.1"], ["25.7", "179.1"]], "Type": "SD"}], "Module": "M10", "Boundary": [["20.0", "169.2"], ["146.5", "169.2"], ["146.5", "212.9"], ["161.2", "212.9"], ["161.2", "280.8"], ["20.0", "280.8"]], "Module_type": "GATE"}, {"Ports": [{"Location": [["10.0", "325.4"], ["15.2", "325.4"], ["15.2", "423.4"], ["10.0", "423.4"]], "Type": "SD"}, {"Location": [["195.6", "310.8"], ["195.6", "438.0"], ["16.2", "438.0"], ["16.2", "310.8"]], "Type": "GATE"}, {"Location": [["184.5", "316.6"], ["190.8", "316.6"], ["190.8", "432.2"], ["184.5", "432.2"]], "Type": "SD"}], "Module": "M7", "Boundary": [["195.6", "310.8"], ["195.6", "438.0"], ["10.0", "438.0"], ["10.0", "310.8"]], "Module_type": "GATE"}, {"Ports": [{"Location": [["400.3", "188.8"], ["404.5", "188.8"], ["404.5", "268.6"], ["400.3", "268.6"]], "Type": "SD"}, {"Location": [["407.2", "246.6"], ["407.2", "210.8"], ["317.9", "210.8"], ["317.9", "174.0"], ["516.8", "174.0"], ["516.8", "283.4"], ["317.9", "283.4"], ["317.9", "246.6"]], "Type": "GATE"}, {"Location": [["504.5", "179.9"], ["511.5", "179.9"], ["511.5", "277.5"], ["504.5", "277.5"]], "Type": "SD"}], "Module": "M3", "Boundary": [["400.3", "246.6"], ["400.3", "210.8"], ["317.9", "210.8"], ["317.9", "174.0"], ["516.8", "174.0"], ["516.8", "283.4"], ["317.9", "283.4"], ["317.9", "246.6"]], "Module_type": "GATE"}, {"Ports": [{"Location": [["723.1", "391.9"], ["728.0", "391.9"], ["728.0", "450.6"], ["723.1", "450.6"]], "Type": "SD"}, {"Location": [["863.5", "377.2"], ["863.5", "449.2"], ["783.9", "449.2"], ["783.9", "465.3"], ["730.9", "465.3"], ["730.9", "377.2"]], "Type": "GATE"}, {"Location": [["851.3", "383.0"], ["858.7", "383.0"], ["858.7", "442.4"], ["851.3", "442.4"]], "Type": "SD"}], "Module": "M18", "Boundary": [["863.5", "377.2"], ["863.5", "449.2"], ["783.9", "449.2"], ["783.9", "465.3"], ["723.1", "465.3"], ["723.1", "377.2"]], "Module_type": "GATE"}, {"Ports": [{"Location": [["248.8", "397.7"], ["327.1", "397.7"], ["327.1", "402.3"], ["248.8", "402.3"]], "Type": "SD"}, {"Location": [["235.6", "179.2"], ["327.0", "179.2"], ["327.0", "298.1"], ["340.3", "298.1"], ["340.3", "396.0"], ["235.6", "396.0"]], "Type": "GATE"}, {"Location": [["242.1", "184.7"], ["319.5", "184.7"], ["319.5", "190.6"], ["242.1", "190.6"]], "Type": "SD"}], "Module": "M20", "Boundary": [["235.6", "179.2"], ["327.0", "179.2"], ["327.0", "298.1"], ["340.3", "298.1"], ["340.3", "402.3"], ["235.6", "402.3"]], "Module_type": "GATE"}, {"Ports": [{"Location": [["740.5", "282.5"], ["744.6", "282.5"], ["744.6", "346.4"], ["740.5", "346.4"]], "Type": "SD"}, {"Location": [["843.7", "271.7"], ["843.7", "357.2"], ["746.6", "357.2"], ["746.6", "271.7"]], "Type": "GATE"}, {"Location": [["834.6", "277.4"], ["839.0", "277.4"], ["839.0", "351.5"], ["834.6", "351.5"]], "Type": "SD"}], "Module": "M15", "Boundary": [["843.7", "271.7"], ["843.7", "357.2"], ["740.5", "357.2"], ["740.5", "271.7"]], "Module_type": "GATE"}, {"Ports": [{"Location": [["555.9", "250.9"], ["560.5", "250.9"], ["560.5", "323.0"], ["555.9", "323.0"]], "Type": "SD"}, {"Location": [["720.5", "237.8"], ["720.5", "320.9"], ["664.0", "320.9"], ["664.0", "336.1"], ["561.7", "336.1"], ["561.7", "237.8"]], "Type": "GATE"}, {"Location": [["710.3", "244.2"], ["715.1", "244.2"], ["715.1", "313.5"], ["710.3", "313.5"]], "Type": "SD"}], "Module": "M12", "Boundary": [["720.5", "237.8"], ["720.5", "320.9"], ["664.0", "320.9"], ["664.0", "336.1"], ["555.9", "336.1"], ["555.9", "237.8"]], "Module_type": "GATE"}, {"Ports": [{"Location": [["883.5", "371.6"], ["889.1", "371.6"], ["889.1", "445.0"], ["883.5", "445.0"]], "Type": "SD"}, {"Location": [["1046.8", "355.7"], ["1046.8", "445.1"], ["964.8", "445.1"], ["964.8", "460.9"], ["890.2", "460.9"], ["890.2", "355.7"]], "Type": "GATE"}, {"Location": [["1033.8", "362.7"], ["1040.8", "362.7"], ["1040.8", "437.1"], ["1033.8", "437.1"]], "Type": "SD"}], "Module": "M8", "Boundary": [["1046.8", "355.7"], ["1046.8", "445.1"], ["964.8", "445.1"], ["964.8", "460.9"], ["883.5", "460.9"], ["883.5", "355.7"]], "Module_type": "GATE"}, {"Ports": [{"Location": [["380.3", "336.1"], ["384.5", "336.1"], ["384.5", "450.8"], ["380.3", "450.8"]], "Type": "SD"}, {"Location": [["488.7", "322.9"], ["488.7", "449.6"], ["480.8", "449.6"], ["480.8", "464.0"], ["385.7", "464.0"], ["385.7", "322.9"]], "Type": "GATE"}, {"Location": [["477.4", "329.2"], ["483.4", "329.2"], ["483.4", "442.3"], ["477.4", "442.3"]], "Type": "SD"}], "Module": "M4", "Boundary": [["488.7", "322.9"], ["488.7", "449.6"], ["480.8", "449.6"], ["480.8", "464.0"], ["380.3", "464.0"], ["380.3", "322.9"]], "Module_type": "GATE"}], "Area": [["-30.0", "-30.0"], ["1086.8", "-30.0"], ["1086.8", "505.3"], ["-30.0", "505.3"]], "Rules": ["GATE(5,5)", "SD(5,5)", "GATE_SD(0.5)", "GATE_ITO(0.5)", "SD_ITO(0.5)"]}