{"Modules": [{"Module": "M14", "Boundary": [["298.4", "299.7"], ["298.4", "356.9"], ["245.9", "356.9"], ["245.9", "369.7"], ["171.7", "369.7"], ["171.7", "299.7"]], "Module_type": "GATE", "Ports": [{"Location": [["171.7", "310.9"], ["176.3", "310.9"], ["176.3", "358.5"], ["171.7", "358.5"]], "Type": "SD"}, {"Location": [["298.4", "299.7"], ["298.4", "356.9"], ["245.9", "356.9"], ["245.9", "369.7"], ["177.8", "369.7"], ["177.8", "299.7"]], "Type": "GATE"}, {"Location": [["289.1", "305.1"], ["294.0", "305.1"], ["294.0", "350.5"], ["289.1", "350.5"]], "Type": "SD"}]}, {"Ports": [{"Location": [["20.0", "346.5"], ["25.8", "346.5"], ["25.8", "422.3"], ["20.0", "422.3"]], "Type": "SD"}, {"Location": [["141.7", "331.4"], ["141.7", "437.4"], ["28.4", "437.4"], ["28.4", "331.4"]], "Type": "GATE"}, {"Location": [["128.8", "338.2"], ["135.9", "338.2"], ["135.9", "430.6"], ["128.8", "430.6"]], "Type": "SD"}], "Module": "M9", "Boundary": [["141.7", "331.4"], ["141.7", "437.4"], ["20.0", "437.4"], ["20.0", "331.4"]], "Module_type": "GATE"}, {"Ports": [{"Location": [["22.9", "157.3"], ["136.6", "157.3"], ["136.6", "161.9"], ["22.9", "161.9"]], "Type": "SD"}, {"Location": [["10.0", "10.0"], ["149.5", "10.0"], ["149.5", "155.4"], ["10.0", "155.4"]], "Type": "GATE"}, {"Location": [["16.1", "15.1"], ["143.4", "15.1"], ["143.4", "20.5"], ["16.1", "20.5"]], "Type": "SD"}], "Module": "M5", "Boundary": [["10.0", "10.0"], ["149.5", "10.0"], ["149.5", "161.9"], ["10.0", "161.9"]], "Module_type": "GATE"}, {"Ports": [{"Location": [["192.9", "134.8"], ["291.9", "134.8"], ["291.9", "139.8"], ["192.9", "139.8"]], "Type": "SD"}, {"Location": [["179.5", "20.0"], ["305.3", "20.0"], ["305.3", "132.5"], ["179.5", "132.5"]], "Type": "GATE"}, {"Location": [["185.3", "24.8"], ["299.5", "24.8"], ["299.5", "30.8"], ["185.3", "30.8"]], "Type": "SD"}], "Module": "M11", "Boundary": [["179.5", "20.0"], ["305.3", "20.0"], ["305.3", "139.8"], ["179.5", "139.8"]], "Module_type": "GATE"}, {"Ports": [{"Location": [["10.0", "579.0"], ["15.7", "579.0"], ["15.7", "645.8"], ["10.0", "645.8"]], "Type": "SD"}, {"Location": [["217.5", "566.8"], ["217.5", "643.1"], ["217.5", "643.1"], ["217.5", "658.0"], ["17.5", "658.0"], ["17.5", "566.8"]], "Type": "GATE"}, {"Location": [["207.1", "572.2"], ["213.1", "572.2"], ["213.1", "637.7"], ["207.1", "637.7"]], "Type": "SD"}], "Module": "M1", "Boundary": [["217.5", "566.8"], ["217.5", "643.1"], ["217.5", "643.1"], ["217.5", "658.0"], ["10.0", "658.0"], ["10.0", "566.8"]], "Module_type": "GATE"}, {"Ports": [{"Location": [["626.6", "497.4"], ["632.4", "497.4"], ["632.4", "623.4"], ["626.6", "623.4"]], "Type": "SD"}, {"Location": [["831.9", "482.4"], ["831.9", "621.4"], ["831.2", "621.4"], ["831.2", "638.4"], ["634.1", "638.4"], ["634.1", "482.4"]], "Type": "GATE"}, {"Location": [["819.5", "489.2"], ["826.1", "489.2"], ["826.1", "614.6"], ["819.5", "614.6"]], "Type": "SD"}], "Module": "M19", "Boundary": [["831.9", "482.4"], ["831.9", "621.4"], ["831.2", "621.4"], ["831.2", "638.4"], ["626.6", "638.4"], ["626.6", "482.4"]], "Module_type": "GATE"}, {"Ports": [{"Location": [["326.3", "253.5"], ["331.0", "253.5"], ["331.0", "302.6"], ["326.3", "302.6"]], "Type": "SD"}, {"Location": [["545.4", "240.2"], ["545.4", "302.8"], ["448.5", "302.8"], ["448.5", "315.9"], ["333.2", "315.9"], ["333.2", "240.2"]], "Type": "GATE"}, {"Location": [["534.0", "246.4"], ["540.2", "246.4"], ["540.2", "295.6"], ["534.0", "295.6"]], "Type": "SD"}], "Module": "M6", "Boundary": [["545.4", "240.2"], ["545.4", "302.8"], ["448.5", "302.8"], ["448.5", "315.9"], ["326.3", "315.9"], ["326.3", "240.2"]], "Module_type": "GATE"}, {"Ports": [{"Location": [["25.4", "296.1"], ["127.5", "296.1"], ["127.5", "301.4"], ["25.4", "301.4"]], "Type": "SD"}, {"Location": [["10.0", "181.9"], ["125.0", "181.9"], ["125.0", "229.1"], ["142.9", "229.1"], ["142.9", "294.3"], ["10.0", "294.3"]], "Type": "GATE"}, {"Location": [["16.1", "187.0"], ["117.9", "187.0"], ["117.9", "193.9"], ["16.1", "193.9"]], "Type": "SD"}], "Module": "M2", "Boundary": [["10.0", "181.9"], ["125.0", "181.9"], ["125.0", "229.1"], ["142.9", "229.1"], ["142.9", "301.4"], ["10.0", "301.4"]], "Module_type": "GATE"}, {"Ports": [{"Location": [["677.6", "43.4"], ["681.7", "43.4"], ["681.7", "118.0"], ["677.6", "118.0"]], "Type": "SD"}, {"Location": [["841.0", "30.0"], ["841.0", "115.4"], ["799.0", "115.4"], ["799.0", "131.4"], ["684.4", "131.4"], ["684.4", "30.0"]], "Type": "GATE"}, {"Location": [["831.0", "35.1"], ["836.9", "35.1"], ["836.9", "109.3"], ["831.0", "109.3"]], "Type": "SD"}], "Module": "M16", "Boundary": [["841.0", "30.0"], ["841.0", "115.4"], ["799.0", "115.4"], ["799.0", "131.4"], ["677.6", "131.4"], ["677.6", "30.0"]], "Module_type": "GATE"}, {"Ports": [{"Location": [["404.3", "556.6"], ["408.4", "556.6"], ["408.4", "616.2"], ["404.3", "616.2"]], "Type": "SD"}, {"Location": [["564.7", "541.6"], ["564.7", "631.2"], ["410.7", "631.2"], ["410.7", "541.6"]], "Type": "GATE"}, {"Location": [["552.9", "547.7"], ["559.6", "547.7"], ["559.6", "625.1"], ["552.9", "625.1"]], "Type": "SD"}], "Module": "M13", "Boundary": [["564.7", "541.6"], ["564.7", "631.2"], ["404.3", "631.2"], ["404.3", "541.6"]], "Module_type": "GATE"}, {"Ports": [{"Location": [["181.7", "413.0"], ["187.3", "413.0"], ["187.3", "486.9"], ["181.7", "486.9"]], "Type": "SD"}, {"Location": [["352.1", "399.7"], ["352.1", "484.5"], ["278.5", "484.5"], ["278.5", "500.2"], ["188.9", "500.2"], ["188.9", "399.7"]], "Type": "GATE"}, {"Location": [["341.4", "405.4"], ["347.4", "405.4"], ["347.4", "477.8"], ["341.4", "477.8"]], "Type": "SD"}], "Module": "M10", "Boundary": [["352.1", "399.7"], ["352.1", "484.5"], ["278.5", "484.5"], ["278.5", "500.2"], ["181.7", "500.2"], ["181.7", "399.7"]], "Module_type": "GATE"}, {"Ports": [{"Location": [["169.5", "182.2"], ["174.4", "182.2"], ["174.4", "267.3"], ["169.5", "267.3"]], "Type": "SD"}, {"Location": [["306.3", "169.8"], ["306.3", "263.9"], ["306.0", "263.9"], ["306.0", "279.7"], ["177.4", "279.7"], ["177.4", "169.8"]], "Type": "GATE"}, {"Location": [["297.1", "175.5"], ["301.6", "175.5"], ["301.6", "258.2"], ["297.1", "258.2"]], "Type": "SD"}], "Module": "M7", "Boundary": [["306.3", "169.8"], ["306.3", "263.9"], ["306.0", "263.9"], ["306.0", "279.7"], ["169.5", "279.7"], ["169.5", "169.8"]], "Module_type": "GATE"}, {"Ports": [{"Location": [["404.3", "371.3"], ["410.0", "371.3"], ["410.0", "466.2"], ["404.3", "466.2"]], "Type": "SD"}, {"Location": [["566.6", "355.9"], ["566.6", "464.2"], ["566.4", "464.2"], ["566.4", "481.6"], ["412.3", "481.6"], ["412.3", "355.9"]], "Type": "GATE"}, {"Location": [["553.9", "362.7"], ["560.8", "362.7"], ["560.8", "457.4"], ["553.9", "457.4"]], "Type": "SD"}], "Module": "M3", "Boundary": [["566.6", "355.9"], ["566.6", "464.2"], ["566.4", "464.2"], ["566.4", "481.6"], ["404.3", "481.6"], ["404.3", "355.9"]], "Module_type": "GATE"}, {"Ports": [{"Location": [["347.9", "214.9"], ["414.5", "214.9"], ["414.5", "220.2"], ["347.9", "220.2"]], "Type": "SD"}, {"Location": [["335.3", "10.0"], ["413.0", "10.0"], ["413.0", "138.7"], ["427.1", "138.7"], ["427.1", "212.0"], ["335.3", "212.0"]], "Type": "GATE"}, {"Location": [["341.3", "15.0"], ["406.0", "15.0"], ["406.0", "20.0"], ["341.3", "20.0"]], "Type": "SD"}], "Module": "M18", "Boundary": [["335.3", "10.0"], ["413.0", "10.0"], ["413.0", "138.7"], ["427.1", "138.7"], ["427.1", "220.2"], ["335.3", "220.2"]], "Module_type": "GATE"}, {"Ports": [{"Location": [["750.5", "417.0"], ["824.8", "417.0"], ["824.8", "422.4"], ["750.5", "422.4"]], "Type": "SD"}, {"Location": [["735.4", "191.4"], ["824.2", "191.4"], ["824.2", "252.6"], ["839.9", "252.6"], ["839.9", "415.4"], ["735.4", "415.4"]], "Type": "GATE"}, {"Location": [["742.4", "197.4"], ["816.2", "197.4"], ["816.2", "204.4"], ["742.4", "204.4"]], "Type": "SD"}], "Module": "M20", "Boundary": [["735.4", "191.4"], ["824.2", "191.4"], ["824.2", "252.6"], ["839.9", "252.6"], ["839.9", "422.4"], ["735.4", "422.4"]], "Module_type": "GATE"}, {"Ports": [{"Location": [["447.1", "24.3"], ["452.9", "24.3"], ["452.9", "139.4"], ["447.1", "139.4"]], "Type": "SD"}, {"Location": [["637.6", "10.0"], ["637.6", "135.8"], ["636.9", "135.8"], ["636.9", "153.7"], ["454.8", "153.7"], ["454.8", "10.0"]], "Type": "GATE"}, {"Location": [["626.2", "15.7"], ["632.9", "15.7"], ["632.9", "130.1"], ["626.2", "130.1"]], "Type": "SD"}], "Module": "M15", "Boundary": [["637.6", "10.0"], ["637.6", "135.8"], ["636.9", "135.8"], ["636.9", "153.7"], ["447.1", "153.7"], ["447.1", "10.0"]], "Module_type": "GATE"}, {"Ports": [{"Location": [["10.0", "480.8"], ["15.2", "480.8"], ["15.2", "533.4"], ["10.0", "533.4"]], "Type": "SD"}, {"Location": [["149.9", "467.4"], ["149.9", "531.8"], ["149.7", "531.8"], ["149.7", "546.8"], ["16.4", "546.8"], ["16.4", "467.4"]], "Type": "GATE"}, {"Location": [["138.5", "474.4"], ["143.9", "474.4"], ["143.9", "524.8"], ["138.5", "524.8"]], "Type": "SD"}], "Module": "M12", "Boundary": [["149.9", "467.4"], ["149.9", "531.8"], ["149.7", "531.8"], ["149.7", "546.8"], ["10.0", "546.8"], ["10.0", "467.4"]], "Module_type": "GATE"}, {"Ports": [{"Location": [["565.4", "187.4"], ["569.7", "187.4"], ["569.7", "297.4"], ["565.4", "297.4"]], "Type": "SD"}, {"Location": [["693.5", "173.7"], ["693.5", "295.1"], ["652.0", "295.1"], ["652.0", "311.1"], ["571.6", "311.1"], ["571.6", "173.7"]], "Type": "GATE"}, {"Location": [["682.4", "179.1"], ["689.1", "179.1"], ["689.1", "288.7"], ["682.4", "288.7"]], "Type": "SD"}], "Module": "M8", "Boundary": [["693.5", "173.7"], ["693.5", "295.1"], ["652.0", "295.1"], ["652.0", "311.1"], ["565.4", "311.1"], ["565.4", "173.7"]], "Module_type": "GATE"}, {"Ports": [{"Location": [["606.6", "344.4"], ["612.0", "344.4"], ["612.0", "396.5"], ["606.6", "396.5"]], "Type": "SD"}, {"Location": [["695.4", "331.1"], ["695.4", "395.9"], ["656.5", "395.9"], ["656.5", "409.8"], ["613.7", "409.8"], ["613.7", "331.1"]], "Type": "GATE"}, {"Location": [["683.7", "337.9"], ["689.6", "337.9"], ["689.6", "388.1"], ["683.7", "388.1"]], "Type": "SD"}], "Module": "M4", "Boundary": [["695.4", "331.1"], ["695.4", "395.9"], ["656.5", "395.9"], ["656.5", "409.8"], ["606.6", "409.8"], ["606.6", "331.1"]], "Module_type": "GATE"}], "Area": [["-30.0", "-30.0"], ["881.0", "-30.0"], ["881.0", "698.0"], ["-30.0", "698.0"]], "Rules": ["GATE(5,5)", "SD(5,5)", "GATE_SD(0.5)", "GATE_ITO(0.5)", "SD_ITO(0.5)"]}