{"Modules": [{"Module": "M14", "Boundary": [["471.3", "292.3"], ["548.6", "292.3"], ["548.6", "359.8"], ["562.1", "359.8"], ["562.1", "430.4"], ["471.3", "430.4"]], "Module_type": "GATE", "Ports": [{"Location": [["483.8", "425.9"], ["549.6", "425.9"], ["549.6", "430.4"], ["483.8", "430.4"]], "Type": "SD"}, {"Location": [["471.3", "292.3"], ["548.6", "292.3"], ["548.6", "359.8"], ["562.1", "359.8"], ["562.1", "423.5"], ["471.3", "423.5"]], "Type": "GATE"}, {"Location": [["477.7", "297.7"], ["541.2", "297.7"], ["541.2", "303.1"], ["477.7", "303.1"]], "Type": "SD"}]}, {"Ports": [{"Location": [["480.5", "617.1"], ["537.4", "617.1"], ["537.4", "621.3"], ["480.5", "621.3"]], "Type": "SD"}, {"Location": [["469.1", "460.4"], ["536.1", "460.4"], ["536.1", "460.6"], ["548.8", "460.6"], ["548.8", "615.6"], ["469.1", "615.6"]], "Type": "GATE"}, {"Location": [["475.4", "465.7"], ["529.8", "465.7"], ["529.8", "470.1"], ["475.4", "470.1"]], "Type": "SD"}], "Module": "M9", "Boundary": [["469.1", "460.4"], ["536.1", "460.4"], ["536.1", "460.6"], ["548.8", "460.6"], ["548.8", "621.3"], ["469.1", "621.3"]], "Module_type": "GATE"}, {"Ports": [{"Location": [["228.4", "761.5"], ["318.8", "761.5"], ["318.8", "767.4"], ["228.4", "767.4"]], "Type": "SD"}, {"Location": [["215.2", "672.2"], ["318.0", "672.2"], ["318.0", "672.4"], ["332.0", "672.4"], ["332.0", "759.4"], ["215.2", "759.4"]], "Type": "GATE"}, {"Location": [["222.0", "678.0"], ["311.2", "678.0"], ["311.2", "683.4"], ["222.0", "683.4"]], "Type": "SD"}], "Module": "M5", "Boundary": [["215.2", "672.2"], ["318.0", "672.2"], ["318.0", "672.4"], ["332.0", "672.4"], ["332.0", "767.4"], ["215.2", "767.4"]], "Module_type": "GATE"}, {"Ports": [{"Location": [["351.5", "142.4"], ["408.4", "142.4"], ["408.4", "148.1"], ["351.5", "148.1"]], "Type": "SD"}, {"Location": [["337.6", "20.0"], ["422.3", "20.0"], ["422.3", "139.7"], ["337.6", "139.7"]], "Type": "GATE"}, {"Location": [["343.9", "25.3"], ["416.0", "25.3"], ["416.0", "31.1"], ["343.9", "31.1"]], "Type": "SD"}], "Module": "M11", "Boundary": [["337.6", "20.0"], ["422.3", "20.0"], ["422.3", "148.1"], ["337.6", "148.1"]], "Module_type": "GATE"}, {"Ports": [{"Location": [["346.6", "642.1"], ["428.2", "642.1"], ["428.2", "647.9"], ["346.6", "647.9"]], "Type": "SD"}, {"Location": [["335.7", "429.5"], ["424.2", "429.5"], ["424.2", "429.6"], ["439.1", "429.6"], ["439.1", "640.6"], ["335.7", "640.6"]], "Type": "GATE"}, {"Location": [["340.8", "433.6"], ["419.1", "433.6"], ["419.1", "438.2"], ["340.8", "438.2"]], "Type": "SD"}], "Module": "M1", "Boundary": [["335.7", "429.5"], ["424.2", "429.5"], ["424.2", "429.6"], ["439.1", "429.6"], ["439.1", "647.9"], ["335.7", "647.9"]], "Module_type": "GATE"}, {"Ports": [{"Location": [["172.1", "44.8"], ["178.0", "44.8"], ["178.0", "123.0"], ["172.1", "123.0"]], "Type": "SD"}, {"Location": [["287.6", "30.0"], ["287.6", "120.2"], ["287.1", "120.2"], ["287.1", "137.8"], ["180.5", "137.8"], ["180.5", "30.0"]], "Type": "GATE"}, {"Location": [["276.2", "36.5"], ["282.1", "36.5"], ["282.1", "113.7"], ["276.2", "113.7"]], "Type": "SD"}], "Module": "M19", "Boundary": [["287.6", "30.0"], ["287.6", "120.2"], ["287.1", "120.2"], ["287.1", "137.8"], ["172.1", "137.8"], ["172.1", "30.0"]], "Module_type": "GATE"}, {"Ports": [{"Location": [["10.0", "780.3"], ["14.2", "780.3"], ["14.2", "844.8"], ["10.0", "844.8"]], "Type": "SD"}, {"Location": [["144.8", "767.8"], ["144.8", "843.7"], ["100.7", "843.7"], ["100.7", "857.3"], ["16.7", "857.3"], ["16.7", "767.8"]], "Type": "GATE"}, {"Location": [["135.0", "773.0"], ["140.6", "773.0"], ["140.6", "837.5"], ["135.0", "837.5"]], "Type": "SD"}], "Module": "M6", "Boundary": [["144.8", "767.8"], ["144.8", "843.7"], ["100.7", "843.7"], ["100.7", "857.3"], ["10.0", "857.3"], ["10.0", "767.8"]], "Module_type": "GATE"}, {"Ports": [{"Location": [["215.2", "568.7"], ["220.2", "568.7"], ["220.2", "638.3"], ["215.2", "638.3"]], "Type": "SD"}, {"Location": [["315.7", "554.8"], ["315.7", "637.5"], ["277.7", "637.5"], ["277.7", "652.2"], ["221.7", "652.2"], ["221.7", "554.8"]], "Type": "GATE"}, {"Location": [["304.6", "561.0"], ["310.5", "561.0"], ["310.5", "630.3"], ["304.6", "630.3"]], "Type": "SD"}], "Module": "M2", "Boundary": [["315.7", "554.8"], ["315.7", "637.5"], ["277.7", "637.5"], ["277.7", "652.2"], ["215.2", "652.2"], ["215.2", "554.8"]], "Module_type": "GATE"}, {"Ports": [{"Location": [["43.7", "529.4"], ["96.6", "529.4"], ["96.6", "534.4"], ["43.7", "534.4"]], "Type": "SD"}, {"Location": [["30.0", "371.2"], ["95.9", "371.2"], ["95.9", "426.0"], ["110.3", "426.0"], ["110.3", "526.5"], ["30.0", "526.5"]], "Type": "GATE"}, {"Location": [["35.9", "376.1"], ["89.0", "376.1"], ["89.0", "382.9"], ["35.9", "382.9"]], "Type": "SD"}], "Module": "M16", "Boundary": [["30.0", "371.2"], ["95.9", "371.2"], ["95.9", "426.0"], ["110.3", "426.0"], ["110.3", "534.4"], ["30.0", "534.4"]], "Module_type": "GATE"}, {"Ports": [{"Location": [["372.0", "702.4"], ["377.5", "702.4"], ["377.5", "833.7"], ["372.0", "833.7"]], "Type": "SD"}, {"Location": [["540.2", "687.9"], ["540.2", "848.2"], ["378.8", "848.2"], ["378.8", "687.9"]], "Type": "GATE"}, {"Location": [["528.9", "694.4"], ["534.7", "694.4"], ["534.7", "841.7"], ["528.9", "841.7"]], "Type": "SD"}], "Module": "M13", "Boundary": [["540.2", "687.9"], ["540.2", "848.2"], ["372.0", "848.2"], ["372.0", "687.9"]], "Module_type": "GATE"}, {"Ports": [{"Location": [["326.7", "200.8"], ["331.2", "200.8"], ["331.2", "294.6"], ["326.7", "294.6"]], "Type": "SD"}, {"Location": [["441.3", "188.1"], ["441.3", "291.1"], ["422.9", "291.1"], ["422.9", "307.3"], ["333.9", "307.3"], ["333.9", "188.1"]], "Type": "GATE"}, {"Location": [["431.2", "193.8"], ["436.6", "193.8"], ["436.6", "284.4"], ["431.2", "284.4"]], "Type": "SD"}], "Module": "M10", "Boundary": [["441.3", "188.1"], ["441.3", "291.1"], ["422.9", "291.1"], ["422.9", "307.3"], ["326.7", "307.3"], ["326.7", "188.1"]], "Module_type": "GATE"}, {"Ports": [{"Location": [["166.0", "307.9"], ["280.3", "307.9"], ["280.3", "312.8"], ["166.0", "312.8"]], "Type": "SD"}, {"Location": [["152.1", "177.8"], ["278.8", "177.8"], ["278.8", "178.4"], ["294.2", "178.4"], ["294.2", "305.1"], ["152.1", "305.1"]], "Type": "GATE"}, {"Location": [["158.8", "183.5"], ["272.1", "183.5"], ["272.1", "189.5"], ["158.8", "189.5"]], "Type": "SD"}], "Module": "M7", "Boundary": [["152.1", "177.8"], ["278.8", "177.8"], ["278.8", "178.4"], ["294.2", "178.4"], ["294.2", "312.8"], ["152.1", "312.8"]], "Module_type": "GATE"}, {"Ports": [{"Location": [["45.9", "723.7"], ["159.3", "723.7"], ["159.3", "727.8"], ["45.9", "727.8"]], "Type": "SD"}, {"Location": [["30.0", "594.4"], ["157.5", "594.4"], ["157.5", "595.1"], ["175.2", "595.1"], ["175.2", "721.7"], ["30.0", "721.7"]], "Type": "GATE"}, {"Location": [["36.9", "600.3"], ["150.6", "600.3"], ["150.6", "607.2"], ["36.9", "607.2"]], "Type": "SD"}], "Module": "M3", "Boundary": [["30.0", "594.4"], ["157.5", "594.4"], ["157.5", "595.1"], ["175.2", "595.1"], ["175.2", "727.8"], ["30.0", "727.8"]], "Module_type": "GATE"}, {"Ports": [{"Location": [["485.6", "266.4"], ["547.8", "266.4"], ["547.8", "272.3"], ["485.6", "272.3"]], "Type": "SD"}, {"Location": [["471.3", "153.3"], ["544.7", "153.3"], ["544.7", "162.7"], ["562.1", "162.7"], ["562.1", "264.2"], ["471.3", "264.2"]], "Type": "GATE"}, {"Location": [["476.4", "157.4"], ["538.6", "157.4"], ["538.6", "164.4"], ["476.4", "164.4"]], "Type": "SD"}], "Module": "M18", "Boundary": [["471.3", "153.3"], ["544.7", "153.3"], ["544.7", "162.7"], ["562.1", "162.7"], ["562.1", "272.3"], ["471.3", "272.3"]], "Module_type": "GATE"}, {"Ports": [{"Location": [["185.7", "510.4"], ["261.3", "510.4"], ["261.3", "514.8"], ["185.7", "514.8"]], "Type": "SD"}, {"Location": [["170.3", "352.8"], ["260.4", "352.8"], ["260.4", "420.7"], ["276.7", "420.7"], ["276.7", "509.3"], ["170.3", "509.3"]], "Type": "GATE"}, {"Location": [["176.5", "358.0"], ["253.2", "358.0"], ["253.2", "365.1"], ["176.5", "365.1"]], "Type": "SD"}], "Module": "M20", "Boundary": [["170.3", "352.8"], ["260.4", "352.8"], ["260.4", "420.7"], ["276.7", "420.7"], ["276.7", "514.8"], ["170.3", "514.8"]], "Module_type": "GATE"}, {"Ports": [{"Location": [["328.4", "405.1"], ["410.1", "405.1"], ["410.1", "409.5"], ["328.4", "409.5"]], "Type": "SD"}, {"Location": [["316.7", "337.3"], ["406.9", "337.3"], ["406.9", "337.6"], ["421.8", "337.6"], ["421.8", "403.4"], ["316.7", "403.4"]], "Type": "GATE"}, {"Location": [["322.3", "341.9"], ["401.3", "341.9"], ["401.3", "347.2"], ["322.3", "347.2"]], "Type": "SD"}], "Module": "M15", "Boundary": [["316.7", "337.3"], ["406.9", "337.3"], ["406.9", "337.6"], ["421.8", "337.6"], ["421.8", "409.5"], ["316.7", "409.5"]], "Module_type": "GATE"}, {"Ports": [{"Location": [["164.8", "801.3"], ["169.5", "801.3"], ["169.5", "856.4"], ["164.8", "856.4"]], "Type": "SD"}, {"Location": [["331.6", "787.4"], ["331.6", "855.1"], ["302.9", "855.1"], ["302.9", "870.3"], ["172.4", "870.3"], ["172.4", "787.4"]], "Type": "GATE"}, {"Location": [["320.8", "794.4"], ["325.6", "794.4"], ["325.6", "847.1"], ["320.8", "847.1"]], "Type": "SD"}], "Module": "M12", "Boundary": [["331.6", "787.4"], ["331.6", "855.1"], ["302.9", "855.1"], ["302.9", "870.3"], ["164.8", "870.3"], ["164.8", "787.4"]], "Module_type": "GATE"}, {"Ports": [{"Location": [["467.4", "128.1"], ["546.8", "128.1"], ["546.8", "133.3"], ["467.4", "133.3"]], "Type": "SD"}, {"Location": [["452.3", "10.0"], ["544.8", "10.0"], ["544.8", "58.0"], ["561.9", "58.0"], ["561.9", "125.2"], ["452.3", "125.2"]], "Type": "GATE"}, {"Location": [["457.7", "14.4"], ["538.4", "14.4"], ["538.4", "21.9"], ["457.7", "21.9"]], "Type": "SD"}], "Module": "M8", "Boundary": [["452.3", "10.0"], ["544.8", "10.0"], ["544.8", "58.0"], ["561.9", "58.0"], ["561.9", "133.3"], ["452.3", "133.3"]], "Module_type": "GATE"}, {"Ports": [{"Location": [["10.0", "187.2"], ["14.4", "187.2"], ["14.4", "315.7"], ["10.0", "315.7"]], "Type": "SD"}, {"Location": [["129.2", "171.7"], ["129.2", "314.8"], ["110.4", "314.8"], ["110.4", "331.2"], ["16.5", "331.2"], ["16.5", "171.7"]], "Type": "GATE"}, {"Location": [["117.0", "178.2"], ["123.7", "178.2"], ["123.7", "307.3"], ["117.0", "307.3"]], "Type": "SD"}], "Module": "M4", "Boundary": [["129.2", "171.7"], ["129.2", "314.8"], ["110.4", "314.8"], ["110.4", "331.2"], ["10.0", "331.2"], ["10.0", "171.7"]], "Module_type": "GATE"}, {"Ports": [{"Location": [["10.0", "23.5"], ["15.1", "23.5"], ["15.1", "138.2"], ["10.0", "138.2"]], "Type": "SD"}, {"Location": [["132.1", "10.0"], ["132.1", "151.7"], ["17.2", "151.7"], ["17.2", "10.0"]], "Type": "GATE"}, {"Location": [["121.7", "16.3"], ["126.8", "16.3"], ["126.8", "145.4"], ["121.7", "145.4"]], "Type": "SD"}], "Module": "M17", "Boundary": [["132.1", "10.0"], ["132.1", "151.7"], ["10.0", "151.7"], ["10.0", "10.0"]], "Module_type": "GATE"}], "Area": [["-30.0", "-30.0"], ["602.1", "-30.0"], ["602.1", "910.3"], ["-30.0", "910.3"]], "Rules": ["GATE(5,5)", "SD(5,5)", "GATE_SD(0.5)", "GATE_ITO(0.5)", "SD_ITO(0.5)"]}