{"Modules": [{"Module": "M14", "Boundary": [["103.0", "518.1"], ["103.0", "618.0"], ["96.0", "618.0"], ["96.0", "633.1"], ["10.0", "633.1"], ["10.0", "518.1"]], "Module_type": "GATE", "Ports": [{"Location": [["10.0", "531.4"], ["14.9", "531.4"], ["14.9", "619.8"], ["10.0", "619.8"]], "Type": "SD"}, {"Location": [["103.0", "518.1"], ["103.0", "618.0"], ["96.0", "618.0"], ["96.0", "633.1"], ["15.9", "633.1"], ["15.9", "518.1"]], "Type": "GATE"}, {"Location": [["91.5", "523.6"], ["98.5", "523.6"], ["98.5", "611.5"], ["91.5", "611.5"]], "Type": "SD"}]}, {"Ports": [{"Location": [["344.5", "131.7"], ["350.3", "131.7"], ["350.3", "210.7"], ["344.5", "210.7"]], "Type": "SD"}, {"Location": [["483.3", "117.8"], ["483.3", "224.6"], ["353.1", "224.6"], ["353.1", "117.8"]], "Type": "GATE"}, {"Location": [["470.9", "124.7"], ["477.4", "124.7"], ["477.4", "217.7"], ["470.9", "217.7"]], "Type": "SD"}], "Module": "M9", "Boundary": [["483.3", "117.8"], ["483.3", "224.6"], ["344.5", "224.6"], ["344.5", "117.8"]], "Module_type": "GATE"}, {"Ports": [{"Location": [["155.2", "859.8"], ["159.3", "859.8"], ["159.3", "939.9"], ["155.2", "939.9"]], "Type": "SD"}, {"Location": [["304.6", "846.1"], ["304.6", "935.3"], ["304.4", "935.3"], ["304.4", "953.6"], ["160.8", "953.6"], ["160.8", "846.1"]], "Type": "GATE"}, {"Location": [["294.4", "851.7"], ["300.0", "851.7"], ["300.0", "929.7"], ["294.4", "929.7"]], "Type": "SD"}], "Module": "M5", "Boundary": [["304.6", "846.1"], ["304.6", "935.3"], ["304.4", "935.3"], ["304.4", "953.6"], ["155.2", "953.6"], ["155.2", "846.1"]], "Module_type": "GATE"}, {"Ports": [{"Location": [["383.9", "722.9"], ["388.5", "722.9"], ["388.5", "808.7"], ["383.9", "808.7"]], "Type": "SD"}, {"Location": [["480.9", "710.4"], ["480.9", "805.6"], ["480.9", "805.6"], ["480.9", "821.2"], ["390.3", "821.2"], ["390.3", "710.4"]], "Type": "GATE"}, {"Location": [["469.9", "716.3"], ["476.0", "716.3"], ["476.0", "799.7"], ["469.9", "799.7"]], "Type": "SD"}], "Module": "M11", "Boundary": [["480.9", "710.4"], ["480.9", "805.6"], ["480.9", "805.6"], ["480.9", "821.2"], ["383.9", "821.2"], ["383.9", "710.4"]], "Module_type": "GATE"}, {"Ports": [{"Location": [["155.2", "758.3"], ["159.8", "758.3"], ["159.8", "813.6"], ["155.2", "813.6"]], "Type": "SD"}, {"Location": [["353.9", "745.8"], ["353.9", "810.3"], ["353.7", "810.3"], ["353.7", "826.1"], ["162.3", "826.1"], ["162.3", "745.8"]], "Type": "GATE"}, {"Location": [["342.9", "750.9"], ["349.8", "750.9"], ["349.8", "805.2"], ["342.9", "805.2"]], "Type": "SD"}], "Module": "M1", "Boundary": [["353.9", "745.8"], ["353.9", "810.3"], ["353.7", "810.3"], ["353.7", "826.1"], ["155.2", "826.1"], ["155.2", "745.8"]], "Module_type": "GATE"}, {"Ports": [{"Location": [["375.2", "453.3"], ["460.5", "453.3"], ["460.5", "457.8"], ["375.2", "457.8"]], "Type": "SD"}, {"Location": [["359.5", "274.6"], ["460.4", "274.6"], ["460.4", "275.2"], ["476.2", "275.2"], ["476.2", "450.7"], ["359.5", "450.7"]], "Type": "GATE"}, {"Location": [["366.1", "280.2"], ["453.8", "280.2"], ["453.8", "287.9"], ["366.1", "287.9"]], "Type": "SD"}], "Module": "M19", "Boundary": [["359.5", "274.6"], ["460.4", "274.6"], ["460.4", "275.2"], ["476.2", "275.2"], ["476.2", "457.8"], ["359.5", "457.8"]], "Module_type": "GATE"}, {"Ports": [{"Location": [["202.1", "188.5"], ["297.6", "188.5"], ["297.6", "193.1"], ["202.1", "193.1"]], "Type": "SD"}, {"Location": [["189.8", "10.0"], ["296.3", "10.0"], ["296.3", "89.2"], ["309.9", "89.2"], ["309.9", "186.3"], ["189.8", "186.3"]], "Type": "GATE"}, {"Location": [["195.5", "14.7"], ["289.6", "14.7"], ["289.6", "20.7"], ["195.5", "20.7"]], "Type": "SD"}], "Module": "M6", "Boundary": [["189.8", "10.0"], ["296.3", "10.0"], ["296.3", "89.2"], ["309.9", "89.2"], ["309.9", "193.1"], ["189.8", "193.1"]], "Module_type": "GATE"}, {"Ports": [{"Location": [["189.8", "228.3"], ["195.3", "228.3"], ["195.3", "312.5"], ["189.8", "312.5"]], "Type": "SD"}, {"Location": [["314.5", "213.1"], ["314.5", "327.7"], ["197.7", "327.7"], ["197.7", "213.1"]], "Type": "GATE"}, {"Location": [["302.8", "219.2"], ["309.4", "219.2"], ["309.4", "302.4"], ["302.8", "302.4"]], "Type": "SD"}], "Module": "M2", "Boundary": [["314.5", "213.1"], ["314.5", "327.7"], ["189.8", "327.7"], ["189.8", "213.1"]], "Module_type": "GATE"}, {"Ports": [{"Location": [["382.6", "532.6"], ["388.1", "532.6"], ["388.1", "645.6"], ["382.6", "645.6"]], "Type": "SD"}, {"Location": [["468.9", "517.8"], ["468.9", "643.7"], ["440.0", "643.7"], ["440.0", "660.4"], ["391.0", "660.4"], ["391.0", "517.8"]], "Type": "GATE"}, {"Location": [["457.2", "522.9"], ["464.8", "522.9"], ["464.8", "637.6"], ["457.2", "637.6"]], "Type": "SD"}], "Module": "M16", "Boundary": [["468.9", "517.8"], ["468.9", "643.7"], ["440.0", "643.7"], ["440.0", "660.4"], ["382.6", "660.4"], ["382.6", "517.8"]], "Module_type": "GATE"}, {"Ports": [{"Location": [["271.3", "701.3"], ["309.7", "701.3"], ["309.7", "705.8"], ["271.3", "705.8"]], "Type": "SD"}, {"Location": [["258.4", "543.3"], ["307.4", "543.3"], ["307.4", "543.4"], ["322.6", "543.4"], ["322.6", "699.1"], ["258.4", "699.1"]], "Type": "GATE"}, {"Location": [["264.2", "548.1"], ["301.6", "548.1"], ["301.6", "554.2"], ["264.2", "554.2"]], "Type": "SD"}], "Module": "M13", "Boundary": [["258.4", "543.3"], ["307.4", "543.3"], ["307.4", "543.4"], ["322.6", "543.4"], ["322.6", "705.8"], ["258.4", "705.8"]], "Module_type": "GATE"}, {"Ports": [{"Location": [["20.0", "770.4"], ["24.8", "770.4"], ["24.8", "829.2"], ["20.0", "829.2"]], "Type": "SD"}, {"Location": [["125.2", "755.4"], ["125.2", "827.7"], ["101.6", "827.7"], ["101.6", "844.2"], ["27.2", "844.2"], ["27.2", "755.4"]], "Type": "GATE"}, {"Location": [["113.5", "762.4"], ["119.2", "762.4"], ["119.2", "819.7"], ["113.5", "819.7"]], "Type": "SD"}], "Module": "M10", "Boundary": [["125.2", "755.4"], ["125.2", "827.7"], ["101.6", "827.7"], ["101.6", "844.2"], ["20.0", "844.2"], ["20.0", "755.4"]], "Module_type": "GATE"}, {"Ports": [{"Location": [["137.4", "620.4"], ["204.0", "620.4"], ["204.0", "625.1"], ["137.4", "625.1"]], "Type": "SD"}, {"Location": [["123.0", "523.3"], ["203.5", "523.3"], ["203.5", "523.5"], ["218.4", "523.5"], ["218.4", "618.2"], ["123.0", "618.2"]], "Type": "GATE"}, {"Location": [["129.4", "528.7"], ["197.1", "528.7"], ["197.1", "536.0"], ["129.4", "536.0"]], "Type": "SD"}], "Module": "M7", "Boundary": [["123.0", "523.3"], ["203.5", "523.3"], ["203.5", "523.5"], ["218.4", "523.5"], ["218.4", "625.1"], ["123.0", "625.1"]], "Module_type": "GATE"}, {"Ports": [{"Location": [["205.4", "479.1"], ["285.2", "479.1"], ["285.2", "483.3"], ["205.4", "483.3"]], "Type": "SD"}, {"Location": [["267.7", "476.4"], ["222.9", "476.4"], ["222.9", "520.8"], ["190.5", "520.8"], ["190.5", "367.3"], ["300.1", "367.3"], ["300.1", "520.8"], ["267.7", "520.8"]], "Type": "GATE"}, {"Location": [["196.5", "372.1"], ["294.1", "372.1"], ["294.1", "379.1"], ["196.5", "379.1"]], "Type": "SD"}], "Module": "M3", "Boundary": [["267.7", "483.3"], ["222.9", "483.3"], ["222.9", "520.8"], ["190.5", "520.8"], ["190.5", "367.3"], ["300.1", "367.3"], ["300.1", "520.8"], ["267.7", "520.8"]], "Module_type": "GATE"}, {"Ports": [{"Location": [["25.1", "492.7"], ["132.0", "492.7"], ["132.0", "498.1"], ["25.1", "498.1"]], "Type": "SD"}, {"Location": [["10.0", "397.8"], ["131.5", "397.8"], ["131.5", "420.0"], ["147.1", "420.0"], ["147.1", "491.1"], ["10.0", "491.1"]], "Type": "GATE"}, {"Location": [["16.9", "403.7"], ["123.6", "403.7"], ["123.6", "410.3"], ["16.9", "410.3"]], "Type": "SD"}], "Module": "M18", "Boundary": [["10.0", "397.8"], ["131.5", "397.8"], ["131.5", "420.0"], ["147.1", "420.0"], ["147.1", "498.1"], ["10.0", "498.1"]], "Module_type": "GATE"}, {"Ports": [{"Location": [["43.8", "218.0"], ["136.0", "218.0"], ["136.0", "222.6"], ["43.8", "222.6"]], "Type": "SD"}, {"Location": [["30.0", "30.0"], ["136.5", "30.0"], ["136.5", "96.7"], ["149.8", "96.7"], ["149.8", "215.5"], ["30.0", "215.5"]], "Type": "GATE"}, {"Location": [["36.6", "35.6"], ["128.9", "35.6"], ["128.9", "42.3"], ["36.6", "42.3"]], "Type": "SD"}], "Module": "M20", "Boundary": [["30.0", "30.0"], ["136.5", "30.0"], ["136.5", "96.7"], ["149.8", "96.7"], ["149.8", "222.6"], ["30.0", "222.6"]], "Module_type": "GATE"}, {"Ports": [{"Location": [["10.0", "666.4"], ["15.1", "666.4"], ["15.1", "712.1"], ["10.0", "712.1"]], "Type": "SD"}, {"Location": [["205.2", "653.1"], ["205.2", "712.2"], ["204.9", "712.2"], ["204.9", "725.4"], ["17.1", "725.4"], ["17.1", "653.1"]], "Type": "GATE"}, {"Location": [["193.7", "659.7"], ["199.6", "659.7"], ["199.6", "705.6"], ["193.7", "705.6"]], "Type": "SD"}], "Module": "M15", "Boundary": [["205.2", "653.1"], ["205.2", "712.2"], ["204.9", "712.2"], ["204.9", "725.4"], ["10.0", "725.4"], ["10.0", "653.1"]], "Module_type": "GATE"}, {"Ports": [{"Location": [["329.9", "23.0"], ["335.3", "23.0"], ["335.3", "74.8"], ["329.9", "74.8"]], "Type": "SD"}, {"Location": [["493.4", "10.0"], ["493.4", "73.7"], ["396.1", "73.7"], ["396.1", "87.8"], ["337.9", "87.8"], ["337.9", "10.0"]], "Type": "GATE"}, {"Location": [["482.9", "15.7"], ["488.7", "15.7"], ["488.7", "67.0"], ["482.9", "67.0"]], "Type": "SD"}], "Module": "M12", "Boundary": [["493.4", "10.0"], ["493.4", "73.7"], ["396.1", "73.7"], ["396.1", "87.8"], ["329.9", "87.8"], ["329.9", "10.0"]], "Module_type": "GATE"}, {"Ports": [{"Location": [["23.9", "957.6"], ["103.4", "957.6"], ["103.4", "963.1"], ["23.9", "963.1"]], "Type": "SD"}, {"Location": [["10.0", "874.2"], ["103.8", "874.2"], ["103.8", "905.2"], ["117.3", "905.2"], ["117.3", "954.8"], ["10.0", "954.8"]], "Type": "GATE"}, {"Location": [["16.8", "880.0"], ["96.0", "880.0"], ["96.0", "886.0"], ["16.8", "886.0"]], "Type": "SD"}], "Module": "M8", "Boundary": [["10.0", "874.2"], ["103.8", "874.2"], ["103.8", "905.2"], ["117.3", "905.2"], ["117.3", "963.1"], ["10.0", "963.1"]], "Module_type": "GATE"}, {"Ports": [{"Location": [["324.6", "864.5"], ["328.8", "864.5"], ["328.8", "948.9"], ["324.6", "948.9"]], "Type": "SD"}, {"Location": [["460.6", "851.2"], ["460.6", "947.9"], ["405.4", "947.9"], ["405.4", "962.2"], ["331.3", "962.2"], ["331.3", "851.2"]], "Type": "GATE"}, {"Location": [["449.0", "857.3"], ["455.5", "857.3"], ["455.5", "940.8"], ["449.0", "940.8"]], "Type": "SD"}], "Module": "M4", "Boundary": [["460.6", "851.2"], ["460.6", "947.9"], ["405.4", "947.9"], ["405.4", "962.2"], ["324.6", "962.2"], ["324.6", "851.2"]], "Module_type": "GATE"}, {"Ports": [{"Location": [["22.9", "373.1"], ["138.2", "373.1"], ["138.2", "377.8"], ["22.9", "377.8"]], "Type": "SD"}, {"Location": [["10.0", "262.6"], ["135.7", "262.6"], ["135.7", "262.8"], ["151.1", "262.8"], ["151.1", "370.8"], ["10.0", "370.8"]], "Type": "GATE"}, {"Location": [["15.6", "267.2"], ["130.1", "267.2"], ["130.1", "273.4"], ["15.6", "273.4"]], "Type": "SD"}], "Module": "M17", "Boundary": [["10.0", "262.6"], ["135.7", "262.6"], ["135.7", "262.8"], ["151.1", "262.8"], ["151.1", "377.8"], ["10.0", "377.8"]], "Module_type": "GATE"}], "Area": [["-30.0", "-30.0"], ["533.4", "-30.0"], ["533.4", "1003.1"], ["-30.0", "1003.1"]], "Rules": ["GATE(5,5)", "SD(5,5)", "GATE_SD(0.5)", "GATE_ITO(0.5)", "SD_ITO(0.5)"]}