{"Modules": [{"Module": "M14", "Boundary": [["821.8", "10.0"], ["821.8", "91.5"], ["729.3", "91.5"], ["729.3", "104.8"], ["612.3", "104.8"], ["612.3", "10.0"]], "Module_type": "GATE", "Ports": [{"Location": [["612.3", "23.1"], ["617.9", "23.1"], ["617.9", "91.7"], ["612.3", "91.7"]], "Type": "SD"}, {"Location": [["821.8", "10.0"], ["821.8", "91.5"], ["729.3", "91.5"], ["729.3", "104.8"], ["619.9", "104.8"], ["619.9", "10.0"]], "Type": "GATE"}, {"Location": [["810.6", "16.8"], ["816.0", "16.8"], ["816.0", "82.7"], ["810.6", "82.7"]], "Type": "SD"}]}, {"Ports": [{"Location": [["865.7", "202.1"], ["968.9", "202.1"], ["968.9", "207.0"], ["865.7", "207.0"]], "Type": "SD"}, {"Location": [["851.8", "20.0"], ["966.7", "20.0"], ["966.7", "20.0"], ["982.8", "20.0"], ["982.8", "199.2"], ["851.8", "199.2"]], "Type": "GATE"}, {"Location": [["858.4", "25.6"], ["960.1", "25.6"], ["960.1", "31.2"], ["858.4", "31.2"]], "Type": "SD"}], "Module": "M9", "Boundary": [["851.8", "20.0"], ["966.7", "20.0"], ["966.7", "20.0"], ["982.8", "20.0"], ["982.8", "207.0"], ["851.8", "207.0"]], "Module_type": "GATE"}, {"Ports": [{"Location": [["535.6", "224.2"], ["540.3", "224.2"], ["540.3", "334.8"], ["535.6", "334.8"]], "Type": "SD"}, {"Location": [["664.0", "209.3"], ["664.0", "349.7"], ["542.3", "349.7"], ["542.3", "209.3"]], "Type": "GATE"}, {"Location": [["652.5", "216.1"], ["658.2", "216.1"], ["658.2", "342.9"], ["652.5", "342.9"]], "Type": "SD"}], "Module": "M5", "Boundary": [["664.0", "209.3"], ["664.0", "349.7"], ["535.6", "349.7"], ["535.6", "209.3"]], "Module_type": "GATE"}, {"Ports": [{"Location": [["665.9", "528.1"], ["774.8", "528.1"], ["774.8", "533.2"], ["665.9", "533.2"]], "Type": "SD"}, {"Location": [["651.0", "403.8"], ["789.7", "403.8"], ["789.7", "526.1"], ["651.0", "526.1"]], "Type": "GATE"}, {"Location": [["656.8", "408.6"], ["783.9", "408.6"], ["783.9", "415.8"], ["656.8", "415.8"]], "Type": "SD"}], "Module": "M11", "Boundary": [["651.0", "403.8"], ["789.7", "403.8"], ["789.7", "533.2"], ["651.0", "533.2"]], "Module_type": "GATE"}, {"Ports": [{"Location": [["10.0", "158.2"], ["14.6", "158.2"], ["14.6", "254.5"], ["10.0", "254.5"]], "Type": "SD"}, {"Location": [["183.4", "143.2"], ["183.4", "251.6"], ["183.3", "251.6"], ["183.3", "269.5"], ["16.6", "269.5"], ["16.6", "143.2"]], "Type": "GATE"}, {"Location": [["171.8", "148.6"], ["179.0", "148.6"], ["179.0", "246.2"], ["171.8", "246.2"]], "Type": "SD"}], "Module": "M1", "Boundary": [["183.4", "143.2"], ["183.4", "251.6"], ["183.3", "251.6"], ["183.3", "269.5"], ["10.0", "269.5"], ["10.0", "143.2"]], "Module_type": "GATE"}, {"Ports": [{"Location": [["513.6", "518.3"], ["588.7", "518.3"], ["588.7", "522.4"], ["513.6", "522.4"]], "Type": "SD"}, {"Location": [["501.3", "389.7"], ["587.2", "389.7"], ["587.2", "389.8"], ["601.0", "389.8"], ["601.0", "516.4"], ["501.3", "516.4"]], "Type": "GATE"}, {"Location": [["507.2", "394.6"], ["581.3", "394.6"], ["581.3", "400.2"], ["507.2", "400.2"]], "Type": "SD"}], "Module": "M19", "Boundary": [["501.3", "389.7"], ["587.2", "389.7"], ["587.2", "389.8"], ["601.0", "389.8"], ["601.0", "522.4"], ["501.3", "522.4"]], "Module_type": "GATE"}, {"Ports": [{"Location": [["342.2", "238.2"], ["346.6", "238.2"], ["346.6", "310.8"], ["342.2", "310.8"]], "Type": "SD"}, {"Location": [["515.6", "224.6"], ["515.6", "308.9"], ["485.4", "308.9"], ["485.4", "324.4"], ["348.1", "324.4"], ["348.1", "224.6"]], "Type": "GATE"}, {"Location": [["504.8", "229.8"], ["511.4", "229.8"], ["511.4", "302.7"], ["504.8", "302.7"]], "Type": "SD"}], "Module": "M6", "Boundary": [["515.6", "224.6"], ["515.6", "308.9"], ["485.4", "308.9"], ["485.4", "324.4"], ["342.2", "324.4"], ["342.2", "224.6"]], "Module_type": "GATE"}, {"Ports": [{"Location": [["697.1", "273.1"], ["802.1", "273.1"], ["802.1", "278.3"], ["697.1", "278.3"]], "Type": "SD"}, {"Location": [["684.0", "124.8"], ["800.0", "124.8"], ["800.0", "188.5"], ["815.2", "188.5"], ["815.2", "270.2"], ["684.0", "270.2"]], "Type": "GATE"}, {"Location": [["689.6", "129.4"], ["793.4", "129.4"], ["793.4", "136.1"], ["689.6", "136.1"]], "Type": "SD"}], "Module": "M2", "Boundary": [["684.0", "124.8"], ["800.0", "124.8"], ["800.0", "188.5"], ["815.2", "188.5"], ["815.2", "278.3"], ["684.0", "278.3"]], "Module_type": "GATE"}, {"Ports": [{"Location": [["853.9", "518.0"], ["954.7", "518.0"], ["954.7", "523.4"], ["853.9", "523.4"]], "Type": "SD"}, {"Location": [["839.7", "416.9"], ["951.3", "416.9"], ["951.3", "473.2"], ["968.9", "473.2"], ["968.9", "515.2"], ["839.7", "515.2"]], "Type": "GATE"}, {"Location": [["845.3", "421.5"], ["944.7", "421.5"], ["944.7", "428.1"], ["845.3", "428.1"]], "Type": "SD"}], "Module": "M16", "Boundary": [["839.7", "416.9"], ["951.3", "416.9"], ["951.3", "473.2"], ["968.9", "473.2"], ["968.9", "523.4"], ["839.7", "523.4"]], "Module_type": "GATE"}, {"Ports": [{"Location": [["30.0", "42.3"], ["34.2", "42.3"], ["34.2", "90.9"], ["30.0", "90.9"]], "Type": "SD"}, {"Location": [["167.6", "30.0"], ["167.6", "103.2"], ["36.1", "103.2"], ["36.1", "30.0"]], "Type": "GATE"}, {"Location": [["157.6", "35.5"], ["163.1", "35.5"], ["163.1", "97.7"], ["157.6", "97.7"]], "Type": "SD"}], "Module": "M13", "Boundary": [["167.6", "30.0"], ["167.6", "103.2"], ["30.0", "103.2"], ["30.0", "30.0"]], "Module_type": "GATE"}, {"Ports": [{"Location": [["433.8", "32.5"], ["438.8", "32.5"], ["438.8", "83.7"], ["433.8", "83.7"]], "Type": "SD"}, {"Location": [["582.3", "20.0"], ["582.3", "82.3"], ["494.8", "82.3"], ["494.8", "96.2"], ["440.8", "96.2"], ["440.8", "20.0"]], "Type": "GATE"}, {"Location": [["572.4", "25.8"], ["577.5", "25.8"], ["577.5", "75.5"], ["572.4", "75.5"]], "Type": "SD"}], "Module": "M10", "Boundary": [["582.3", "20.0"], ["582.3", "82.3"], ["494.8", "82.3"], ["494.8", "96.2"], ["433.8", "96.2"], ["433.8", "20.0"]], "Module_type": "GATE"}, {"Ports": [{"Location": [["230.5", "389.4"], ["310.0", "389.4"], ["310.0", "393.7"], ["230.5", "393.7"]], "Type": "SD"}, {"Location": [["218.3", "224.6"], ["322.2", "224.6"], ["322.2", "386.8"], ["218.3", "386.8"]], "Type": "GATE"}, {"Location": [["224.7", "230.0"], ["315.8", "230.0"], ["315.8", "234.9"], ["224.7", "234.9"]], "Type": "SD"}], "Module": "M7", "Boundary": [["218.3", "224.6"], ["322.2", "224.6"], ["322.2", "393.7"], ["218.3", "393.7"]], "Module_type": "GATE"}, {"Ports": [{"Location": [["227.6", "44.9"], ["233.6", "44.9"], ["233.6", "169.7"], ["227.6", "169.7"]], "Type": "SD"}, {"Location": [["383.8", "30.0"], ["383.8", "184.6"], ["235.2", "184.6"], ["235.2", "30.0"]], "Type": "GATE"}, {"Location": [["371.7", "35.5"], ["379.3", "35.5"], ["379.3", "179.1"], ["371.7", "179.1"]], "Type": "SD"}], "Module": "M3", "Boundary": [["383.8", "30.0"], ["383.8", "184.6"], ["227.6", "184.6"], ["227.6", "30.0"]], "Module_type": "GATE"}, {"Ports": [{"Location": [["222.2", "427.6"], ["227.7", "427.6"], ["227.7", "507.8"], ["222.2", "507.8"]], "Type": "SD"}, {"Location": [["315.2", "413.7"], ["315.2", "504.6"], ["275.6", "504.6"], ["275.6", "521.7"], ["230.1", "521.7"], ["230.1", "413.7"]], "Type": "GATE"}, {"Location": [["304.3", "420.0"], ["309.9", "420.0"], ["309.9", "497.3"], ["304.3", "497.3"]], "Type": "SD"}], "Module": "M18", "Boundary": [["315.2", "413.7"], ["315.2", "504.6"], ["275.6", "504.6"], ["275.6", "521.7"], ["222.2", "521.7"], ["222.2", "413.7"]], "Module_type": "GATE"}, {"Ports": [{"Location": [["362.2", "378.2"], ["367.3", "378.2"], ["367.3", "509.1"], ["362.2", "509.1"]], "Type": "SD"}, {"Location": [["441.3", "364.4"], ["441.3", "506.3"], ["408.6", "506.3"], ["408.6", "522.9"], ["368.5", "522.9"], ["368.5", "364.4"]], "Type": "GATE"}, {"Location": [["430.8", "371.1"], ["435.6", "371.1"], ["435.6", "498.6"], ["430.8", "498.6"]], "Type": "SD"}], "Module": "M20", "Boundary": [["441.3", "364.4"], ["441.3", "506.3"], ["408.6", "506.3"], ["408.6", "522.9"], ["362.2", "522.9"], ["362.2", "364.4"]], "Module_type": "GATE"}, {"Ports": [{"Location": [["10.0", "304.5"], ["15.7", "304.5"], ["15.7", "421.8"], ["10.0", "421.8"]], "Type": "SD"}, {"Location": [["198.3", "289.5"], ["198.3", "436.8"], ["17.7", "436.8"], ["17.7", "289.5"]], "Type": "GATE"}, {"Location": [["185.9", "295.5"], ["193.3", "295.5"], ["193.3", "430.8"], ["185.9", "430.8"]], "Type": "SD"}], "Module": "M15", "Boundary": [["198.3", "289.5"], ["198.3", "436.8"], ["10.0", "436.8"], ["10.0", "289.5"]], "Module_type": "GATE"}, {"Ports": [{"Location": [["835.2", "250.8"], ["840.2", "250.8"], ["840.2", "363.1"], ["835.2", "363.1"]], "Type": "SD"}, {"Location": [["996.1", "237.0"], ["996.1", "360.4"], ["927.5", "360.4"], ["927.5", "376.9"], ["842.2", "376.9"], ["842.2", "237.0"]], "Type": "GATE"}, {"Location": [["985.1", "242.8"], ["991.3", "242.8"], ["991.3", "353.6"], ["985.1", "353.6"]], "Type": "SD"}], "Module": "M12", "Boundary": [["996.1", "237.0"], ["996.1", "360.4"], ["927.5", "360.4"], ["927.5", "376.9"], ["835.2", "376.9"], ["835.2", "237.0"]], "Module_type": "GATE"}, {"Ports": [{"Location": [["684.0", "311.3"], ["689.5", "311.3"], ["689.5", "360.8"], ["684.0", "360.8"]], "Type": "SD"}, {"Location": [["815.1", "298.3"], ["815.1", "360.5"], ["750.8", "360.5"], ["750.8", "373.8"], ["691.3", "373.8"], ["691.3", "298.3"]], "Type": "GATE"}, {"Location": [["803.7", "304.3"], ["810.1", "304.3"], ["810.1", "353.5"], ["803.7", "353.5"]], "Type": "SD"}], "Module": "M8", "Boundary": [["815.1", "298.3"], ["815.1", "360.5"], ["750.8", "360.5"], ["750.8", "373.8"], ["684.0", "373.8"], ["684.0", "298.3"]], "Module_type": "GATE"}, {"Ports": [{"Location": [["10.0", "471.3"], ["14.8", "471.3"], ["14.8", "524.4"], ["10.0", "524.4"]], "Type": "SD"}, {"Location": [["202.2", "456.8"], ["202.2", "524.3"], ["103.5", "524.3"], ["103.5", "538.9"], ["17.7", "538.9"], ["17.7", "456.8"]], "Type": "GATE"}, {"Location": [["189.9", "462.6"], ["197.4", "462.6"], ["197.4", "517.5"], ["189.9", "517.5"]], "Type": "SD"}], "Module": "M4", "Boundary": [["202.2", "456.8"], ["202.2", "524.3"], ["103.5", "524.3"], ["103.5", "538.9"], ["10.0", "538.9"], ["10.0", "456.8"]], "Module_type": "GATE"}, {"Ports": [{"Location": [["423.8", "138.3"], ["429.3", "138.3"], ["429.3", "177.2"], ["423.8", "177.2"]], "Type": "SD"}, {"Location": [["638.0", "126.2"], ["638.0", "173.8"], ["637.9", "173.8"], ["637.9", "189.3"], ["430.9", "189.3"], ["430.9", "126.2"]], "Type": "GATE"}, {"Location": [["628.1", "131.7"], ["633.5", "131.7"], ["633.5", "168.3"], ["628.1", "168.3"]], "Type": "SD"}], "Module": "M17", "Boundary": [["638.0", "126.2"], ["638.0", "173.8"], ["637.9", "173.8"], ["637.9", "189.3"], ["423.8", "189.3"], ["423.8", "126.2"]], "Module_type": "GATE"}], "Area": [["-30.0", "-30.0"], ["1036.1", "-30.0"], ["1036.1", "578.9"], ["-30.0", "578.9"]], "Rules": ["GATE(5,5)", "SD(5,5)", "GATE_SD(0.5)", "GATE_ITO(0.5)", "SD_ITO(0.5)"]}