{"Modules": [{"Module": "M14", "Boundary": [["418.6", "615.5"], ["512.5", "615.5"], ["512.5", "680.3"], ["526.4", "680.3"], ["526.4", "802.4"], ["418.6", "802.4"]], "Module_type": "GATE", "Ports": [{"Location": [["432.1", "797.4"], ["512.9", "797.4"], ["512.9", "802.4"], ["432.1", "802.4"]], "Type": "SD"}, {"Location": [["418.6", "615.5"], ["512.5", "615.5"], ["512.5", "680.3"], ["526.4", "680.3"], ["526.4", "795.2"], ["418.6", "795.2"]], "Type": "GATE"}, {"Location": [["424.3", "620.2"], ["505.8", "620.2"], ["505.8", "627.2"], ["424.3", "627.2"]], "Type": "SD"}]}, {"Ports": [{"Location": [["212.6", "1000.2"], ["301.3", "1000.2"], ["301.3", "1005.4"], ["212.6", "1005.4"]], "Type": "SD"}, {"Location": [["198.8", "804.9"], ["315.1", "804.9"], ["315.1", "998.9"], ["198.8", "998.9"]], "Type": "GATE"}, {"Location": [["204.6", "809.7"], ["309.3", "809.7"], ["309.3", "816.1"], ["204.6", "816.1"]], "Type": "SD"}], "Module": "M9", "Boundary": [["198.8", "804.9"], ["315.1", "804.9"], ["315.1", "1005.4"], ["198.8", "1005.4"]], "Module_type": "GATE"}, {"Ports": [{"Location": [["10.0", "923.3"], ["15.1", "923.3"], ["15.1", "1002.2"], ["10.0", "1002.2"]], "Type": "SD"}, {"Location": [["168.7", "909.1"], ["168.7", "1001.9"], ["168.2", "1001.9"], ["168.2", "1016.4"], ["17.7", "1016.4"], ["17.7", "909.1"]], "Type": "GATE"}, {"Location": [["156.9", "915.8"], ["163.0", "915.8"], ["163.0", "995.2"], ["156.9", "995.2"]], "Type": "SD"}], "Module": "M5", "Boundary": [["168.7", "909.1"], ["168.7", "1001.9"], ["168.2", "1001.9"], ["168.2", "1016.4"], ["10.0", "1016.4"], ["10.0", "909.1"]], "Module_type": "GATE"}, {"Ports": [{"Location": [["422.5", "460.6"], ["483.4", "460.6"], ["483.4", "465.0"], ["422.5", "465.0"]], "Type": "SD"}, {"Location": [["406.8", "263.7"], ["499.1", "263.7"], ["499.1", "459.0"], ["406.8", "459.0"]], "Type": "GATE"}, {"Location": [["413.5", "269.4"], ["492.4", "269.4"], ["492.4", "275.9"], ["413.5", "275.9"]], "Type": "SD"}], "Module": "M11", "Boundary": [["406.8", "263.7"], ["499.1", "263.7"], ["499.1", "465.0"], ["406.8", "465.0"]], "Module_type": "GATE"}, {"Ports": [{"Location": [["335.3", "222.9"], ["376.6", "222.9"], ["376.6", "227.8"], ["335.3", "227.8"]], "Type": "SD"}, {"Location": [["321.9", "125.5"], ["373.1", "125.5"], ["373.1", "125.7"], ["390.0", "125.7"], ["390.0", "220.0"], ["321.9", "220.0"]], "Type": "GATE"}, {"Location": [["327.0", "129.6"], ["368.0", "129.6"], ["368.0", "136.0"], ["327.0", "136.0"]], "Type": "SD"}], "Module": "M1", "Boundary": [["321.9", "125.5"], ["373.1", "125.5"], ["373.1", "125.7"], ["390.0", "125.7"], ["390.0", "227.8"], ["321.9", "227.8"]], "Module_type": "GATE"}, {"Ports": [{"Location": [["380.3", "976.5"], ["484.1", "976.5"], ["484.1", "981.4"], ["380.3", "981.4"]], "Type": "SD"}, {"Location": [["365.1", "842.4"], ["483.0", "842.4"], ["483.0", "842.7"], ["499.3", "842.7"], ["499.3", "974.9"], ["365.1", "974.9"]], "Type": "GATE"}, {"Location": [["371.8", "848.1"], ["476.3", "848.1"], ["476.3", "854.2"], ["371.8", "854.2"]], "Type": "SD"}], "Module": "M19", "Boundary": [["365.1", "842.4"], ["483.0", "842.4"], ["483.0", "842.7"], ["499.3", "842.7"], ["499.3", "981.4"], ["365.1", "981.4"]], "Module_type": "GATE"}, {"Ports": [{"Location": [["23.7", "585.2"], ["98.6", "585.2"], ["98.6", "590.1"], ["23.7", "590.1"]], "Type": "SD"}, {"Location": [["10.0", "409.3"], ["96.2", "409.3"], ["96.2", "486.9"], ["112.3", "486.9"], ["112.3", "583.9"], ["10.0", "583.9"]], "Type": "GATE"}, {"Location": [["15.1", "413.4"], ["90.1", "413.4"], ["90.1", "419.8"], ["15.1", "419.8"]], "Type": "SD"}], "Module": "M6", "Boundary": [["10.0", "409.3"], ["96.2", "409.3"], ["96.2", "486.9"], ["112.3", "486.9"], ["112.3", "590.1"], ["10.0", "590.1"]], "Module_type": "GATE"}, {"Ports": [{"Location": [["370.3", "509.1"], ["374.7", "509.1"], ["374.7", "581.4"], ["370.3", "581.4"]], "Type": "SD"}, {"Location": [["531.0", "495.0"], ["531.0", "580.1"], ["462.7", "580.1"], ["462.7", "595.5"], ["375.8", "595.5"], ["375.8", "495.0"]], "Type": "GATE"}, {"Location": [["519.7", "500.5"], ["526.5", "500.5"], ["526.5", "573.6"], ["519.7", "573.6"]], "Type": "SD"}], "Module": "M2", "Boundary": [["531.0", "495.0"], ["531.0", "580.1"], ["462.7", "580.1"], ["462.7", "595.5"], ["370.3", "595.5"], ["370.3", "495.0"]], "Module_type": "GATE"}, {"Ports": [{"Location": [["152.3", "473.6"], ["157.7", "473.6"], ["157.7", "561.4"], ["152.3", "561.4"]], "Type": "SD"}, {"Location": [["330.3", "459.1"], ["330.3", "560.6"], ["315.3", "560.6"], ["315.3", "575.9"], ["160.1", "575.9"], ["160.1", "459.1"]], "Type": "GATE"}, {"Location": [["318.3", "465.6"], ["324.8", "465.6"], ["324.8", "553.1"], ["318.3", "553.1"]], "Type": "SD"}], "Module": "M16", "Boundary": [["330.3", "459.1"], ["330.3", "560.6"], ["315.3", "560.6"], ["315.3", "575.9"], ["152.3", "575.9"], ["152.3", "459.1"]], "Module_type": "GATE"}, {"Ports": [{"Location": [["203.9", "650.3"], ["209.8", "650.3"], ["209.8", "740.5"], ["203.9", "740.5"]], "Type": "SD"}, {"Location": [["378.6", "635.9"], ["378.6", "754.9"], ["211.7", "754.9"], ["211.7", "635.9"]], "Type": "GATE"}, {"Location": [["367.3", "642.7"], ["372.8", "642.7"], ["372.8", "748.1"], ["367.3", "748.1"]], "Type": "SD"}], "Module": "M13", "Boundary": [["378.6", "635.9"], ["378.6", "754.9"], ["203.9", "754.9"], ["203.9", "635.9"]], "Module_type": "GATE"}, {"Ports": [{"Location": [["169.8", "244.6"], ["279.7", "244.6"], ["279.7", "248.6"], ["169.8", "248.6"]], "Type": "SD"}, {"Location": [["157.6", "142.7"], ["278.1", "142.7"], ["278.1", "176.0"], ["291.9", "176.0"], ["291.9", "242.7"], ["157.6", "242.7"]], "Type": "GATE"}, {"Location": [["163.1", "147.2"], ["271.6", "147.2"], ["271.6", "152.9"], ["163.1", "152.9"]], "Type": "SD"}], "Module": "M10", "Boundary": [["157.6", "142.7"], ["278.1", "142.7"], ["278.1", "176.0"], ["291.9", "176.0"], ["291.9", "248.6"], ["157.6", "248.6"]], "Module_type": "GATE"}, {"Ports": [{"Location": [["266.8", "100.0"], ["330.7", "100.0"], ["330.7", "105.5"], ["266.8", "105.5"]], "Type": "SD"}, {"Location": [["254.1", "10.0"], ["343.4", "10.0"], ["343.4", "97.7"], ["254.1", "97.7"]], "Type": "GATE"}, {"Location": [["259.2", "14.1"], ["338.3", "14.1"], ["338.3", "19.3"], ["259.2", "19.3"]], "Type": "SD"}], "Module": "M7", "Boundary": [["254.1", "10.0"], ["343.4", "10.0"], ["343.4", "105.5"], ["254.1", "105.5"]], "Module_type": "GATE"}, {"Ports": [{"Location": [["30.0", "650.3"], ["35.6", "650.3"], ["35.6", "750.1"], ["30.0", "750.1"]], "Type": "SD"}, {"Location": [["143.9", "635.9"], ["143.9", "749.2"], ["143.7", "749.2"], ["143.7", "764.5"], ["38.1", "764.5"], ["38.1", "635.9"]], "Type": "GATE"}, {"Location": [["131.3", "642.8"], ["138.0", "642.8"], ["138.0", "742.3"], ["131.3", "742.3"]], "Type": "SD"}], "Module": "M3", "Boundary": [["143.9", "635.9"], ["143.9", "749.2"], ["143.7", "749.2"], ["143.7", "764.5"], ["30.0", "764.5"], ["30.0", "635.9"]], "Module_type": "GATE"}, {"Ports": [{"Location": [["410.0", "138.6"], ["415.3", "138.6"], ["415.3", "219.7"], ["410.0", "219.7"]], "Type": "SD"}, {"Location": [["529.7", "124.6"], ["529.7", "219.7"], ["492.2", "219.7"], ["492.2", "233.7"], ["417.2", "233.7"], ["417.2", "124.6"]], "Type": "GATE"}, {"Location": [["517.8", "131.5"], ["523.8", "131.5"], ["523.8", "211.8"], ["517.8", "211.8"]], "Type": "SD"}], "Module": "M18", "Boundary": [["529.7", "124.6"], ["529.7", "219.7"], ["492.2", "219.7"], ["492.2", "233.7"], ["410.0", "233.7"], ["410.0", "124.6"]], "Module_type": "GATE"}, {"Ports": [{"Location": [["167.6", "313.5"], ["173.5", "313.5"], ["173.5", "384.2"], ["167.6", "384.2"]], "Type": "SD"}, {"Location": [["356.8", "298.6"], ["356.8", "385.0"], ["259.6", "385.0"], ["259.6", "399.1"], ["175.0", "399.1"], ["175.0", "298.6"]], "Type": "GATE"}, {"Location": [["344.6", "305.5"], ["350.9", "305.5"], ["350.9", "376.1"], ["344.6", "376.1"]], "Type": "SD"}], "Module": "M20", "Boundary": [["356.8", "298.6"], ["356.8", "385.0"], ["259.6", "385.0"], ["259.6", "399.1"], ["167.6", "399.1"], ["167.6", "298.6"]], "Module_type": "GATE"}, {"Ports": [{"Location": [["363.4", "23.5"], ["367.5", "23.5"], ["367.5", "91.1"], ["363.4", "91.1"]], "Type": "SD"}, {"Location": [["524.2", "10.0"], ["524.2", "104.6"], ["369.1", "104.6"], ["369.1", "10.0"]], "Type": "GATE"}, {"Location": [["512.7", "16.0"], ["519.2", "16.0"], ["519.2", "98.6"], ["512.7", "98.6"]], "Type": "SD"}], "Module": "M15", "Boundary": [["524.2", "10.0"], ["524.2", "104.6"], ["363.4", "104.6"], ["363.4", "10.0"]], "Module_type": "GATE"}, {"Ports": [{"Location": [["25.4", "190.9"], ["112.2", "190.9"], ["112.2", "196.2"], ["25.4", "196.2"]], "Type": "SD"}, {"Location": [["10.0", "10.0"], ["112.5", "10.0"], ["112.5", "90.1"], ["127.6", "90.1"], ["127.6", "189.1"], ["10.0", "189.1"]], "Type": "GATE"}, {"Location": [["16.6", "15.6"], ["104.9", "15.6"], ["104.9", "22.9"], ["16.6", "22.9"]], "Type": "SD"}], "Module": "M12", "Boundary": [["10.0", "10.0"], ["112.5", "10.0"], ["112.5", "90.1"], ["127.6", "90.1"], ["127.6", "196.2"], ["10.0", "196.2"]], "Module_type": "GATE"}, {"Ports": [{"Location": [["21.6", "384.6"], ["115.6", "384.6"], ["115.6", "389.3"], ["21.6", "389.3"]], "Type": "SD"}, {"Location": [["10.0", "216.2"], ["113.6", "216.2"], ["113.6", "322.5"], ["127.2", "322.5"], ["127.2", "383.5"], ["10.0", "383.5"]], "Type": "GATE"}, {"Location": [["15.8", "221.0"], ["106.8", "221.0"], ["106.8", "225.3"], ["15.8", "225.3"]], "Type": "SD"}], "Module": "M8", "Boundary": [["10.0", "216.2"], ["113.6", "216.2"], ["113.6", "322.5"], ["127.2", "322.5"], ["127.2", "389.3"], ["10.0", "389.3"]], "Module_type": "GATE"}, {"Ports": [{"Location": [["161.4", "107.7"], ["220.3", "107.7"], ["220.3", "112.7"], ["161.4", "112.7"]], "Type": "SD"}, {"Location": [["147.6", "10.0"], ["217.7", "10.0"], ["217.7", "47.9"], ["234.1", "47.9"], ["234.1", "105.4"], ["147.6", "105.4"]], "Type": "GATE"}, {"Location": [["153.0", "14.4"], ["211.3", "14.4"], ["211.3", "20.7"], ["153.0", "20.7"]], "Type": "SD"}], "Module": "M4", "Boundary": [["147.6", "10.0"], ["217.7", "10.0"], ["217.7", "47.9"], ["234.1", "47.9"], ["234.1", "112.7"], ["147.6", "112.7"]], "Module_type": "GATE"}], "Area": [["-30.0", "-30.0"], ["571.0", "-30.0"], ["571.0", "1056.4"], ["-30.0", "1056.4"]], "Rules": ["GATE(5,5)", "SD(5,5)", "GATE_SD(0.5)", "GATE_ITO(0.5)", "SD_ITO(0.5)"]}