{"Modules": [{"Module": "M14", "Boundary": [["230.0", "10.0"], ["230.0", "135.6"], ["180.0", "135.6"], ["180.0", "152.3"], ["133.9", "152.3"], ["133.9", "10.0"]], "Module_type": "GATE", "Ports": [{"Location": [["133.9", "24.5"], ["139.3", "24.5"], ["139.3", "137.8"], ["133.9", "137.8"]], "Type": "SD"}, {"Location": [["230.0", "10.0"], ["230.0", "135.6"], ["180.0", "135.6"], ["180.0", "152.3"], ["140.9", "152.3"], ["140.9", "10.0"]], "Type": "GATE"}, {"Location": [["218.6", "15.9"], ["225.1", "15.9"], ["225.1", "128.7"], ["218.6", "128.7"]], "Type": "SD"}]}, {"Ports": [{"Location": [["33.7", "141.5"], ["90.2", "141.5"], ["90.2", "146.2"], ["33.7", "146.2"]], "Type": "SD"}, {"Location": [["20.0", "20.0"], ["87.4", "20.0"], ["87.4", "20.1"], ["103.9", "20.1"], ["103.9", "139.0"], ["20.0", "139.0"]], "Type": "GATE"}, {"Location": [["25.5", "24.5"], ["81.9", "24.5"], ["81.9", "30.5"], ["25.5", "30.5"]], "Type": "SD"}], "Module": "M9", "Boundary": [["20.0", "20.0"], ["87.4", "20.0"], ["87.4", "20.1"], ["103.9", "20.1"], ["103.9", "146.2"], ["20.0", "146.2"]], "Module_type": "GATE"}, {"Ports": [{"Location": [["608.3", "197.5"], ["696.0", "197.5"], ["696.0", "202.9"], ["608.3", "202.9"]], "Type": "SD"}, {"Location": [["595.5", "10.0"], ["692.6", "10.0"], ["692.6", "10.3"], ["708.8", "10.3"], ["708.8", "195.6"], ["595.5", "195.6"]], "Type": "GATE"}, {"Location": [["601.3", "14.8"], ["686.8", "14.8"], ["686.8", "20.2"], ["601.3", "20.2"]], "Type": "SD"}], "Module": "M5", "Boundary": [["595.5", "10.0"], ["692.6", "10.0"], ["692.6", "10.3"], ["708.8", "10.3"], ["708.8", "202.9"], ["595.5", "202.9"]], "Module_type": "GATE"}, {"Ports": [{"Location": [["274.3", "147.4"], ["346.5", "147.4"], ["346.5", "153.1"], ["274.3", "153.1"]], "Type": "SD"}, {"Location": [["260.0", "20.0"], ["360.8", "20.0"], ["360.8", "144.5"], ["260.0", "144.5"]], "Type": "GATE"}, {"Location": [["266.4", "25.4"], ["354.4", "25.4"], ["354.4", "32.0"], ["266.4", "32.0"]], "Type": "SD"}], "Module": "M11", "Boundary": [["260.0", "20.0"], ["360.8", "20.0"], ["360.8", "153.1"], ["260.0", "153.1"]], "Module_type": "GATE"}, {"Ports": [{"Location": [["735.9", "503.0"], ["828.5", "503.0"], ["828.5", "507.5"], ["735.9", "507.5"]], "Type": "SD"}, {"Location": [["721.4", "285.6"], ["843.0", "285.6"], ["843.0", "500.1"], ["721.4", "500.1"]], "Type": "GATE"}, {"Location": [["728.3", "291.5"], ["836.1", "291.5"], ["836.1", "297.4"], ["728.3", "297.4"]], "Type": "SD"}], "Module": "M1", "Boundary": [["721.4", "285.6"], ["843.0", "285.6"], ["843.0", "507.5"], ["721.4", "507.5"]], "Module_type": "GATE"}, {"Ports": [{"Location": [["43.0", "497.7"], ["116.9", "497.7"], ["116.9", "503.5"], ["43.0", "503.5"]], "Type": "SD"}, {"Location": [["30.0", "371.9"], ["113.2", "371.9"], ["113.2", "372.0"], ["129.9", "372.0"], ["129.9", "494.9"], ["30.0", "494.9"]], "Type": "GATE"}, {"Location": [["35.2", "376.1"], ["108.0", "376.1"], ["108.0", "382.2"], ["35.2", "382.2"]], "Type": "SD"}], "Module": "M19", "Boundary": [["30.0", "371.9"], ["113.2", "371.9"], ["113.2", "372.0"], ["129.9", "372.0"], ["129.9", "503.5"], ["30.0", "503.5"]], "Module_type": "GATE"}, {"Ports": [{"Location": [["675.3", "541.5"], ["679.9", "541.5"], ["679.9", "639.2"], ["675.3", "639.2"]], "Type": "SD"}, {"Location": [["846.0", "527.5"], ["846.0", "639.1"], ["788.0", "639.1"], ["788.0", "653.2"], ["681.0", "653.2"], ["681.0", "527.5"]], "Type": "GATE"}, {"Location": [["834.3", "534.0"], ["840.5", "534.0"], ["840.5", "631.6"], ["834.3", "631.6"]], "Type": "SD"}], "Module": "M6", "Boundary": [["846.0", "527.5"], ["846.0", "639.1"], ["788.0", "639.1"], ["788.0", "653.2"], ["675.3", "653.2"], ["675.3", "527.5"]], "Module_type": "GATE"}, {"Ports": [{"Location": [["600.4", "319.9"], ["672.6", "319.9"], ["672.6", "324.6"], ["600.4", "324.6"]], "Type": "SD"}, {"Location": [["584.5", "223.3"], ["673.0", "223.3"], ["673.0", "252.7"], ["688.5", "252.7"], ["688.5", "317.2"], ["584.5", "317.2"]], "Type": "GATE"}, {"Location": [["590.9", "228.7"], ["665.6", "228.7"], ["665.6", "236.4"], ["590.9", "236.4"]], "Type": "SD"}], "Module": "M2", "Boundary": [["584.5", "223.3"], ["673.0", "223.3"], ["673.0", "252.7"], ["688.5", "252.7"], ["688.5", "324.6"], ["584.5", "324.6"]], "Module_type": "GATE"}, {"Ports": [{"Location": [["393.0", "561.1"], ["499.4", "561.1"], ["499.4", "567.0"], ["393.0", "567.0"]], "Type": "SD"}, {"Location": [["379.1", "368.9"], ["496.8", "368.9"], ["496.8", "369.1"], ["513.3", "369.1"], ["513.3", "559.9"], ["379.1", "559.9"]], "Type": "GATE"}, {"Location": [["385.0", "373.8"], ["490.9", "373.8"], ["490.9", "380.1"], ["385.0", "380.1"]], "Type": "SD"}], "Module": "M16", "Boundary": [["379.1", "368.9"], ["496.8", "368.9"], ["496.8", "369.1"], ["513.3", "369.1"], ["513.3", "567.0"], ["379.1", "567.0"]], "Module_type": "GATE"}, {"Ports": [{"Location": [["189.9", "368.7"], ["193.9", "368.7"], ["193.9", "422.3"], ["189.9", "422.3"]], "Type": "SD"}, {"Location": [["319.1", "356.4"], ["319.1", "434.6"], ["196.8", "434.6"], ["196.8", "356.4"]], "Type": "GATE"}, {"Location": [["308.5", "362.3"], ["314.2", "362.3"], ["314.2", "428.7"], ["308.5", "428.7"]], "Type": "SD"}], "Module": "M13", "Boundary": [["319.1", "356.4"], ["319.1", "434.6"], ["189.9", "434.6"], ["189.9", "356.4"]], "Module_type": "GATE"}, {"Ports": [{"Location": [["575.2", "465.8"], ["679.5", "465.8"], ["679.5", "470.9"], ["575.2", "470.9"]], "Type": "SD"}, {"Location": [["563.3", "358.9"], ["676.2", "358.9"], ["676.2", "420.0"], ["691.4", "420.0"], ["691.4", "463.0"], ["563.3", "463.0"]], "Type": "GATE"}, {"Location": [["568.4", "363.0"], ["670.1", "363.0"], ["670.1", "368.0"], ["568.4", "368.0"]], "Type": "SD"}], "Module": "M10", "Boundary": [["563.3", "358.9"], ["676.2", "358.9"], ["676.2", "420.0"], ["691.4", "420.0"], ["691.4", "470.9"], ["563.3", "470.9"]], "Module_type": "GATE"}, {"Ports": [{"Location": [["10.0", "555.5"], ["15.5", "555.5"], ["15.5", "643.0"], ["10.0", "643.0"]], "Type": "SD"}, {"Location": [["154.4", "543.5"], ["154.4", "639.0"], ["154.1", "639.0"], ["154.1", "655.0"], ["18.0", "655.0"], ["18.0", "543.5"]], "Type": "GATE"}, {"Location": [["145.1", "549.5"], ["149.4", "549.5"], ["149.4", "633.0"], ["145.1", "633.0"]], "Type": "SD"}], "Module": "M7", "Boundary": [["154.4", "543.5"], ["154.4", "639.0"], ["154.1", "639.0"], ["154.1", "655.0"], ["10.0", "655.0"], ["10.0", "543.5"]], "Module_type": "GATE"}, {"Ports": [{"Location": [["764.2", "241.1"], ["804.7", "241.1"], ["804.7", "245.6"], ["764.2", "245.6"]], "Type": "SD"}, {"Location": [["748.8", "30.0"], ["820.1", "30.0"], ["820.1", "238.3"], ["748.8", "238.3"]], "Type": "GATE"}, {"Location": [["755.3", "35.5"], ["813.6", "35.5"], ["813.6", "41.9"], ["755.3", "41.9"]], "Type": "SD"}], "Module": "M3", "Boundary": [["748.8", "30.0"], ["820.1", "30.0"], ["820.1", "245.6"], ["748.8", "245.6"]], "Module_type": "GATE"}, {"Ports": [{"Location": [["390.8", "238.6"], ["395.7", "238.6"], ["395.7", "313.6"], ["390.8", "313.6"]], "Type": "SD"}, {"Location": [["564.5", "223.3"], ["564.5", "313.7"], ["535.7", "313.7"], ["535.7", "328.9"], ["398.6", "328.9"], ["398.6", "223.3"]], "Type": "GATE"}, {"Location": [["552.2", "229.2"], ["559.6", "229.2"], ["559.6", "305.8"], ["552.2", "305.8"]], "Type": "SD"}], "Module": "M18", "Boundary": [["564.5", "223.3"], ["564.5", "313.7"], ["535.7", "313.7"], ["535.7", "328.9"], ["390.8", "328.9"], ["390.8", "223.3"]], "Module_type": "GATE"}, {"Ports": [{"Location": [["194.4", "506.7"], ["199.0", "506.7"], ["199.0", "616.6"], ["194.4", "616.6"]], "Type": "SD"}, {"Location": [["309.9", "494.6"], ["309.9", "615.0"], ["254.8", "615.0"], ["254.8", "628.7"], ["201.1", "628.7"], ["201.1", "494.6"]], "Type": "GATE"}, {"Location": [["299.6", "499.8"], ["305.7", "499.8"], ["305.7", "608.8"], ["299.6", "608.8"]], "Type": "SD"}], "Module": "M20", "Boundary": [["309.9", "494.6"], ["309.9", "615.0"], ["254.8", "615.0"], ["254.8", "628.7"], ["194.4", "628.7"], ["194.4", "494.6"]], "Module_type": "GATE"}, {"Ports": [{"Location": [["22.1", "327.0"], ["130.1", "327.0"], ["130.1", "331.9"], ["22.1", "331.9"]], "Type": "SD"}, {"Location": [["10.0", "176.2"], ["142.2", "176.2"], ["142.2", "325.1"], ["10.0", "325.1"]], "Type": "GATE"}, {"Location": [["15.1", "180.3"], ["137.1", "180.3"], ["137.1", "185.4"], ["15.1", "185.4"]], "Type": "SD"}], "Module": "M15", "Boundary": [["10.0", "176.2"], ["142.2", "176.2"], ["142.2", "331.9"], ["10.0", "331.9"]], "Module_type": "GATE"}, {"Ports": [{"Location": [["568.1", "646.7"], ["640.5", "646.7"], ["640.5", "651.9"], ["568.1", "651.9"]], "Type": "SD"}, {"Location": [["553.3", "500.9"], ["640.0", "500.9"], ["640.0", "576.4"], ["655.3", "576.4"], ["655.3", "644.6"], ["553.3", "644.6"]], "Type": "GATE"}, {"Location": [["560.3", "506.9"], ["632.0", "506.9"], ["632.0", "513.3"], ["560.3", "513.3"]], "Type": "SD"}], "Module": "M12", "Boundary": [["553.3", "500.9"], ["640.0", "500.9"], ["640.0", "576.4"], ["655.3", "576.4"], ["655.3", "651.9"], ["553.3", "651.9"]], "Module_type": "GATE"}, {"Ports": [{"Location": [["162.2", "194.4"], ["167.1", "194.4"], ["167.1", "305.1"], ["162.2", "305.1"]], "Type": "SD"}, {"Location": [["360.3", "183.1"], ["360.3", "302.7"], ["272.7", "302.7"], ["272.7", "316.4"], ["168.8", "316.4"], ["168.8", "183.1"]], "Type": "GATE"}, {"Location": [["350.9", "188.4"], ["356.0", "188.4"], ["356.0", "296.4"], ["350.9", "296.4"]], "Type": "SD"}], "Module": "M8", "Boundary": [["360.3", "183.1"], ["360.3", "302.7"], ["272.7", "302.7"], ["272.7", "316.4"], ["162.2", "316.4"], ["162.2", "183.1"]], "Module_type": "GATE"}, {"Ports": [{"Location": [["404.2", "185.3"], ["456.8", "185.3"], ["456.8", "190.6"], ["404.2", "190.6"]], "Type": "SD"}, {"Location": [["390.8", "10.0"], ["456.7", "10.0"], ["456.7", "87.1"], ["470.2", "87.1"], ["470.2", "182.6"], ["390.8", "182.6"]], "Type": "GATE"}, {"Location": [["396.7", "14.9"], ["448.8", "14.9"], ["448.8", "20.7"], ["396.7", "20.7"]], "Type": "SD"}], "Module": "M4", "Boundary": [["390.8", "10.0"], ["456.7", "10.0"], ["456.7", "87.1"], ["470.2", "87.1"], ["470.2", "190.6"], ["390.8", "190.6"]], "Module_type": "GATE"}, {"Ports": [{"Location": [["504.1", "197.9"], ["561.6", "197.9"], ["561.6", "203.3"], ["504.1", "203.3"]], "Type": "SD"}, {"Location": [["490.2", "10.0"], ["575.5", "10.0"], ["575.5", "194.9"], ["490.2", "194.9"]], "Type": "GATE"}, {"Location": [["495.9", "14.7"], ["569.8", "14.7"], ["569.8", "22.1"], ["495.9", "22.1"]], "Type": "SD"}], "Module": "M17", "Boundary": [["490.2", "10.0"], ["575.5", "10.0"], ["575.5", "203.3"], ["490.2", "203.3"]], "Module_type": "GATE"}], "Area": [["-30.0", "-30.0"], ["886.0", "-30.0"], ["886.0", "695.0"], ["-30.0", "695.0"]], "Rules": ["GATE(5,5)", "SD(5,5)", "GATE_SD(0.5)", "GATE_ITO(0.5)", "SD_ITO(0.5)"]}