{"Modules": [{"Module": "M14", "Boundary": [["154.1", "606.1"], ["154.1", "676.8"], ["83.2", "676.8"], ["83.2", "693.6"], ["10.0", "693.6"], ["10.0", "606.1"]], "Module_type": "GATE", "Ports": [{"Location": [["10.0", "619.2"], ["14.9", "619.2"], ["14.9", "680.5"], ["10.0", "680.5"]], "Type": "SD"}, {"Location": [["154.1", "606.1"], ["154.1", "676.8"], ["83.2", "676.8"], ["83.2", "693.6"], ["17.4", "693.6"], ["17.4", "606.1"]], "Type": "GATE"}, {"Location": [["143.9", "611.2"], ["150.0", "611.2"], ["150.0", "670.7"], ["143.9", "670.7"]], "Type": "SD"}]}, {"Ports": [{"Location": [["20.0", "170.2"], ["25.8", "170.2"], ["25.8", "228.1"], ["20.0", "228.1"]], "Type": "SD"}, {"Location": [["239.2", "156.6"], ["239.2", "224.8"], ["239.1", "224.8"], ["239.1", "241.7"], ["27.6", "241.7"], ["27.6", "156.6"]], "Type": "GATE"}, {"Location": [["228.0", "162.3"], ["234.5", "162.3"], ["234.5", "219.1"], ["228.0", "219.1"]], "Type": "SD"}], "Module": "M9", "Boundary": [["239.2", "156.6"], ["239.2", "224.8"], ["239.1", "224.8"], ["239.1", "241.7"], ["20.0", "241.7"], ["20.0", "156.6"]], "Module_type": "GATE"}, {"Ports": [{"Location": [["512.6", "22.5"], ["516.8", "22.5"], ["516.8", "103.2"], ["512.6", "103.2"]], "Type": "SD"}, {"Location": [["607.0", "10.0"], ["607.0", "115.7"], ["518.4", "115.7"], ["518.4", "10.0"]], "Type": "GATE"}, {"Location": [["596.7", "15.4"], ["602.6", "15.4"], ["602.6", "95.4"], ["596.7", "95.4"]], "Type": "SD"}], "Module": "M5", "Boundary": [["607.0", "10.0"], ["607.0", "115.7"], ["512.6", "115.7"], ["512.6", "10.0"]], "Module_type": "GATE"}, {"Ports": [{"Location": [["176.4", "563.4"], ["255.1", "563.4"], ["255.1", "568.4"], ["176.4", "568.4"]], "Type": "SD"}, {"Location": [["163.7", "442.6"], ["267.8", "442.6"], ["267.8", "561.7"], ["163.7", "561.7"]], "Type": "GATE"}, {"Location": [["169.7", "447.6"], ["261.8", "447.6"], ["261.8", "453.3"], ["169.7", "453.3"]], "Type": "SD"}], "Module": "M11", "Boundary": [["163.7", "442.6"], ["267.8", "442.6"], ["267.8", "568.4"], ["163.7", "568.4"]], "Module_type": "GATE"}, {"Ports": [{"Location": [["286.6", "114.2"], ["291.7", "114.2"], ["291.7", "186.5"], ["286.6", "186.5"]], "Type": "SD"}, {"Location": [["369.8", "101.0"], ["369.8", "199.7"], ["294.4", "199.7"], ["294.4", "101.0"]], "Type": "GATE"}, {"Location": [["359.5", "107.6"], ["364.2", "107.6"], ["364.2", "193.1"], ["359.5", "193.1"]], "Type": "SD"}], "Module": "M1", "Boundary": [["369.8", "101.0"], ["369.8", "199.7"], ["286.6", "199.7"], ["286.6", "101.0"]], "Module_type": "GATE"}, {"Ports": [{"Location": [["494.8", "332.6"], ["500.0", "332.6"], ["500.0", "446.5"], ["494.8", "446.5"]], "Type": "SD"}, {"Location": [["586.3", "319.7"], ["586.3", "441.7"], ["585.6", "441.7"], ["585.6", "459.4"], ["501.4", "459.4"], ["501.4", "319.7"]], "Type": "GATE"}, {"Location": [["576.5", "324.8"], ["582.2", "324.8"], ["582.2", "436.6"], ["576.5", "436.6"]], "Type": "SD"}], "Module": "M19", "Boundary": [["586.3", "319.7"], ["586.3", "441.7"], ["585.6", "441.7"], ["585.6", "459.4"], ["494.8", "459.4"], ["494.8", "319.7"]], "Module_type": "GATE"}, {"Ports": [{"Location": [["10.0", "286.8"], ["14.2", "286.8"], ["14.2", "397.5"], ["10.0", "397.5"]], "Type": "SD"}, {"Location": [["174.8", "271.7"], ["174.8", "396.3"], ["90.2", "396.3"], ["90.2", "412.6"], ["15.6", "412.6"], ["15.6", "271.7"]], "Type": "GATE"}, {"Location": [["162.5", "277.7"], ["169.8", "277.7"], ["169.8", "389.3"], ["162.5", "389.3"]], "Type": "SD"}], "Module": "M6", "Boundary": [["174.8", "271.7"], ["174.8", "396.3"], ["90.2", "396.3"], ["90.2", "412.6"], ["10.0", "412.6"], ["10.0", "271.7"]], "Module_type": "GATE"}, {"Ports": [{"Location": [["10.0", "727.8"], ["15.7", "727.8"], ["15.7", "799.6"], ["10.0", "799.6"]], "Type": "SD"}, {"Location": [["141.4", "713.6"], ["141.4", "798.4"], ["119.9", "798.4"], ["119.9", "813.8"], ["16.8", "813.8"], ["16.8", "713.6"]], "Type": "GATE"}, {"Location": [["130.5", "719.6"], ["136.4", "719.6"], ["136.4", "791.4"], ["130.5", "791.4"]], "Type": "SD"}], "Module": "M2", "Boundary": [["141.4", "713.6"], ["141.4", "798.4"], ["119.9", "798.4"], ["119.9", "813.8"], ["10.0", "813.8"], ["10.0", "713.6"]], "Module_type": "GATE"}, {"Ports": [{"Location": [["30.0", "42.1"], ["35.4", "42.1"], ["35.4", "94.5"], ["30.0", "94.5"]], "Type": "SD"}, {"Location": [["246.6", "30.0"], ["246.6", "92.3"], ["227.3", "92.3"], ["227.3", "106.6"], ["36.8", "106.6"], ["36.8", "30.0"]], "Type": "GATE"}, {"Location": [["237.1", "35.2"], ["242.4", "35.2"], ["242.4", "86.1"], ["237.1", "86.1"]], "Type": "SD"}], "Module": "M16", "Boundary": [["246.6", "30.0"], ["246.6", "92.3"], ["227.3", "92.3"], ["227.3", "106.6"], ["30.0", "106.6"], ["30.0", "30.0"]], "Module_type": "GATE"}, {"Ports": [{"Location": [["209.1", "798.9"], ["344.9", "798.9"], ["344.9", "803.3"], ["209.1", "803.3"]], "Type": "SD"}, {"Location": [["194.1", "618.4"], ["359.9", "618.4"], ["359.9", "797.2"], ["194.1", "797.2"]], "Type": "GATE"}, {"Location": [["199.9", "623.2"], ["354.1", "623.2"], ["354.1", "630.5"], ["199.9", "630.5"]], "Type": "SD"}], "Module": "M13", "Boundary": [["194.1", "618.4"], ["359.9", "618.4"], ["359.9", "803.3"], ["194.1", "803.3"]], "Module_type": "GATE"}, {"Ports": [{"Location": [["340.4", "340.5"], ["344.9", "340.5"], ["344.9", "416.7"], ["340.4", "416.7"]], "Type": "SD"}, {"Location": [["432.4", "328.3"], ["432.4", "412.7"], ["390.6", "412.7"], ["390.6", "428.9"], ["346.1", "428.9"], ["346.1", "328.3"]], "Type": "GATE"}, {"Location": [["423.3", "333.3"], ["428.4", "333.3"], ["428.4", "406.7"], ["423.3", "406.7"]], "Type": "SD"}], "Module": "M10", "Boundary": [["432.4", "328.3"], ["432.4", "412.7"], ["390.6", "412.7"], ["390.6", "428.9"], ["340.4", "428.9"], ["340.4", "328.3"]], "Module_type": "GATE"}, {"Ports": [{"Location": [["194.8", "331.6"], ["199.7", "331.6"], ["199.7", "392.2"], ["194.8", "392.2"]], "Type": "SD"}, {"Location": [["310.4", "318.3"], ["310.4", "387.9"], ["310.1", "387.9"], ["310.1", "405.5"], ["200.9", "405.5"], ["200.9", "318.3"]], "Type": "GATE"}, {"Location": [["299.6", "323.6"], ["306.1", "323.6"], ["306.1", "382.6"], ["299.6", "382.6"]], "Type": "SD"}], "Module": "M7", "Boundary": [["310.4", "318.3"], ["310.4", "387.9"], ["310.1", "387.9"], ["310.1", "405.5"], ["194.8", "405.5"], ["194.8", "318.3"]], "Module_type": "GATE"}, {"Ports": [{"Location": [["519.1", "255.5"], ["571.4", "255.5"], ["571.4", "259.7"], ["519.1", "259.7"]], "Type": "SD"}, {"Location": [["505.6", "155.7"], ["569.5", "155.7"], ["569.5", "156.1"], ["584.9", "156.1"], ["584.9", "252.9"], ["505.6", "252.9"]], "Type": "GATE"}, {"Location": [["511.8", "160.9"], ["563.3", "160.9"], ["563.3", "166.2"], ["511.8", "166.2"]], "Type": "SD"}], "Module": "M3", "Boundary": [["505.6", "155.7"], ["569.5", "155.7"], ["569.5", "156.1"], ["584.9", "156.1"], ["584.9", "259.7"], ["505.6", "259.7"]], "Module_type": "GATE"}, {"Ports": [{"Location": [["269.2", "233.1"], ["273.3", "233.1"], ["273.3", "284.9"], ["269.2", "284.9"]], "Type": "SD"}, {"Location": [["454.8", "219.7"], ["454.8", "284.1"], ["373.9", "284.1"], ["373.9", "298.3"], ["276.0", "298.3"], ["276.0", "219.7"]], "Type": "GATE"}, {"Location": [["443.8", "226.2"], ["449.3", "226.2"], ["449.3", "276.6"], ["443.8", "276.6"]], "Type": "SD"}], "Module": "M18", "Boundary": [["454.8", "219.7"], ["454.8", "284.1"], ["373.9", "284.1"], ["373.9", "298.3"], ["269.2", "298.3"], ["269.2", "219.7"]], "Module_type": "GATE"}, {"Ports": [{"Location": [["483.3", "664.6"], ["572.3", "664.6"], ["572.3", "669.0"], ["483.3", "669.0"]], "Type": "SD"}, {"Location": [["469.6", "519.4"], ["573.2", "519.4"], ["573.2", "606.7"], ["586.0", "606.7"], ["586.0", "663.3"], ["469.6", "663.3"]], "Type": "GATE"}, {"Location": [["476.5", "525.3"], ["565.3", "525.3"], ["565.3", "531.1"], ["476.5", "531.1"]], "Type": "SD"}], "Module": "M20", "Boundary": [["469.6", "519.4"], ["573.2", "519.4"], ["573.2", "606.7"], ["586.0", "606.7"], ["586.0", "669.0"], ["469.6", "669.0"]], "Module_type": "GATE"}, {"Ports": [{"Location": [["23.2", "580.8"], ["120.5", "580.8"], ["120.5", "586.1"], ["23.2", "586.1"]], "Type": "SD"}, {"Location": [["10.0", "432.6"], ["133.7", "432.6"], ["133.7", "579.7"], ["10.0", "579.7"]], "Type": "GATE"}, {"Location": [["15.0", "436.6"], ["128.7", "436.6"], ["128.7", "443.7"], ["15.0", "443.7"]], "Type": "SD"}], "Module": "M15", "Boundary": [["10.0", "432.6"], ["133.7", "432.6"], ["133.7", "586.1"], ["10.0", "586.1"]], "Module_type": "GATE"}, {"Ports": [{"Location": [["399.9", "724.4"], ["405.3", "724.4"], ["405.3", "807.5"], ["399.9", "807.5"]], "Type": "SD"}, {"Location": [["604.1", "709.0"], ["604.1", "805.1"], ["585.9", "805.1"], ["585.9", "822.9"], ["407.9", "822.9"], ["407.9", "709.0"]], "Type": "GATE"}, {"Location": [["591.7", "715.8"], ["598.3", "715.8"], ["598.3", "797.3"], ["591.7", "797.3"]], "Type": "SD"}], "Module": "M12", "Boundary": [["604.1", "709.0"], ["604.1", "805.1"], ["585.9", "805.1"], ["585.9", "822.9"], ["399.9", "822.9"], ["399.9", "709.0"]], "Module_type": "GATE"}, {"Ports": [{"Location": [["402.7", "191.6"], ["452.7", "191.6"], ["452.7", "197.4"], ["402.7", "197.4"]], "Type": "SD"}, {"Location": [["389.8", "101.0"], ["452.1", "101.0"], ["452.1", "129.0"], ["465.6", "129.0"], ["465.6", "190.2"], ["389.8", "190.2"]], "Type": "GATE"}, {"Location": [["395.6", "105.8"], ["445.3", "105.8"], ["445.3", "112.1"], ["395.6", "112.1"]], "Type": "SD"}], "Module": "M8", "Boundary": [["389.8", "101.0"], ["452.1", "101.0"], ["452.1", "129.0"], ["465.6", "129.0"], ["465.6", "197.4"], ["389.8", "197.4"]], "Module_type": "GATE"}, {"Ports": [{"Location": [["308.5", "561.0"], ["418.9", "561.0"], ["418.9", "566.9"], ["308.5", "566.9"]], "Type": "SD"}, {"Location": [["297.8", "458.9"], ["415.9", "458.9"], ["415.9", "510.6"], ["429.6", "510.6"], ["429.6", "559.5"], ["297.8", "559.5"]], "Type": "GATE"}, {"Location": [["303.0", "463.1"], ["409.7", "463.1"], ["409.7", "467.6"], ["303.0", "467.6"]], "Type": "SD"}], "Module": "M4", "Boundary": [["297.8", "458.9"], ["415.9", "458.9"], ["415.9", "510.6"], ["429.6", "510.6"], ["429.6", "566.9"], ["297.8", "566.9"]], "Module_type": "GATE"}, {"Ports": [{"Location": [["286.6", "24.1"], ["291.5", "24.1"], ["291.5", "66.9"], ["286.6", "66.9"]], "Type": "SD"}, {"Location": [["492.6", "10.0"], ["492.6", "63.3"], ["492.6", "63.3"], ["492.6", "81.0"], ["293.8", "81.0"], ["293.8", "10.0"]], "Type": "GATE"}, {"Location": [["481.9", "15.3"], ["488.3", "15.3"], ["488.3", "58.0"], ["481.9", "58.0"]], "Type": "SD"}], "Module": "M17", "Boundary": [["492.6", "10.0"], ["492.6", "63.3"], ["492.6", "63.3"], ["492.6", "81.0"], ["286.6", "81.0"], ["286.6", "10.0"]], "Module_type": "GATE"}], "Area": [["-30.0", "-30.0"], ["647.0", "-30.0"], ["647.0", "862.9"], ["-30.0", "862.9"]], "Rules": ["GATE(5,5)", "SD(5,5)", "GATE_SD(0.5)", "GATE_ITO(0.5)", "SD_ITO(0.5)"]}