{"Modules": [{"Module": "M14", "Boundary": [["351.3", "1048.2"], ["421.8", "1048.2"], ["421.8", "1067.9"], ["438.2", "1067.9"], ["438.2", "1273.0"], ["351.3", "1273.0"]], "Module_type": "GATE", "Ports": [{"Location": [["365.0", "1268.9"], ["424.5", "1268.9"], ["424.5", "1273.0"], ["365.0", "1273.0"]], "Type": "SD"}, {"Location": [["351.3", "1048.2"], ["421.8", "1048.2"], ["421.8", "1067.9"], ["438.2", "1067.9"], ["438.2", "1266.1"], ["351.3", "1266.1"]], "Type": "GATE"}, {"Location": [["356.9", "1052.8"], ["415.2", "1052.8"], ["415.2", "1059.0"], ["356.9", "1059.0"]], "Type": "SD"}]}, {"Ports": [{"Location": [["197.9", "578.0"], ["203.1", "578.0"], ["203.1", "656.1"], ["197.9", "656.1"]], "Type": "SD"}, {"Location": [["417.7", "566.3"], ["417.7", "653.6"], ["417.3", "653.6"], ["417.3", "667.8"], ["204.3", "667.8"], ["204.3", "566.3"]], "Type": "GATE"}, {"Location": [["407.6", "572.0"], ["413.0", "572.0"], ["413.0", "647.9"], ["407.6", "647.9"]], "Type": "SD"}], "Module": "M9", "Boundary": [["417.7", "566.3"], ["417.7", "653.6"], ["417.3", "653.6"], ["417.3", "667.8"], ["197.9", "667.8"], ["197.9", "566.3"]], "Module_type": "GATE"}, {"Ports": [{"Location": [["208.4", "24.5"], ["212.9", "24.5"], ["212.9", "151.8"], ["208.4", "151.8"]], "Type": "SD"}, {"Location": [["424.0", "10.0"], ["424.0", "166.3"], ["215.2", "166.3"], ["215.2", "10.0"]], "Type": "GATE"}, {"Location": [["412.2", "15.3"], ["419.7", "15.3"], ["419.7", "161.0"], ["412.2", "161.0"]], "Type": "SD"}], "Module": "M5", "Boundary": [["424.0", "10.0"], ["424.0", "166.3"], ["208.4", "166.3"], ["208.4", "10.0"]], "Module_type": "GATE"}, {"Ports": [{"Location": [["36.4", "962.8"], ["100.8", "962.8"], ["100.8", "968.2"], ["36.4", "968.2"]], "Type": "SD"}, {"Location": [["20.0", "828.1"], ["98.3", "828.1"], ["98.3", "828.2"], ["117.2", "828.2"], ["117.2", "961.7"], ["20.0", "961.7"]], "Type": "GATE"}, {"Location": [["26.7", "833.8"], ["91.6", "833.8"], ["91.6", "841.1"], ["26.7", "841.1"]], "Type": "SD"}], "Module": "M11", "Boundary": [["20.0", "828.1"], ["98.3", "828.1"], ["98.3", "828.2"], ["117.2", "828.2"], ["117.2", "968.2"], ["20.0", "968.2"]], "Module_type": "GATE"}, {"Ports": [{"Location": [["298.4", "531.4"], ["425.9", "531.4"], ["425.9", "536.3"], ["298.4", "536.3"]], "Type": "SD"}, {"Location": [["286.2", "356.5"], ["438.1", "356.5"], ["438.1", "528.8"], ["286.2", "528.8"]], "Type": "GATE"}, {"Location": [["291.2", "360.5"], ["433.1", "360.5"], ["433.1", "365.7"], ["291.2", "365.7"]], "Type": "SD"}], "Module": "M1", "Boundary": [["286.2", "356.5"], ["438.1", "356.5"], ["438.1", "536.3"], ["286.2", "536.3"]], "Module_type": "GATE"}, {"Ports": [{"Location": [["45.7", "156.4"], ["152.7", "156.4"], ["152.7", "160.8"], ["45.7", "160.8"]], "Type": "SD"}, {"Location": [["30.0", "30.0"], ["168.4", "30.0"], ["168.4", "154.0"], ["30.0", "154.0"]], "Type": "GATE"}, {"Location": [["36.5", "35.5"], ["161.9", "35.5"], ["161.9", "42.8"], ["36.5", "42.8"]], "Type": "SD"}], "Module": "M19", "Boundary": [["30.0", "30.0"], ["168.4", "30.0"], ["168.4", "160.8"], ["30.0", "160.8"]], "Module_type": "GATE"}, {"Ports": [{"Location": [["271.1", "199.2"], ["276.9", "199.2"], ["276.9", "323.6"], ["271.1", "323.6"]], "Type": "SD"}, {"Location": [["438.2", "186.3"], ["438.2", "320.7"], ["395.3", "320.7"], ["395.3", "336.5"], ["278.8", "336.5"], ["278.8", "186.3"]], "Type": "GATE"}, {"Location": [["427.9", "191.7"], ["433.8", "191.7"], ["433.8", "314.3"], ["427.9", "314.3"]], "Type": "SD"}], "Module": "M6", "Boundary": [["438.2", "186.3"], ["438.2", "320.7"], ["395.3", "320.7"], ["395.3", "336.5"], ["271.1", "336.5"], ["271.1", "186.3"]], "Module_type": "GATE"}, {"Ports": [{"Location": [["201.1", "509.5"], ["253.0", "509.5"], ["253.0", "514.6"], ["201.1", "514.6"]], "Type": "SD"}, {"Location": [["187.9", "356.5"], ["252.2", "356.5"], ["252.2", "424.2"], ["266.2", "424.2"], ["266.2", "508.2"], ["187.9", "508.2"]], "Type": "GATE"}, {"Location": [["193.4", "361.0"], ["245.7", "361.0"], ["245.7", "367.7"], ["193.4", "367.7"]], "Type": "SD"}], "Module": "M2", "Boundary": [["187.9", "356.5"], ["252.2", "356.5"], ["252.2", "424.2"], ["266.2", "424.2"], ["266.2", "514.6"], ["187.9", "514.6"]], "Module_type": "GATE"}, {"Ports": [{"Location": [["167.2", "850.8"], ["171.8", "850.8"], ["171.8", "966.4"], ["167.2", "966.4"]], "Type": "SD"}, {"Location": [["294.4", "838.1"], ["294.4", "964.7"], ["243.1", "964.7"], ["243.1", "979.1"], ["174.7", "979.1"], ["174.7", "838.1"]], "Type": "GATE"}, {"Location": [["283.3", "843.1"], ["290.4", "843.1"], ["290.4", "958.7"], ["283.3", "958.7"]], "Type": "SD"}], "Module": "M16", "Boundary": [["294.4", "838.1"], ["294.4", "964.7"], ["243.1", "964.7"], ["243.1", "979.1"], ["167.2", "979.1"], ["167.2", "838.1"]], "Module_type": "GATE"}, {"Ports": [{"Location": [["30.0", "236.6"], ["35.5", "236.6"], ["35.5", "323.8"], ["30.0", "323.8"]], "Type": "SD"}, {"Location": [["125.3", "220.8"], ["125.3", "319.8"], ["125.2", "319.8"], ["125.2", "339.6"], ["37.7", "339.6"], ["37.7", "220.8"]], "Type": "GATE"}, {"Location": [["112.9", "227.3"], ["119.8", "227.3"], ["119.8", "313.3"], ["112.9", "313.3"]], "Type": "SD"}], "Module": "M13", "Boundary": [["125.3", "220.8"], ["125.3", "319.8"], ["125.2", "319.8"], ["125.2", "339.6"], ["30.0", "339.6"], ["30.0", "220.8"]], "Module_type": "GATE"}, {"Ports": [{"Location": [["35.0", "1184.2"], ["94.6", "1184.2"], ["94.6", "1188.6"], ["35.0", "1188.6"]], "Type": "SD"}, {"Location": [["20.0", "1008.2"], ["93.3", "1008.2"], ["93.3", "1116.1"], ["109.6", "1116.1"], ["109.6", "1181.4"], ["20.0", "1181.4"]], "Type": "GATE"}, {"Location": [["26.2", "1013.4"], ["86.1", "1013.4"], ["86.1", "1020.5"], ["26.2", "1020.5"]], "Type": "SD"}], "Module": "M10", "Boundary": [["20.0", "1008.2"], ["93.3", "1008.2"], ["93.3", "1116.1"], ["109.6", "1116.1"], ["109.6", "1188.6"], ["20.0", "1188.6"]], "Module_type": "GATE"}, {"Ports": [{"Location": [["22.5", "1306.8"], ["111.7", "1306.8"], ["111.7", "1311.2"], ["22.5", "1311.2"]], "Type": "SD"}, {"Location": [["10.0", "1218.6"], ["110.4", "1218.6"], ["110.4", "1218.6"], ["124.2", "1218.6"], ["124.2", "1304.2"], ["10.0", "1304.2"]], "Type": "GATE"}, {"Location": [["16.3", "1223.9"], ["104.1", "1223.9"], ["104.1", "1229.2"], ["16.3", "1229.2"]], "Type": "SD"}], "Module": "M7", "Boundary": [["10.0", "1218.6"], ["110.4", "1218.6"], ["110.4", "1218.6"], ["124.2", "1218.6"], ["124.2", "1311.2"], ["10.0", "1311.2"]], "Module_type": "GATE"}, {"Ports": [{"Location": [["159.6", "1053.3"], ["165.3", "1053.3"], ["165.3", "1103.9"], ["159.6", "1103.9"]], "Type": "SD"}, {"Location": [["292.8", "1039.1"], ["292.8", "1118.1"], ["167.7", "1118.1"], ["167.7", "1039.1"]], "Type": "GATE"}, {"Location": [["280.4", "1045.5"], ["287.4", "1045.5"], ["287.4", "1111.7"], ["280.4", "1111.7"]], "Type": "SD"}], "Module": "M3", "Boundary": [["292.8", "1039.1"], ["292.8", "1118.1"], ["159.6", "1118.1"], ["159.6", "1039.1"]], "Module_type": "GATE"}, {"Ports": [{"Location": [["179.7", "325.4"], ["236.7", "325.4"], ["236.7", "329.4"], ["179.7", "329.4"]], "Type": "SD"}, {"Location": [["165.3", "200.8"], ["235.3", "200.8"], ["235.3", "262.5"], ["251.1", "262.5"], ["251.1", "323.0"], ["165.3", "323.0"]], "Type": "GATE"}, {"Location": [["172.2", "206.7"], ["227.4", "206.7"], ["227.4", "212.5"], ["172.2", "212.5"]], "Type": "SD"}], "Module": "M18", "Boundary": [["165.3", "200.8"], ["235.3", "200.8"], ["235.3", "262.5"], ["251.1", "262.5"], ["251.1", "329.4"], ["165.3", "329.4"]], "Module_type": "GATE"}, {"Ports": [{"Location": [["45.5", "563.6"], ["124.0", "563.6"], ["124.0", "568.7"], ["45.5", "568.7"]], "Type": "SD"}, {"Location": [["30.0", "399.6"], ["122.6", "399.6"], ["122.6", "413.9"], ["139.5", "413.9"], ["139.5", "562.5"], ["30.0", "562.5"]], "Type": "GATE"}, {"Location": [["37.0", "405.6"], ["114.6", "405.6"], ["114.6", "411.8"], ["37.0", "411.8"]], "Type": "SD"}], "Module": "M20", "Boundary": [["30.0", "399.6"], ["122.6", "399.6"], ["122.6", "413.9"], ["139.5", "413.9"], ["139.5", "568.7"], ["30.0", "568.7"]], "Module_type": "GATE"}, {"Ports": [{"Location": [["187.9", "710.2"], ["192.4", "710.2"], ["192.4", "784.9"], ["187.9", "784.9"]], "Type": "SD"}, {"Location": [["304.5", "697.8"], ["304.5", "780.6"], ["304.3", "780.6"], ["304.3", "797.3"], ["195.2", "797.3"], ["195.2", "697.8"]], "Type": "GATE"}, {"Location": [["294.4", "703.5"], ["299.8", "703.5"], ["299.8", "774.9"], ["294.4", "774.9"]], "Type": "SD"}], "Module": "M15", "Boundary": [["304.5", "697.8"], ["304.5", "780.6"], ["304.3", "780.6"], ["304.3", "797.3"], ["187.9", "797.3"], ["187.9", "697.8"]], "Module_type": "GATE"}, {"Ports": [{"Location": [["348.5", "1023.4"], ["420.0", "1023.4"], ["420.0", "1028.2"], ["348.5", "1028.2"]], "Type": "SD"}, {"Location": [["334.4", "814.6"], ["419.1", "814.6"], ["419.1", "832.9"], ["434.1", "832.9"], ["434.1", "1020.9"], ["334.4", "1020.9"]], "Type": "GATE"}, {"Location": [["340.7", "819.9"], ["411.8", "819.9"], ["411.8", "826.1"], ["340.7", "826.1"]], "Type": "SD"}], "Module": "M12", "Boundary": [["334.4", "814.6"], ["419.1", "814.6"], ["419.1", "832.9"], ["434.1", "832.9"], ["434.1", "1028.2"], ["334.4", "1028.2"]], "Module_type": "GATE"}, {"Ports": [{"Location": [["144.2", "1171.1"], ["149.4", "1171.1"], ["149.4", "1290.8"], ["144.2", "1290.8"]], "Type": "SD"}, {"Location": [["331.3", "1158.1"], ["331.3", "1288.7"], ["282.3", "1288.7"], ["282.3", "1303.8"], ["151.8", "1303.8"], ["151.8", "1158.1"]], "Type": "GATE"}, {"Location": [["321.2", "1164.0"], ["326.4", "1164.0"], ["326.4", "1281.8"], ["321.2", "1281.8"]], "Type": "SD"}], "Module": "M8", "Boundary": [["331.3", "1158.1"], ["331.3", "1288.7"], ["282.3", "1288.7"], ["282.3", "1303.8"], ["144.2", "1303.8"], ["144.2", "1158.1"]], "Module_type": "GATE"}, {"Ports": [{"Location": [["24.6", "792.2"], ["153.3", "792.2"], ["153.3", "798.1"], ["24.6", "798.1"]], "Type": "SD"}, {"Location": [["10.0", "608.7"], ["151.5", "608.7"], ["151.5", "707.0"], ["167.9", "707.0"], ["167.9", "789.7"], ["10.0", "789.7"]], "Type": "GATE"}, {"Location": [["15.9", "613.6"], ["144.6", "613.6"], ["144.6", "620.3"], ["15.9", "620.3"]], "Type": "SD"}], "Module": "M4", "Boundary": [["10.0", "608.7"], ["151.5", "608.7"], ["151.5", "707.0"], ["167.9", "707.0"], ["167.9", "798.1"], ["10.0", "798.1"]], "Module_type": "GATE"}, {"Ports": [{"Location": [["348.5", "790.1"], ["419.1", "790.1"], ["419.1", "794.6"], ["348.5", "794.6"]], "Type": "SD"}, {"Location": [["334.4", "697.8"], ["417.4", "697.8"], ["417.4", "697.9"], ["433.2", "697.9"], ["433.2", "788.9"], ["334.4", "788.9"]], "Type": "GATE"}, {"Location": [["341.4", "703.8"], ["410.4", "703.8"], ["410.4", "710.1"], ["341.4", "710.1"]], "Type": "SD"}], "Module": "M17", "Boundary": [["334.4", "697.8"], ["417.4", "697.8"], ["417.4", "697.9"], ["433.2", "697.9"], ["433.2", "794.6"], ["334.4", "794.6"]], "Module_type": "GATE"}], "Area": [["-30.0", "-30.0"], ["478.2", "-30.0"], ["478.2", "1351.2"], ["-30.0", "1351.2"]], "Rules": ["GATE(5,5)", "SD(5,5)", "GATE_SD(0.5)", "GATE_ITO(0.5)", "SD_ITO(0.5)"]}