{"Modules": [{"Module": "M14", "Boundary": [["296.0", "348.6"], ["296.0", "449.4"], ["258.1", "449.4"], ["258.1", "464.8"], ["195.7", "464.8"], ["195.7", "348.6"]], "Module_type": "GATE", "Ports": [{"Location": [["195.7", "361.9"], ["201.3", "361.9"], ["201.3", "451.5"], ["195.7", "451.5"]], "Type": "SD"}, {"Location": [["296.0", "348.6"], ["296.0", "449.4"], ["258.1", "449.4"], ["258.1", "464.8"], ["204.3", "464.8"], ["204.3", "348.6"]], "Type": "GATE"}, {"Location": [["285.2", "355.2"], ["290.4", "355.2"], ["290.4", "441.8"], ["285.2", "441.8"]], "Type": "SD"}]}, {"Ports": [{"Location": [["219.9", "314.5"], ["278.0", "314.5"], ["278.0", "318.6"], ["219.9", "318.6"]], "Type": "SD"}, {"Location": [["205.7", "233.5"], ["292.2", "233.5"], ["292.2", "313.1"], ["205.7", "313.1"]], "Type": "GATE"}, {"Location": [["211.6", "238.4"], ["286.3", "238.4"], ["286.3", "244.4"], ["211.6", "244.4"]], "Type": "SD"}], "Module": "M9", "Boundary": [["205.7", "233.5"], ["292.2", "233.5"], ["292.2", "318.6"], ["205.7", "318.6"]], "Module_type": "GATE"}, {"Ports": [{"Location": [["336.9", "157.2"], ["341.5", "157.2"], ["341.5", "256.5"], ["336.9", "256.5"]], "Type": "SD"}, {"Location": [["504.4", "143.4"], ["504.4", "270.3"], ["344.4", "270.3"], ["344.4", "143.4"]], "Type": "GATE"}, {"Location": [["493.7", "149.1"], ["499.7", "149.1"], ["499.7", "264.6"], ["493.7", "264.6"]], "Type": "SD"}], "Module": "M5", "Boundary": [["504.4", "143.4"], ["504.4", "270.3"], ["336.9", "270.3"], ["336.9", "143.4"]], "Module_type": "GATE"}, {"Ports": [{"Location": [["20.0", "265.9"], ["24.1", "265.9"], ["24.1", "331.2"], ["20.0", "331.2"]], "Type": "SD"}, {"Location": [["165.7", "253.5"], ["165.7", "343.6"], ["25.1", "343.6"], ["25.1", "253.5"]], "Type": "GATE"}, {"Location": [["155.0", "260.4"], ["159.8", "260.4"], ["159.8", "336.7"], ["155.0", "336.7"]], "Type": "SD"}], "Module": "M11", "Boundary": [["165.7", "253.5"], ["165.7", "343.6"], ["20.0", "343.6"], ["20.0", "253.5"]], "Module_type": "GATE"}, {"Ports": [{"Location": [["10.0", "22.1"], ["14.3", "22.1"], ["14.3", "117.6"], ["10.0", "117.6"]], "Type": "SD"}, {"Location": [["172.6", "10.0"], ["172.6", "115.1"], ["172.5", "115.1"], ["172.5", "129.7"], ["16.9", "129.7"], ["16.9", "10.0"]], "Type": "GATE"}, {"Location": [["162.2", "16.7"], ["166.9", "16.7"], ["166.9", "108.4"], ["162.2", "108.4"]], "Type": "SD"}], "Module": "M1", "Boundary": [["172.6", "10.0"], ["172.6", "115.1"], ["172.5", "115.1"], ["172.5", "129.7"], ["10.0", "129.7"], ["10.0", "10.0"]], "Module_type": "GATE"}, {"Ports": [{"Location": [["212.6", "42.7"], ["218.1", "42.7"], ["218.1", "80.7"], ["212.6", "80.7"]], "Type": "SD"}, {"Location": [["310.1", "30.0"], ["310.1", "93.4"], ["220.9", "93.4"], ["220.9", "30.0"]], "Type": "GATE"}, {"Location": [["298.9", "35.5"], ["305.6", "35.5"], ["305.6", "87.9"], ["298.9", "87.9"]], "Type": "SD"}], "Module": "M19", "Boundary": [["310.1", "30.0"], ["310.1", "93.4"], ["212.6", "93.4"], ["212.6", "30.0"]], "Module_type": "GATE"}, {"Ports": [{"Location": [["24.5", "219.3"], ["156.0", "219.3"], ["156.0", "223.5"], ["24.5", "223.5"]], "Type": "SD"}, {"Location": [["10.0", "149.7"], ["153.8", "149.7"], ["153.8", "179.9"], ["170.5", "179.9"], ["170.5", "218.1"], ["10.0", "218.1"]], "Type": "GATE"}, {"Location": [["15.5", "154.2"], ["147.3", "154.2"], ["147.3", "161.4"], ["15.5", "161.4"]], "Type": "SD"}], "Module": "M6", "Boundary": [["10.0", "149.7"], ["153.8", "149.7"], ["153.8", "179.9"], ["170.5", "179.9"], ["170.5", "223.5"], ["10.0", "223.5"]], "Module_type": "GATE"}, {"Ports": [{"Location": [["852.0", "458.3"], ["936.2", "458.3"], ["936.2", "463.8"], ["852.0", "463.8"]], "Type": "SD"}, {"Location": [["836.8", "339.1"], ["951.4", "339.1"], ["951.4", "455.9"], ["836.8", "455.9"]], "Type": "GATE"}, {"Location": [["842.9", "344.2"], ["926.1", "344.2"], ["926.1", "350.8"], ["842.9", "350.8"]], "Type": "SD"}], "Module": "M2", "Boundary": [["836.8", "339.1"], ["951.4", "339.1"], ["951.4", "463.8"], ["836.8", "463.8"]], "Module_type": "GATE"}, {"Ports": [{"Location": [["667.3", "42.3"], ["671.3", "42.3"], ["671.3", "111.2"], ["667.3", "111.2"]], "Type": "SD"}, {"Location": [["820.3", "30.0"], ["820.3", "109.0"], ["742.4", "109.0"], ["742.4", "123.5"], ["673.0", "123.5"], ["673.0", "30.0"]], "Type": "GATE"}, {"Location": [["809.8", "35.1"], ["816.2", "35.1"], ["816.2", "102.9"], ["809.8", "102.9"]], "Type": "SD"}], "Module": "M16", "Boundary": [["820.3", "30.0"], ["820.3", "109.0"], ["742.4", "109.0"], ["742.4", "123.5"], ["667.3", "123.5"], ["667.3", "30.0"]], "Module_type": "GATE"}, {"Ports": [{"Location": [["544.4", "196.2"], ["549.9", "196.2"], ["549.9", "264.3"], ["544.4", "264.3"]], "Type": "SD"}, {"Location": [["681.7", "183.5"], ["681.7", "277.0"], ["552.7", "277.0"], ["552.7", "183.5"]], "Type": "GATE"}, {"Location": [["671.7", "189.0"], ["677.2", "189.0"], ["677.2", "271.5"], ["671.7", "271.5"]], "Type": "SD"}], "Module": "M13", "Boundary": [["681.7", "183.5"], ["681.7", "277.0"], ["544.4", "277.0"], ["544.4", "183.5"]], "Module_type": "GATE"}, {"Ports": [{"Location": [["332.2", "312.8"], ["336.8", "312.8"], ["336.8", "437.5"], ["332.2", "437.5"]], "Type": "SD"}, {"Location": [["464.9", "300.3"], ["464.9", "434.3"], ["398.4", "434.3"], ["398.4", "450.0"], ["338.2", "450.0"], ["338.2", "300.3"]], "Type": "GATE"}, {"Location": [["454.5", "305.4"], ["460.8", "305.4"], ["460.8", "428.2"], ["454.5", "428.2"]], "Type": "SD"}], "Module": "M10", "Boundary": [["464.9", "300.3"], ["464.9", "434.3"], ["398.4", "434.3"], ["398.4", "450.0"], ["332.2", "450.0"], ["332.2", "300.3"]], "Module_type": "GATE"}, {"Ports": [{"Location": [["860.3", "23.1"], ["864.9", "23.1"], ["864.9", "126.8"], ["860.3", "126.8"]], "Type": "SD"}, {"Location": [["949.7", "10.0"], ["949.7", "126.0"], ["949.2", "126.0"], ["949.2", "139.9"], ["867.8", "139.9"], ["867.8", "10.0"]], "Type": "GATE"}, {"Location": [["938.6", "16.2"], ["944.5", "16.2"], ["944.5", "119.8"], ["938.6", "119.8"]], "Type": "SD"}], "Module": "M7", "Boundary": [["949.7", "10.0"], ["949.7", "126.0"], ["949.2", "126.0"], ["949.2", "139.9"], ["860.3", "139.9"], ["860.3", "10.0"]], "Module_type": "GATE"}, {"Ports": [{"Location": [["756.0", "294.9"], ["835.8", "294.9"], ["835.8", "299.1"], ["756.0", "299.1"]], "Type": "SD"}, {"Location": [["829.5", "292.2"], ["742.4", "292.2"], ["742.4", "183.5"], ["849.4", "183.5"], ["849.4", "256.0"], ["829.5", "256.0"]], "Type": "GATE"}, {"Location": [["747.1", "187.9"], ["844.7", "187.9"], ["844.7", "195.0"], ["747.1", "195.0"]], "Type": "SD"}], "Module": "M3", "Boundary": [["829.5", "299.1"], ["742.4", "299.1"], ["742.4", "183.5"], ["849.4", "183.5"], ["849.4", "256.0"], ["829.5", "256.0"]], "Module_type": "GATE"}, {"Ports": [{"Location": [["350.1", "23.1"], ["354.3", "23.1"], ["354.3", "110.3"], ["350.1", "110.3"]], "Type": "SD"}, {"Location": [["428.5", "10.0"], ["428.5", "108.3"], ["395.9", "108.3"], ["395.9", "123.4"], ["356.6", "123.4"], ["356.6", "10.0"]], "Type": "GATE"}, {"Location": [["418.2", "16.2"], ["423.3", "16.2"], ["423.3", "101.1"], ["418.2", "101.1"]], "Type": "SD"}], "Module": "M18", "Boundary": [["428.5", "10.0"], ["428.5", "108.3"], ["395.9", "108.3"], ["395.9", "123.4"], ["350.1", "123.4"], ["350.1", "10.0"]], "Module_type": "GATE"}, {"Ports": [{"Location": [["529.9", "437.3"], ["640.8", "437.3"], ["640.8", "442.2"], ["529.9", "442.2"]], "Type": "SD"}, {"Location": [["514.9", "337.0"], ["639.5", "337.0"], ["639.5", "345.4"], ["655.8", "345.4"], ["655.8", "434.5"], ["514.9", "434.5"]], "Type": "GATE"}, {"Location": [["521.8", "342.9"], ["631.6", "342.9"], ["631.6", "349.0"], ["521.8", "349.0"]], "Type": "SD"}], "Module": "M20", "Boundary": [["514.9", "337.0"], ["639.5", "337.0"], ["639.5", "345.4"], ["655.8", "345.4"], ["655.8", "442.2"], ["514.9", "442.2"]], "Module_type": "GATE"}, {"Ports": [{"Location": [["903.0", "300.2"], ["938.6", "300.2"], ["938.6", "304.7"], ["903.0", "304.7"]], "Type": "SD"}, {"Location": [["890.1", "159.9"], ["951.5", "159.9"], ["951.5", "297.7"], ["890.1", "297.7"]], "Type": "GATE"}, {"Location": [["895.9", "164.7"], ["945.7", "164.7"], ["945.7", "170.9"], ["895.9", "170.9"]], "Type": "SD"}], "Module": "M15", "Boundary": [["890.1", "159.9"], ["951.5", "159.9"], ["951.5", "304.7"], ["890.1", "304.7"]], "Module_type": "GATE"}, {"Ports": [{"Location": [["448.5", "24.4"], ["453.7", "24.4"], ["453.7", "104.9"], ["448.5", "104.9"]], "Type": "SD"}, {"Location": [["627.3", "10.0"], ["627.3", "101.9"], ["581.2", "101.9"], ["581.2", "119.3"], ["456.0", "119.3"], ["456.0", "10.0"]], "Type": "GATE"}, {"Location": [["616.2", "15.9"], ["622.4", "15.9"], ["622.4", "95.0"], ["616.2", "95.0"]], "Type": "SD"}], "Module": "M12", "Boundary": [["627.3", "10.0"], ["627.3", "101.9"], ["581.2", "101.9"], ["581.2", "119.3"], ["448.5", "119.3"], ["448.5", "10.0"]], "Module_type": "GATE"}, {"Ports": [{"Location": [["192.6", "145.2"], ["196.9", "145.2"], ["196.9", "191.7"], ["192.6", "191.7"]], "Type": "SD"}, {"Location": [["316.9", "133.4"], ["316.9", "191.1"], ["297.0", "191.1"], ["297.0", "203.5"], ["199.8", "203.5"], ["199.8", "133.4"]], "Type": "GATE"}, {"Location": [["307.0", "139.2"], ["312.1", "139.2"], ["312.1", "184.3"], ["307.0", "184.3"]], "Type": "SD"}], "Module": "M8", "Boundary": [["316.9", "133.4"], ["316.9", "191.1"], ["297.0", "191.1"], ["297.0", "203.5"], ["192.6", "203.5"], ["192.6", "133.4"]], "Module_type": "GATE"}, {"Ports": [{"Location": [["10.0", "387.4"], ["14.3", "387.4"], ["14.3", "451.6"], ["10.0", "451.6"]], "Type": "SD"}, {"Location": [["174.6", "373.6"], ["174.6", "451.9"], ["132.7", "451.9"], ["132.7", "465.4"], ["15.4", "465.4"], ["15.4", "373.6"]], "Type": "GATE"}, {"Location": [["162.6", "380.3"], ["168.9", "380.3"], ["168.9", "444.2"], ["162.6", "444.2"]], "Type": "SD"}], "Module": "M4", "Boundary": [["174.6", "373.6"], ["174.6", "451.9"], ["132.7", "451.9"], ["132.7", "465.4"], ["10.0", "465.4"], ["10.0", "373.6"]], "Module_type": "GATE"}], "Area": [["-30.0", "-30.0"], ["991.5", "-30.0"], ["991.5", "505.4"], ["-30.0", "505.4"]], "Rules": ["GATE(5,5)", "SD(5,5)", "GATE_SD(0.5)", "GATE_ITO(0.5)", "SD_ITO(0.5)"]}