{"Modules": [{"Module": "M14", "Boundary": [["1175.8", "150.2"], ["1175.8", "214.7"], ["1145.6", "214.7"], ["1145.6", "228.9"], ["999.6", "228.9"], ["999.6", "150.2"]], "Module_type": "GATE", "Ports": [{"Location": [["999.6", "163.5"], ["1004.2", "163.5"], ["1004.2", "215.6"], ["999.6", "215.6"]], "Type": "SD"}, {"Location": [["1175.8", "150.2"], ["1175.8", "214.7"], ["1145.6", "214.7"], ["1145.6", "228.9"], ["1007.1", "228.9"], ["1007.1", "150.2"]], "Type": "GATE"}, {"Location": [["1164.6", "155.3"], ["1171.7", "155.3"], ["1171.7", "208.6"], ["1164.6", "208.6"]], "Type": "SD"}]}, {"Ports": [{"Location": [["608.7", "365.3"], ["614.2", "365.3"], ["614.2", "459.3"], ["608.7", "459.3"]], "Type": "SD"}, {"Location": [["815.5", "350.4"], ["815.5", "474.2"], ["616.0", "474.2"], ["616.0", "350.4"]], "Type": "GATE"}, {"Location": [["803.8", "355.9"], ["811.0", "355.9"], ["811.0", "468.7"], ["803.8", "468.7"]], "Type": "SD"}], "Module": "M9", "Boundary": [["815.5", "350.4"], ["815.5", "474.2"], ["608.7", "474.2"], ["608.7", "350.4"]], "Module_type": "GATE"}, {"Ports": [{"Location": [["10.0", "22.5"], ["14.5", "22.5"], ["14.5", "112.9"], ["10.0", "112.9"]], "Type": "SD"}, {"Location": [["203.2", "10.0"], ["203.2", "125.4"], ["15.5", "125.4"], ["15.5", "10.0"]], "Type": "GATE"}, {"Location": [["192.5", "15.3"], ["198.9", "15.3"], ["198.9", "120.1"], ["192.5", "120.1"]], "Type": "SD"}], "Module": "M5", "Boundary": [["203.2", "10.0"], ["203.2", "125.4"], ["10.0", "125.4"], ["10.0", "10.0"]], "Module_type": "GATE"}, {"Ports": [{"Location": [["978.8", "34.0"], ["982.9", "34.0"], ["982.9", "106.2"], ["978.8", "106.2"]], "Type": "SD"}, {"Location": [["1166.5", "20.0"], ["1166.5", "120.2"], ["984.7", "120.2"], ["984.7", "20.0"]], "Type": "GATE"}, {"Location": [["1155.4", "26.5"], ["1161.0", "26.5"], ["1161.0", "113.7"], ["1155.4", "113.7"]], "Type": "SD"}], "Module": "M11", "Boundary": [["1166.5", "20.0"], ["1166.5", "120.2"], ["978.8", "120.2"], ["978.8", "20.0"]], "Module_type": "GATE"}, {"Ports": [{"Location": [["464.9", "230.9"], ["470.2", "230.9"], ["470.2", "292.3"], ["464.9", "292.3"]], "Type": "SD"}, {"Location": [["618.9", "217.8"], ["618.9", "305.4"], ["472.6", "305.4"], ["472.6", "217.8"]], "Type": "GATE"}, {"Location": [["607.5", "223.8"], ["613.9", "223.8"], ["613.9", "299.4"], ["607.5", "299.4"]], "Type": "SD"}], "Module": "M1", "Boundary": [["618.9", "217.8"], ["618.9", "305.4"], ["464.9", "305.4"], ["464.9", "217.8"]], "Module_type": "GATE"}, {"Ports": [{"Location": [["30.0", "179.1"], ["35.0", "179.1"], ["35.0", "282.7"], ["30.0", "282.7"]], "Type": "SD"}, {"Location": [["181.7", "165.4"], ["181.7", "280.4"], ["181.2", "280.4"], ["181.2", "296.4"], ["36.2", "296.4"], ["36.2", "165.4"]], "Type": "GATE"}, {"Location": [["169.7", "171.0"], ["177.1", "171.0"], ["177.1", "274.8"], ["169.7", "274.8"]], "Type": "SD"}], "Module": "M19", "Boundary": [["181.7", "165.4"], ["181.7", "280.4"], ["181.2", "280.4"], ["181.2", "296.4"], ["30.0", "296.4"], ["30.0", "165.4"]], "Module_type": "GATE"}, {"Ports": [{"Location": [["10.0", "350.8"], ["14.0", "350.8"], ["14.0", "463.3"], ["10.0", "463.3"]], "Type": "SD"}, {"Location": [["204.4", "336.4"], ["204.4", "461.2"], ["102.8", "461.2"], ["102.8", "477.7"], ["16.6", "477.7"], ["16.6", "336.4"]], "Type": "GATE"}, {"Location": [["193.4", "342.2"], ["199.6", "342.2"], ["199.6", "454.4"], ["193.4", "454.4"]], "Type": "SD"}], "Module": "M6", "Boundary": [["204.4", "336.4"], ["204.4", "461.2"], ["102.8", "461.2"], ["102.8", "477.7"], ["10.0", "477.7"], ["10.0", "336.4"]], "Module_type": "GATE"}, {"Ports": [{"Location": [["478.2", "467.7"], ["565.4", "467.7"], ["565.4", "471.8"], ["478.2", "471.8"]], "Type": "SD"}, {"Location": [["464.9", "325.4"], ["563.6", "325.4"], ["563.6", "337.3"], ["578.7", "337.3"], ["578.7", "466.4"], ["464.9", "466.4"]], "Type": "GATE"}, {"Location": [["471.1", "330.6"], ["556.4", "330.6"], ["556.4", "335.6"], ["471.1", "335.6"]], "Type": "SD"}], "Module": "M2", "Boundary": [["464.9", "325.4"], ["563.6", "325.4"], ["563.6", "337.3"], ["578.7", "337.3"], ["578.7", "471.8"], ["464.9", "471.8"]], "Module_type": "GATE"}, {"Ports": [{"Location": [["658.9", "181.0"], ["664.0", "181.0"], ["664.0", "286.4"], ["658.9", "286.4"]], "Type": "SD"}, {"Location": [["780.6", "167.0"], ["780.6", "285.1"], ["750.9", "285.1"], ["750.9", "300.4"], ["666.6", "300.4"], ["666.6", "167.0"]], "Type": "GATE"}, {"Location": [["768.6", "172.5"], ["776.1", "172.5"], ["776.1", "278.6"], ["768.6", "278.6"]], "Type": "SD"}], "Module": "M16", "Boundary": [["780.6", "167.0"], ["780.6", "285.1"], ["750.9", "285.1"], ["750.9", "300.4"], ["658.9", "300.4"], ["658.9", "167.0"]], "Module_type": "GATE"}, {"Ports": [{"Location": [["244.4", "328.8"], ["249.1", "328.8"], ["249.1", "439.3"], ["244.4", "439.3"]], "Type": "SD"}, {"Location": [["420.7", "315.7"], ["420.7", "435.3"], ["420.0", "435.3"], ["420.0", "452.4"], ["250.3", "452.4"], ["250.3", "315.7"]], "Type": "GATE"}, {"Location": [["410.6", "321.7"], ["415.7", "321.7"], ["415.7", "429.3"], ["410.6", "429.3"]], "Type": "SD"}], "Module": "M13", "Boundary": [["420.7", "315.7"], ["420.7", "435.3"], ["420.0", "435.3"], ["420.0", "452.4"], ["244.4", "452.4"], ["244.4", "315.7"]], "Module_type": "GATE"}, {"Ports": [{"Location": [["855.5", "332.3"], ["861.2", "332.3"], ["861.2", "459.3"], ["855.5", "459.3"]], "Type": "SD"}, {"Location": [["993.2", "318.0"], ["993.2", "457.5"], ["936.3", "457.5"], ["936.3", "473.6"], ["862.6", "473.6"], ["862.6", "318.0"]], "Type": "GATE"}, {"Location": [["981.9", "324.3"], ["987.9", "324.3"], ["987.9", "450.2"], ["981.9", "450.2"]], "Type": "SD"}], "Module": "M10", "Boundary": [["993.2", "318.0"], ["993.2", "457.5"], ["936.3", "457.5"], ["936.3", "473.6"], ["855.5", "473.6"], ["855.5", "318.0"]], "Module_type": "GATE"}, {"Ports": [{"Location": [["837.3", "148.3"], ["935.0", "148.3"], ["935.0", "153.3"], ["837.3", "153.3"]], "Type": "SD"}, {"Location": [["823.5", "10.0"], ["948.8", "10.0"], ["948.8", "146.5"], ["823.5", "146.5"]], "Type": "GATE"}, {"Location": [["830.1", "15.6"], ["942.2", "15.6"], ["942.2", "22.3"], ["830.1", "22.3"]], "Type": "SD"}], "Module": "M7", "Boundary": [["823.5", "10.0"], ["948.8", "10.0"], ["948.8", "153.3"], ["823.5", "153.3"]], "Module_type": "GATE"}, {"Ports": [{"Location": [["243.2", "173.4"], ["248.5", "173.4"], ["248.5", "241.9"], ["243.2", "241.9"]], "Type": "SD"}, {"Location": [["424.9", "159.6"], ["424.9", "240.4"], ["424.9", "240.4"], ["424.9", "255.7"], ["251.3", "255.7"], ["251.3", "159.6"]], "Type": "GATE"}, {"Location": [["412.7", "165.8"], ["419.7", "165.8"], ["419.7", "234.2"], ["412.7", "234.2"]], "Type": "SD"}], "Module": "M3", "Boundary": [["424.9", "159.6"], ["424.9", "240.4"], ["424.9", "240.4"], ["424.9", "255.7"], ["243.2", "255.7"], ["243.2", "159.6"]], "Module_type": "GATE"}, {"Ports": [{"Location": [["653.8", "22.4"], ["658.1", "22.4"], ["658.1", "114.6"], ["653.8", "114.6"]], "Type": "SD"}, {"Location": [["803.5", "10.0"], ["803.5", "111.1"], ["713.7", "111.1"], ["713.7", "127.0"], ["659.9", "127.0"], ["659.9", "10.0"]], "Type": "GATE"}, {"Location": [["793.9", "15.8"], ["798.7", "15.8"], ["798.7", "104.3"], ["793.9", "104.3"]], "Type": "SD"}], "Module": "M18", "Boundary": [["803.5", "10.0"], ["803.5", "111.1"], ["713.7", "111.1"], ["713.7", "127.0"], ["653.8", "127.0"], ["653.8", "10.0"]], "Module_type": "GATE"}, {"Ports": [{"Location": [["1056.4", "460.8"], ["1142.8", "460.8"], ["1142.8", "465.8"], ["1056.4", "465.8"]], "Type": "SD"}, {"Location": [["1043.2", "268.9"], ["1141.1", "268.9"], ["1141.1", "371.1"], ["1156.0", "371.1"], ["1156.0", "458.0"], ["1043.2", "458.0"]], "Type": "GATE"}, {"Location": [["1048.7", "273.4"], ["1134.6", "273.4"], ["1134.6", "279.3"], ["1048.7", "279.3"]], "Type": "SD"}], "Module": "M20", "Boundary": [["1043.2", "268.9"], ["1141.1", "268.9"], ["1141.1", "371.1"], ["1156.0", "371.1"], ["1156.0", "465.8"], ["1043.2", "465.8"]], "Module_type": "GATE"}, {"Ports": [{"Location": [["332.8", "114.4"], ["395.5", "114.4"], ["395.5", "119.6"], ["332.8", "119.6"]], "Type": "SD"}, {"Location": [["321.3", "10.0"], ["393.1", "10.0"], ["393.1", "10.3"], ["407.0", "10.3"], ["407.0", "113.1"], ["321.3", "113.1"]], "Type": "GATE"}, {"Location": [["327.2", "14.9"], ["387.2", "14.9"], ["387.2", "19.6"], ["327.2", "19.6"]], "Type": "SD"}], "Module": "M15", "Boundary": [["321.3", "10.0"], ["393.1", "10.0"], ["393.1", "10.3"], ["407.0", "10.3"], ["407.0", "119.6"], ["321.3", "119.6"]], "Module_type": "GATE"}, {"Ports": [{"Location": [["236.4", "103.3"], ["288.1", "103.3"], ["288.1", "108.9"], ["236.4", "108.9"]], "Type": "SD"}, {"Location": [["223.2", "10.0"], ["287.3", "10.0"], ["287.3", "24.2"], ["301.3", "24.2"], ["301.3", "100.8"], ["223.2", "100.8"]], "Type": "GATE"}, {"Location": [["228.6", "14.4"], ["280.9", "14.4"], ["280.9", "21.0"], ["228.6", "21.0"]], "Type": "SD"}], "Module": "M12", "Boundary": [["223.2", "10.0"], ["287.3", "10.0"], ["287.3", "24.2"], ["301.3", "24.2"], ["301.3", "108.9"], ["223.2", "108.9"]], "Module_type": "GATE"}, {"Ports": [{"Location": [["478.5", "192.3"], ["594.9", "192.3"], ["594.9", "197.8"], ["478.5", "197.8"]], "Type": "SD"}, {"Location": [["464.9", "104.5"], ["591.3", "104.5"], ["591.3", "111.0"], ["608.5", "111.0"], ["608.5", "190.6"], ["464.9", "190.6"]], "Type": "GATE"}, {"Location": [["469.9", "108.5"], ["585.3", "108.5"], ["585.3", "114.7"], ["469.9", "114.7"]], "Type": "SD"}], "Module": "M8", "Boundary": [["464.9", "104.5"], ["591.3", "104.5"], ["591.3", "111.0"], ["608.5", "111.0"], ["608.5", "197.8"], ["464.9", "197.8"]], "Module_type": "GATE"}, {"Ports": [{"Location": [["427.0", "23.3"], ["431.6", "23.3"], ["431.6", "71.2"], ["427.0", "71.2"]], "Type": "SD"}, {"Location": [["633.8", "10.0"], ["633.8", "71.8"], ["525.4", "71.8"], ["525.4", "84.5"], ["434.4", "84.5"], ["434.4", "10.0"]], "Type": "GATE"}, {"Location": [["622.0", "16.2"], ["628.6", "16.2"], ["628.6", "64.6"], ["622.0", "64.6"]], "Type": "SD"}], "Module": "M4", "Boundary": [["633.8", "10.0"], ["633.8", "71.8"], ["525.4", "71.8"], ["525.4", "84.5"], ["427.0", "84.5"], ["427.0", "10.0"]], "Module_type": "GATE"}, {"Ports": [{"Location": [["823.5", "186.7"], ["827.6", "186.7"], ["827.6", "274.6"], ["823.5", "274.6"]], "Type": "SD"}, {"Location": [["979.6", "173.3"], ["979.6", "288.0"], ["829.5", "288.0"], ["829.5", "173.3"]], "Type": "GATE"}, {"Location": [["968.4", "178.6"], ["975.3", "178.6"], ["975.3", "282.7"], ["968.4", "282.7"]], "Type": "SD"}], "Module": "M17", "Boundary": [["979.6", "173.3"], ["979.6", "288.0"], ["823.5", "288.0"], ["823.5", "173.3"]], "Module_type": "GATE"}], "Area": [["-30.0", "-30.0"], ["1215.8", "-30.0"], ["1215.8", "517.7"], ["-30.0", "517.7"]], "Rules": ["GATE(5,5)", "SD(5,5)", "GATE_SD(0.5)", "GATE_ITO(0.5)", "SD_ITO(0.5)"]}