{"Modules": [{"Module": "M14", "Boundary": [["589.1", "486.3"], ["589.1", "574.4"], ["405.7", "574.4"], ["405.7", "486.3"]], "Module_type": "GATE", "Ports": [{"Location": [["405.7", "498.1"], ["411.0", "498.1"], ["411.0", "562.6"], ["405.7", "562.6"]], "Type": "SD"}, {"Location": [["589.1", "486.3"], ["589.1", "574.4"], ["412.8", "574.4"], ["412.8", "486.3"]], "Type": "GATE"}, {"Location": [["578.9", "491.7"], ["584.7", "491.7"], ["584.7", "569.0"], ["578.9", "569.0"]], "Type": "SD"}]}, {"Ports": [{"Location": [["20.0", "592.3"], ["25.4", "592.3"], ["25.4", "693.2"], ["20.0", "693.2"]], "Type": "SD"}, {"Location": [["155.8", "580.7"], ["155.8", "704.8"], ["27.5", "704.8"], ["27.5", "580.7"]], "Type": "GATE"}, {"Location": [["146.7", "585.8"], ["151.7", "585.8"], ["151.7", "699.7"], ["146.7", "699.7"]], "Type": "SD"}], "Module": "M9", "Boundary": [["155.8", "580.7"], ["155.8", "704.8"], ["20.0", "704.8"], ["20.0", "580.7"]], "Module_type": "GATE"}, {"Ports": [{"Location": [["680.0", "22.5"], ["684.2", "22.5"], ["684.2", "103.2"], ["680.0", "103.2"]], "Type": "SD"}, {"Location": [["774.4", "10.0"], ["774.4", "115.7"], ["685.8", "115.7"], ["685.8", "10.0"]], "Type": "GATE"}, {"Location": [["764.1", "15.4"], ["770.0", "15.4"], ["770.0", "95.4"], ["764.1", "95.4"]], "Type": "SD"}], "Module": "M5", "Boundary": [["774.4", "10.0"], ["774.4", "115.7"], ["680.0", "115.7"], ["680.0", "10.0"]], "Module_type": "GATE"}, {"Ports": [{"Location": [["636.4", "492.9"], ["751.3", "492.9"], ["751.3", "497.3"], ["636.4", "497.3"]], "Type": "SD"}, {"Location": [["622.9", "321.6"], ["764.8", "321.6"], ["764.8", "491.7"], ["622.9", "491.7"]], "Type": "GATE"}, {"Location": [["628.8", "326.5"], ["758.9", "326.5"], ["758.9", "331.6"], ["628.8", "331.6"]], "Type": "SD"}], "Module": "M11", "Boundary": [["622.9", "321.6"], ["764.8", "321.6"], ["764.8", "497.3"], ["622.9", "497.3"]], "Module_type": "GATE"}, {"Ports": [{"Location": [["166.8", "23.8"], ["172.2", "23.8"], ["172.2", "138.6"], ["166.8", "138.6"]], "Type": "SD"}, {"Location": [["273.6", "10.0"], ["273.6", "152.4"], ["173.8", "152.4"], ["173.8", "10.0"]], "Type": "GATE"}, {"Location": [["262.3", "16.4"], ["268.2", "16.4"], ["268.2", "146.0"], ["262.3", "146.0"]], "Type": "SD"}], "Module": "M1", "Boundary": [["273.6", "10.0"], ["273.6", "152.4"], ["166.8", "152.4"], ["166.8", "10.0"]], "Module_type": "GATE"}, {"Ports": [{"Location": [["406.7", "628.4"], ["411.8", "628.4"], ["411.8", "686.0"], ["406.7", "686.0"]], "Type": "SD"}, {"Location": [["587.7", "614.4"], ["587.7", "683.1"], ["587.4", "683.1"], ["587.4", "700.0"], ["414.3", "700.0"], ["414.3", "614.4"]], "Type": "GATE"}, {"Location": [["576.6", "620.7"], ["582.4", "620.7"], ["582.4", "676.8"], ["576.6", "676.8"]], "Type": "SD"}], "Module": "M19", "Boundary": [["587.7", "614.4"], ["587.7", "683.1"], ["587.4", "683.1"], ["587.4", "700.0"], ["406.7", "700.0"], ["406.7", "614.4"]], "Module_type": "GATE"}, {"Ports": [{"Location": [["626.7", "149.2"], ["630.9", "149.2"], ["630.9", "278.1"], ["626.7", "278.1"]], "Type": "SD"}, {"Location": [["751.9", "135.7"], ["751.9", "275.2"], ["679.9", "275.2"], ["679.9", "291.6"], ["632.5", "291.6"], ["632.5", "135.7"]], "Type": "GATE"}, {"Location": [["741.2", "141.2"], ["747.4", "141.2"], ["747.4", "268.7"], ["741.2", "268.7"]], "Type": "SD"}], "Module": "M6", "Boundary": [["751.9", "135.7"], ["751.9", "275.2"], ["679.9", "275.2"], ["679.9", "291.6"], ["626.7", "291.6"], ["626.7", "135.7"]], "Module_type": "GATE"}, {"Ports": [{"Location": [["188.7", "415.6"], ["193.8", "415.6"], ["193.8", "534.9"], ["188.7", "534.9"]], "Type": "SD"}, {"Location": [["385.7", "403.6"], ["385.7", "531.9"], ["280.5", "531.9"], ["280.5", "546.9"], ["195.6", "546.9"], ["195.6", "403.6"]], "Type": "GATE"}, {"Location": [["376.1", "409.0"], ["381.3", "409.0"], ["381.3", "525.5"], ["376.1", "525.5"]], "Type": "SD"}], "Module": "M2", "Boundary": [["385.7", "403.6"], ["385.7", "531.9"], ["280.5", "531.9"], ["280.5", "546.9"], ["188.7", "546.9"], ["188.7", "403.6"]], "Module_type": "GATE"}, {"Ports": [{"Location": [["222.7", "696.7"], ["332.7", "696.7"], ["332.7", "701.0"], ["222.7", "701.0"]], "Type": "SD"}, {"Location": [["208.7", "586.9"], ["330.6", "586.9"], ["330.6", "650.5"], ["346.7", "650.5"], ["346.7", "694.8"], ["208.7", "694.8"]], "Type": "GATE"}, {"Location": [["214.7", "591.9"], ["323.6", "591.9"], ["323.6", "598.5"], ["214.7", "598.5"]], "Type": "SD"}], "Module": "M16", "Boundary": [["208.7", "586.9"], ["330.6", "586.9"], ["330.6", "650.5"], ["346.7", "650.5"], ["346.7", "701.0"], ["208.7", "701.0"]], "Module_type": "GATE"}, {"Ports": [{"Location": [["45.9", "198.2"], ["110.9", "198.2"], ["110.9", "203.3"], ["45.9", "203.3"]], "Type": "SD"}, {"Location": [["30.0", "30.0"], ["107.7", "30.0"], ["107.7", "30.4"], ["126.8", "30.4"], ["126.8", "197.1"], ["30.0", "197.1"]], "Type": "GATE"}, {"Location": [["36.2", "35.2"], ["101.5", "35.2"], ["101.5", "42.5"], ["36.2", "42.5"]], "Type": "SD"}], "Module": "M13", "Boundary": [["30.0", "30.0"], ["107.7", "30.0"], ["107.7", "30.4"], ["126.8", "30.4"], ["126.8", "203.3"], ["30.0", "203.3"]], "Module_type": "GATE"}, {"Ports": [{"Location": [["422.7", "207.4"], ["427.9", "207.4"], ["427.9", "265.9"], ["422.7", "265.9"]], "Type": "SD"}, {"Location": [["596.7", "194.4"], ["596.7", "263.0"], ["552.0", "263.0"], ["552.0", "278.9"], ["430.6", "278.9"], ["430.6", "194.4"]], "Type": "GATE"}, {"Location": [["586.1", "199.4"], ["592.7", "199.4"], ["592.7", "257.0"], ["586.1", "257.0"]], "Type": "SD"}], "Module": "M10", "Boundary": [["596.7", "194.4"], ["596.7", "263.0"], ["552.0", "263.0"], ["552.0", "278.9"], ["422.7", "278.9"], ["422.7", "194.4"]], "Module_type": "GATE"}, {"Ports": [{"Location": [["24.4", "401.1"], ["138.2", "401.1"], ["138.2", "407.0"], ["24.4", "407.0"]], "Type": "SD"}, {"Location": [["10.0", "243.3"], ["134.9", "243.3"], ["134.9", "243.3"], ["152.6", "243.3"], ["152.6", "399.0"], ["10.0", "399.0"]], "Type": "GATE"}, {"Location": [["16.6", "248.9"], ["128.3", "248.9"], ["128.3", "254.9"], ["16.6", "254.9"]], "Type": "SD"}], "Module": "M7", "Boundary": [["10.0", "243.3"], ["134.9", "243.3"], ["134.9", "243.3"], ["152.6", "243.3"], ["152.6", "407.0"], ["10.0", "407.0"]], "Module_type": "GATE"}, {"Ports": [{"Location": [["442.7", "440.5"], ["561.2", "440.5"], ["561.2", "446.3"], ["442.7", "446.3"]], "Type": "SD"}, {"Location": [["431.0", "328.9"], ["557.1", "328.9"], ["557.1", "329.2"], ["572.9", "329.2"], ["572.9", "438.7"], ["431.0", "438.7"]], "Type": "GATE"}, {"Location": [["436.3", "333.2"], ["551.8", "333.2"], ["551.8", "339.0"], ["436.3", "339.0"]], "Type": "SD"}], "Module": "M3", "Boundary": [["431.0", "328.9"], ["557.1", "328.9"], ["557.1", "329.2"], ["572.9", "329.2"], ["572.9", "446.3"], ["431.0", "446.3"]], "Module_type": "GATE"}, {"Ports": [{"Location": [["639.2", "714.1"], ["750.5", "714.1"], ["750.5", "719.5"], ["639.2", "719.5"]], "Type": "SD"}, {"Location": [["627.7", "527.3"], ["748.2", "527.3"], ["748.2", "611.1"], ["762.0", "611.1"], ["762.0", "711.5"], ["627.7", "711.5"]], "Type": "GATE"}, {"Location": [["633.7", "532.3"], ["741.2", "532.3"], ["741.2", "536.8"], ["633.7", "536.8"]], "Type": "SD"}], "Module": "M18", "Boundary": [["627.7", "527.3"], ["748.2", "527.3"], ["748.2", "611.1"], ["762.0", "611.1"], ["762.0", "719.5"], ["627.7", "719.5"]], "Module_type": "GATE"}, {"Ports": [{"Location": [["446.3", "138.5"], ["537.7", "138.5"], ["537.7", "144.4"], ["446.3", "144.4"]], "Type": "SD"}, {"Location": [["432.7", "30.0"], ["551.3", "30.0"], ["551.3", "136.7"], ["432.7", "136.7"]], "Type": "GATE"}, {"Location": [["439.0", "35.3"], ["545.0", "35.3"], ["545.0", "41.1"], ["439.0", "41.1"]], "Type": "SD"}], "Module": "M20", "Boundary": [["432.7", "30.0"], ["551.3", "30.0"], ["551.3", "144.4"], ["432.7", "144.4"]], "Module_type": "GATE"}, {"Ports": [{"Location": [["187.0", "378.3"], ["257.7", "378.3"], ["257.7", "383.6"], ["187.0", "383.6"]], "Type": "SD"}, {"Location": [["172.6", "172.4"], ["256.2", "172.4"], ["256.2", "172.6"], ["272.1", "172.6"], ["272.1", "376.6"], ["172.6", "376.6"]], "Type": "GATE"}, {"Location": [["179.2", "178.0"], ["249.6", "178.0"], ["249.6", "184.0"], ["179.2", "184.0"]], "Type": "SD"}], "Module": "M15", "Boundary": [["172.6", "172.4"], ["256.2", "172.4"], ["256.2", "172.6"], ["272.1", "172.6"], ["272.1", "383.6"], ["172.6", "383.6"]], "Module_type": "GATE"}, {"Ports": [{"Location": [["305.9", "366.4"], ["377.2", "366.4"], ["377.2", "370.7"], ["305.9", "370.7"]], "Type": "SD"}, {"Location": [["292.1", "173.3"], ["375.8", "173.3"], ["375.8", "225.9"], ["391.0", "225.9"], ["391.0", "365.3"], ["292.1", "365.3"]], "Type": "GATE"}, {"Location": [["297.8", "178.0"], ["369.1", "178.0"], ["369.1", "183.9"], ["297.8", "183.9"]], "Type": "SD"}], "Module": "M12", "Boundary": [["292.1", "173.3"], ["375.8", "173.3"], ["375.8", "225.9"], ["391.0", "225.9"], ["391.0", "370.7"], ["292.1", "370.7"]], "Module_type": "GATE"}, {"Ports": [{"Location": [["10.0", "438.9"], ["15.3", "438.9"], ["15.3", "538.8"], ["10.0", "538.8"]], "Type": "SD"}, {"Location": [["168.7", "427.0"], ["168.7", "536.2"], ["114.5", "536.2"], ["114.5", "550.7"], ["16.8", "550.7"], ["16.8", "427.0"]], "Type": "GATE"}, {"Location": [["158.8", "432.2"], ["164.5", "432.2"], ["164.5", "530.0"], ["158.8", "530.0"]], "Type": "SD"}], "Module": "M8", "Boundary": [["168.7", "427.0"], ["168.7", "536.2"], ["114.5", "536.2"], ["114.5", "550.7"], ["10.0", "550.7"], ["10.0", "427.0"]], "Module_type": "GATE"}, {"Ports": [{"Location": [["293.6", "22.8"], ["299.4", "22.8"], ["299.4", "140.5"], ["293.6", "140.5"]], "Type": "SD"}, {"Location": [["392.7", "10.0"], ["392.7", "137.5"], ["392.2", "137.5"], ["392.2", "153.3"], ["300.7", "153.3"], ["300.7", "10.0"]], "Type": "GATE"}, {"Location": [["382.4", "15.4"], ["388.3", "15.4"], ["388.3", "132.1"], ["382.4", "132.1"]], "Type": "SD"}], "Module": "M4", "Boundary": [["392.7", "10.0"], ["392.7", "137.5"], ["392.2", "137.5"], ["392.2", "153.3"], ["293.6", "153.3"], ["293.6", "10.0"]], "Module_type": "GATE"}, {"Ports": [{"Location": [["591.3", "24.2"], ["595.8", "24.2"], ["595.8", "78.9"], ["591.3", "78.9"]], "Type": "SD"}, {"Location": [["660.0", "10.0"], ["660.0", "76.9"], ["659.7", "76.9"], ["659.7", "93.1"], ["597.4", "93.1"], ["597.4", "10.0"]], "Type": "GATE"}, {"Location": [["648.5", "15.0"], ["656.0", "15.0"], ["656.0", "71.9"], ["648.5", "71.9"]], "Type": "SD"}], "Module": "M17", "Boundary": [["660.0", "10.0"], ["660.0", "76.9"], ["659.7", "76.9"], ["659.7", "93.1"], ["591.3", "93.1"], ["591.3", "10.0"]], "Module_type": "GATE"}], "Area": [["-30.0", "-30.0"], ["814.4", "-30.0"], ["814.4", "759.5"], ["-30.0", "759.5"]], "Rules": ["GATE(5,5)", "SD(5,5)", "GATE_SD(0.5)", "GATE_ITO(0.5)", "SD_ITO(0.5)"]}