{"Modules": [{"Module": "M14", "Boundary": [["538.0", "10.0"], ["655.6", "10.0"], ["655.6", "102.2"], ["671.2", "102.2"], ["671.2", "188.2"], ["538.0", "188.2"]], "Module_type": "GATE", "Ports": [{"Location": [["551.7", "182.3"], ["657.5", "182.3"], ["657.5", "188.2"], ["551.7", "188.2"]], "Type": "SD"}, {"Location": [["538.0", "10.0"], ["655.6", "10.0"], ["655.6", "102.2"], ["671.2", "102.2"], ["671.2", "180.1"], ["538.0", "180.1"]], "Type": "GATE"}, {"Location": [["544.4", "15.4"], ["648.2", "15.4"], ["648.2", "20.5"], ["544.4", "20.5"]], "Type": "SD"}]}, {"Ports": [{"Location": [["33.0", "414.4"], ["74.5", "414.4"], ["74.5", "419.6"], ["33.0", "419.6"]], "Type": "SD"}, {"Location": [["20.0", "295.4"], ["70.4", "295.4"], ["70.4", "295.7"], ["87.5", "295.7"], ["87.5", "411.4"], ["20.0", "411.4"]], "Type": "GATE"}, {"Location": [["25.1", "299.5"], ["65.3", "299.5"], ["65.3", "305.1"], ["25.1", "305.1"]], "Type": "SD"}], "Module": "M9", "Boundary": [["20.0", "295.4"], ["70.4", "295.4"], ["70.4", "295.7"], ["87.5", "295.7"], ["87.5", "419.6"], ["20.0", "419.6"]], "Module_type": "GATE"}, {"Ports": [{"Location": [["183.9", "23.1"], ["189.6", "23.1"], ["189.6", "84.9"], ["183.9", "84.9"]], "Type": "SD"}, {"Location": [["364.8", "10.0"], ["364.8", "98.0"], ["191.8", "98.0"], ["191.8", "10.0"]], "Type": "GATE"}, {"Location": [["355.0", "15.7"], ["360.1", "15.7"], ["360.1", "92.3"], ["355.0", "92.3"]], "Type": "SD"}], "Module": "M5", "Boundary": [["364.8", "10.0"], ["364.8", "98.0"], ["183.9", "98.0"], ["183.9", "10.0"]], "Module_type": "GATE"}, {"Ports": [{"Location": [["32.0", "251.4"], ["69.0", "251.4"], ["69.0", "255.4"], ["32.0", "255.4"]], "Type": "SD"}, {"Location": [["20.0", "165.4"], ["81.0", "165.4"], ["81.0", "249.5"], ["20.0", "249.5"]], "Type": "GATE"}, {"Location": [["26.2", "170.6"], ["74.8", "170.6"], ["74.8", "175.4"], ["26.2", "175.4"]], "Type": "SD"}], "Module": "M11", "Boundary": [["20.0", "165.4"], ["81.0", "165.4"], ["81.0", "255.4"], ["20.0", "255.4"]], "Module_type": "GATE"}, {"Ports": [{"Location": [["117.5", "361.7"], ["123.4", "361.7"], ["123.4", "411.5"], ["117.5", "411.5"]], "Type": "SD"}, {"Location": [["208.4", "350.0"], ["208.4", "423.2"], ["126.1", "423.2"], ["126.1", "350.0"]], "Type": "GATE"}, {"Location": [["198.4", "355.1"], ["204.3", "355.1"], ["204.3", "418.1"], ["198.4", "418.1"]], "Type": "SD"}], "Module": "M1", "Boundary": [["208.4", "350.0"], ["208.4", "423.2"], ["117.5", "423.2"], ["117.5", "350.0"]], "Module_type": "GATE"}, {"Ports": [{"Location": [["721.9", "206.6"], ["833.2", "206.6"], ["833.2", "211.0"], ["721.9", "211.0"]], "Type": "SD"}, {"Location": [["711.2", "30.0"], ["829.1", "30.0"], ["829.1", "30.5"], ["843.9", "30.5"], ["843.9", "204.2"], ["711.2", "204.2"]], "Type": "GATE"}, {"Location": [["716.7", "34.5"], ["823.6", "34.5"], ["823.6", "38.8"], ["716.7", "38.8"]], "Type": "SD"}], "Module": "M19", "Boundary": [["711.2", "30.0"], ["829.1", "30.0"], ["829.1", "30.5"], ["843.9", "30.5"], ["843.9", "211.0"], ["711.2", "211.0"]], "Module_type": "GATE"}, {"Ports": [{"Location": [["217.6", "131.6"], ["222.3", "131.6"], ["222.3", "248.8"], ["217.6", "248.8"]], "Type": "SD"}, {"Location": [["384.9", "118.0"], ["384.9", "247.6"], ["298.4", "247.6"], ["298.4", "262.4"], ["224.6", "262.4"], ["224.6", "118.0"]], "Type": "GATE"}, {"Location": [["373.5", "123.8"], ["380.1", "123.8"], ["380.1", "240.8"], ["373.5", "240.8"]], "Type": "SD"}], "Module": "M6", "Boundary": [["384.9", "118.0"], ["384.9", "247.6"], ["298.4", "247.6"], ["298.4", "262.4"], ["217.6", "262.4"], ["217.6", "118.0"]], "Module_type": "GATE"}, {"Ports": [{"Location": [["131.0", "325.1"], ["184.1", "325.1"], ["184.1", "330.0"], ["131.0", "330.0"]], "Type": "SD"}, {"Location": [["117.5", "155.4"], ["183.0", "155.4"], ["183.0", "185.8"], ["197.6", "185.8"], ["197.6", "322.2"], ["117.5", "322.2"]], "Type": "GATE"}, {"Location": [["123.6", "160.5"], ["175.9", "160.5"], ["175.9", "166.3"], ["123.6", "166.3"]], "Type": "SD"}], "Module": "M2", "Boundary": [["117.5", "155.4"], ["183.0", "155.4"], ["183.0", "185.8"], ["197.6", "185.8"], ["197.6", "330.0"], ["117.5", "330.0"]], "Module_type": "GATE"}, {"Ports": [{"Location": [["30.0", "483.1"], ["34.3", "483.1"], ["34.3", "590.2"], ["30.0", "590.2"]], "Type": "SD"}, {"Location": [["230.5", "469.6"], ["230.5", "590.4"], ["124.7", "590.4"], ["124.7", "603.7"], ["36.6", "603.7"], ["36.6", "469.6"]], "Type": "GATE"}, {"Location": [["218.8", "476.6"], ["224.5", "476.6"], ["224.5", "582.4"], ["218.8", "582.4"]], "Type": "SD"}], "Module": "M16", "Boundary": [["230.5", "469.6"], ["230.5", "590.4"], ["124.7", "590.4"], ["124.7", "603.7"], ["30.0", "603.7"], ["30.0", "469.6"]], "Module_type": "GATE"}, {"Ports": [{"Location": [["290.5", "487.5"], ["294.9", "487.5"], ["294.9", "594.8"], ["290.5", "594.8"]], "Type": "SD"}, {"Location": [["497.0", "474.1"], ["497.0", "608.2"], ["296.3", "608.2"], ["296.3", "474.1"]], "Type": "GATE"}, {"Location": [["485.4", "480.3"], ["491.8", "480.3"], ["491.8", "602.0"], ["485.4", "602.0"]], "Type": "SD"}], "Module": "M13", "Boundary": [["497.0", "474.1"], ["497.0", "608.2"], ["290.5", "608.2"], ["290.5", "474.1"]], "Module_type": "GATE"}, {"Ports": [{"Location": [["383.4", "419.5"], ["488.7", "419.5"], ["488.7", "424.1"], ["383.4", "424.1"]], "Type": "SD"}, {"Location": [["372.1", "322.5"], ["487.0", "322.5"], ["487.0", "370.2"], ["500.0", "370.2"], ["500.0", "417.7"], ["372.1", "417.7"]], "Type": "GATE"}, {"Location": [["377.6", "327.0"], ["480.5", "327.0"], ["480.5", "332.0"], ["377.6", "332.0"]], "Type": "SD"}], "Module": "M10", "Boundary": [["372.1", "322.5"], ["487.0", "322.5"], ["487.0", "370.2"], ["500.0", "370.2"], ["500.0", "424.1"], ["372.1", "424.1"]], "Module_type": "GATE"}, {"Ports": [{"Location": [["228.4", "295.0"], ["233.4", "295.0"], ["233.4", "416.6"], ["228.4", "416.6"]], "Type": "SD"}, {"Location": [["342.1", "282.4"], ["342.1", "429.2"], ["235.7", "429.2"], ["235.7", "282.4"]], "Type": "GATE"}, {"Location": [["332.7", "288.2"], ["337.3", "288.2"], ["337.3", "423.4"], ["332.7", "423.4"]], "Type": "SD"}], "Module": "M7", "Boundary": [["342.1", "282.4"], ["342.1", "429.2"], ["228.4", "429.2"], ["228.4", "282.4"]], "Module_type": "GATE"}, {"Ports": [{"Location": [["436.8", "267.5"], ["475.3", "267.5"], ["475.3", "272.5"], ["436.8", "272.5"]], "Type": "SD"}, {"Location": [["424.9", "124.8"], ["471.5", "124.8"], ["471.5", "125.0"], ["487.2", "125.0"], ["487.2", "265.7"], ["424.9", "265.7"]], "Type": "GATE"}, {"Location": [["430.2", "129.1"], ["466.2", "129.1"], ["466.2", "134.4"], ["430.2", "134.4"]], "Type": "SD"}], "Module": "M3", "Boundary": [["424.9", "124.8"], ["471.5", "124.8"], ["471.5", "125.0"], ["487.2", "125.0"], ["487.2", "272.5"], ["424.9", "272.5"]], "Module_type": "GATE"}, {"Ports": [{"Location": [["538.0", "415.3"], ["542.9", "415.3"], ["542.9", "470.5"], ["538.0", "470.5"]], "Type": "SD"}, {"Location": [["685.6", "402.6"], ["685.6", "468.3"], ["623.5", "468.3"], ["623.5", "483.2"], ["544.2", "483.2"], ["544.2", "402.6"]], "Type": "GATE"}, {"Location": [["675.5", "408.8"], ["680.4", "408.8"], ["680.4", "461.1"], ["675.5", "461.1"]], "Type": "SD"}], "Module": "M18", "Boundary": [["685.6", "402.6"], ["685.6", "468.3"], ["623.5", "468.3"], ["623.5", "483.2"], ["538.0", "483.2"], ["538.0", "402.6"]], "Module_type": "GATE"}, {"Ports": [{"Location": [["570.5", "357.5"], ["633.2", "357.5"], ["633.2", "362.6"], ["570.5", "362.6"]], "Type": "SD"}, {"Location": [["558.0", "228.2"], ["632.8", "228.2"], ["632.8", "271.9"], ["645.7", "271.9"], ["645.7", "356.0"], ["558.0", "356.0"]], "Type": "GATE"}, {"Location": [["563.4", "232.6"], ["626.4", "232.6"], ["626.4", "239.0"], ["563.4", "239.0"]], "Type": "SD"}], "Module": "M20", "Boundary": [["558.0", "228.2"], ["632.8", "228.2"], ["632.8", "271.9"], ["645.7", "271.9"], ["645.7", "362.6"], ["558.0", "362.6"]], "Module_type": "GATE"}, {"Ports": [{"Location": [["705.6", "266.0"], ["711.0", "266.0"], ["711.0", "371.4"], ["705.6", "371.4"]], "Type": "SD"}, {"Location": [["861.0", "251.0"], ["861.0", "370.1"], ["860.8", "370.1"], ["860.8", "386.4"], ["712.9", "386.4"], ["712.9", "251.0"]], "Type": "GATE"}, {"Location": [["848.5", "257.8"], ["855.2", "257.8"], ["855.2", "363.3"], ["848.5", "363.3"]], "Type": "SD"}], "Module": "M15", "Boundary": [["861.0", "251.0"], ["861.0", "370.1"], ["860.8", "370.1"], ["860.8", "386.4"], ["705.6", "386.4"], ["705.6", "251.0"]], "Module_type": "GATE"}, {"Ports": [{"Location": [["538.0", "517.7"], ["543.9", "517.7"], ["543.9", "613.4"], ["538.0", "613.4"]], "Type": "SD"}, {"Location": [["735.0", "503.2"], ["735.0", "611.1"], ["633.0", "611.1"], ["633.0", "627.9"], ["545.9", "627.9"], ["545.9", "503.2"]], "Type": "GATE"}, {"Location": [["723.8", "509.8"], ["729.4", "509.8"], ["729.4", "603.5"], ["723.8", "603.5"]], "Type": "SD"}], "Module": "M12", "Boundary": [["735.0", "503.2"], ["735.0", "611.1"], ["633.0", "611.1"], ["633.0", "627.9"], ["538.0", "627.9"], ["538.0", "503.2"]], "Module_type": "GATE"}, {"Ports": [{"Location": [["768.1", "621.5"], ["851.0", "621.5"], ["851.0", "625.5"], ["768.1", "625.5"]], "Type": "SD"}, {"Location": [["755.0", "406.4"], ["850.0", "406.4"], ["850.0", "505.2"], ["864.1", "505.2"], ["864.1", "620.4"], ["755.0", "620.4"]], "Type": "GATE"}, {"Location": [["760.6", "411.0"], ["843.4", "411.0"], ["843.4", "417.6"], ["760.6", "417.6"]], "Type": "SD"}], "Module": "M8", "Boundary": [["755.0", "406.4"], ["850.0", "406.4"], ["850.0", "505.2"], ["864.1", "505.2"], ["864.1", "625.5"], ["755.0", "625.5"]], "Module_type": "GATE"}, {"Ports": [{"Location": [["25.2", "131.0"], ["148.7", "131.0"], ["148.7", "135.4"], ["25.2", "135.4"]], "Type": "SD"}, {"Location": [["10.0", "10.0"], ["148.3", "10.0"], ["148.3", "30.6"], ["163.9", "30.6"], ["163.9", "129.3"], ["10.0", "129.3"]], "Type": "GATE"}, {"Location": [["16.8", "15.8"], ["140.5", "15.8"], ["140.5", "22.6"], ["16.8", "22.6"]], "Type": "SD"}], "Module": "M4", "Boundary": [["10.0", "10.0"], ["148.3", "10.0"], ["148.3", "30.6"], ["163.9", "30.6"], ["163.9", "135.4"], ["10.0", "135.4"]], "Module_type": "GATE"}, {"Ports": [{"Location": [["398.7", "79.3"], ["504.1", "79.3"], ["504.1", "84.8"], ["398.7", "84.8"]], "Type": "SD"}, {"Location": [["384.8", "10.0"], ["503.8", "10.0"], ["503.8", "10.1"], ["518.0", "10.1"], ["518.0", "78.1"], ["384.8", "78.1"]], "Type": "GATE"}, {"Location": [["390.5", "14.7"], ["498.1", "14.7"], ["498.1", "22.1"], ["390.5", "22.1"]], "Type": "SD"}], "Module": "M17", "Boundary": [["384.8", "10.0"], ["503.8", "10.0"], ["503.8", "10.1"], ["518.0", "10.1"], ["518.0", "84.8"], ["384.8", "84.8"]], "Module_type": "GATE"}], "Area": [["-30.0", "-30.0"], ["904.1", "-30.0"], ["904.1", "667.9"], ["-30.0", "667.9"]], "Rules": ["GATE(5,5)", "SD(5,5)", "GATE_SD(0.5)", "GATE_ITO(0.5)", "SD_ITO(0.5)"]}