{"Modules": [{"Module": "M14", "Boundary": [["188.5", "10.0"], ["188.5", "161.2"], ["158.1", "161.2"], ["158.1", "179.0"], ["10.0", "179.0"], ["10.0", "10.0"]], "Module_type": "GATE", "Ports": [{"Location": [["10.0", "24.7"], ["14.9", "24.7"], ["14.9", "164.3"], ["10.0", "164.3"]], "Type": "SD"}, {"Location": [["188.5", "10.0"], ["188.5", "161.2"], ["158.1", "161.2"], ["158.1", "179.0"], ["16.7", "179.0"], ["16.7", "10.0"]], "Type": "GATE"}, {"Location": [["177.0", "16.1"], ["183.4", "16.1"], ["183.4", "154.1"], ["177.0", "154.1"]], "Type": "SD"}]}, {"Ports": [{"Location": [["20.0", "223.1"], ["24.8", "223.1"], ["24.8", "331.6"], ["20.0", "331.6"]], "Type": "SD"}, {"Location": [["229.5", "209.0"], ["229.5", "345.7"], ["26.6", "345.7"], ["26.6", "209.0"]], "Type": "GATE"}, {"Location": [["218.2", "216.0"], ["223.5", "216.0"], ["223.5", "338.7"], ["218.2", "338.7"]], "Type": "SD"}], "Module": "M9", "Boundary": [["229.5", "209.0"], ["229.5", "345.7"], ["20.0", "345.7"], ["20.0", "209.0"]], "Module_type": "GATE"}, {"Ports": [{"Location": [["105.4", "573.1"], ["110.7", "573.1"], ["110.7", "643.2"], ["105.4", "643.2"]], "Type": "SD"}, {"Location": [["316.1", "559.0"], ["316.1", "641.7"], ["315.7", "641.7"], ["315.7", "657.3"], ["113.2", "657.3"], ["113.2", "559.0"]], "Type": "GATE"}, {"Location": [["304.0", "565.4"], ["310.7", "565.4"], ["310.7", "635.3"], ["304.0", "635.3"]], "Type": "SD"}], "Module": "M5", "Boundary": [["316.1", "559.0"], ["316.1", "641.7"], ["315.7", "641.7"], ["315.7", "657.3"], ["105.4", "657.3"], ["105.4", "559.0"]], "Module_type": "GATE"}, {"Ports": [{"Location": [["33.8", "791.7"], ["72.2", "791.7"], ["72.2", "796.3"], ["33.8", "796.3"]], "Type": "SD"}, {"Location": [["20.0", "720.3"], ["70.2", "720.3"], ["70.2", "720.5"], ["86.0", "720.5"], ["86.0", "790.3"], ["20.0", "790.3"]], "Type": "GATE"}, {"Location": [["26.8", "726.1"], ["63.4", "726.1"], ["63.4", "731.6"], ["26.8", "731.6"]], "Type": "SD"}], "Module": "M11", "Boundary": [["20.0", "720.3"], ["70.2", "720.3"], ["70.2", "720.5"], ["86.0", "720.5"], ["86.0", "796.3"], ["20.0", "796.3"]], "Module_type": "GATE"}, {"Ports": [{"Location": [["591.1", "23.2"], ["595.1", "23.2"], ["595.1", "156.0"], ["591.1", "156.0"]], "Type": "SD"}, {"Location": [["733.0", "10.0"], ["733.0", "169.2"], ["597.9", "169.2"], ["597.9", "10.0"]], "Type": "GATE"}, {"Location": [["723.0", "15.3"], ["728.7", "15.3"], ["728.7", "163.9"], ["723.0", "163.9"]], "Type": "SD"}], "Module": "M1", "Boundary": [["733.0", "10.0"], ["733.0", "169.2"], ["591.1", "169.2"], ["591.1", "10.0"]], "Module_type": "GATE"}, {"Ports": [{"Location": [["294.5", "374.4"], ["381.9", "374.4"], ["381.9", "380.3"], ["294.5", "380.3"]], "Type": "SD"}, {"Location": [["279.5", "171.8"], ["380.9", "171.8"], ["380.9", "172.0"], ["396.9", "172.0"], ["396.9", "371.4"], ["279.5", "371.4"]], "Type": "GATE"}, {"Location": [["285.8", "177.1"], ["374.6", "177.1"], ["374.6", "185.0"], ["285.8", "185.0"]], "Type": "SD"}], "Module": "M19", "Boundary": [["279.5", "171.8"], ["380.9", "171.8"], ["380.9", "172.0"], ["396.9", "172.0"], ["396.9", "380.3"], ["279.5", "380.3"]], "Module_type": "GATE"}, {"Ports": [{"Location": [["336.1", "561.3"], ["340.6", "561.3"], ["340.6", "633.5"], ["336.1", "633.5"]], "Type": "SD"}, {"Location": [["449.5", "549.1"], ["449.5", "630.6"], ["396.1", "630.6"], ["396.1", "645.7"], ["343.6", "645.7"], ["343.6", "549.1"]], "Type": "GATE"}, {"Location": [["439.1", "554.7"], ["444.9", "554.7"], ["444.9", "624.0"], ["439.1", "624.0"]], "Type": "SD"}], "Module": "M6", "Boundary": [["449.5", "549.1"], ["449.5", "630.6"], ["396.1", "630.6"], ["396.1", "645.7"], ["336.1", "645.7"], ["336.1", "549.1"]], "Module_type": "GATE"}, {"Ports": [{"Location": [["22.2", "685.7"], ["73.2", "685.7"], ["73.2", "690.3"], ["22.2", "690.3"]], "Type": "SD"}, {"Location": [["10.0", "484.6"], ["71.9", "484.6"], ["71.9", "539.6"], ["85.4", "539.6"], ["85.4", "683.4"], ["10.0", "683.4"]], "Type": "GATE"}, {"Location": [["15.4", "489.0"], ["65.5", "489.0"], ["65.5", "495.0"], ["15.4", "495.0"]], "Type": "SD"}], "Module": "M2", "Boundary": [["10.0", "484.6"], ["71.9", "484.6"], ["71.9", "539.6"], ["85.4", "539.6"], ["85.4", "690.3"], ["10.0", "690.3"]], "Module_type": "GATE"}, {"Ports": [{"Location": [["469.2", "194.2"], ["538.8", "194.2"], ["538.8", "199.0"], ["469.2", "199.0"]], "Type": "SD"}, {"Location": [["456.9", "30.0"], ["536.5", "30.0"], ["536.5", "73.3"], ["551.1", "73.3"], ["551.1", "192.0"], ["456.9", "192.0"]], "Type": "GATE"}, {"Location": [["462.1", "34.2"], ["530.3", "34.2"], ["530.3", "39.6"], ["462.1", "39.6"]], "Type": "SD"}], "Module": "M16", "Boundary": [["456.9", "30.0"], ["536.5", "30.0"], ["536.5", "73.3"], ["551.1", "73.3"], ["551.1", "199.0"], ["456.9", "199.0"]], "Module_type": "GATE"}, {"Ports": [{"Location": [["356.1", "700.3"], ["362.1", "700.3"], ["362.1", "773.6"], ["356.1", "773.6"]], "Type": "SD"}, {"Location": [["573.7", "685.7"], ["573.7", "771.4"], ["573.3", "771.4"], ["573.3", "788.2"], ["364.7", "788.2"], ["364.7", "685.7"]], "Type": "GATE"}, {"Location": [["562.4", "691.3"], ["569.1", "691.3"], ["569.1", "765.8"], ["562.4", "765.8"]], "Type": "SD"}], "Module": "M13", "Boundary": [["573.7", "685.7"], ["573.7", "771.4"], ["573.3", "771.4"], ["573.3", "788.2"], ["356.1", "788.2"], ["356.1", "685.7"]], "Module_type": "GATE"}, {"Ports": [{"Location": [["464.0", "438.8"], ["574.6", "438.8"], ["574.6", "443.3"], ["464.0", "443.3"]], "Type": "SD"}, {"Location": [["451.8", "249.0"], ["573.0", "249.0"], ["573.0", "266.6"], ["586.8", "266.6"], ["586.8", "437.0"], ["451.8", "437.0"]], "Type": "GATE"}, {"Location": [["456.9", "253.1"], ["566.9", "253.1"], ["566.9", "259.4"], ["456.9", "259.4"]], "Type": "SD"}], "Module": "M10", "Boundary": [["451.8", "249.0"], ["573.0", "249.0"], ["573.0", "266.6"], ["586.8", "266.6"], ["586.8", "443.3"], ["451.8", "443.3"]], "Module_type": "GATE"}, {"Ports": [{"Location": [["250.4", "435.1"], ["255.6", "435.1"], ["255.6", "514.3"], ["250.4", "514.3"]], "Type": "SD"}, {"Location": [["421.8", "420.3"], ["421.8", "529.1"], ["257.7", "529.1"], ["257.7", "420.3"]], "Type": "GATE"}, {"Location": [["410.0", "427.2"], ["415.9", "427.2"], ["415.9", "522.2"], ["410.0", "522.2"]], "Type": "SD"}], "Module": "M7", "Boundary": [["421.8", "420.3"], ["421.8", "529.1"], ["250.4", "529.1"], ["250.4", "420.3"]], "Module_type": "GATE"}, {"Ports": [{"Location": [["136.0", "712.4"], ["140.1", "712.4"], ["140.1", "777.0"], ["136.0", "777.0"]], "Type": "SD"}, {"Location": [["286.7", "697.3"], ["286.7", "773.2"], ["286.5", "773.2"], ["286.5", "792.1"], ["141.2", "792.1"], ["141.2", "697.3"]], "Type": "GATE"}, {"Location": [["275.0", "703.0"], ["282.0", "703.0"], ["282.0", "767.5"], ["275.0", "767.5"]], "Type": "SD"}], "Module": "M3", "Boundary": [["286.7", "697.3"], ["286.7", "773.2"], ["286.5", "773.2"], ["286.5", "792.1"], ["136.0", "792.1"], ["136.0", "697.3"]], "Module_type": "GATE"}, {"Ports": [{"Location": [["124.4", "534.2"], ["217.1", "534.2"], ["217.1", "539.0"], ["124.4", "539.0"]], "Type": "SD"}, {"Location": [["111.1", "375.7"], ["214.3", "375.7"], ["214.3", "446.3"], ["230.4", "446.3"], ["230.4", "533.1"], ["111.1", "533.1"]], "Type": "GATE"}, {"Location": [["116.3", "379.9"], ["208.1", "379.9"], ["208.1", "386.0"], ["116.3", "386.0"]], "Type": "SD"}], "Module": "M18", "Boundary": [["111.1", "375.7"], ["214.3", "375.7"], ["214.3", "446.3"], ["230.4", "446.3"], ["230.4", "539.0"], ["111.1", "539.0"]], "Module_type": "GATE"}, {"Ports": [{"Location": [["650.1", "343.1"], ["705.4", "343.1"], ["705.4", "347.5"], ["650.1", "347.5"]], "Type": "SD"}, {"Location": [["636.8", "209.2"], ["703.5", "209.2"], ["703.5", "277.9"], ["718.7", "277.9"], ["718.7", "341.7"], ["636.8", "341.7"]], "Type": "GATE"}, {"Location": [["643.2", "214.6"], ["696.1", "214.6"], ["696.1", "219.7"], ["643.2", "219.7"]], "Type": "SD"}], "Module": "M20", "Boundary": [["636.8", "209.2"], ["703.5", "209.2"], ["703.5", "277.9"], ["718.7", "277.9"], ["718.7", "347.5"], ["636.8", "347.5"]], "Module_type": "GATE"}, {"Ports": [{"Location": [["628.8", "548.7"], ["733.8", "548.7"], ["733.8", "553.5"], ["628.8", "553.5"]], "Type": "SD"}, {"Location": [["616.8", "387.5"], ["745.8", "387.5"], ["745.8", "546.6"], ["616.8", "546.6"]], "Type": "GATE"}, {"Location": [["622.6", "392.3"], ["740.0", "392.3"], ["740.0", "397.8"], ["622.6", "397.8"]], "Type": "SD"}], "Module": "M15", "Boundary": [["616.8", "387.5"], ["745.8", "387.5"], ["745.8", "553.5"], ["616.8", "553.5"]], "Module_type": "GATE"}, {"Ports": [{"Location": [["627.6", "757.5"], ["729.0", "757.5"], ["729.0", "762.3"], ["627.6", "762.3"]], "Type": "SD"}, {"Location": [["613.7", "573.5"], ["728.0", "573.5"], ["728.0", "589.7"], ["742.9", "589.7"], ["742.9", "755.3"], ["613.7", "755.3"]], "Type": "GATE"}, {"Location": [["619.6", "578.4"], ["721.1", "578.4"], ["721.1", "584.4"], ["619.6", "584.4"]], "Type": "SD"}], "Module": "M12", "Boundary": [["613.7", "573.5"], ["728.0", "573.5"], ["728.0", "589.7"], ["742.9", "589.7"], ["742.9", "762.3"], ["613.7", "762.3"]], "Module_type": "GATE"}, {"Ports": [{"Location": [["208.5", "23.0"], ["213.4", "23.0"], ["213.4", "118.8"], ["208.5", "118.8"]], "Type": "SD"}, {"Location": [["398.2", "10.0"], ["398.2", "117.9"], ["283.7", "117.9"], ["283.7", "131.8"], ["214.7", "131.8"], ["214.7", "10.0"]], "Type": "GATE"}, {"Location": [["387.2", "15.5"], ["393.7", "15.5"], ["393.7", "111.4"], ["387.2", "111.4"]], "Type": "SD"}], "Module": "M8", "Boundary": [["398.2", "10.0"], ["398.2", "117.9"], ["283.7", "117.9"], ["283.7", "131.8"], ["208.5", "131.8"], ["208.5", "10.0"]], "Module_type": "GATE"}, {"Ports": [{"Location": [["482.5", "632.9"], ["579.4", "632.9"], ["579.4", "637.9"], ["482.5", "637.9"]], "Type": "SD"}, {"Location": [["469.5", "473.3"], ["578.3", "473.3"], ["578.3", "529.2"], ["592.4", "529.2"], ["592.4", "631.0"], ["469.5", "631.0"]], "Type": "GATE"}, {"Location": [["475.7", "478.5"], ["571.1", "478.5"], ["571.1", "484.2"], ["475.7", "484.2"]], "Type": "SD"}], "Module": "M4", "Boundary": [["469.5", "473.3"], ["578.3", "473.3"], ["578.3", "529.2"], ["592.4", "529.2"], ["592.4", "637.9"], ["469.5", "637.9"]], "Module_type": "GATE"}, {"Ports": [{"Location": [["24.4", "458.9"], ["76.7", "458.9"], ["76.7", "464.6"], ["24.4", "464.6"]], "Type": "SD"}, {"Location": [["10.0", "375.7"], ["76.0", "375.7"], ["76.0", "376.0"], ["91.1", "376.0"], ["91.1", "455.9"], ["10.0", "455.9"]], "Type": "GATE"}, {"Location": [["16.9", "381.6"], ["69.1", "381.6"], ["69.1", "388.0"], ["16.9", "388.0"]], "Type": "SD"}], "Module": "M17", "Boundary": [["10.0", "375.7"], ["76.0", "375.7"], ["76.0", "376.0"], ["91.1", "376.0"], ["91.1", "464.6"], ["10.0", "464.6"]], "Module_type": "GATE"}], "Area": [["-30.0", "-30.0"], ["785.8", "-30.0"], ["785.8", "836.3"], ["-30.0", "836.3"]], "Rules": ["GATE(5,5)", "SD(5,5)", "GATE_SD(0.5)", "GATE_ITO(0.5)", "SD_ITO(0.5)"]}