{"Modules": [{"Module": "M14", "Boundary": [["296.7", "10.0"], ["430.9", "10.0"], ["430.9", "39.1"], ["446.8", "39.1"], ["446.8", "127.2"], ["296.7", "127.2"]], "Module_type": "GATE", "Ports": [{"Location": [["309.2", "123.0"], ["434.3", "123.0"], ["434.3", "127.2"], ["309.2", "127.2"]], "Type": "SD"}, {"Location": [["296.7", "10.0"], ["430.9", "10.0"], ["430.9", "39.1"], ["446.8", "39.1"], ["446.8", "121.7"], ["296.7", "121.7"]], "Type": "GATE"}, {"Location": [["302.0", "14.3"], ["424.6", "14.3"], ["424.6", "19.4"], ["302.0", "19.4"]], "Type": "SD"}]}, {"Ports": [{"Location": [["299.3", "1117.1"], ["420.5", "1117.1"], ["420.5", "1121.3"], ["299.3", "1121.3"]], "Type": "SD"}, {"Location": [["284.2", "1004.6"], ["416.7", "1004.6"], ["416.7", "1004.9"], ["435.6", "1004.9"], ["435.6", "1114.4"], ["284.2", "1114.4"]], "Type": "GATE"}, {"Location": [["290.5", "1009.9"], ["410.4", "1009.9"], ["410.4", "1016.5"], ["290.5", "1016.5"]], "Type": "SD"}], "Module": "M9", "Boundary": [["284.2", "1004.6"], ["416.7", "1004.6"], ["416.7", "1004.9"], ["435.6", "1004.9"], ["435.6", "1121.3"], ["284.2", "1121.3"]], "Module_type": "GATE"}, {"Ports": [{"Location": [["24.0", "589.1"], ["90.4", "589.1"], ["90.4", "594.6"], ["24.0", "594.6"]], "Type": "SD"}, {"Location": [["10.0", "372.3"], ["89.5", "372.3"], ["89.5", "372.7"], ["104.4", "372.7"], ["104.4", "587.4"], ["10.0", "587.4"]], "Type": "GATE"}, {"Location": [["16.2", "377.5"], ["83.3", "377.5"], ["83.3", "384.2"], ["16.2", "384.2"]], "Type": "SD"}], "Module": "M5", "Boundary": [["10.0", "372.3"], ["89.5", "372.3"], ["89.5", "372.7"], ["104.4", "372.7"], ["104.4", "594.6"], ["10.0", "594.6"]], "Module_type": "GATE"}, {"Ports": [{"Location": [["32.0", "126.1"], ["98.9", "126.1"], ["98.9", "131.1"], ["32.0", "131.1"]], "Type": "SD"}, {"Location": [["20.0", "20.0"], ["110.9", "20.0"], ["110.9", "123.4"], ["20.0", "123.4"]], "Type": "GATE"}, {"Location": [["25.9", "24.9"], ["105.0", "24.9"], ["105.0", "30.2"], ["25.9", "30.2"]], "Type": "SD"}], "Module": "M11", "Boundary": [["20.0", "20.0"], ["110.9", "20.0"], ["110.9", "131.1"], ["20.0", "131.1"]], "Module_type": "GATE"}, {"Ports": [{"Location": [["10.0", "630.1"], ["15.2", "630.1"], ["15.2", "743.6"], ["10.0", "743.6"]], "Type": "SD"}, {"Location": [["199.6", "614.6"], ["199.6", "759.1"], ["17.3", "759.1"], ["17.3", "614.6"]], "Type": "GATE"}, {"Location": [["186.8", "621.5"], ["193.7", "621.5"], ["193.7", "752.2"], ["186.8", "752.2"]], "Type": "SD"}], "Module": "M1", "Boundary": [["199.6", "614.6"], ["199.6", "759.1"], ["10.0", "759.1"], ["10.0", "614.6"]], "Module_type": "GATE"}, {"Ports": [{"Location": [["312.8", "486.8"], ["316.9", "486.8"], ["316.9", "523.9"], ["312.8", "523.9"]], "Type": "SD"}, {"Location": [["421.9", "473.4"], ["421.9", "522.6"], ["421.9", "522.6"], ["421.9", "537.3"], ["318.3", "537.3"], ["318.3", "473.4"]], "Type": "GATE"}, {"Location": [["410.2", "479.6"], ["416.7", "479.6"], ["416.7", "516.4"], ["410.2", "516.4"]], "Type": "SD"}], "Module": "M19", "Boundary": [["421.9", "473.4"], ["421.9", "522.6"], ["421.9", "522.6"], ["421.9", "537.3"], ["312.8", "537.3"], ["312.8", "473.4"]], "Module_type": "GATE"}, {"Ports": [{"Location": [["10.0", "174.1"], ["14.0", "174.1"], ["14.0", "218.9"], ["10.0", "218.9"]], "Type": "SD"}, {"Location": [["145.6", "161.1"], ["145.6", "220.0"], ["78.8", "220.0"], ["78.8", "231.9"], ["16.2", "231.9"], ["16.2", "161.1"]], "Type": "GATE"}, {"Location": [["134.4", "167.2"], ["140.5", "167.2"], ["140.5", "212.9"], ["134.4", "212.9"]], "Type": "SD"}], "Module": "M6", "Boundary": [["145.6", "161.1"], ["145.6", "220.0"], ["78.8", "220.0"], ["78.8", "231.9"], ["10.0", "231.9"], ["10.0", "161.1"]], "Module_type": "GATE"}, {"Ports": [{"Location": [["347.8", "696.5"], ["432.0", "696.5"], ["432.0", "702.0"], ["347.8", "702.0"]], "Type": "SD"}, {"Location": [["332.6", "577.3"], ["447.2", "577.3"], ["447.2", "694.1"], ["332.6", "694.1"]], "Type": "GATE"}, {"Location": [["338.7", "582.4"], ["421.9", "582.4"], ["421.9", "589.0"], ["338.7", "589.0"]], "Type": "SD"}], "Module": "M2", "Boundary": [["332.6", "577.3"], ["447.2", "577.3"], ["447.2", "702.0"], ["332.6", "702.0"]], "Module_type": "GATE"}, {"Ports": [{"Location": [["30.0", "1037.0"], ["34.9", "1037.0"], ["34.9", "1099.1"], ["30.0", "1099.1"]], "Type": "SD"}, {"Location": [["234.2", "1022.9"], ["234.2", "1096.0"], ["126.7", "1096.0"], ["126.7", "1113.2"], ["36.5", "1113.2"], ["36.5", "1022.9"]], "Type": "GATE"}, {"Location": [["223.6", "1029.8"], ["228.3", "1029.8"], ["228.3", "1088.1"], ["223.6", "1088.1"]], "Type": "SD"}], "Module": "M16", "Boundary": [["234.2", "1022.9"], ["234.2", "1096.0"], ["126.7", "1096.0"], ["126.7", "1113.2"], ["30.0", "1113.2"], ["30.0", "1022.9"]], "Module_type": "GATE"}, {"Ports": [{"Location": [["160.9", "43.3"], ["166.5", "43.3"], ["166.5", "80.3"], ["160.9", "80.3"]], "Type": "SD"}, {"Location": [["256.7", "30.0"], ["256.7", "78.4"], ["256.5", "78.4"], ["256.5", "93.6"], ["168.8", "93.6"], ["168.8", "30.0"]], "Type": "GATE"}, {"Location": [["245.8", "36.8"], ["250.9", "36.8"], ["250.9", "71.6"], ["245.8", "71.6"]], "Type": "SD"}], "Module": "M13", "Boundary": [["256.7", "30.0"], ["256.7", "78.4"], ["256.5", "78.4"], ["256.5", "93.6"], ["160.9", "93.6"], ["160.9", "30.0"]], "Module_type": "GATE"}, {"Ports": [{"Location": [["20.0", "899.0"], ["25.7", "899.0"], ["25.7", "960.2"], ["20.0", "960.2"]], "Type": "SD"}, {"Location": [["197.3", "886.3"], ["197.3", "960.3"], ["151.5", "960.3"], ["151.5", "972.9"], ["27.9", "972.9"], ["27.9", "886.3"]], "Type": "GATE"}, {"Location": [["186.3", "893.2"], ["191.4", "893.2"], ["191.4", "952.4"], ["186.3", "952.4"]], "Type": "SD"}], "Module": "M10", "Boundary": [["197.3", "886.3"], ["197.3", "960.3"], ["151.5", "960.3"], ["151.5", "972.9"], ["20.0", "972.9"], ["20.0", "886.3"]], "Module_type": "GATE"}, {"Ports": [{"Location": [["227.3", "741.4"], ["232.9", "741.4"], ["232.9", "856.6"], ["227.3", "856.6"]], "Type": "SD"}, {"Location": [["416.3", "725.6"], ["416.3", "854.4"], ["415.9", "854.4"], ["415.9", "872.4"], ["235.9", "872.4"], ["235.9", "725.6"]], "Type": "GATE"}, {"Location": [["403.7", "732.4"], ["410.5", "732.4"], ["410.5", "847.6"], ["403.7", "847.6"]], "Type": "SD"}], "Module": "M7", "Boundary": [["416.3", "725.6"], ["416.3", "854.4"], ["415.9", "854.4"], ["415.9", "872.4"], ["227.3", "872.4"], ["227.3", "725.6"]], "Module_type": "GATE"}, {"Ports": [{"Location": [["158.7", "565.0"], ["238.5", "565.0"], ["238.5", "569.2"], ["158.7", "569.2"]], "Type": "SD"}, {"Location": [["222.1", "562.3"], ["175.1", "562.3"], ["175.1", "636.5"], ["143.2", "636.5"], ["143.2", "452.8"], ["254.0", "452.8"], ["254.0", "636.5"], ["222.1", "636.5"]], "Type": "GATE"}, {"Location": [["149.8", "458.0"], ["247.4", "458.0"], ["247.4", "465.0"], ["149.8", "465.0"]], "Type": "SD"}], "Module": "M3", "Boundary": [["222.1", "569.2"], ["175.1", "569.2"], ["175.1", "636.5"], ["143.2", "636.5"], ["143.2", "452.8"], ["254.0", "452.8"], ["254.0", "636.5"], ["222.1", "636.5"]], "Module_type": "GATE"}, {"Ports": [{"Location": [["227.3", "906.8"], ["233.0", "906.8"], ["233.0", "960.2"], ["227.3", "960.2"]], "Type": "SD"}, {"Location": [["428.8", "892.4"], ["428.8", "960.3"], ["358.9", "960.3"], ["358.9", "974.6"], ["235.9", "974.6"], ["235.9", "892.4"]], "Type": "GATE"}, {"Location": [["415.9", "899.0"], ["423.2", "899.0"], ["423.2", "952.7"], ["415.9", "952.7"]], "Type": "SD"}], "Module": "M18", "Boundary": [["428.8", "892.4"], ["428.8", "960.3"], ["358.9", "960.3"], ["358.9", "974.6"], ["227.3", "974.6"], ["227.3", "892.4"]], "Module_type": "GATE"}, {"Ports": [{"Location": [["342.6", "409.1"], ["398.1", "409.1"], ["398.1", "413.4"], ["342.6", "413.4"]], "Type": "SD"}, {"Location": [["328.0", "301.1"], ["397.5", "301.1"], ["397.5", "326.8"], ["412.7", "326.8"], ["412.7", "407.3"], ["328.0", "407.3"]], "Type": "GATE"}, {"Location": [["334.2", "306.3"], ["390.3", "306.3"], ["390.3", "312.8"], ["334.2", "312.8"]], "Type": "SD"}], "Module": "M20", "Boundary": [["328.0", "301.1"], ["397.5", "301.1"], ["397.5", "326.8"], ["412.7", "326.8"], ["412.7", "413.4"], ["328.0", "413.4"]], "Module_type": "GATE"}, {"Ports": [{"Location": [["165.6", "159.8"], ["170.7", "159.8"], ["170.7", "248.5"], ["165.6", "248.5"]], "Type": "SD"}, {"Location": [["393.4", "147.2"], ["393.4", "244.7"], ["393.0", "244.7"], ["393.0", "261.1"], ["173.6", "261.1"], ["173.6", "147.2"]], "Type": "GATE"}, {"Location": [["383.9", "152.8"], ["388.8", "152.8"], ["388.8", "239.1"], ["383.9", "239.1"]], "Type": "SD"}], "Module": "M15", "Boundary": [["393.4", "147.2"], ["393.4", "244.7"], ["393.0", "244.7"], ["393.0", "261.1"], ["165.6", "261.1"], ["165.6", "147.2"]], "Module_type": "GATE"}, {"Ports": [{"Location": [["232.0", "701.2"], ["300.2", "701.2"], ["300.2", "705.6"], ["232.0", "705.6"]], "Type": "SD"}, {"Location": [["219.6", "609.2"], ["298.4", "609.2"], ["298.4", "631.4"], ["312.6", "631.4"], ["312.6", "698.6"], ["219.6", "698.6"]], "Type": "GATE"}, {"Location": [["225.4", "614.0"], ["291.6", "614.0"], ["291.6", "619.8"], ["225.4", "619.8"]], "Type": "SD"}], "Module": "M12", "Boundary": [["219.6", "609.2"], ["298.4", "609.2"], ["298.4", "631.4"], ["312.6", "631.4"], ["312.6", "705.6"], ["219.6", "705.6"]], "Module_type": "GATE"}, {"Ports": [{"Location": [["10.0", "792.5"], ["15.4", "792.5"], ["15.4", "842.9"], ["10.0", "842.9"]], "Type": "SD"}, {"Location": [["204.3", "779.1"], ["204.3", "842.7"], ["87.2", "842.7"], ["87.2", "856.3"], ["18.3", "856.3"], ["18.3", "779.1"]], "Type": "GATE"}, {"Location": [["192.6", "784.7"], ["199.7", "784.7"], ["199.7", "836.1"], ["192.6", "836.1"]], "Type": "SD"}], "Module": "M8", "Boundary": [["204.3", "779.1"], ["204.3", "842.7"], ["87.2", "842.7"], ["87.2", "856.3"], ["10.0", "856.3"], ["10.0", "779.1"]], "Module_type": "GATE"}, {"Ports": [{"Location": [["162.5", "408.4"], ["272.4", "408.4"], ["272.4", "413.6"], ["162.5", "413.6"]], "Type": "SD"}, {"Location": [["146.9", "281.1"], ["271.7", "281.1"], ["271.7", "324.2"], ["288.0", "324.2"], ["288.0", "407.1"], ["146.9", "407.1"]], "Type": "GATE"}, {"Location": [["153.7", "286.9"], ["263.9", "286.9"], ["263.9", "293.4"], ["153.7", "293.4"]], "Type": "SD"}], "Module": "M4", "Boundary": [["146.9", "281.1"], ["271.7", "281.1"], ["271.7", "324.2"], ["288.0", "324.2"], ["288.0", "413.6"], ["146.9", "413.6"]], "Module_type": "GATE"}, {"Ports": [{"Location": [["23.0", "346.3"], ["113.9", "346.3"], ["113.9", "352.3"], ["23.0", "352.3"]], "Type": "SD"}, {"Location": [["10.0", "251.9"], ["112.9", "251.9"], ["112.9", "252.4"], ["126.9", "252.4"], ["126.9", "343.5"], ["10.0", "343.5"]], "Type": "GATE"}, {"Location": [["16.3", "257.2"], ["106.6", "257.2"], ["106.6", "262.9"], ["16.3", "262.9"]], "Type": "SD"}], "Module": "M17", "Boundary": [["10.0", "251.9"], ["112.9", "251.9"], ["112.9", "252.4"], ["126.9", "252.4"], ["126.9", "352.3"], ["10.0", "352.3"]], "Module_type": "GATE"}], "Area": [["-30.0", "-30.0"], ["487.2", "-30.0"], ["487.2", "1161.3"], ["-30.0", "1161.3"]], "Rules": ["GATE(5,5)", "SD(5,5)", "GATE_SD(0.5)", "GATE_ITO(0.5)", "SD_ITO(0.5)"]}