{"Modules": [{"Module": "M14", "Boundary": [["543.8", "161.0"], ["646.4", "161.0"], ["646.4", "200.2"], ["658.4", "200.2"], ["658.4", "251.4"], ["543.8", "251.4"]], "Module_type": "GATE", "Ports": [{"Location": [["556.1", "247.2"], ["646.1", "247.2"], ["646.1", "251.4"], ["556.1", "251.4"]], "Type": "SD"}, {"Location": [["543.8", "161.0"], ["646.4", "161.0"], ["646.4", "200.2"], ["658.4", "200.2"], ["658.4", "244.7"], ["543.8", "244.7"]], "Type": "GATE"}, {"Location": [["549.9", "166.1"], ["638.3", "166.1"], ["638.3", "171.3"], ["549.9", "171.3"]], "Type": "SD"}]}, {"Ports": [{"Location": [["32.9", "286.4"], ["122.6", "286.4"], ["122.6", "290.9"], ["32.9", "290.9"]], "Type": "SD"}, {"Location": [["20.0", "218.2"], ["135.5", "218.2"], ["135.5", "284.6"], ["20.0", "284.6"]], "Type": "GATE"}, {"Location": [["25.7", "222.9"], ["129.8", "222.9"], ["129.8", "228.6"], ["25.7", "228.6"]], "Type": "SD"}], "Module": "M9", "Boundary": [["20.0", "218.2"], ["135.5", "218.2"], ["135.5", "290.9"], ["20.0", "290.9"]], "Module_type": "GATE"}, {"Ports": [{"Location": [["557.3", "458.6"], ["628.3", "458.6"], ["628.3", "464.6"], ["557.3", "464.6"]], "Type": "SD"}, {"Location": [["543.8", "375.8"], ["625.6", "375.8"], ["625.6", "376.1"], ["641.8", "376.1"], ["641.8", "456.9"], ["543.8", "456.9"]], "Type": "GATE"}, {"Location": [["549.3", "380.3"], ["620.1", "380.3"], ["620.1", "386.0"], ["549.3", "386.0"]], "Type": "SD"}], "Module": "M5", "Boundary": [["543.8", "375.8"], ["625.6", "375.8"], ["625.6", "376.1"], ["641.8", "376.1"], ["641.8", "464.6"], ["543.8", "464.6"]], "Module_type": "GATE"}, {"Ports": [{"Location": [["34.7", "173.1"], ["73.1", "173.1"], ["73.1", "178.2"], ["34.7", "178.2"]], "Type": "SD"}, {"Location": [["20.0", "20.0"], ["72.1", "20.0"], ["72.1", "20.2"], ["87.8", "20.2"], ["87.8", "171.3"], ["20.0", "171.3"]], "Type": "GATE"}, {"Location": [["26.7", "25.7"], ["65.4", "25.7"], ["65.4", "32.8"], ["26.7", "32.8"]], "Type": "SD"}], "Module": "M11", "Boundary": [["20.0", "20.0"], ["72.1", "20.0"], ["72.1", "20.2"], ["87.8", "20.2"], ["87.8", "178.2"], ["20.0", "178.2"]], "Module_type": "GATE"}, {"Ports": [{"Location": [["678.4", "173.4"], ["683.0", "173.4"], ["683.0", "284.0"], ["678.4", "284.0"]], "Type": "SD"}, {"Location": [["866.2", "161.0"], ["866.2", "281.5"], ["865.7", "281.5"], ["865.7", "296.4"], ["685.2", "296.4"], ["685.2", "161.0"]], "Type": "GATE"}, {"Location": [["856.3", "166.4"], ["861.8", "166.4"], ["861.8", "276.1"], ["856.3", "276.1"]], "Type": "SD"}], "Module": "M1", "Boundary": [["866.2", "161.0"], ["866.2", "281.5"], ["865.7", "281.5"], ["865.7", "296.4"], ["678.4", "296.4"], ["678.4", "161.0"]], "Module_type": "GATE"}, {"Ports": [{"Location": [["701.7", "115.6"], ["757.5", "115.6"], ["757.5", "121.0"], ["701.7", "121.0"]], "Type": "SD"}, {"Location": [["687.2", "30.0"], ["755.6", "30.0"], ["755.6", "30.0"], ["772.0", "30.0"], ["772.0", "113.3"], ["687.2", "113.3"]], "Type": "GATE"}, {"Location": [["693.3", "35.1"], ["749.5", "35.1"], ["749.5", "41.4"], ["693.3", "41.4"]], "Type": "SD"}], "Module": "M19", "Boundary": [["687.2", "30.0"], ["755.6", "30.0"], ["755.6", "30.0"], ["772.0", "30.0"], ["772.0", "121.0"], ["687.2", "121.0"]], "Module_type": "GATE"}, {"Ports": [{"Location": [["676.5", "470.2"], ["784.7", "470.2"], ["784.7", "474.3"], ["676.5", "474.3"]], "Type": "SD"}, {"Location": [["661.8", "316.4"], ["782.5", "316.4"], ["782.5", "316.6"], ["799.4", "316.6"], ["799.4", "468.9"], ["661.8", "468.9"]], "Type": "GATE"}, {"Location": [["668.4", "322.0"], ["775.9", "322.0"], ["775.9", "327.9"], ["668.4", "327.9"]], "Type": "SD"}], "Module": "M6", "Boundary": [["661.8", "316.4"], ["782.5", "316.4"], ["782.5", "316.6"], ["799.4", "316.6"], ["799.4", "474.3"], ["661.8", "474.3"]], "Module_type": "GATE"}, {"Ports": [{"Location": [["225.6", "269.6"], ["309.8", "269.6"], ["309.8", "275.1"], ["225.6", "275.1"]], "Type": "SD"}, {"Location": [["210.4", "150.4"], ["325.0", "150.4"], ["325.0", "267.2"], ["210.4", "267.2"]], "Type": "GATE"}, {"Location": [["216.5", "155.5"], ["299.7", "155.5"], ["299.7", "162.1"], ["216.5", "162.1"]], "Type": "SD"}], "Module": "M2", "Boundary": [["210.4", "150.4"], ["325.0", "150.4"], ["325.0", "275.1"], ["210.4", "275.1"]], "Module_type": "GATE"}, {"Ports": [{"Location": [["366.3", "223.6"], ["370.6", "223.6"], ["370.6", "349.6"], ["366.3", "349.6"]], "Type": "SD"}, {"Location": [["501.6", "209.7"], ["501.6", "348.5"], ["424.2", "348.5"], ["424.2", "363.5"], ["373.0", "363.5"], ["373.0", "209.7"]], "Type": "GATE"}, {"Location": [["490.4", "215.3"], ["497.0", "215.3"], ["497.0", "340.9"], ["490.4", "340.9"]], "Type": "SD"}], "Module": "M16", "Boundary": [["501.6", "209.7"], ["501.6", "348.5"], ["424.2", "348.5"], ["424.2", "363.5"], ["366.3", "363.5"], ["366.3", "209.7"]], "Module_type": "GATE"}, {"Ports": [{"Location": [["844.5", "106.7"], ["951.3", "106.7"], ["951.3", "111.5"], ["844.5", "111.5"]], "Type": "SD"}, {"Location": [["832.0", "30.0"], ["947.3", "30.0"], ["947.3", "30.1"], ["963.8", "30.1"], ["963.8", "103.8"], ["832.0", "103.8"]], "Type": "GATE"}, {"Location": [["837.5", "34.5"], ["941.8", "34.5"], ["941.8", "40.2"], ["837.5", "40.2"]], "Type": "SD"}], "Module": "M13", "Boundary": [["832.0", "30.0"], ["947.3", "30.0"], ["947.3", "30.1"], ["963.8", "30.1"], ["963.8", "111.5"], ["832.0", "111.5"]], "Module_type": "GATE"}, {"Ports": [{"Location": [["909.7", "281.8"], ["959.7", "281.8"], ["959.7", "287.0"], ["909.7", "287.0"]], "Type": "SD"}, {"Location": [["896.2", "161.5"], ["960.0", "161.5"], ["960.0", "230.3"], ["973.2", "230.3"], ["973.2", "279.2"], ["896.2", "279.2"]], "Type": "GATE"}, {"Location": [["902.6", "166.9"], ["952.6", "166.9"], ["952.6", "173.3"], ["902.6", "173.3"]], "Type": "SD"}], "Module": "M10", "Boundary": [["896.2", "161.5"], ["960.0", "161.5"], ["960.0", "230.3"], ["973.2", "230.3"], ["973.2", "287.0"], ["896.2", "287.0"]], "Module_type": "GATE"}, {"Ports": [{"Location": [["543.8", "283.2"], ["548.3", "283.2"], ["548.3", "344.0"], ["543.8", "344.0"]], "Type": "SD"}, {"Location": [["630.2", "271.4"], ["630.2", "342.2"], ["630.1", "342.2"], ["630.1", "355.8"], ["550.5", "355.8"], ["550.5", "271.4"]], "Type": "GATE"}, {"Location": [["620.3", "277.9"], ["624.7", "277.9"], ["624.7", "335.7"], ["620.3", "335.7"]], "Type": "SD"}], "Module": "M7", "Boundary": [["630.2", "271.4"], ["630.2", "342.2"], ["630.1", "342.2"], ["630.1", "355.8"], ["543.8", "355.8"], ["543.8", "271.4"]], "Module_type": "GATE"}, {"Ports": [{"Location": [["44.3", "452.3"], ["124.1", "452.3"], ["124.1", "456.5"], ["44.3", "456.5"]], "Type": "SD"}, {"Location": [["106.3", "449.6"], ["62.1", "449.6"], ["62.1", "531.2"], ["30.0", "531.2"], ["30.0", "340.5"], ["138.4", "340.5"], ["138.4", "531.2"], ["106.3", "531.2"]], "Type": "GATE"}, {"Location": [["35.4", "345.3"], ["133.0", "345.3"], ["133.0", "352.3"], ["35.4", "352.3"]], "Type": "SD"}], "Module": "M3", "Boundary": [["106.3", "456.5"], ["62.1", "456.5"], ["62.1", "531.2"], ["30.0", "531.2"], ["30.0", "340.5"], ["138.4", "340.5"], ["138.4", "531.2"], ["106.3", "531.2"]], "Module_type": "GATE"}, {"Ports": [{"Location": [["543.8", "23.4"], ["548.1", "23.4"], ["548.1", "114.5"], ["543.8", "114.5"]], "Type": "SD"}, {"Location": [["647.2", "10.0"], ["647.2", "111.9"], ["599.6", "111.9"], ["599.6", "127.9"], ["549.6", "127.9"], ["549.6", "10.0"]], "Type": "GATE"}, {"Location": [["637.2", "15.2"], ["643.0", "15.2"], ["643.0", "105.7"], ["637.2", "105.7"]], "Type": "SD"}], "Module": "M18", "Boundary": [["647.2", "10.0"], ["647.2", "111.9"], ["599.6", "111.9"], ["599.6", "127.9"], ["543.8", "127.9"], ["543.8", "10.0"]], "Module_type": "GATE"}, {"Ports": [{"Location": [["378.1", "145.6"], ["491.6", "145.6"], ["491.6", "149.7"], ["378.1", "149.7"]], "Type": "SD"}, {"Location": [["365.9", "30.0"], ["489.7", "30.0"], ["489.7", "77.9"], ["503.8", "77.9"], ["503.8", "143.5"], ["365.9", "143.5"]], "Type": "GATE"}, {"Location": [["371.3", "34.4"], ["483.3", "34.4"], ["483.3", "40.4"], ["371.3", "40.4"]], "Type": "SD"}], "Module": "M20", "Boundary": [["365.9", "30.0"], ["489.7", "30.0"], ["489.7", "77.9"], ["503.8", "77.9"], ["503.8", "149.7"], ["365.9", "149.7"]], "Module_type": "GATE"}, {"Ports": [{"Location": [["346.3", "416.6"], ["350.4", "416.6"], ["350.4", "463.2"], ["346.3", "463.2"]], "Type": "SD"}, {"Location": [["511.0", "403.5"], ["511.0", "462.9"], ["511.0", "462.9"], ["511.0", "476.3"], ["353.3", "476.3"], ["353.3", "403.5"]], "Type": "GATE"}, {"Location": [["499.6", "409.8"], ["505.7", "409.8"], ["505.7", "456.6"], ["499.6", "456.6"]], "Type": "SD"}], "Module": "M15", "Boundary": [["511.0", "403.5"], ["511.0", "462.9"], ["511.0", "462.9"], ["511.0", "476.3"], ["346.3", "476.3"], ["346.3", "403.5"]], "Module_type": "GATE"}, {"Ports": [{"Location": [["223.1", "126.3"], ["313.2", "126.3"], ["313.2", "130.4"], ["223.1", "130.4"]], "Type": "SD"}, {"Location": [["210.4", "10.0"], ["312.9", "10.0"], ["312.9", "67.5"], ["325.9", "67.5"], ["325.9", "123.9"], ["210.4", "123.9"]], "Type": "GATE"}, {"Location": [["216.7", "15.3"], ["305.6", "15.3"], ["305.6", "20.3"], ["216.7", "20.3"]], "Type": "SD"}], "Module": "M12", "Boundary": [["210.4", "10.0"], ["312.9", "10.0"], ["312.9", "67.5"], ["325.9", "67.5"], ["325.9", "130.4"], ["210.4", "130.4"]], "Module_type": "GATE"}, {"Ports": [{"Location": [["819.4", "331.3"], ["824.9", "331.3"], ["824.9", "455.3"], ["819.4", "455.3"]], "Type": "SD"}, {"Location": [["981.6", "317.0"], ["981.6", "454.0"], ["900.8", "454.0"], ["900.8", "469.6"], ["827.8", "469.6"], ["827.8", "317.0"]], "Type": "GATE"}, {"Location": [["969.6", "322.8"], ["976.8", "322.8"], ["976.8", "447.2"], ["969.6", "447.2"]], "Type": "SD"}], "Module": "M8", "Boundary": [["981.6", "317.0"], ["981.6", "454.0"], ["900.8", "454.0"], ["900.8", "469.6"], ["819.4", "469.6"], ["819.4", "317.0"]], "Module_type": "GATE"}, {"Ports": [{"Location": [["192.4", "467.0"], ["312.3", "467.0"], ["312.3", "472.7"], ["192.4", "472.7"]], "Type": "SD"}, {"Location": [["178.4", "295.1"], ["311.2", "295.1"], ["311.2", "386.0"], ["326.3", "386.0"], ["326.3", "465.8"], ["178.4", "465.8"]], "Type": "GATE"}, {"Location": [["185.3", "301.0"], ["303.3", "301.0"], ["303.3", "306.5"], ["185.3", "306.5"]], "Type": "SD"}], "Module": "M4", "Boundary": [["178.4", "295.1"], ["311.2", "295.1"], ["311.2", "386.0"], ["326.3", "386.0"], ["326.3", "472.7"], ["178.4", "472.7"]], "Module_type": "GATE"}], "Area": [["-20.0", "-30.0"], ["1021.6", "-30.0"], ["1021.6", "576.6"], ["-20.0", "576.6"]], "Rules": ["GATE(5,5)", "SD(5,5)", "GATE_SD(0.5)", "GATE_ITO(0.5)", "SD_ITO(0.5)"]}