{"Modules": [{"Module": "M14", "Boundary": [["10.0", "613.8"], ["139.8", "613.8"], ["139.8", "632.8"], ["154.9", "632.8"], ["154.9", "701.8"], ["10.0", "701.8"]], "Module_type": "GATE", "Ports": [{"Location": [["22.9", "696.7"], ["142.0", "696.7"], ["142.0", "701.8"], ["22.9", "701.8"]], "Type": "SD"}, {"Location": [["10.0", "613.8"], ["139.8", "613.8"], ["139.8", "632.8"], ["154.9", "632.8"], ["154.9", "694.7"], ["10.0", "694.7"]], "Type": "GATE"}, {"Location": [["15.4", "618.2"], ["133.4", "618.2"], ["133.4", "624.0"], ["15.4", "624.0"]], "Type": "SD"}]}, {"Ports": [{"Location": [["20.0", "300.2"], ["24.0", "300.2"], ["24.0", "355.0"], ["20.0", "355.0"]], "Type": "SD"}, {"Location": [["138.2", "288.1"], ["138.2", "351.4"], ["138.1", "351.4"], ["138.1", "367.1"], ["27.0", "367.1"], ["27.0", "288.1"]], "Type": "GATE"}, {"Location": [["127.9", "293.6"], ["133.7", "293.6"], ["133.7", "345.9"], ["127.9", "345.9"]], "Type": "SD"}], "Module": "M9", "Boundary": [["138.2", "288.1"], ["138.2", "351.4"], ["138.1", "351.4"], ["138.1", "367.1"], ["20.0", "367.1"], ["20.0", "288.1"]], "Module_type": "GATE"}, {"Ports": [{"Location": [["193.5", "120.6"], ["238.6", "120.6"], ["238.6", "125.7"], ["193.5", "125.7"]], "Type": "SD"}, {"Location": [["178.4", "10.0"], ["253.7", "10.0"], ["253.7", "119.5"], ["178.4", "119.5"]], "Type": "GATE"}, {"Location": [["185.1", "15.7"], ["247.0", "15.7"], ["247.0", "22.2"], ["185.1", "22.2"]], "Type": "SD"}], "Module": "M5", "Boundary": [["178.4", "10.0"], ["253.7", "10.0"], ["253.7", "125.7"], ["178.4", "125.7"]], "Module_type": "GATE"}, {"Ports": [{"Location": [["198.6", "582.2"], ["203.7", "582.2"], ["203.7", "683.1"], ["198.6", "683.1"]], "Type": "SD"}, {"Location": [["408.1", "568.6"], ["408.1", "696.7"], ["205.7", "696.7"], ["205.7", "568.6"]], "Type": "GATE"}, {"Location": [["397.5", "574.3"], ["403.4", "574.3"], ["403.4", "691.0"], ["397.5", "691.0"]], "Type": "SD"}], "Module": "M11", "Boundary": [["408.1", "568.6"], ["408.1", "696.7"], ["198.6", "696.7"], ["198.6", "568.6"]], "Module_type": "GATE"}, {"Ports": [{"Location": [["10.0", "199.4"], ["15.6", "199.4"], ["15.6", "244.3"], ["10.0", "244.3"]], "Type": "SD"}, {"Location": [["127.5", "185.6"], ["127.5", "258.1"], ["18.5", "258.1"], ["18.5", "185.6"]], "Type": "GATE"}, {"Location": [["117.0", "190.6"], ["123.5", "190.6"], ["123.5", "253.1"], ["117.0", "253.1"]], "Type": "SD"}], "Module": "M1", "Boundary": [["127.5", "185.6"], ["127.5", "258.1"], ["10.0", "258.1"], ["10.0", "185.6"]], "Module_type": "GATE"}, {"Ports": [{"Location": [["527.4", "479.5"], ["634.7", "479.5"], ["634.7", "485.2"], ["527.4", "485.2"]], "Type": "SD"}, {"Location": [["511.6", "333.9"], ["650.5", "333.9"], ["650.5", "477.0"], ["511.6", "477.0"]], "Type": "GATE"}, {"Location": [["518.6", "339.9"], ["643.5", "339.9"], ["643.5", "347.2"], ["518.6", "347.2"]], "Type": "SD"}], "Module": "M19", "Boundary": [["511.6", "333.9"], ["650.5", "333.9"], ["650.5", "485.2"], ["511.6", "485.2"]], "Module_type": "GATE"}, {"Ports": [{"Location": [["188.6", "439.7"], ["193.5", "439.7"], ["193.5", "525.6"], ["188.6", "525.6"]], "Type": "SD"}, {"Location": [["277.2", "428.9"], ["277.2", "524.2"], ["251.2", "524.2"], ["251.2", "536.4"], ["194.7", "536.4"], ["194.7", "428.9"]], "Type": "GATE"}, {"Location": [["267.9", "434.2"], ["272.9", "434.2"], ["272.9", "517.9"], ["267.9", "517.9"]], "Type": "SD"}], "Module": "M6", "Boundary": [["277.2", "428.9"], ["277.2", "524.2"], ["251.2", "524.2"], ["251.2", "536.4"], ["188.6", "536.4"], ["188.6", "428.9"]], "Module_type": "GATE"}, {"Ports": [{"Location": [["369.0", "25.2"], ["374.5", "25.2"], ["374.5", "109.4"], ["369.0", "109.4"]], "Type": "SD"}, {"Location": [["493.7", "10.0"], ["493.7", "124.6"], ["376.9", "124.6"], ["376.9", "10.0"]], "Type": "GATE"}, {"Location": [["482.0", "16.1"], ["488.6", "16.1"], ["488.6", "99.3"], ["482.0", "99.3"]], "Type": "SD"}], "Module": "M2", "Boundary": [["493.7", "10.0"], ["493.7", "124.6"], ["369.0", "124.6"], ["369.0", "10.0"]], "Module_type": "GATE"}, {"Ports": [{"Location": [["458.1", "558.1"], ["462.6", "558.1"], ["462.6", "677.1"], ["458.1", "677.1"]], "Type": "SD"}, {"Location": [["655.8", "545.2"], ["655.8", "675.1"], ["586.2", "675.1"], ["586.2", "690.0"], ["464.0", "690.0"], ["464.0", "545.2"]], "Type": "GATE"}, {"Location": [["645.3", "552.2"], ["649.8", "552.2"], ["649.8", "667.1"], ["645.3", "667.1"]], "Type": "SD"}], "Module": "M16", "Boundary": [["655.8", "545.2"], ["655.8", "675.1"], ["586.2", "675.1"], ["586.2", "690.0"], ["458.1", "690.0"], ["458.1", "545.2"]], "Module_type": "GATE"}, {"Ports": [{"Location": [["336.3", "422.4"], ["439.1", "422.4"], ["439.1", "426.6"], ["336.3", "426.6"]], "Type": "SD"}, {"Location": [["323.8", "287.7"], ["435.8", "287.7"], ["435.8", "287.8"], ["451.6", "287.8"], ["451.6", "420.5"], ["323.8", "420.5"]], "Type": "GATE"}, {"Location": [["330.2", "293.1"], ["429.4", "293.1"], ["429.4", "297.9"], ["330.2", "297.9"]], "Type": "SD"}], "Module": "M13", "Boundary": [["323.8", "287.7"], ["435.8", "287.7"], ["435.8", "287.8"], ["451.6", "287.8"], ["451.6", "426.6"], ["323.8", "426.6"]], "Module_type": "GATE"}, {"Ports": [{"Location": [["537.1", "279.0"], ["650.8", "279.0"], ["650.8", "283.9"], ["537.1", "283.9"]], "Type": "SD"}, {"Location": [["523.7", "127.8"], ["650.0", "127.8"], ["650.0", "193.7"], ["664.2", "193.7"], ["664.2", "277.3"], ["523.7", "277.3"]], "Type": "GATE"}, {"Location": [["529.4", "132.5"], ["643.3", "132.5"], ["643.3", "139.7"], ["529.4", "139.7"]], "Type": "SD"}], "Module": "M10", "Boundary": [["523.7", "127.8"], ["650.0", "127.8"], ["650.0", "193.7"], ["664.2", "193.7"], ["664.2", "283.9"], ["523.7", "283.9"]], "Module_type": "GATE"}, {"Ports": [{"Location": [["303.8", "480.7"], ["309.0", "480.7"], ["309.0", "524.5"], ["303.8", "524.5"]], "Type": "SD"}, {"Location": [["398.0", "466.6"], ["398.0", "520.6"], ["397.9", "520.6"], ["397.9", "538.6"], ["310.6", "538.6"], ["310.6", "466.6"]], "Type": "GATE"}, {"Location": [["386.9", "472.0"], ["393.6", "472.0"], ["393.6", "515.2"], ["386.9", "515.2"]], "Type": "SD"}], "Module": "M7", "Boundary": [["398.0", "466.6"], ["398.0", "520.6"], ["397.9", "520.6"], ["397.9", "538.6"], ["303.8", "538.6"], ["303.8", "466.6"]], "Module_type": "GATE"}, {"Ports": [{"Location": [["44.3", "141.4"], ["124.1", "141.4"], ["124.1", "145.6"], ["44.3", "145.6"]], "Type": "SD"}, {"Location": [["104.5", "138.7"], ["63.9", "138.7"], ["63.9", "195.9"], ["30.0", "195.9"], ["30.0", "29.3"], ["138.4", "29.3"], ["138.4", "195.9"], ["104.5", "195.9"]], "Type": "GATE"}, {"Location": [["35.4", "34.4"], ["133.0", "34.4"], ["133.0", "41.4"], ["35.4", "41.4"]], "Type": "SD"}], "Module": "M3", "Boundary": [["104.5", "145.6"], ["63.9", "145.6"], ["63.9", "195.9"], ["30.0", "195.9"], ["30.0", "29.3"], ["138.4", "29.3"], ["138.4", "195.9"], ["104.5", "195.9"]], "Module_type": "GATE"}, {"Ports": [{"Location": [["306.3", "157.9"], ["311.0", "157.9"], ["311.0", "234.4"], ["306.3", "234.4"]], "Type": "SD"}, {"Location": [["492.5", "144.6"], ["492.5", "230.4"], ["492.1", "230.4"], ["492.1", "247.7"], ["312.7", "247.7"], ["312.7", "144.6"]], "Type": "GATE"}, {"Location": [["482.6", "150.2"], ["487.9", "150.2"], ["487.9", "224.8"], ["482.6", "224.8"]], "Type": "SD"}], "Module": "M18", "Boundary": [["492.5", "144.6"], ["492.5", "230.4"], ["492.1", "230.4"], ["492.1", "247.7"], ["306.3", "247.7"], ["306.3", "144.6"]], "Module_type": "GATE"}, {"Ports": [{"Location": [["188.2", "294.2"], ["193.2", "294.2"], ["193.2", "376.0"], ["188.2", "376.0"]], "Type": "SD"}, {"Location": [["263.8", "281.3"], ["263.8", "374.9"], ["233.3", "374.9"], ["233.3", "388.9"], ["196.2", "388.9"], ["196.2", "281.3"]], "Type": "GATE"}, {"Location": [["253.3", "287.5"], ["258.6", "287.5"], ["258.6", "367.7"], ["253.3", "367.7"]], "Type": "SD"}], "Module": "M20", "Boundary": [["263.8", "281.3"], ["263.8", "374.9"], ["233.3", "374.9"], ["233.3", "388.9"], ["188.2", "388.9"], ["188.2", "281.3"]], "Module_type": "GATE"}, {"Ports": [{"Location": [["286.4", "106.2"], ["336.3", "106.2"], ["336.3", "111.5"], ["286.4", "111.5"]], "Type": "SD"}, {"Location": [["273.7", "10.0"], ["349.0", "10.0"], ["349.0", "105.0"], ["273.7", "105.0"]], "Type": "GATE"}, {"Location": [["280.1", "15.4"], ["342.6", "15.4"], ["342.6", "20.0"], ["280.1", "20.0"]], "Type": "SD"}], "Module": "M15", "Boundary": [["273.7", "10.0"], ["349.0", "10.0"], ["349.0", "111.5"], ["273.7", "111.5"]], "Module_type": "GATE"}, {"Ports": [{"Location": [["10.0", "413.0"], ["14.9", "413.0"], ["14.9", "471.4"], ["10.0", "471.4"]], "Type": "SD"}, {"Location": [["125.7", "397.1"], ["125.7", "471.0"], ["90.2", "471.0"], ["90.2", "487.3"], ["16.7", "487.3"], ["16.7", "397.1"]], "Type": "GATE"}, {"Location": [["113.2", "404.1"], ["119.7", "404.1"], ["119.7", "463.0"], ["113.2", "463.0"]], "Type": "SD"}], "Module": "M12", "Boundary": [["125.7", "397.1"], ["125.7", "471.0"], ["90.2", "471.0"], ["90.2", "487.3"], ["10.0", "487.3"], ["10.0", "397.1"]], "Module_type": "GATE"}, {"Ports": [{"Location": [["513.7", "23.6"], ["519.1", "23.6"], ["519.1", "84.2"], ["513.7", "84.2"]], "Type": "SD"}, {"Location": [["674.1", "10.0"], ["674.1", "81.2"], ["605.9", "81.2"], ["605.9", "97.8"], ["520.8", "97.8"], ["520.8", "10.0"]], "Type": "GATE"}, {"Location": [["663.0", "16.2"], ["668.9", "16.2"], ["668.9", "74.0"], ["663.0", "74.0"]], "Type": "SD"}], "Module": "M8", "Boundary": [["674.1", "10.0"], ["674.1", "81.2"], ["605.9", "81.2"], ["605.9", "97.8"], ["513.7", "97.8"], ["513.7", "10.0"]], "Module_type": "GATE"}, {"Ports": [{"Location": [["178.4", "159.2"], ["183.4", "159.2"], ["183.4", "227.8"], ["178.4", "227.8"]], "Type": "SD"}, {"Location": [["286.3", "145.7"], ["286.3", "227.0"], ["260.8", "227.0"], ["260.8", "241.3"], ["184.9", "241.3"], ["184.9", "145.7"]], "Type": "GATE"}, {"Location": [["274.4", "152.3"], ["280.7", "152.3"], ["280.7", "219.4"], ["274.4", "219.4"]], "Type": "SD"}], "Module": "M4", "Boundary": [["286.3", "145.7"], ["286.3", "227.0"], ["260.8", "227.0"], ["260.8", "241.3"], ["178.4", "241.3"], ["178.4", "145.7"]], "Module_type": "GATE"}, {"Ports": [{"Location": [["24.0", "588.7"], ["154.6", "588.7"], ["154.6", "593.8"], ["24.0", "593.8"]], "Type": "SD"}, {"Location": [["10.0", "507.3"], ["151.0", "507.3"], ["151.0", "507.5"], ["168.6", "507.5"], ["168.6", "587.1"], ["10.0", "587.1"]], "Type": "GATE"}, {"Location": [["15.6", "511.9"], ["145.4", "511.9"], ["145.4", "518.5"], ["15.6", "518.5"]], "Type": "SD"}], "Module": "M17", "Boundary": [["10.0", "507.3"], ["151.0", "507.3"], ["151.0", "507.5"], ["168.6", "507.5"], ["168.6", "593.8"], ["10.0", "593.8"]], "Module_type": "GATE"}], "Area": [["-30.0", "-30.0"], ["714.1", "-30.0"], ["714.1", "741.8"], ["-30.0", "741.8"]], "Rules": ["GATE(5,5)", "SD(5,5)", "GATE_SD(0.5)", "GATE_ITO(0.5)", "SD_ITO(0.5)"]}