{"Modules": [{"Module": "M14", "Boundary": [["724.3", "10.0"], ["841.0", "10.0"], ["841.0", "60.8"], ["856.5", "60.8"], ["856.5", "134.9"], ["724.3", "134.9"]], "Module_type": "GATE", "Ports": [{"Location": [["737.4", "129.3"], ["843.4", "129.3"], ["843.4", "134.9"], ["737.4", "134.9"]], "Type": "SD"}, {"Location": [["724.3", "10.0"], ["841.0", "10.0"], ["841.0", "60.8"], ["856.5", "60.8"], ["856.5", "126.4"], ["724.3", "126.4"]], "Type": "GATE"}, {"Location": [["730.4", "15.1"], ["833.9", "15.1"], ["833.9", "20.1"], ["730.4", "20.1"]], "Type": "SD"}]}, {"Ports": [{"Location": [["289.5", "592.8"], ["293.8", "592.8"], ["293.8", "653.0"], ["289.5", "653.0"]], "Type": "SD"}, {"Location": [["374.2", "579.1"], ["374.2", "666.7"], ["295.5", "666.7"], ["295.5", "579.1"]], "Type": "GATE"}, {"Location": [["363.4", "585.0"], ["369.3", "585.0"], ["369.3", "660.8"], ["363.4", "660.8"]], "Type": "SD"}], "Module": "M9", "Boundary": [["374.2", "579.1"], ["374.2", "666.7"], ["289.5", "666.7"], ["289.5", "579.1"]], "Module_type": "GATE"}, {"Ports": [{"Location": [["528.9", "23.3"], ["533.7", "23.3"], ["533.7", "131.3"], ["528.9", "131.3"]], "Type": "SD"}, {"Location": [["704.3", "10.0"], ["704.3", "144.6"], ["535.1", "144.6"], ["535.1", "10.0"]], "Type": "GATE"}, {"Location": [["694.5", "15.8"], ["699.5", "15.8"], ["699.5", "138.8"], ["694.5", "138.8"]], "Type": "SD"}], "Module": "M5", "Boundary": [["704.3", "10.0"], ["704.3", "144.6"], ["528.9", "144.6"], ["528.9", "10.0"]], "Module_type": "GATE"}, {"Ports": [{"Location": [["354.2", "223.6"], ["358.6", "223.6"], ["358.6", "312.2"], ["354.2", "312.2"]], "Type": "SD"}, {"Location": [["464.9", "212.0"], ["464.9", "323.8"], ["360.7", "323.8"], ["360.7", "212.0"]], "Type": "GATE"}, {"Location": [["454.8", "218.0"], ["459.9", "218.0"], ["459.9", "317.8"], ["454.8", "317.8"]], "Type": "SD"}], "Module": "M11", "Boundary": [["464.9", "212.0"], ["464.9", "323.8"], ["354.2", "323.8"], ["354.2", "212.0"]], "Module_type": "GATE"}, {"Ports": [{"Location": [["10.0", "586.5"], ["15.1", "586.5"], ["15.1", "669.5"], ["10.0", "669.5"]], "Type": "SD"}, {"Location": [["143.4", "574.3"], ["143.4", "666.6"], ["143.1", "666.6"], ["143.1", "681.7"], ["17.2", "681.7"], ["17.2", "574.3"]], "Type": "GATE"}, {"Location": [["133.4", "579.6"], ["139.1", "579.6"], ["139.1", "661.3"], ["133.4", "661.3"]], "Type": "SD"}], "Module": "M1", "Boundary": [["143.4", "574.3"], ["143.4", "666.6"], ["143.1", "666.6"], ["143.1", "681.7"], ["10.0", "681.7"], ["10.0", "574.3"]], "Module_type": "GATE"}, {"Ports": [{"Location": [["43.8", "333.4"], ["157.6", "333.4"], ["157.6", "337.9"], ["43.8", "337.9"]], "Type": "SD"}, {"Location": [["30.0", "184.3"], ["171.4", "184.3"], ["171.4", "332.0"], ["30.0", "332.0"]], "Type": "GATE"}, {"Location": [["35.2", "188.5"], ["166.2", "188.5"], ["166.2", "195.0"], ["35.2", "195.0"]], "Type": "SD"}], "Module": "M19", "Boundary": [["30.0", "184.3"], ["171.4", "184.3"], ["171.4", "337.9"], ["30.0", "337.9"]], "Module_type": "GATE"}, {"Ports": [{"Location": [["358.7", "178.0"], ["494.4", "178.0"], ["494.4", "182.0"], ["358.7", "182.0"]], "Type": "SD"}, {"Location": [["344.2", "10.0"], ["491.6", "10.0"], ["491.6", "83.7"], ["508.9", "83.7"], ["508.9", "176.8"], ["344.2", "176.8"]], "Type": "GATE"}, {"Location": [["350.9", "15.7"], ["483.9", "15.7"], ["483.9", "21.5"], ["350.9", "21.5"]], "Type": "SD"}], "Module": "M6", "Boundary": [["344.2", "10.0"], ["491.6", "10.0"], ["491.6", "83.7"], ["508.9", "83.7"], ["508.9", "182.0"], ["344.2", "182.0"]], "Module_type": "GATE"}, {"Ports": [{"Location": [["687.6", "614.0"], ["693.0", "614.0"], ["693.0", "671.4"], ["687.6", "671.4"]], "Type": "SD"}, {"Location": [["843.1", "599.3"], ["843.1", "670.6"], ["805.0", "670.6"], ["805.0", "686.1"], ["695.9", "686.1"], ["695.9", "599.3"]], "Type": "GATE"}, {"Location": [["830.2", "605.2"], ["838.2", "605.2"], ["838.2", "663.7"], ["830.2", "663.7"]], "Type": "SD"}], "Module": "M2", "Boundary": [["843.1", "599.3"], ["843.1", "670.6"], ["805.0", "670.6"], ["805.0", "686.1"], ["687.6", "686.1"], ["687.6", "599.3"]], "Module_type": "GATE"}, {"Ports": [{"Location": [["30.0", "413.0"], ["34.5", "413.0"], ["34.5", "519.2"], ["30.0", "519.2"]], "Type": "SD"}, {"Location": [["239.5", "397.9"], ["239.5", "518.7"], ["183.7", "518.7"], ["183.7", "534.3"], ["36.0", "534.3"], ["36.0", "397.9"]], "Type": "GATE"}, {"Location": [["227.4", "404.2"], ["234.2", "404.2"], ["234.2", "511.4"], ["227.4", "511.4"]], "Type": "SD"}], "Module": "M16", "Boundary": [["239.5", "397.9"], ["239.5", "518.7"], ["183.7", "518.7"], ["183.7", "534.3"], ["30.0", "534.3"], ["30.0", "397.9"]], "Module_type": "GATE"}, {"Ports": [{"Location": [["30.0", "42.2"], ["34.6", "42.2"], ["34.6", "112.1"], ["30.0", "112.1"]], "Type": "SD"}, {"Location": [["173.6", "30.0"], ["173.6", "124.3"], ["37.4", "124.3"], ["37.4", "30.0"]], "Type": "GATE"}, {"Location": [["163.8", "36.4"], ["168.2", "36.4"], ["168.2", "117.9"], ["163.8", "117.9"]], "Type": "SD"}], "Module": "M13", "Boundary": [["173.6", "30.0"], ["173.6", "124.3"], ["30.0", "124.3"], ["30.0", "30.0"]], "Module_type": "GATE"}, {"Ports": [{"Location": [["747.9", "341.1"], ["838.4", "341.1"], ["838.4", "346.8"], ["747.9", "346.8"]], "Type": "SD"}, {"Location": [["734.3", "164.9"], ["836.2", "164.9"], ["836.2", "196.1"], ["852.0", "196.1"], ["852.0", "339.6"], ["734.3", "339.6"]], "Type": "GATE"}, {"Location": [["739.4", "169.0"], ["830.1", "169.0"], ["830.1", "175.0"], ["739.4", "175.0"]], "Type": "SD"}], "Module": "M10", "Boundary": [["734.3", "164.9"], ["836.2", "164.9"], ["836.2", "196.1"], ["852.0", "196.1"], ["852.0", "346.8"], ["734.3", "346.8"]], "Module_type": "GATE"}, {"Ports": [{"Location": [["178.0", "669.1"], ["242.0", "669.1"], ["242.0", "673.1"], ["178.0", "673.1"]], "Type": "SD"}, {"Location": [["163.4", "574.3"], ["242.1", "574.3"], ["242.1", "574.4"], ["256.6", "574.4"], ["256.6", "667.2"], ["163.4", "667.2"]], "Type": "GATE"}, {"Location": [["169.9", "579.8"], ["235.6", "579.8"], ["235.6", "586.7"], ["169.9", "586.7"]], "Type": "SD"}], "Module": "M7", "Boundary": [["163.4", "574.3"], ["242.1", "574.3"], ["242.1", "574.4"], ["256.6", "574.4"], ["256.6", "673.1"], ["163.4", "673.1"]], "Module_type": "GATE"}, {"Ports": [{"Location": [["468.2", "404.8"], ["474.1", "404.8"], ["474.1", "516.9"], ["468.2", "516.9"]], "Type": "SD"}, {"Location": [["656.9", "391.3"], ["656.9", "515.4"], ["656.6", "515.4"], ["656.6", "530.4"], ["475.8", "530.4"], ["475.8", "391.3"]], "Type": "GATE"}, {"Location": [["645.0", "398.0"], ["651.2", "398.0"], ["651.2", "508.7"], ["645.0", "508.7"]], "Type": "SD"}], "Module": "M3", "Boundary": [["656.9", "391.3"], ["656.9", "515.4"], ["656.6", "515.4"], ["656.6", "530.4"], ["468.2", "530.4"], ["468.2", "391.3"]], "Module_type": "GATE"}, {"Ports": [{"Location": [["494.9", "270.3"], ["500.1", "270.3"], ["500.1", "339.5"], ["494.9", "339.5"]], "Type": "SD"}, {"Location": [["680.0", "258.5"], ["680.0", "336.7"], ["615.2", "336.7"], ["615.2", "351.3"], ["503.0", "351.3"], ["503.0", "258.5"]], "Type": "GATE"}, {"Location": [["670.6", "263.7"], ["675.8", "263.7"], ["675.8", "330.5"], ["670.6", "330.5"]], "Type": "SD"}], "Module": "M18", "Boundary": [["680.0", "258.5"], ["680.0", "336.7"], ["615.2", "336.7"], ["615.2", "351.3"], ["494.9", "351.3"], ["494.9", "258.5"]], "Module_type": "GATE"}, {"Ports": [{"Location": [["424.2", "601.5"], ["429.8", "601.5"], ["429.8", "653.8"], ["424.2", "653.8"]], "Type": "SD"}, {"Location": [["647.6", "590.4"], ["647.6", "664.9"], ["432.6", "664.9"], ["432.6", "590.4"]], "Type": "GATE"}, {"Location": [["638.3", "596.2"], ["642.8", "596.2"], ["642.8", "659.1"], ["638.3", "659.1"]], "Type": "SD"}], "Module": "M20", "Boundary": [["647.6", "590.4"], ["647.6", "664.9"], ["424.2", "664.9"], ["424.2", "590.4"]], "Module_type": "GATE"}, {"Ports": [{"Location": [["734.9", "574.3"], ["847.0", "574.3"], ["847.0", "579.3"], ["734.9", "579.3"]], "Type": "SD"}, {"Location": [["721.7", "376.8"], ["860.2", "376.8"], ["860.2", "572.5"], ["721.7", "572.5"]], "Type": "GATE"}, {"Location": [["727.4", "381.5"], ["854.5", "381.5"], ["854.5", "386.9"], ["727.4", "386.9"]], "Type": "SD"}], "Module": "M15", "Boundary": [["721.7", "376.8"], ["860.2", "376.8"], ["860.2", "579.3"], ["721.7", "579.3"]], "Module_type": "GATE"}, {"Ports": [{"Location": [["225.6", "194.4"], ["312.2", "194.4"], ["312.2", "199.3"], ["225.6", "199.3"]], "Type": "SD"}, {"Location": [["213.6", "10.0"], ["309.4", "10.0"], ["309.4", "43.0"], ["324.2", "43.0"], ["324.2", "192.6"], ["213.6", "192.6"]], "Type": "GATE"}, {"Location": [["218.7", "14.1"], ["303.3", "14.1"], ["303.3", "20.2"], ["218.7", "20.2"]], "Type": "SD"}], "Module": "M12", "Boundary": [["213.6", "10.0"], ["309.4", "10.0"], ["309.4", "43.0"], ["324.2", "43.0"], ["324.2", "199.3"], ["213.6", "199.3"]], "Module_type": "GATE"}, {"Ports": [{"Location": [["326.8", "544.4"], ["414.9", "544.4"], ["414.9", "549.1"], ["326.8", "549.1"]], "Type": "SD"}, {"Location": [["313.5", "353.8"], ["413.1", "353.8"], ["413.1", "439.0"], ["428.2", "439.0"], ["428.2", "542.0"], ["313.5", "542.0"]], "Type": "GATE"}, {"Location": [["319.6", "358.9"], ["406.0", "358.9"], ["406.0", "364.8"], ["319.6", "364.8"]], "Type": "SD"}], "Module": "M8", "Boundary": [["313.5", "353.8"], ["413.1", "353.8"], ["413.1", "439.0"], ["428.2", "439.0"], ["428.2", "549.1"], ["313.5", "549.1"]], "Module_type": "GATE"}, {"Ports": [{"Location": [["528.9", "176.2"], ["533.1", "176.2"], ["533.1", "226.9"], ["528.9", "226.9"]], "Type": "SD"}, {"Location": [["701.7", "164.6"], ["701.7", "225.1"], ["656.1", "225.1"], ["656.1", "238.5"], ["535.6", "238.5"], ["535.6", "164.6"]], "Type": "GATE"}, {"Location": [["692.0", "170.9"], ["696.4", "170.9"], ["696.4", "217.8"], ["692.0", "217.8"]], "Type": "SD"}], "Module": "M4", "Boundary": [["701.7", "164.6"], ["701.7", "225.1"], ["656.1", "225.1"], ["656.1", "238.5"], ["528.9", "238.5"], ["528.9", "164.6"]], "Module_type": "GATE"}], "Area": [["-30.0", "-30.0"], ["900.2", "-30.0"], ["900.2", "726.1"], ["-30.0", "726.1"]], "Rules": ["GATE(5,5)", "SD(5,5)", "GATE_SD(0.5)", "GATE_ITO(0.5)", "SD_ITO(0.5)"]}