{"Modules": [{"Module": "M14", "Boundary": [["396.5", "364.3"], ["396.5", "449.9"], ["334.3", "449.9"], ["334.3", "462.2"], ["216.2", "462.2"], ["216.2", "364.3"]], "Module_type": "GATE", "Ports": [{"Location": [["216.2", "376.8"], ["222.1", "376.8"], ["222.1", "449.7"], ["216.2", "449.7"]], "Type": "SD"}, {"Location": [["396.5", "364.3"], ["396.5", "449.9"], ["334.3", "449.9"], ["334.3", "462.2"], ["223.8", "462.2"], ["223.8", "364.3"]], "Type": "GATE"}, {"Location": [["385.5", "369.4"], ["392.4", "369.4"], ["392.4", "443.8"], ["385.5", "443.8"]], "Type": "SD"}]}, {"Ports": [{"Location": [["128.7", "312.0"], ["209.6", "312.0"], ["209.6", "316.9"], ["128.7", "316.9"]], "Type": "SD"}, {"Location": [["115.5", "242.3"], ["208.1", "242.3"], ["208.1", "242.6"], ["222.8", "242.6"], ["222.8", "309.9"], ["115.5", "309.9"]], "Type": "GATE"}, {"Location": [["122.4", "248.2"], ["201.2", "248.2"], ["201.2", "253.6"], ["122.4", "253.6"]], "Type": "SD"}], "Module": "M9", "Boundary": [["115.5", "242.3"], ["208.1", "242.3"], ["208.1", "242.6"], ["222.8", "242.6"], ["222.8", "316.9"], ["115.5", "316.9"]], "Module_type": "GATE"}, {"Ports": [{"Location": [["232.0", "495.5"], ["236.9", "495.5"], ["236.9", "546.8"], ["232.0", "546.8"]], "Type": "SD"}, {"Location": [["377.0", "482.2"], ["377.0", "560.1"], ["239.4", "560.1"], ["239.4", "482.2"]], "Type": "GATE"}, {"Location": [["365.6", "488.6"], ["371.6", "488.6"], ["371.6", "553.7"], ["365.6", "553.7"]], "Type": "SD"}], "Module": "M5", "Boundary": [["377.0", "482.2"], ["377.0", "560.1"], ["232.0", "560.1"], ["232.0", "482.2"]], "Module_type": "GATE"}, {"Ports": [{"Location": [["557.4", "674.7"], ["625.8", "674.7"], ["625.8", "680.1"], ["557.4", "680.1"]], "Type": "SD"}, {"Location": [["544.2", "515.7"], ["639.0", "515.7"], ["639.0", "673.5"], ["544.2", "673.5"]], "Type": "GATE"}, {"Location": [["550.4", "520.9"], ["632.8", "520.9"], ["632.8", "525.9"], ["550.4", "525.9"]], "Type": "SD"}], "Module": "M11", "Boundary": [["544.2", "515.7"], ["639.0", "515.7"], ["639.0", "680.1"], ["544.2", "680.1"]], "Module_type": "GATE"}, {"Ports": [{"Location": [["411.5", "675.4"], ["499.7", "675.4"], ["499.7", "680.9"], ["411.5", "680.9"]], "Type": "SD"}, {"Location": [["397.0", "495.8"], ["514.2", "495.8"], ["514.2", "672.6"], ["397.0", "672.6"]], "Type": "GATE"}, {"Location": [["403.0", "500.8"], ["508.2", "500.8"], ["508.2", "506.9"], ["403.0", "506.9"]], "Type": "SD"}], "Module": "M1", "Boundary": [["397.0", "495.8"], ["514.2", "495.8"], ["514.2", "680.9"], ["397.0", "680.9"]], "Module_type": "GATE"}, {"Ports": [{"Location": [["30.0", "735.4"], ["35.6", "735.4"], ["35.6", "825.0"], ["30.0", "825.0"]], "Type": "SD"}, {"Location": [["192.0", "722.0"], ["192.0", "824.5"], ["191.7", "824.5"], ["191.7", "838.4"], ["38.1", "838.4"], ["38.1", "722.0"]], "Type": "GATE"}, {"Location": [["180.4", "728.2"], ["186.8", "728.2"], ["186.8", "818.3"], ["180.4", "818.3"]], "Type": "SD"}], "Module": "M19", "Boundary": [["192.0", "722.0"], ["192.0", "824.5"], ["191.7", "824.5"], ["191.7", "838.4"], ["30.0", "838.4"], ["30.0", "722.0"]], "Module_type": "GATE"}, {"Ports": [{"Location": [["23.4", "285.9"], ["72.1", "285.9"], ["72.1", "290.9"], ["23.4", "290.9"]], "Type": "SD"}, {"Location": [["10.0", "199.1"], ["72.3", "199.1"], ["72.3", "205.8"], ["85.5", "205.8"], ["85.5", "283.7"], ["10.0", "283.7"]], "Type": "GATE"}, {"Location": [["16.2", "204.3"], ["65.1", "204.3"], ["65.1", "210.2"], ["16.2", "210.2"]], "Type": "SD"}], "Module": "M6", "Boundary": [["10.0", "199.1"], ["72.3", "199.1"], ["72.3", "205.8"], ["85.5", "205.8"], ["85.5", "290.9"], ["10.0", "290.9"]], "Module_type": "GATE"}, {"Ports": [{"Location": [["245.5", "698.6"], ["352.2", "698.6"], ["352.2", "703.2"], ["245.5", "703.2"]], "Type": "SD"}, {"Location": [["232.0", "580.1"], ["352.4", "580.1"], ["352.4", "650.0"], ["365.7", "650.0"], ["365.7", "697.5"], ["232.0", "697.5"]], "Type": "GATE"}, {"Location": [["238.7", "585.8"], ["344.7", "585.8"], ["344.7", "591.5"], ["238.7", "591.5"]], "Type": "SD"}], "Module": "M2", "Boundary": [["232.0", "580.1"], ["352.4", "580.1"], ["352.4", "650.0"], ["365.7", "650.0"], ["365.7", "703.2"], ["232.0", "703.2"]], "Module_type": "GATE"}, {"Ports": [{"Location": [["45.7", "154.5"], ["161.9", "154.5"], ["161.9", "159.1"], ["45.7", "159.1"]], "Type": "SD"}, {"Location": [["30.0", "30.0"], ["161.4", "30.0"], ["161.4", "81.6"], ["177.6", "81.6"], ["177.6", "152.9"], ["30.0", "152.9"]], "Type": "GATE"}, {"Location": [["36.3", "35.3"], ["153.1", "35.3"], ["153.1", "42.3"], ["36.3", "42.3"]], "Type": "SD"}], "Module": "M16", "Boundary": [["30.0", "30.0"], ["161.4", "30.0"], ["161.4", "81.6"], ["177.6", "81.6"], ["177.6", "159.1"], ["30.0", "159.1"]], "Module_type": "GATE"}, {"Ports": [{"Location": [["457.5", "743.2"], ["462.6", "743.2"], ["462.6", "820.6"], ["457.5", "820.6"]], "Type": "SD"}, {"Location": [["635.3", "730.1"], ["635.3", "833.7"], ["463.8", "833.7"], ["463.8", "730.1"]], "Type": "GATE"}, {"Location": [["623.8", "735.7"], ["630.7", "735.7"], ["630.7", "828.1"], ["623.8", "828.1"]], "Type": "SD"}], "Module": "M13", "Boundary": [["635.3", "730.1"], ["635.3", "833.7"], ["457.5", "833.7"], ["457.5", "730.1"]], "Module_type": "GATE"}, {"Ports": [{"Location": [["262.8", "270.4"], ["267.8", "270.4"], ["267.8", "322.7"], ["262.8", "322.7"]], "Type": "SD"}, {"Location": [["470.0", "258.8"], ["470.0", "321.2"], ["359.9", "321.2"], ["359.9", "334.3"], ["270.3", "334.3"], ["270.3", "258.8"]], "Type": "GATE"}, {"Location": [["460.6", "264.0"], ["465.8", "264.0"], ["465.8", "314.0"], ["460.6", "314.0"]], "Type": "SD"}], "Module": "M10", "Boundary": [["470.0", "258.8"], ["470.0", "321.2"], ["359.9", "321.2"], ["359.9", "334.3"], ["262.8", "334.3"], ["262.8", "258.8"]], "Module_type": "GATE"}, {"Ports": [{"Location": [["10.0", "552.4"], ["15.9", "552.4"], ["15.9", "666.8"], ["10.0", "666.8"]], "Type": "SD"}, {"Location": [["212.0", "537.2"], ["212.0", "664.2"], ["211.3", "664.2"], ["211.3", "682.0"], ["18.5", "682.0"], ["18.5", "537.2"]], "Type": "GATE"}, {"Location": [["199.9", "543.4"], ["206.8", "543.4"], ["206.8", "658.0"], ["199.9", "658.0"]], "Type": "SD"}], "Module": "M7", "Boundary": [["212.0", "537.2"], ["212.0", "664.2"], ["211.3", "664.2"], ["211.3", "682.0"], ["10.0", "682.0"], ["10.0", "537.2"]], "Module_type": "GATE"}, {"Ports": [{"Location": [["385.5", "203.1"], ["431.3", "203.1"], ["431.3", "208.8"], ["385.5", "208.8"]], "Type": "SD"}, {"Location": [["370.1", "30.0"], ["427.8", "30.0"], ["427.8", "30.0"], ["446.7", "30.0"], ["446.7", "201.4"], ["370.1", "201.4"]], "Type": "GATE"}, {"Location": [["375.7", "34.6"], ["422.2", "34.6"], ["422.2", "42.4"], ["375.7", "42.4"]], "Type": "SD"}], "Module": "M3", "Boundary": [["370.1", "30.0"], ["427.8", "30.0"], ["427.8", "30.0"], ["446.7", "30.0"], ["446.7", "208.8"], ["370.1", "208.8"]], "Module_type": "GATE"}, {"Ports": [{"Location": [["500.0", "168.0"], ["505.7", "168.0"], ["505.7", "281.3"], ["500.0", "281.3"]], "Type": "SD"}, {"Location": [["639.6", "153.7"], ["639.6", "278.9"], ["559.7", "278.9"], ["559.7", "295.6"], ["507.8", "295.6"], ["507.8", "153.7"]], "Type": "GATE"}, {"Location": [["628.5", "159.2"], ["635.1", "159.2"], ["635.1", "272.4"], ["628.5", "272.4"]], "Type": "SD"}], "Module": "M18", "Boundary": [["639.6", "153.7"], ["639.6", "278.9"], ["559.7", "278.9"], ["559.7", "295.6"], ["500.0", "295.6"], ["500.0", "153.7"]], "Module_type": "GATE"}, {"Ports": [{"Location": [["30.0", "378.9"], ["34.5", "378.9"], ["34.5", "485.2"], ["30.0", "485.2"]], "Type": "SD"}, {"Location": [["176.2", "366.9"], ["176.2", "481.8"], ["101.7", "481.8"], ["101.7", "497.2"], ["36.0", "497.2"], ["36.0", "366.9"]], "Type": "GATE"}, {"Location": [["166.5", "371.9"], ["172.2", "371.9"], ["172.2", "475.8"], ["166.5", "475.8"]], "Type": "SD"}], "Module": "M20", "Boundary": [["176.2", "366.9"], ["176.2", "481.8"], ["101.7", "481.8"], ["101.7", "497.2"], ["30.0", "497.2"], ["30.0", "366.9"]], "Module_type": "GATE"}, {"Ports": [{"Location": [["486.7", "23.2"], ["492.0", "23.2"], ["492.0", "120.5"], ["486.7", "120.5"]], "Type": "SD"}, {"Location": [["640.2", "10.0"], ["640.2", "133.7"], ["493.1", "133.7"], ["493.1", "10.0"]], "Type": "GATE"}, {"Location": [["629.1", "15.0"], ["636.2", "15.0"], ["636.2", "128.7"], ["629.1", "128.7"]], "Type": "SD"}], "Module": "M15", "Boundary": [["640.2", "10.0"], ["640.2", "133.7"], ["486.7", "133.7"], ["486.7", "10.0"]], "Module_type": "GATE"}, {"Ports": [{"Location": [["231.4", "207.1"], ["316.3", "207.1"], ["316.3", "212.3"], ["231.4", "212.3"]], "Type": "SD"}, {"Location": [["217.6", "10.0"], ["315.5", "10.0"], ["315.5", "80.7"], ["330.1", "80.7"], ["330.1", "204.8"], ["217.6", "204.8"]], "Type": "GATE"}, {"Location": [["223.9", "15.3"], ["308.2", "15.3"], ["308.2", "21.7"], ["223.9", "21.7"]], "Type": "SD"}], "Module": "M12", "Boundary": [["217.6", "10.0"], ["315.5", "10.0"], ["315.5", "80.7"], ["330.1", "80.7"], ["330.1", "212.3"], ["217.6", "212.3"]], "Module_type": "GATE"}, {"Ports": [{"Location": [["232.0", "734.6"], ["237.7", "734.6"], ["237.7", "847.9"], ["232.0", "847.9"]], "Type": "SD"}, {"Location": [["417.5", "723.2"], ["417.5", "845.2"], ["384.7", "845.2"], ["384.7", "859.3"], ["239.9", "859.3"], ["239.9", "723.2"]], "Type": "GATE"}, {"Location": [["408.0", "728.4"], ["413.3", "728.4"], ["413.3", "839.0"], ["408.0", "839.0"]], "Type": "SD"}], "Module": "M8", "Boundary": [["417.5", "723.2"], ["417.5", "845.2"], ["384.7", "845.2"], ["384.7", "859.3"], ["232.0", "859.3"], ["232.0", "723.2"]], "Module_type": "GATE"}, {"Ports": [{"Location": [["558.8", "481.3"], ["641.4", "481.3"], ["641.4", "485.7"], ["558.8", "485.7"]], "Type": "SD"}, {"Location": [["545.5", "315.6"], ["640.4", "315.6"], ["640.4", "374.3"], ["654.7", "374.3"], ["654.7", "479.6"], ["545.5", "479.6"]], "Type": "GATE"}, {"Location": [["550.7", "319.8"], ["634.2", "319.8"], ["634.2", "326.0"], ["550.7", "326.0"]], "Type": "SD"}], "Module": "M4", "Boundary": [["545.5", "315.6"], ["640.4", "315.6"], ["640.4", "374.3"], ["654.7", "374.3"], ["654.7", "485.7"], ["545.5", "485.7"]], "Module_type": "GATE"}], "Area": [["-30.0", "-30.0"], ["694.7", "-30.0"], ["694.7", "899.3"], ["-30.0", "899.3"]], "Rules": ["GATE(5,5)", "SD(5,5)", "GATE_SD(0.5)", "GATE_ITO(0.5)", "SD_ITO(0.5)"]}