{"Modules": [{"Module": "M14", "Boundary": [["652.5", "261.3"], ["652.5", "348.4"], ["624.1", "348.4"], ["624.1", "361.6"], ["535.9", "361.6"], ["535.9", "261.3"]], "Module_type": "GATE", "Ports": [{"Location": [["535.9", "272.9"], ["540.1", "272.9"], ["540.1", "350.0"], ["535.9", "350.0"]], "Type": "SD"}, {"Location": [["652.5", "261.3"], ["652.5", "348.4"], ["624.1", "348.4"], ["624.1", "361.6"], ["541.7", "361.6"], ["541.7", "261.3"]], "Type": "GATE"}, {"Location": [["643.4", "266.8"], ["648.0", "266.8"], ["648.0", "341.9"], ["643.4", "341.9"]], "Type": "SD"}]}, {"Ports": [{"Location": [["195.6", "331.2"], ["200.8", "331.2"], ["200.8", "445.0"], ["195.6", "445.0"]], "Type": "SD"}, {"Location": [["356.7", "317.7"], ["356.7", "458.5"], ["202.3", "458.5"], ["202.3", "317.7"]], "Type": "GATE"}, {"Location": [["346.4", "323.5"], ["351.9", "323.5"], ["351.9", "452.7"], ["346.4", "452.7"]], "Type": "SD"}], "Module": "M9", "Boundary": [["356.7", "317.7"], ["356.7", "458.5"], ["195.6", "458.5"], ["195.6", "317.7"]], "Module_type": "GATE"}, {"Ports": [{"Location": [["548.4", "470.8"], ["639.8", "470.8"], ["639.8", "475.3"], ["548.4", "475.3"]], "Type": "SD"}, {"Location": [["534.5", "384.8"], ["653.7", "384.8"], ["653.7", "469.2"], ["534.5", "469.2"]], "Type": "GATE"}, {"Location": [["540.7", "390.0"], ["647.5", "390.0"], ["647.5", "396.2"], ["540.7", "396.2"]], "Type": "SD"}], "Module": "M5", "Boundary": [["534.5", "384.8"], ["653.7", "384.8"], ["653.7", "475.3"], ["534.5", "475.3"]], "Module_type": "GATE"}, {"Ports": [{"Location": [["545.9", "34.4"], ["551.1", "34.4"], ["551.1", "97.4"], ["545.9", "97.4"]], "Type": "SD"}, {"Location": [["704.3", "20.0"], ["704.3", "93.3"], ["704.2", "93.3"], ["704.2", "111.8"], ["553.1", "111.8"], ["553.1", "20.0"]], "Type": "GATE"}, {"Location": [["693.3", "25.6"], ["699.7", "25.6"], ["699.7", "87.7"], ["693.3", "87.7"]], "Type": "SD"}], "Module": "M11", "Boundary": [["704.3", "20.0"], ["704.3", "93.3"], ["704.2", "93.3"], ["704.2", "111.8"], ["545.9", "111.8"], ["545.9", "20.0"]], "Module_type": "GATE"}, {"Ports": [{"Location": [["673.7", "397.5"], ["679.5", "397.5"], ["679.5", "464.6"], ["673.7", "464.6"]], "Type": "SD"}, {"Location": [["869.9", "384.8"], ["869.9", "477.3"], ["681.3", "477.3"], ["681.3", "384.8"]], "Type": "GATE"}, {"Location": [["858.8", "391.7"], ["864.0", "391.7"], ["864.0", "470.4"], ["858.8", "470.4"]], "Type": "SD"}], "Module": "M1", "Boundary": [["869.9", "384.8"], ["869.9", "477.3"], ["673.7", "477.3"], ["673.7", "384.8"]], "Module_type": "GATE"}, {"Ports": [{"Location": [["321.4", "42.1"], ["327.2", "42.1"], ["327.2", "93.1"], ["321.4", "93.1"]], "Type": "SD"}, {"Location": [["495.9", "30.0"], ["495.9", "90.6"], ["495.6", "90.6"], ["495.6", "105.2"], ["328.4", "105.2"], ["328.4", "30.0"]], "Type": "GATE"}, {"Location": [["485.4", "35.3"], ["491.6", "35.3"], ["491.6", "85.3"], ["485.4", "85.3"]], "Type": "SD"}], "Module": "M19", "Boundary": [["495.9", "30.0"], ["495.9", "90.6"], ["495.6", "90.6"], ["495.6", "105.2"], ["321.4", "105.2"], ["321.4", "30.0"]], "Module_type": "GATE"}, {"Ports": [{"Location": [["734.3", "24.1"], ["738.7", "24.1"], ["738.7", "140.2"], ["734.3", "140.2"]], "Type": "SD"}, {"Location": [["850.0", "10.0"], ["850.0", "137.1"], ["785.9", "137.1"], ["785.9", "154.3"], ["740.5", "154.3"], ["740.5", "10.0"]], "Type": "GATE"}, {"Location": [["839.3", "16.1"], ["844.9", "16.1"], ["844.9", "130.0"], ["839.3", "130.0"]], "Type": "SD"}], "Module": "M6", "Boundary": [["850.0", "10.0"], ["850.0", "137.1"], ["785.9", "137.1"], ["785.9", "154.3"], ["734.3", "154.3"], ["734.3", "10.0"]], "Module_type": "GATE"}, {"Ports": [{"Location": [["182.0", "129.2"], ["266.2", "129.2"], ["266.2", "134.7"], ["182.0", "134.7"]], "Type": "SD"}, {"Location": [["166.8", "10.0"], ["281.4", "10.0"], ["281.4", "126.8"], ["166.8", "126.8"]], "Type": "GATE"}, {"Location": [["172.9", "15.1"], ["256.1", "15.1"], ["256.1", "21.7"], ["172.9", "21.7"]], "Type": "SD"}], "Module": "M2", "Boundary": [["166.8", "10.0"], ["281.4", "10.0"], ["281.4", "134.7"], ["166.8", "134.7"]], "Module_type": "GATE"}, {"Ports": [{"Location": [["216.8", "262.9"], ["327.0", "262.9"], ["327.0", "267.7"], ["216.8", "267.7"]], "Type": "SD"}, {"Location": [["202.9", "174.7"], ["327.1", "174.7"], ["327.1", "216.0"], ["340.9", "216.0"], ["340.9", "260.5"], ["202.9", "260.5"]], "Type": "GATE"}, {"Location": [["209.7", "180.5"], ["319.3", "180.5"], ["319.3", "186.0"], ["209.7", "186.0"]], "Type": "SD"}], "Module": "M16", "Boundary": [["202.9", "174.7"], ["327.1", "174.7"], ["327.1", "216.0"], ["340.9", "216.0"], ["340.9", "267.7"], ["202.9", "267.7"]], "Module_type": "GATE"}, {"Ports": [{"Location": [["419.2", "290.0"], ["482.0", "290.0"], ["482.0", "294.4"], ["419.2", "294.4"]], "Type": "SD"}, {"Location": [["406.7", "165.2"], ["480.3", "165.2"], ["480.3", "165.5"], ["494.5", "165.5"], ["494.5", "288.7"], ["406.7", "288.7"]], "Type": "GATE"}, {"Location": [["412.2", "169.7"], ["474.8", "169.7"], ["474.8", "175.5"], ["412.2", "175.5"]], "Type": "SD"}], "Module": "M13", "Boundary": [["406.7", "165.2"], ["480.3", "165.2"], ["480.3", "165.5"], ["494.5", "165.5"], ["494.5", "294.4"], ["406.7", "294.4"]], "Module_type": "GATE"}, {"Ports": [{"Location": [["930.4", "270.6"], ["1001.3", "270.6"], ["1001.3", "275.5"], ["930.4", "275.5"]], "Type": "SD"}, {"Location": [["916.5", "150.4"], ["1000.2", "150.4"], ["1000.2", "170.8"], ["1015.2", "170.8"], ["1015.2", "269.1"], ["916.5", "269.1"]], "Type": "GATE"}, {"Location": [["922.3", "155.2"], ["993.4", "155.2"], ["993.4", "161.7"], ["922.3", "161.7"]], "Type": "SD"}], "Module": "M10", "Boundary": [["916.5", "150.4"], ["1000.2", "150.4"], ["1000.2", "170.8"], ["1015.2", "170.8"], ["1015.2", "275.5"], ["916.5", "275.5"]], "Module_type": "GATE"}, {"Ports": [{"Location": [["386.7", "348.4"], ["391.5", "348.4"], ["391.5", "457.9"], ["386.7", "457.9"]], "Type": "SD"}, {"Location": [["513.5", "334.4"], ["513.5", "471.9"], ["393.8", "471.9"], ["393.8", "334.4"]], "Type": "GATE"}, {"Location": [["501.9", "339.5"], ["509.4", "339.5"], ["509.4", "466.8"], ["501.9", "466.8"]], "Type": "SD"}], "Module": "M7", "Boundary": [["513.5", "334.4"], ["513.5", "471.9"], ["386.7", "471.9"], ["386.7", "334.4"]], "Module_type": "GATE"}, {"Ports": [{"Location": [["30.0", "351.9"], ["34.2", "351.9"], ["34.2", "431.7"], ["30.0", "431.7"]], "Type": "SD"}, {"Location": [["36.9", "411.1"], ["36.9", "372.5"], ["-15.6", "372.5"], ["-15.6", "337.4"], ["146.2", "337.4"], ["146.2", "446.2"], ["-15.6", "446.2"], ["-15.6", "411.1"]], "Type": "GATE"}, {"Location": [["134.2", "343.0"], ["141.2", "343.0"], ["141.2", "440.6"], ["134.2", "440.6"]], "Type": "SD"}], "Module": "M3", "Boundary": [["30.0", "411.1"], ["30.0", "372.5"], ["-15.6", "372.5"], ["-15.6", "337.4"], ["146.2", "337.4"], ["146.2", "446.2"], ["-15.6", "446.2"], ["-15.6", "411.1"]], "Module_type": "GATE"}, {"Ports": [{"Location": [["24.2", "293.0"], ["148.7", "293.0"], ["148.7", "297.6"], ["24.2", "297.6"]], "Type": "SD"}, {"Location": [["10.0", "187.9"], ["147.0", "187.9"], ["147.0", "204.8"], ["162.9", "204.8"], ["162.9", "291.4"], ["10.0", "291.4"]], "Type": "GATE"}, {"Location": [["16.0", "192.9"], ["140.0", "192.9"], ["140.0", "198.9"], ["16.0", "198.9"]], "Type": "SD"}], "Module": "M18", "Boundary": [["10.0", "187.9"], ["147.0", "187.9"], ["147.0", "204.8"], ["162.9", "204.8"], ["162.9", "297.6"], ["10.0", "297.6"]], "Module_type": "GATE"}, {"Ports": [{"Location": [["901.7", "95.2"], ["997.0", "95.2"], ["997.0", "100.4"], ["901.7", "100.4"]], "Type": "SD"}, {"Location": [["890.0", "30.0"], ["995.0", "30.0"], ["995.0", "39.2"], ["1008.7", "39.2"], ["1008.7", "93.6"], ["890.0", "93.6"]], "Type": "GATE"}, {"Location": [["895.6", "34.6"], ["988.4", "34.6"], ["988.4", "40.0"], ["895.6", "40.0"]], "Type": "SD"}], "Module": "M20", "Boundary": [["890.0", "30.0"], ["995.0", "30.0"], ["995.0", "39.2"], ["1008.7", "39.2"], ["1008.7", "100.4"], ["890.0", "100.4"]], "Module_type": "GATE"}, {"Ports": [{"Location": [["732.7", "187.8"], ["738.3", "187.8"], ["738.3", "227.3"], ["732.7", "227.3"]], "Type": "SD"}, {"Location": [["883.2", "174.3"], ["883.2", "240.8"], ["740.6", "240.8"], ["740.6", "174.3"]], "Type": "GATE"}, {"Location": [["872.1", "180.4"], ["878.1", "180.4"], ["878.1", "234.7"], ["872.1", "234.7"]], "Type": "SD"}], "Module": "M15", "Boundary": [["883.2", "174.3"], ["883.2", "240.8"], ["732.7", "240.8"], ["732.7", "174.3"]], "Module_type": "GATE"}, {"Ports": [{"Location": [["672.5", "274.8"], ["677.0", "274.8"], ["677.0", "351.3"], ["672.5", "351.3"]], "Type": "SD"}, {"Location": [["886.5", "261.3"], ["886.5", "348.3"], ["772.3", "348.3"], ["772.3", "364.8"], ["678.6", "364.8"], ["678.6", "261.3"]], "Type": "GATE"}, {"Location": [["876.3", "266.3"], ["882.5", "266.3"], ["882.5", "342.3"], ["876.3", "342.3"]], "Type": "SD"}], "Module": "M12", "Boundary": [["886.5", "261.3"], ["886.5", "348.3"], ["772.3", "348.3"], ["772.3", "364.8"], ["672.5", "364.8"], ["672.5", "261.3"]], "Module_type": "GATE"}, {"Ports": [{"Location": [["535.9", "157.2"], ["540.9", "157.2"], ["540.9", "225.9"], ["535.9", "225.9"]], "Type": "SD"}, {"Location": [["712.7", "141.8"], ["712.7", "226.8"], ["623.2", "226.8"], ["623.2", "241.3"], ["542.4", "241.3"], ["542.4", "141.8"]], "Type": "GATE"}, {"Location": [["699.4", "148.6"], ["706.9", "148.6"], ["706.9", "219.0"], ["699.4", "219.0"]], "Type": "SD"}], "Module": "M8", "Boundary": [["712.7", "141.8"], ["712.7", "226.8"], ["623.2", "226.8"], ["623.2", "241.3"], ["535.9", "241.3"], ["535.9", "141.8"]], "Module_type": "GATE"}, {"Ports": [{"Location": [["10.0", "23.6"], ["14.3", "23.6"], ["14.3", "154.3"], ["10.0", "154.3"]], "Type": "SD"}, {"Location": [["146.8", "10.0"], ["146.8", "151.3"], ["79.6", "151.3"], ["79.6", "167.9"], ["16.8", "167.9"], ["16.8", "10.0"]], "Type": "GATE"}, {"Location": [["136.0", "15.2"], ["142.6", "15.2"], ["142.6", "145.1"], ["136.0", "145.1"]], "Type": "SD"}], "Module": "M4", "Boundary": [["146.8", "10.0"], ["146.8", "151.3"], ["79.6", "151.3"], ["79.6", "167.9"], ["10.0", "167.9"], ["10.0", "10.0"]], "Module_type": "GATE"}], "Area": [["-60.1", "-30.0"], ["1064.0", "-30.0"], ["1064.0", "517.3"], ["-60.1", "517.3"]], "Rules": ["GATE(5,5)", "SD(5,5)", "GATE_SD(0.5)", "GATE_ITO(0.5)", "SD_ITO(0.5)"]}