{"Modules": [{"Module": "M14", "Boundary": [["985.4", "10.0"], ["1078.6", "10.0"], ["1078.6", "59.5"], ["1092.9", "59.5"], ["1092.9", "154.5"], ["985.4", "154.5"]], "Module_type": "GATE", "Ports": [{"Location": [["997.6", "149.5"], ["1080.7", "149.5"], ["1080.7", "154.5"], ["997.6", "154.5"]], "Type": "SD"}, {"Location": [["985.4", "10.0"], ["1078.6", "10.0"], ["1078.6", "59.5"], ["1092.9", "59.5"], ["1092.9", "148.2"], ["985.4", "148.2"]], "Type": "GATE"}, {"Location": [["990.5", "14.1"], ["1072.5", "14.1"], ["1072.5", "19.5"], ["990.5", "19.5"]], "Type": "SD"}]}, {"Ports": [{"Location": [["563.7", "314.6"], ["648.9", "314.6"], ["648.9", "320.2"], ["563.7", "320.2"]], "Type": "SD"}, {"Location": [["550.3", "220.7"], ["662.3", "220.7"], ["662.3", "312.4"], ["550.3", "312.4"]], "Type": "GATE"}, {"Location": [["556.8", "226.2"], ["655.8", "226.2"], ["655.8", "232.6"], ["556.8", "232.6"]], "Type": "SD"}], "Module": "M9", "Boundary": [["550.3", "220.7"], ["662.3", "220.7"], ["662.3", "320.2"], ["550.3", "320.2"]], "Module_type": "GATE"}, {"Ports": [{"Location": [["312.2", "23.2"], ["318.2", "23.2"], ["318.2", "77.6"], ["312.2", "77.6"]], "Type": "SD"}, {"Location": [["498.4", "10.0"], ["498.4", "90.8"], ["321.0", "90.8"], ["321.0", "10.0"]], "Type": "GATE"}, {"Location": [["487.5", "15.9"], ["493.5", "15.9"], ["493.5", "84.9"], ["487.5", "84.9"]], "Type": "SD"}], "Module": "M5", "Boundary": [["498.4", "10.0"], ["498.4", "90.8"], ["312.2", "90.8"], ["312.2", "10.0"]], "Module_type": "GATE"}, {"Ports": [{"Location": [["696.0", "144.3"], ["764.5", "144.3"], ["764.5", "149.8"], ["696.0", "149.8"]], "Type": "SD"}, {"Location": [["683.9", "20.0"], ["761.4", "20.0"], ["761.4", "20.4"], ["776.6", "20.4"], ["776.6", "142.7"], ["683.9", "142.7"]], "Type": "GATE"}, {"Location": [["689.6", "24.7"], ["755.7", "24.7"], ["755.7", "30.3"], ["689.6", "30.3"]], "Type": "SD"}], "Module": "M11", "Boundary": [["683.9", "20.0"], ["761.4", "20.0"], ["761.4", "20.4"], ["776.6", "20.4"], ["776.6", "149.8"], ["683.9", "149.8"]], "Module_type": "GATE"}, {"Ports": [{"Location": [["10.0", "25.9"], ["15.7", "25.9"], ["15.7", "131.7"], ["10.0", "131.7"]], "Type": "SD"}, {"Location": [["191.8", "10.0"], ["191.8", "147.6"], ["17.7", "147.6"], ["17.7", "10.0"]], "Type": "GATE"}, {"Location": [["179.1", "16.9"], ["185.9", "16.9"], ["185.9", "140.7"], ["179.1", "140.7"]], "Type": "SD"}], "Module": "M1", "Boundary": [["191.8", "10.0"], ["191.8", "147.6"], ["10.0", "147.6"], ["10.0", "10.0"]], "Module_type": "GATE"}, {"Ports": [{"Location": [["245.3", "445.7"], ["376.2", "445.7"], ["376.2", "451.7"], ["245.3", "451.7"]], "Type": "SD"}, {"Location": [["231.8", "333.1"], ["372.0", "333.1"], ["372.0", "334.0"], ["389.7", "334.0"], ["389.7", "443.8"], ["231.8", "443.8"]], "Type": "GATE"}, {"Location": [["237.3", "337.6"], ["366.5", "337.6"], ["366.5", "343.6"], ["237.3", "343.6"]], "Type": "SD"}], "Module": "M19", "Boundary": [["231.8", "333.1"], ["372.0", "333.1"], ["372.0", "334.0"], ["389.7", "334.0"], ["389.7", "451.7"], ["231.8", "451.7"]], "Module_type": "GATE"}, {"Ports": [{"Location": [["706.0", "322.2"], ["774.4", "322.2"], ["774.4", "327.6"], ["706.0", "327.6"]], "Type": "SD"}, {"Location": [["692.3", "179.8"], ["773.9", "179.8"], ["773.9", "253.2"], ["788.1", "253.2"], ["788.1", "319.9"], ["692.3", "319.9"]], "Type": "GATE"}, {"Location": [["698.7", "185.2"], ["766.5", "185.2"], ["766.5", "191.9"], ["698.7", "191.9"]], "Type": "SD"}], "Module": "M6", "Boundary": [["692.3", "179.8"], ["773.9", "179.8"], ["773.9", "253.2"], ["788.1", "253.2"], ["788.1", "327.6"], ["692.3", "327.6"]], "Module_type": "GATE"}, {"Ports": [{"Location": [["1022.0", "316.0"], ["1077.1", "316.0"], ["1077.1", "321.6"], ["1022.0", "321.6"]], "Type": "SD"}, {"Location": [["1007.9", "174.5"], ["1076.1", "174.5"], ["1076.1", "259.5"], ["1091.2", "259.5"], ["1091.2", "314.7"], ["1007.9", "314.7"]], "Type": "GATE"}, {"Location": [["1013.8", "179.4"], ["1069.2", "179.4"], ["1069.2", "185.6"], ["1013.8", "185.6"]], "Type": "SD"}], "Module": "M2", "Boundary": [["1007.9", "174.5"], ["1076.1", "174.5"], ["1076.1", "259.5"], ["1091.2", "259.5"], ["1091.2", "321.6"], ["1007.9", "321.6"]], "Module_type": "GATE"}, {"Ports": [{"Location": [["554.6", "165.0"], ["617.7", "165.0"], ["617.7", "170.7"], ["554.6", "170.7"]], "Type": "SD"}, {"Location": [["538.4", "30.0"], ["616.4", "30.0"], ["616.4", "86.3"], ["633.9", "86.3"], ["633.9", "162.6"], ["538.4", "162.6"]], "Type": "GATE"}, {"Location": [["544.9", "35.5"], ["608.9", "35.5"], ["608.9", "43.0"], ["544.9", "43.0"]], "Type": "SD"}], "Module": "M16", "Boundary": [["538.4", "30.0"], ["616.4", "30.0"], ["616.4", "86.3"], ["633.9", "86.3"], ["633.9", "170.7"], ["538.4", "170.7"]], "Module_type": "GATE"}, {"Ports": [{"Location": [["833.8", "383.8"], ["839.4", "383.8"], ["839.4", "437.7"], ["833.8", "437.7"]], "Type": "SD"}, {"Location": [["1031.9", "370.4"], ["1031.9", "451.1"], ["841.7", "451.1"], ["841.7", "370.4"]], "Type": "GATE"}, {"Location": [["1021.4", "376.6"], ["1026.7", "376.6"], ["1026.7", "444.9"], ["1021.4", "444.9"]], "Type": "SD"}], "Module": "M13", "Boundary": [["1031.9", "370.4"], ["1031.9", "451.1"], ["833.8", "451.1"], ["833.8", "370.4"]], "Module_type": "GATE"}, {"Ports": [{"Location": [["20.0", "357.3"], ["24.4", "357.3"], ["24.4", "448.3"], ["20.0", "448.3"]], "Type": "SD"}, {"Location": [["160.9", "344.6"], ["160.9", "445.1"], ["102.0", "445.1"], ["102.0", "461.0"], ["27.4", "461.0"], ["27.4", "344.6"]], "Type": "GATE"}, {"Location": [["151.5", "350.1"], ["156.4", "350.1"], ["156.4", "438.6"], ["151.5", "438.6"]], "Type": "SD"}], "Module": "M10", "Boundary": [["160.9", "344.6"], ["160.9", "445.1"], ["102.0", "445.1"], ["102.0", "461.0"], ["20.0", "461.0"], ["20.0", "344.6"]], "Module_type": "GATE"}, {"Ports": [{"Location": [["437.8", "226.2"], ["443.1", "226.2"], ["443.1", "307.6"], ["437.8", "307.6"]], "Type": "SD"}, {"Location": [["520.3", "213.6"], ["520.3", "320.2"], ["444.5", "320.2"], ["444.5", "213.6"]], "Type": "GATE"}, {"Location": [["510.4", "220.2"], ["514.7", "220.2"], ["514.7", "313.6"], ["510.4", "313.6"]], "Type": "SD"}], "Module": "M7", "Boundary": [["520.3", "213.6"], ["520.3", "320.2"], ["437.8", "320.2"], ["437.8", "213.6"]], "Module_type": "GATE"}, {"Ports": [{"Location": [["457.8", "382.1"], ["463.4", "382.1"], ["463.4", "441.0"], ["457.8", "441.0"]], "Type": "SD"}, {"Location": [["585.9", "370.2"], ["585.9", "452.9"], ["466.0", "452.9"], ["466.0", "370.2"]], "Type": "GATE"}, {"Location": [["575.6", "376.6"], ["580.5", "376.6"], ["580.5", "446.5"], ["575.6", "446.5"]], "Type": "SD"}], "Module": "M3", "Boundary": [["585.9", "370.2"], ["585.9", "452.9"], ["457.8", "452.9"], ["457.8", "370.2"]], "Module_type": "GATE"}, {"Ports": [{"Location": [["10.0", "182.5"], ["14.5", "182.5"], ["14.5", "299.7"], ["10.0", "299.7"]], "Type": "SD"}, {"Location": [["181.3", "167.6"], ["181.3", "299.8"], ["94.4", "299.8"], ["94.4", "314.6"], ["17.2", "314.6"], ["17.2", "167.6"]], "Type": "GATE"}, {"Location": [["168.9", "173.9"], ["176.0", "173.9"], ["176.0", "292.5"], ["168.9", "292.5"]], "Type": "SD"}], "Module": "M18", "Boundary": [["181.3", "167.6"], ["181.3", "299.8"], ["94.4", "299.8"], ["94.4", "314.6"], ["10.0", "314.6"], ["10.0", "167.6"]], "Module_type": "GATE"}, {"Ports": [{"Location": [["848.4", "306.1"], ["953.3", "306.1"], ["953.3", "310.4"], ["848.4", "310.4"]], "Type": "SD"}, {"Location": [["833.8", "194.5"], ["952.5", "194.5"], ["952.5", "240.0"], ["967.9", "240.0"], ["967.9", "305.1"], ["833.8", "305.1"]], "Type": "GATE"}, {"Location": [["840.6", "200.3"], ["944.7", "200.3"], ["944.7", "205.7"], ["840.6", "205.7"]], "Type": "SD"}], "Module": "M20", "Boundary": [["833.8", "194.5"], ["952.5", "194.5"], ["952.5", "240.0"], ["967.9", "240.0"], ["967.9", "310.4"], ["833.8", "310.4"]], "Module_type": "GATE"}, {"Ports": [{"Location": [["312.2", "124.1"], ["317.2", "124.1"], ["317.2", "180.3"], ["312.2", "180.3"]], "Type": "SD"}, {"Location": [["491.6", "110.8"], ["491.6", "193.6"], ["319.2", "193.6"], ["319.2", "110.8"]], "Type": "GATE"}, {"Location": [["481.8", "116.7"], ["486.7", "116.7"], ["486.7", "187.7"], ["481.8", "187.7"]], "Type": "SD"}], "Module": "M15", "Boundary": [["491.6", "110.8"], ["491.6", "193.6"], ["312.2", "193.6"], ["312.2", "110.8"]], "Module_type": "GATE"}, {"Ports": [{"Location": [["225.1", "202.0"], ["278.9", "202.0"], ["278.9", "207.7"], ["225.1", "207.7"]], "Type": "SD"}, {"Location": [["211.8", "10.0"], ["277.6", "10.0"], ["277.6", "27.3"], ["292.2", "27.3"], ["292.2", "199.2"], ["211.8", "199.2"]], "Type": "GATE"}, {"Location": [["217.7", "14.9"], ["270.7", "14.9"], ["270.7", "20.9"], ["217.7", "20.9"]], "Type": "SD"}], "Module": "M12", "Boundary": [["211.8", "10.0"], ["277.6", "10.0"], ["277.6", "27.3"], ["292.2", "27.3"], ["292.2", "207.7"], ["211.8", "207.7"]], "Module_type": "GATE"}, {"Ports": [{"Location": [["806.6", "23.5"], ["811.4", "23.5"], ["811.4", "138.8"], ["806.6", "138.8"]], "Type": "SD"}, {"Location": [["965.4", "10.0"], ["965.4", "135.4"], ["938.4", "135.4"], ["938.4", "152.3"], ["812.8", "152.3"], ["812.8", "10.0"]], "Type": "GATE"}, {"Location": [["955.0", "15.6"], ["960.8", "15.6"], ["960.8", "128.8"], ["955.0", "128.8"]], "Type": "SD"}], "Module": "M8", "Boundary": [["965.4", "10.0"], ["965.4", "135.4"], ["938.4", "135.4"], ["938.4", "152.3"], ["806.6", "152.3"], ["806.6", "10.0"]], "Module_type": "GATE"}, {"Ports": [{"Location": [["625.9", "364.1"], ["630.0", "364.1"], ["630.0", "456.2"], ["625.9", "456.2"]], "Type": "SD"}, {"Location": [["793.8", "350.2"], ["793.8", "454.2"], ["735.9", "454.2"], ["735.9", "470.1"], ["632.2", "470.1"], ["632.2", "350.2"]], "Type": "GATE"}, {"Location": [["782.2", "356.2"], ["788.8", "356.2"], ["788.8", "447.2"], ["782.2", "447.2"]], "Type": "SD"}], "Module": "M4", "Boundary": [["793.8", "350.2"], ["793.8", "454.2"], ["735.9", "454.2"], ["735.9", "470.1"], ["625.9", "470.1"], ["625.9", "350.2"]], "Module_type": "GATE"}, {"Ports": [{"Location": [["211.8", "240.6"], ["217.7", "240.6"], ["217.7", "280.2"], ["211.8", "280.2"]], "Type": "SD"}, {"Location": [["417.8", "227.7"], ["417.8", "276.7"], ["417.8", "276.7"], ["417.8", "293.1"], ["220.6", "293.1"], ["220.6", "227.7"]], "Type": "GATE"}, {"Location": [["408.2", "232.9"], ["413.6", "232.9"], ["413.6", "271.5"], ["408.2", "271.5"]], "Type": "SD"}], "Module": "M17", "Boundary": [["417.8", "227.7"], ["417.8", "276.7"], ["417.8", "276.7"], ["417.8", "293.1"], ["211.8", "293.1"], ["211.8", "227.7"]], "Module_type": "GATE"}], "Area": [["-30.0", "-30.0"], ["1132.9", "-30.0"], ["1132.9", "510.1"], ["-30.0", "510.1"]], "Rules": ["GATE(5,5)", "SD(5,5)", "GATE_SD(0.5)", "GATE_ITO(0.5)", "SD_ITO(0.5)"]}