{"Modules": [{"Module": "M14", "Boundary": [["364.8", "457.3"], ["364.8", "567.0"], ["325.1", "567.0"], ["325.1", "580.9"], ["281.1", "580.9"], ["281.1", "457.3"]], "Module_type": "GATE", "Ports": [{"Location": [["281.1", "470.8"], ["286.7", "470.8"], ["286.7", "567.4"], ["281.1", "567.4"]], "Type": "SD"}, {"Location": [["364.8", "457.3"], ["364.8", "567.0"], ["325.1", "567.0"], ["325.1", "580.9"], ["288.0", "580.9"], ["288.0", "457.3"]], "Type": "GATE"}, {"Location": [["352.9", "463.9"], ["359.2", "463.9"], ["359.2", "559.4"], ["352.9", "559.4"]], "Type": "SD"}]}, {"Ports": [{"Location": [["32.6", "327.2"], ["80.9", "327.2"], ["80.9", "331.8"], ["32.6", "331.8"]], "Type": "SD"}, {"Location": [["20.0", "175.8"], ["79.6", "175.8"], ["79.6", "176.0"], ["93.5", "176.0"], ["93.5", "325.2"], ["20.0", "325.2"]], "Type": "GATE"}, {"Location": [["26.9", "181.7"], ["72.7", "181.7"], ["72.7", "186.5"], ["26.9", "186.5"]], "Type": "SD"}], "Module": "M9", "Boundary": [["20.0", "175.8"], ["79.6", "175.8"], ["79.6", "176.0"], ["93.5", "176.0"], ["93.5", "331.8"], ["20.0", "331.8"]], "Module_type": "GATE"}, {"Ports": [{"Location": [["350.2", "295.2"], ["354.6", "295.2"], ["354.6", "373.0"], ["350.2", "373.0"]], "Type": "SD"}, {"Location": [["563.8", "280.7"], ["563.8", "369.7"], ["563.4", "369.7"], ["563.4", "387.5"], ["356.9", "387.5"], ["356.9", "280.7"]], "Type": "GATE"}, {"Location": [["552.7", "287.4"], ["558.1", "287.4"], ["558.1", "363.0"], ["552.7", "363.0"]], "Type": "SD"}], "Module": "M5", "Boundary": [["563.8", "280.7"], ["563.8", "369.7"], ["563.4", "369.7"], ["563.4", "387.5"], ["350.2", "387.5"], ["350.2", "280.7"]], "Module_type": "GATE"}, {"Ports": [{"Location": [["145.8", "289.3"], ["150.5", "289.3"], ["150.5", "413.5"], ["145.8", "413.5"]], "Type": "SD"}, {"Location": [["320.2", "275.5"], ["320.2", "410.5"], ["319.9", "410.5"], ["319.9", "427.3"], ["152.7", "427.3"], ["152.7", "275.5"]], "Type": "GATE"}, {"Location": [["309.3", "281.6"], ["315.1", "281.6"], ["315.1", "404.4"], ["309.3", "404.4"]], "Type": "SD"}], "Module": "M11", "Boundary": [["320.2", "275.5"], ["320.2", "410.5"], ["319.9", "410.5"], ["319.9", "427.3"], ["145.8", "427.3"], ["145.8", "275.5"]], "Module_type": "GATE"}, {"Ports": [{"Location": [["297.0", "203.2"], ["339.6", "203.2"], ["339.6", "207.6"], ["297.0", "207.6"]], "Type": "SD"}, {"Location": [["283.1", "10.0"], ["353.5", "10.0"], ["353.5", "202.0"], ["283.1", "202.0"]], "Type": "GATE"}, {"Location": [["289.0", "14.9"], ["347.6", "14.9"], ["347.6", "20.5"], ["289.0", "20.5"]], "Type": "SD"}], "Module": "M1", "Boundary": [["283.1", "10.0"], ["353.5", "10.0"], ["353.5", "207.6"], ["283.1", "207.6"]], "Module_type": "GATE"}, {"Ports": [{"Location": [["43.6", "707.4"], ["81.7", "707.4"], ["81.7", "712.5"], ["43.6", "712.5"]], "Type": "SD"}, {"Location": [["30.0", "518.7"], ["95.3", "518.7"], ["95.3", "706.4"], ["30.0", "706.4"]], "Type": "GATE"}, {"Location": [["35.3", "523.0"], ["90.0", "523.0"], ["90.0", "530.0"], ["35.3", "530.0"]], "Type": "SD"}], "Module": "M19", "Boundary": [["30.0", "518.7"], ["95.3", "518.7"], ["95.3", "712.5"], ["30.0", "712.5"]], "Module_type": "GATE"}, {"Ports": [{"Location": [["10.0", "375.1"], ["15.4", "375.1"], ["15.4", "465.4"], ["10.0", "465.4"]], "Type": "SD"}, {"Location": [["115.8", "361.8"], ["115.8", "465.9"], ["107.7", "465.9"], ["107.7", "478.7"], ["18.0", "478.7"], ["18.0", "361.8"]], "Type": "GATE"}, {"Location": [["104.1", "368.5"], ["110.1", "368.5"], ["110.1", "458.2"], ["104.1", "458.2"]], "Type": "SD"}], "Module": "M6", "Boundary": [["115.8", "361.8"], ["115.8", "465.9"], ["107.7", "465.9"], ["107.7", "478.7"], ["10.0", "478.7"], ["10.0", "361.8"]], "Module_type": "GATE"}, {"Ports": [{"Location": [["174.1", "875.2"], ["258.3", "875.2"], ["258.3", "880.7"], ["174.1", "880.7"]], "Type": "SD"}, {"Location": [["158.9", "756.0"], ["273.5", "756.0"], ["273.5", "872.8"], ["158.9", "872.8"]], "Type": "GATE"}, {"Location": [["165.0", "761.1"], ["248.2", "761.1"], ["248.2", "767.7"], ["165.0", "767.7"]], "Type": "SD"}], "Module": "M2", "Boundary": [["158.9", "756.0"], ["273.5", "756.0"], ["273.5", "880.7"], ["158.9", "880.7"]], "Module_type": "GATE"}, {"Ports": [{"Location": [["30.0", "42.2"], ["34.3", "42.2"], ["34.3", "113.6"], ["30.0", "113.6"]], "Type": "SD"}, {"Location": [["243.1", "30.0"], ["243.1", "110.9"], ["166.9", "110.9"], ["166.9", "125.8"], ["37.2", "125.8"], ["37.2", "30.0"]], "Type": "GATE"}, {"Location": [["232.8", "35.4"], ["238.7", "35.4"], ["238.7", "104.5"], ["232.8", "104.5"]], "Type": "SD"}], "Module": "M16", "Boundary": [["243.1", "30.0"], ["243.1", "110.9"], ["166.9", "110.9"], ["166.9", "125.8"], ["30.0", "125.8"], ["30.0", "30.0"]], "Module_type": "GATE"}, {"Ports": [{"Location": [["404.8", "440.2"], ["410.5", "440.2"], ["410.5", "538.6"], ["404.8", "538.6"]], "Type": "SD"}, {"Location": [["542.9", "427.5"], ["542.9", "551.3"], ["412.0", "551.3"], ["412.0", "427.5"]], "Type": "GATE"}, {"Location": [["532.3", "433.0"], ["538.4", "433.0"], ["538.4", "545.8"], ["532.3", "545.8"]], "Type": "SD"}], "Module": "M13", "Boundary": [["542.9", "427.5"], ["542.9", "551.3"], ["404.8", "551.3"], ["404.8", "427.5"]], "Module_type": "GATE"}, {"Ports": [{"Location": [["420.7", "786.9"], ["424.8", "786.9"], ["424.8", "859.6"], ["420.7", "859.6"]], "Type": "SD"}, {"Location": [["551.3", "772.5"], ["551.3", "858.7"], ["519.5", "858.7"], ["519.5", "874.0"], ["427.6", "874.0"], ["427.6", "772.5"]], "Type": "GATE"}, {"Location": [["538.8", "779.1"], ["545.7", "779.1"], ["545.7", "851.1"], ["538.8", "851.1"]], "Type": "SD"}], "Module": "M10", "Boundary": [["551.3", "772.5"], ["551.3", "858.7"], ["519.5", "858.7"], ["519.5", "874.0"], ["420.7", "874.0"], ["420.7", "772.5"]], "Module_type": "GATE"}, {"Ports": [{"Location": [["23.9", "875.7"], ["125.0", "875.7"], ["125.0", "881.1"], ["23.9", "881.1"]], "Type": "SD"}, {"Location": [["10.0", "756.0"], ["120.2", "756.0"], ["120.2", "756.6"], ["138.9", "756.6"], ["138.9", "873.6"], ["10.0", "873.6"]], "Type": "GATE"}, {"Location": [["15.8", "760.8"], ["114.4", "760.8"], ["114.4", "766.4"], ["15.8", "766.4"]], "Type": "SD"}], "Module": "M7", "Boundary": [["10.0", "756.0"], ["120.2", "756.0"], ["120.2", "756.6"], ["138.9", "756.6"], ["138.9", "881.1"], ["10.0", "881.1"]], "Module_type": "GATE"}, {"Ports": [{"Location": [["393.5", "146.6"], ["397.7", "146.6"], ["397.7", "226.4"], ["393.5", "226.4"]], "Type": "SD"}, {"Location": [["400.4", "220.1"], ["400.4", "131.5"], ["510.0", "131.5"], ["510.0", "241.5"], ["404.9", "241.5"], ["404.9", "220.1"]], "Type": "GATE"}, {"Location": [["497.6", "137.7"], ["504.7", "137.7"], ["504.7", "235.3"], ["497.6", "235.3"]], "Type": "SD"}], "Module": "M3", "Boundary": [["393.5", "220.1"], ["393.5", "131.5"], ["510.0", "131.5"], ["510.0", "241.5"], ["404.9", "241.5"], ["404.9", "220.1"]], "Module_type": "GATE"}, {"Ports": [{"Location": [["149.8", "731.3"], ["246.6", "731.3"], ["246.6", "736.0"], ["149.8", "736.0"]], "Type": "SD"}, {"Location": [["135.3", "571.5"], ["244.2", "571.5"], ["244.2", "613.3"], ["261.1", "613.3"], ["261.1", "728.4"], ["135.3", "728.4"]], "Type": "GATE"}, {"Location": [["141.9", "577.1"], ["236.6", "577.1"], ["236.6", "582.9"], ["141.9", "582.9"]], "Type": "SD"}], "Module": "M18", "Boundary": [["135.3", "571.5"], ["244.2", "571.5"], ["244.2", "613.3"], ["261.1", "613.3"], ["261.1", "736.0"], ["135.3", "736.0"]], "Module_type": "GATE"}, {"Ports": [{"Location": [["430.2", "718.1"], ["527.4", "718.1"], ["527.4", "722.5"], ["430.2", "722.5"]], "Type": "SD"}, {"Location": [["416.0", "611.3"], ["524.6", "611.3"], ["524.6", "663.4"], ["541.6", "663.4"], ["541.6", "716.2"], ["416.0", "716.2"]], "Type": "GATE"}, {"Location": [["421.6", "615.9"], ["518.0", "615.9"], ["518.0", "622.4"], ["421.6", "622.4"]], "Type": "SD"}], "Module": "M20", "Boundary": [["416.0", "611.3"], ["524.6", "611.3"], ["524.6", "663.4"], ["541.6", "663.4"], ["541.6", "722.5"], ["416.0", "722.5"]], "Module_type": "GATE"}, {"Ports": [{"Location": [["123.5", "179.6"], ["129.5", "179.6"], ["129.5", "231.7"], ["123.5", "231.7"]], "Type": "SD"}, {"Location": [["258.9", "165.8"], ["258.9", "245.5"], ["132.2", "245.5"], ["132.2", "165.8"]], "Type": "GATE"}, {"Location": [["247.5", "172.0"], ["253.7", "172.0"], ["253.7", "239.3"], ["247.5", "239.3"]], "Type": "SD"}], "Module": "M15", "Boundary": [["258.9", "165.8"], ["258.9", "245.5"], ["123.5", "245.5"], ["123.5", "165.8"]], "Module_type": "GATE"}, {"Ports": [{"Location": [["150.8", "546.1"], ["246.1", "546.1"], ["246.1", "551.5"], ["150.8", "551.5"]], "Type": "SD"}, {"Location": [["135.8", "457.3"], ["244.4", "457.3"], ["244.4", "476.4"], ["261.1", "476.4"], ["261.1", "543.1"], ["135.8", "543.1"]], "Type": "GATE"}, {"Location": [["141.6", "462.1"], ["237.6", "462.1"], ["237.6", "468.9"], ["141.6", "468.9"]], "Type": "SD"}], "Module": "M12", "Boundary": [["135.8", "457.3"], ["244.4", "457.3"], ["244.4", "476.4"], ["261.1", "476.4"], ["261.1", "551.5"], ["135.8", "551.5"]], "Module_type": "GATE"}, {"Ports": [{"Location": [["305.8", "875.2"], ["378.4", "875.2"], ["378.4", "880.6"], ["305.8", "880.6"]], "Type": "SD"}, {"Location": [["293.5", "762.5"], ["378.4", "762.5"], ["378.4", "790.7"], ["390.7", "790.7"], ["390.7", "874.1"], ["293.5", "874.1"]], "Type": "GATE"}, {"Location": [["299.7", "767.7"], ["371.2", "767.7"], ["371.2", "772.8"], ["299.7", "772.8"]], "Type": "SD"}], "Module": "M8", "Boundary": [["293.5", "762.5"], ["378.4", "762.5"], ["378.4", "790.7"], ["390.7", "790.7"], ["390.7", "880.6"], ["293.5", "880.6"]], "Module_type": "GATE"}, {"Ports": [{"Location": [["294.3", "729.3"], ["362.8", "729.3"], ["362.8", "733.5"], ["294.3", "733.5"]], "Type": "SD"}, {"Location": [["281.1", "600.9"], ["361.7", "600.9"], ["361.7", "677.5"], ["376.0", "677.5"], ["376.0", "726.9"], ["281.1", "726.9"]], "Type": "GATE"}, {"Location": [["286.4", "605.2"], ["355.4", "605.2"], ["355.4", "612.2"], ["286.4", "612.2"]], "Type": "SD"}], "Module": "M4", "Boundary": [["281.1", "600.9"], ["361.7", "600.9"], ["361.7", "677.5"], ["376.0", "677.5"], ["376.0", "733.5"], ["281.1", "733.5"]], "Module_type": "GATE"}], "Area": [["-30.0", "-30.0"], ["603.8", "-30.0"], ["603.8", "921.1"], ["-30.0", "921.1"]], "Rules": ["GATE(5,5)", "SD(5,5)", "GATE_SD(0.5)", "GATE_ITO(0.5)", "SD_ITO(0.5)"]}