{"Modules": [{"Module": "M14", "Boundary": [["153.3", "612.5"], ["153.3", "724.0"], ["93.0", "724.0"], ["93.0", "738.6"], ["10.0", "738.6"], ["10.0", "612.5"]], "Module_type": "GATE", "Ports": [{"Location": [["10.0", "625.0"], ["15.0", "625.0"], ["15.0", "726.1"], ["10.0", "726.1"]], "Type": "SD"}, {"Location": [["153.3", "612.5"], ["153.3", "724.0"], ["93.0", "724.0"], ["93.0", "738.6"], ["17.5", "738.6"], ["17.5", "612.5"]], "Type": "GATE"}, {"Location": [["143.0", "617.5"], ["149.3", "617.5"], ["149.3", "718.0"], ["143.0", "718.0"]], "Type": "SD"}]}, {"Ports": [{"Location": [["195.5", "148.5"], ["200.6", "148.5"], ["200.6", "201.5"], ["195.5", "201.5"]], "Type": "SD"}, {"Location": [["324.0", "135.3"], ["324.0", "199.2"], ["323.8", "199.2"], ["323.8", "214.7"], ["201.7", "214.7"], ["201.7", "135.3"]], "Type": "GATE"}, {"Location": [["313.7", "141.9"], ["318.4", "141.9"], ["318.4", "192.6"], ["313.7", "192.6"]], "Type": "SD"}], "Module": "M9", "Boundary": [["324.0", "135.3"], ["324.0", "199.2"], ["323.8", "199.2"], ["323.8", "214.7"], ["195.5", "214.7"], ["195.5", "135.3"]], "Module_type": "GATE"}, {"Ports": [{"Location": [["10.0", "515.6"], ["14.8", "515.6"], ["14.8", "578.2"], ["10.0", "578.2"]], "Type": "SD"}, {"Location": [["186.0", "501.3"], ["186.0", "592.5"], ["16.2", "592.5"], ["16.2", "501.3"]], "Type": "GATE"}, {"Location": [["175.2", "507.0"], ["181.3", "507.0"], ["181.3", "586.8"], ["175.2", "586.8"]], "Type": "SD"}], "Module": "M5", "Boundary": [["186.0", "501.3"], ["186.0", "592.5"], ["10.0", "592.5"], ["10.0", "501.3"]], "Module_type": "GATE"}, {"Ports": [{"Location": [["32.3", "239.6"], ["143.2", "239.6"], ["143.2", "245.3"], ["32.3", "245.3"]], "Type": "SD"}, {"Location": [["20.0", "20.0"], ["140.7", "20.0"], ["140.7", "20.2"], ["155.5", "20.2"], ["155.5", "237.8"], ["20.0", "237.8"]], "Type": "GATE"}, {"Location": [["26.5", "25.5"], ["134.2", "25.5"], ["134.2", "30.5"], ["26.5", "30.5"]], "Type": "SD"}], "Module": "M11", "Boundary": [["20.0", "20.0"], ["140.7", "20.0"], ["140.7", "20.2"], ["155.5", "20.2"], ["155.5", "245.3"], ["20.0", "245.3"]], "Module_type": "GATE"}, {"Ports": [{"Location": [["10.0", "772.6"], ["15.9", "772.6"], ["15.9", "811.6"], ["10.0", "811.6"]], "Type": "SD"}, {"Location": [["151.2", "758.6"], ["151.2", "809.4"], ["150.9", "809.4"], ["150.9", "825.6"], ["17.0", "825.6"], ["17.0", "758.6"]], "Type": "GATE"}, {"Location": [["140.2", "764.7"], ["146.1", "764.7"], ["146.1", "803.3"], ["140.2", "803.3"]], "Type": "SD"}], "Module": "M1", "Boundary": [["151.2", "758.6"], ["151.2", "809.4"], ["150.9", "809.4"], ["150.9", "825.6"], ["10.0", "825.6"], ["10.0", "758.6"]], "Module_type": "GATE"}, {"Ports": [{"Location": [["244.5", "622.4"], ["324.3", "622.4"], ["324.3", "626.4"], ["244.5", "626.4"]], "Type": "SD"}, {"Location": [["231.5", "423.6"], ["322.9", "423.6"], ["322.9", "424.0"], ["337.3", "424.0"], ["337.3", "620.2"], ["231.5", "620.2"]], "Type": "GATE"}, {"Location": [["237.9", "429.0"], ["316.5", "429.0"], ["316.5", "435.1"], ["237.9", "435.1"]], "Type": "SD"}], "Module": "M19", "Boundary": [["231.5", "423.6"], ["322.9", "423.6"], ["322.9", "424.0"], ["337.3", "424.0"], ["337.3", "626.4"], ["231.5", "626.4"]], "Module_type": "GATE"}, {"Ports": [{"Location": [["10.0", "386.0"], ["14.5", "386.0"], ["14.5", "467.0"], ["10.0", "467.0"]], "Type": "SD"}, {"Location": [["191.5", "371.7"], ["191.5", "467.4"], ["159.9", "467.4"], ["159.9", "481.3"], ["15.9", "481.3"], ["15.9", "371.7"]], "Type": "GATE"}, {"Location": [["179.0", "378.3"], ["185.9", "378.3"], ["185.9", "459.8"], ["179.0", "459.8"]], "Type": "SD"}], "Module": "M6", "Boundary": [["191.5", "371.7"], ["191.5", "467.4"], ["159.9", "467.4"], ["159.9", "481.3"], ["10.0", "481.3"], ["10.0", "371.7"]], "Module_type": "GATE"}, {"Ports": [{"Location": [["376.4", "824.4"], ["474.6", "824.4"], ["474.6", "829.8"], ["376.4", "829.8"]], "Type": "SD"}, {"Location": [["362.2", "731.5"], ["474.6", "731.5"], ["474.6", "759.8"], ["488.8", "759.8"], ["488.8", "822.1"], ["362.2", "822.1"]], "Type": "GATE"}, {"Location": [["368.5", "736.8"], ["467.3", "736.8"], ["467.3", "743.8"], ["368.5", "743.8"]], "Type": "SD"}], "Module": "M2", "Boundary": [["362.2", "731.5"], ["474.6", "731.5"], ["474.6", "759.8"], ["488.8", "759.8"], ["488.8", "829.8"], ["362.2", "829.8"]], "Module_type": "GATE"}, {"Ports": [{"Location": [["193.3", "700.7"], ["198.8", "700.7"], ["198.8", "796.2"], ["193.3", "796.2"]], "Type": "SD"}, {"Location": [["322.2", "686.4"], ["322.2", "793.8"], ["280.9", "793.8"], ["280.9", "810.5"], ["200.4", "810.5"], ["200.4", "686.4"]], "Type": "GATE"}, {"Location": [["311.0", "692.3"], ["317.3", "692.3"], ["317.3", "786.9"], ["311.0", "786.9"]], "Type": "SD"}], "Module": "M16", "Boundary": [["322.2", "686.4"], ["322.2", "793.8"], ["280.9", "793.8"], ["280.9", "810.5"], ["193.3", "810.5"], ["193.3", "686.4"]], "Module_type": "GATE"}, {"Ports": [{"Location": [["410.5", "567.0"], ["492.8", "567.0"], ["492.8", "572.4"], ["410.5", "572.4"]], "Type": "SD"}, {"Location": [["397.7", "460.0"], ["492.9", "460.0"], ["492.9", "460.4"], ["505.6", "460.4"], ["505.6", "564.3"], ["397.7", "564.3"]], "Type": "GATE"}, {"Location": [["404.5", "465.8"], ["486.1", "465.8"], ["486.1", "471.2"], ["404.5", "471.2"]], "Type": "SD"}], "Module": "M13", "Boundary": [["397.7", "460.0"], ["492.9", "460.0"], ["492.9", "460.4"], ["505.6", "460.4"], ["505.6", "572.4"], ["397.7", "572.4"]], "Module_type": "GATE"}, {"Ports": [{"Location": [["492.4", "33.3"], ["497.8", "33.3"], ["497.8", "144.5"], ["492.4", "144.5"]], "Type": "SD"}, {"Location": [["662.0", "20.0"], ["662.0", "141.5"], ["619.1", "141.5"], ["619.1", "157.8"], ["500.6", "157.8"], ["500.6", "20.0"]], "Type": "GATE"}, {"Location": [["651.6", "25.3"], ["657.7", "25.3"], ["657.7", "135.2"], ["651.6", "135.2"]], "Type": "SD"}], "Module": "M10", "Boundary": [["662.0", "20.0"], ["662.0", "141.5"], ["619.1", "141.5"], ["619.1", "157.8"], ["492.4", "157.8"], ["492.4", "20.0"]], "Module_type": "GATE"}, {"Ports": [{"Location": [["541.8", "813.3"], ["647.2", "813.3"], ["647.2", "819.2"], ["541.8", "819.2"]], "Type": "SD"}, {"Location": [["529.7", "662.5"], ["659.3", "662.5"], ["659.3", "810.6"], ["529.7", "810.6"]], "Type": "GATE"}, {"Location": [["534.8", "666.6"], ["654.2", "666.6"], ["654.2", "671.6"], ["534.8", "671.6"]], "Type": "SD"}], "Module": "M7", "Boundary": [["529.7", "662.5"], ["659.3", "662.5"], ["659.3", "819.2"], ["529.7", "819.2"]], "Module_type": "GATE"}, {"Ports": [{"Location": [["577.6", "395.8"], ["632.8", "395.8"], ["632.8", "400.0"], ["577.6", "400.0"]], "Type": "SD"}, {"Location": [["564.0", "207.8"], ["646.4", "207.8"], ["646.4", "393.3"], ["564.0", "393.3"]], "Type": "GATE"}, {"Location": [["569.2", "212.0"], ["641.2", "212.0"], ["641.2", "219.5"], ["569.2", "219.5"]], "Type": "SD"}], "Module": "M3", "Boundary": [["564.0", "207.8"], ["646.4", "207.8"], ["646.4", "400.0"], ["564.0", "400.0"]], "Module_type": "GATE"}, {"Ports": [{"Location": [["257.6", "258.7"], ["263.0", "258.7"], ["263.0", "369.6"], ["257.6", "369.6"]], "Type": "SD"}, {"Location": [["357.7", "244.7"], ["357.7", "369.8"], ["350.7", "369.8"], ["350.7", "383.6"], ["264.6", "383.6"], ["264.6", "244.7"]], "Type": "GATE"}, {"Location": [["345.3", "251.2"], ["352.2", "251.2"], ["352.2", "362.3"], ["345.3", "362.3"]], "Type": "SD"}], "Module": "M18", "Boundary": [["357.7", "244.7"], ["357.7", "369.8"], ["350.7", "369.8"], ["350.7", "383.6"], ["257.6", "383.6"], ["257.6", "244.7"]], "Module_type": "GATE"}, {"Ports": [{"Location": [["412.0", "394.7"], ["489.7", "394.7"], ["489.7", "398.9"], ["412.0", "398.9"]], "Type": "SD"}, {"Location": [["397.7", "240.0"], ["487.5", "240.0"], ["487.5", "321.2"], ["504.0", "321.2"], ["504.0", "393.2"], ["397.7", "393.2"]], "Type": "GATE"}, {"Location": [["404.6", "245.9"], ["479.6", "245.9"], ["479.6", "251.3"], ["404.6", "251.3"]], "Type": "SD"}], "Module": "M20", "Boundary": [["397.7", "240.0"], ["487.5", "240.0"], ["487.5", "321.2"], ["504.0", "321.2"], ["504.0", "398.9"], ["397.7", "398.9"]], "Module_type": "GATE"}, {"Ports": [{"Location": [["10.0", "288.4"], ["15.8", "288.4"], ["15.8", "338.6"], ["10.0", "338.6"]], "Type": "SD"}, {"Location": [["237.6", "275.3"], ["237.6", "351.7"], ["17.5", "351.7"], ["17.5", "275.3"]], "Type": "GATE"}, {"Location": [["226.6", "281.1"], ["232.8", "281.1"], ["232.8", "345.9"], ["226.6", "345.9"]], "Type": "SD"}], "Module": "M15", "Boundary": [["237.6", "275.3"], ["237.6", "351.7"], ["10.0", "351.7"], ["10.0", "275.3"]], "Module_type": "GATE"}, {"Ports": [{"Location": [["377.7", "625.6"], ["383.0", "625.6"], ["383.0", "698.3"], ["377.7", "698.3"]], "Type": "SD"}, {"Location": [["509.7", "612.4"], ["509.7", "696.0"], ["488.4", "696.0"], ["488.4", "711.5"], ["384.9", "711.5"], ["384.9", "612.4"]], "Type": "GATE"}, {"Location": [["499.7", "618.0"], ["505.1", "618.0"], ["505.1", "689.4"], ["499.7", "689.4"]], "Type": "SD"}], "Module": "M12", "Boundary": [["509.7", "612.4"], ["509.7", "696.0"], ["488.4", "696.0"], ["488.4", "711.5"], ["377.7", "711.5"], ["377.7", "612.4"]], "Module_type": "GATE"}, {"Ports": [{"Location": [["199.3", "101.3"], ["324.1", "101.3"], ["324.1", "105.3"], ["199.3", "105.3"]], "Type": "SD"}, {"Location": [["185.5", "10.0"], ["322.2", "10.0"], ["322.2", "25.1"], ["337.9", "25.1"], ["337.9", "100.1"], ["185.5", "100.1"]], "Type": "GATE"}, {"Location": [["192.2", "15.7"], ["314.5", "15.7"], ["314.5", "21.0"], ["192.2", "21.0"]], "Type": "SD"}], "Module": "M8", "Boundary": [["185.5", "10.0"], ["322.2", "10.0"], ["322.2", "25.1"], ["337.9", "25.1"], ["337.9", "105.3"], ["185.5", "105.3"]], "Module_type": "GATE"}, {"Ports": [{"Location": [["370.9", "195.0"], ["449.4", "195.0"], ["449.4", "200.0"], ["370.9", "200.0"]], "Type": "SD"}, {"Location": [["357.9", "10.0"], ["449.0", "10.0"], ["449.0", "26.3"], ["462.4", "26.3"], ["462.4", "193.6"], ["357.9", "193.6"]], "Type": "GATE"}, {"Location": [["364.6", "15.7"], ["441.3", "15.7"], ["441.3", "20.7"], ["364.6", "20.7"]], "Type": "SD"}], "Module": "M4", "Boundary": [["357.9", "10.0"], ["449.0", "10.0"], ["449.0", "26.3"], ["462.4", "26.3"], ["462.4", "200.0"], ["357.9", "200.0"]], "Module_type": "GATE"}], "Area": [["-30.0", "-30.0"], ["707.1", "-30.0"], ["707.1", "869.8"], ["-30.0", "869.8"]], "Rules": ["GATE(5,5)", "SD(5,5)", "GATE_SD(0.5)", "GATE_ITO(0.5)", "SD_ITO(0.5)"]}