{"Modules": [{"Module": "M14", "Boundary": [["313.6", "150.5"], ["313.6", "224.0"], ["227.8", "224.0"], ["227.8", "236.7"], ["116.2", "236.7"], ["116.2", "150.5"]], "Module_type": "GATE", "Ports": [{"Location": [["116.2", "163.0"], ["122.1", "163.0"], ["122.1", "224.2"], ["116.2", "224.2"]], "Type": "SD"}, {"Location": [["313.6", "150.5"], ["313.6", "224.0"], ["227.8", "224.0"], ["227.8", "236.7"], ["124.2", "236.7"], ["124.2", "150.5"]], "Type": "GATE"}, {"Location": [["302.9", "157.1"], ["308.0", "157.1"], ["308.0", "216.4"], ["302.9", "216.4"]], "Type": "SD"}]}, {"Ports": [{"Location": [["20.0", "905.4"], ["25.8", "905.4"], ["25.8", "996.0"], ["20.0", "996.0"]], "Type": "SD"}, {"Location": [["227.8", "894.3"], ["227.8", "993.2"], ["227.5", "993.2"], ["227.5", "1007.1"], ["27.8", "1007.1"], ["27.8", "894.3"]], "Type": "GATE"}, {"Location": [["218.4", "900.3"], ["222.8", "900.3"], ["222.8", "987.2"], ["218.4", "987.2"]], "Type": "SD"}], "Module": "M9", "Boundary": [["227.8", "894.3"], ["227.8", "993.2"], ["227.5", "993.2"], ["227.5", "1007.1"], ["20.0", "1007.1"], ["20.0", "894.3"]], "Module_type": "GATE"}, {"Ports": [{"Location": [["116.2", "22.5"], ["121.2", "22.5"], ["121.2", "94.6"], ["116.2", "94.6"]], "Type": "SD"}, {"Location": [["211.4", "10.0"], ["211.4", "107.1"], ["123.4", "107.1"], ["123.4", "10.0"]], "Type": "GATE"}, {"Location": [["201.6", "15.8"], ["206.6", "15.8"], ["206.6", "101.3"], ["201.6", "101.3"]], "Type": "SD"}], "Module": "M5", "Boundary": [["211.4", "10.0"], ["211.4", "107.1"], ["116.2", "107.1"], ["116.2", "10.0"]], "Module_type": "GATE"}, {"Ports": [{"Location": [["322.4", "938.2"], ["433.4", "938.2"], ["433.4", "943.8"], ["322.4", "943.8"]], "Type": "SD"}, {"Location": [["308.9", "816.9"], ["429.6", "816.9"], ["429.6", "817.6"], ["446.9", "817.6"], ["446.9", "935.9"], ["308.9", "935.9"]], "Type": "GATE"}, {"Location": [["314.2", "821.2"], ["424.3", "821.2"], ["424.3", "827.0"], ["314.2", "827.0"]], "Type": "SD"}], "Module": "M11", "Boundary": [["308.9", "816.9"], ["429.6", "816.9"], ["429.6", "817.6"], ["446.9", "817.6"], ["446.9", "943.8"], ["308.9", "943.8"]], "Module_type": "GATE"}, {"Ports": [{"Location": [["164.0", "859.2"], ["266.6", "859.2"], ["266.6", "864.3"], ["164.0", "864.3"]], "Type": "SD"}, {"Location": [["151.7", "707.7"], ["262.9", "707.7"], ["262.9", "707.9"], ["278.9", "707.9"], ["278.9", "856.7"], ["151.7", "856.7"]], "Type": "GATE"}, {"Location": [["157.3", "712.3"], ["257.3", "712.3"], ["257.3", "717.0"], ["157.3", "717.0"]], "Type": "SD"}], "Module": "M1", "Boundary": [["151.7", "707.7"], ["262.9", "707.7"], ["262.9", "707.9"], ["278.9", "707.9"], ["278.9", "864.3"], ["151.7", "864.3"]], "Module_type": "GATE"}, {"Ports": [{"Location": [["40.6", "839.5"], ["101.1", "839.5"], ["101.1", "843.9"], ["40.6", "843.9"]], "Type": "SD"}, {"Location": [["30.0", "722.9"], ["98.3", "722.9"], ["98.3", "723.0"], ["111.7", "723.0"], ["111.7", "837.6"], ["30.0", "837.6"]], "Type": "GATE"}, {"Location": [["35.3", "727.2"], ["93.0", "727.2"], ["93.0", "731.8"], ["35.3", "731.8"]], "Type": "SD"}], "Module": "M19", "Boundary": [["30.0", "722.9"], ["98.3", "722.9"], ["98.3", "723.0"], ["111.7", "723.0"], ["111.7", "843.9"], ["30.0", "843.9"]], "Module_type": "GATE"}, {"Ports": [{"Location": [["23.3", "445.9"], ["147.8", "445.9"], ["147.8", "451.3"], ["23.3", "451.3"]], "Type": "SD"}, {"Location": [["10.0", "256.7"], ["145.4", "256.7"], ["145.4", "307.8"], ["161.1", "307.8"], ["161.1", "444.7"], ["10.0", "444.7"]], "Type": "GATE"}, {"Location": [["15.9", "261.6"], ["138.5", "261.6"], ["138.5", "267.8"], ["15.9", "267.8"]], "Type": "SD"}], "Module": "M6", "Boundary": [["10.0", "256.7"], ["145.4", "256.7"], ["145.4", "307.8"], ["161.1", "307.8"], ["161.1", "451.3"], ["10.0", "451.3"]], "Module_type": "GATE"}, {"Ports": [{"Location": [["22.5", "677.8"], ["124.6", "677.8"], ["124.6", "682.9"], ["22.5", "682.9"]], "Type": "SD"}, {"Location": [["10.0", "471.3"], ["124.5", "471.3"], ["124.5", "545.9"], ["137.1", "545.9"], ["137.1", "675.1"], ["10.0", "675.1"]], "Type": "GATE"}, {"Location": [["15.8", "476.1"], ["117.7", "476.1"], ["117.7", "482.1"], ["15.8", "482.1"]], "Type": "SD"}], "Module": "M2", "Boundary": [["10.0", "471.3"], ["124.5", "471.3"], ["124.5", "545.9"], ["137.1", "545.9"], ["137.1", "682.9"], ["10.0", "682.9"]], "Module_type": "GATE"}, {"Ports": [{"Location": [["355.3", "762.1"], ["429.6", "762.1"], ["429.6", "766.9"], ["355.3", "766.9"]], "Type": "SD"}, {"Location": [["342.4", "576.6"], ["426.5", "576.6"], ["426.5", "677.2"], ["442.5", "677.2"], ["442.5", "759.7"], ["342.4", "759.7"]], "Type": "GATE"}, {"Location": [["347.7", "580.9"], ["420.2", "580.9"], ["420.2", "586.1"], ["347.7", "586.1"]], "Type": "SD"}], "Module": "M16", "Boundary": [["342.4", "576.6"], ["426.5", "576.6"], ["426.5", "677.2"], ["442.5", "677.2"], ["442.5", "766.9"], ["342.4", "766.9"]], "Module_type": "GATE"}, {"Ports": [{"Location": [["398.5", "1135.8"], ["434.5", "1135.8"], ["434.5", "1141.7"], ["398.5", "1141.7"]], "Type": "SD"}, {"Location": [["385.6", "993.8"], ["433.0", "993.8"], ["433.0", "993.9"], ["447.4", "993.9"], ["447.4", "1134.6"], ["385.6", "1134.6"]], "Type": "GATE"}, {"Location": [["392.0", "999.2"], ["426.6", "999.2"], ["426.6", "1005.1"], ["392.0", "1005.1"]], "Type": "SD"}], "Module": "M13", "Boundary": [["385.6", "993.8"], ["433.0", "993.8"], ["433.0", "993.9"], ["447.4", "993.9"], ["447.4", "1141.7"], ["385.6", "1141.7"]], "Module_type": "GATE"}, {"Ports": [{"Location": [["240.5", "1062.1"], ["244.8", "1062.1"], ["244.8", "1130.5"], ["240.5", "1130.5"]], "Type": "SD"}, {"Location": [["335.6", "1047.1"], ["335.6", "1130.9"], ["308.2", "1130.9"], ["308.2", "1145.5"], ["247.0", "1145.5"], ["247.0", "1047.1"]], "Type": "GATE"}, {"Location": [["323.5", "1053.9"], ["329.8", "1053.9"], ["329.8", "1123.1"], ["323.5", "1123.1"]], "Type": "SD"}], "Module": "M10", "Boundary": [["335.6", "1047.1"], ["335.6", "1130.9"], ["308.2", "1130.9"], ["308.2", "1145.5"], ["240.5", "1145.5"], ["240.5", "1047.1"]], "Module_type": "GATE"}, {"Ports": [{"Location": [["357.8", "22.9"], ["363.2", "22.9"], ["363.2", "118.3"], ["357.8", "118.3"]], "Type": "SD"}, {"Location": [["465.8", "10.0"], ["465.8", "131.2"], ["365.7", "131.2"], ["365.7", "10.0"]], "Type": "GATE"}, {"Location": [["454.9", "16.5"], ["460.3", "16.5"], ["460.3", "124.7"], ["454.9", "124.7"]], "Type": "SD"}], "Module": "M7", "Boundary": [["465.8", "10.0"], ["465.8", "131.2"], ["357.8", "131.2"], ["357.8", "10.0"]], "Module_type": "GATE"}, {"Ports": [{"Location": [["365.9", "321.7"], ["431.6", "321.7"], ["431.6", "326.5"], ["365.9", "326.5"]], "Type": "SD"}, {"Location": [["353.6", "171.2"], ["429.1", "171.2"], ["429.1", "171.7"], ["443.9", "171.7"], ["443.9", "319.6"], ["353.6", "319.6"]], "Type": "GATE"}, {"Location": [["360.2", "176.8"], ["422.5", "176.8"], ["422.5", "180.9"], ["360.2", "180.9"]], "Type": "SD"}], "Module": "M3", "Boundary": [["353.6", "171.2"], ["429.1", "171.2"], ["429.1", "171.7"], ["443.9", "171.7"], ["443.9", "326.5"], ["353.6", "326.5"]], "Module_type": "GATE"}, {"Ports": [{"Location": [["10.0", "1050.1"], ["15.2", "1050.1"], ["15.2", "1159.6"], ["10.0", "1159.6"]], "Type": "SD"}, {"Location": [["210.5", "1037.1"], ["210.5", "1158.9"], ["175.3", "1158.9"], ["175.3", "1172.6"], ["17.6", "1172.6"], ["17.6", "1037.1"]], "Type": "GATE"}, {"Location": [["199.3", "1042.8"], ["205.8", "1042.8"], ["205.8", "1152.2"], ["199.3", "1152.2"]], "Type": "SD"}], "Module": "M18", "Boundary": [["210.5", "1037.1"], ["210.5", "1158.9"], ["175.3", "1158.9"], ["175.3", "1172.6"], ["10.0", "1172.6"], ["10.0", "1037.1"]], "Module_type": "GATE"}, {"Ports": [{"Location": [["177.1", "594.4"], ["182.9", "594.4"], ["182.9", "653.7"], ["177.1", "653.7"]], "Type": "SD"}, {"Location": [["279.1", "580.4"], ["279.1", "651.3"], ["248.3", "651.3"], ["248.3", "667.7"], ["184.0", "667.7"], ["184.0", "580.4"]], "Type": "GATE"}, {"Location": [["268.3", "586.4"], ["274.1", "586.4"], ["274.1", "644.3"], ["268.3", "644.3"]], "Type": "SD"}], "Module": "M20", "Boundary": [["279.1", "580.4"], ["279.1", "651.3"], ["248.3", "651.3"], ["248.3", "667.7"], ["177.1", "667.7"], ["177.1", "580.4"]], "Module_type": "GATE"}, {"Ports": [{"Location": [["338.4", "532.3"], ["451.8", "532.3"], ["451.8", "536.6"], ["338.4", "536.6"]], "Type": "SD"}, {"Location": [["324.6", "366.5"], ["465.6", "366.5"], ["465.6", "531.1"], ["324.6", "531.1"]], "Type": "GATE"}, {"Location": [["331.0", "371.9"], ["459.2", "371.9"], ["459.2", "378.0"], ["331.0", "378.0"]], "Type": "SD"}], "Module": "M15", "Boundary": [["324.6", "366.5"], ["465.6", "366.5"], ["465.6", "536.6"], ["324.6", "536.6"]], "Module_type": "GATE"}, {"Ports": [{"Location": [["193.4", "408.7"], ["292.3", "408.7"], ["292.3", "414.0"], ["193.4", "414.0"]], "Type": "SD"}, {"Location": [["181.1", "256.7"], ["290.3", "256.7"], ["290.3", "336.9"], ["304.6", "336.9"], ["304.6", "406.3"], ["181.1", "406.3"]], "Type": "GATE"}, {"Location": [["186.5", "261.1"], ["283.9", "261.1"], ["283.9", "267.0"], ["186.5", "267.0"]], "Type": "SD"}], "Module": "M12", "Boundary": [["181.1", "256.7"], ["290.3", "256.7"], ["290.3", "336.9"], ["304.6", "336.9"], ["304.6", "414.0"], ["181.1", "414.0"]], "Module_type": "GATE"}, {"Ports": [{"Location": [["245.1", "126.2"], ["324.1", "126.2"], ["324.1", "130.5"], ["245.1", "130.5"]], "Type": "SD"}, {"Location": [["231.4", "10.0"], ["321.0", "10.0"], ["321.0", "77.7"], ["337.8", "77.7"], ["337.8", "125.2"], ["231.4", "125.2"]], "Type": "GATE"}, {"Location": [["237.1", "14.7"], ["314.3", "14.7"], ["314.3", "21.2"], ["237.1", "21.2"]], "Type": "SD"}], "Module": "M8", "Boundary": [["231.4", "10.0"], ["321.0", "10.0"], ["321.0", "77.7"], ["337.8", "77.7"], ["337.8", "130.5"], ["231.4", "130.5"]], "Module_type": "GATE"}, {"Ports": [{"Location": [["181.1", "446.0"], ["187.1", "446.0"], ["187.1", "528.4"], ["181.1", "528.4"]], "Type": "SD"}, {"Location": [["302.4", "434.0"], ["302.4", "526.3"], ["243.8", "526.3"], ["243.8", "540.4"], ["188.3", "540.4"], ["188.3", "434.0"]], "Type": "GATE"}, {"Location": [["292.9", "439.2"], ["298.2", "439.2"], ["298.2", "520.1"], ["292.9", "520.1"]], "Type": "SD"}], "Module": "M4", "Boundary": [["302.4", "434.0"], ["302.4", "526.3"], ["243.8", "526.3"], ["243.8", "540.4"], ["181.1", "540.4"], ["181.1", "434.0"]], "Module_type": "GATE"}, {"Ports": [{"Location": [["23.1", "190.5"], ["83.1", "190.5"], ["83.1", "195.4"], ["23.1", "195.4"]], "Type": "SD"}, {"Location": [["10.0", "10.0"], ["96.2", "10.0"], ["96.2", "188.4"], ["10.0", "188.4"]], "Type": "GATE"}, {"Location": [["15.5", "14.5"], ["90.7", "14.5"], ["90.7", "20.1"], ["15.5", "20.1"]], "Type": "SD"}], "Module": "M17", "Boundary": [["10.0", "10.0"], ["96.2", "10.0"], ["96.2", "195.4"], ["10.0", "195.4"]], "Module_type": "GATE"}], "Area": [["-30.0", "-30.0"], ["505.8", "-30.0"], ["505.8", "1212.6"], ["-30.0", "1212.6"]], "Rules": ["GATE(5,5)", "SD(5,5)", "GATE_SD(0.5)", "GATE_ITO(0.5)", "SD_ITO(0.5)"]}