{"Modules": [{"Module": "M14", "Boundary": [["344.9", "300.0"], ["344.9", "366.5"], ["330.8", "366.5"], ["330.8", "380.7"], ["177.2", "380.7"], ["177.2", "300.0"]], "Module_type": "GATE", "Ports": [{"Location": [["177.2", "314.4"], ["181.7", "314.4"], ["181.7", "366.3"], ["177.2", "366.3"]], "Type": "SD"}, {"Location": [["344.9", "300.0"], ["344.9", "366.5"], ["330.8", "366.5"], ["330.8", "380.7"], ["183.2", "380.7"], ["183.2", "300.0"]], "Type": "GATE"}, {"Location": [["333.0", "306.8"], ["339.1", "306.8"], ["339.1", "358.7"], ["333.0", "358.7"]], "Type": "SD"}]}, {"Ports": [{"Location": [["765.9", "289.7"], ["770.7", "289.7"], ["770.7", "392.9"], ["765.9", "392.9"]], "Type": "SD"}, {"Location": [["967.4", "275.6"], ["967.4", "390.9"], ["966.9", "390.9"], ["966.9", "407.0"], ["772.9", "407.0"], ["772.9", "275.6"]], "Type": "GATE"}, {"Location": [["955.7", "281.0"], ["963.0", "281.0"], ["963.0", "385.5"], ["955.7", "385.5"]], "Type": "SD"}], "Module": "M9", "Boundary": [["967.4", "275.6"], ["967.4", "390.9"], ["966.9", "390.9"], ["966.9", "407.0"], ["765.9", "407.0"], ["765.9", "275.6"]], "Module_type": "GATE"}, {"Ports": [{"Location": [["760.0", "23.1"], ["765.7", "23.1"], ["765.7", "104.1"], ["760.0", "104.1"]], "Type": "SD"}, {"Location": [["832.4", "10.0"], ["832.4", "117.2"], ["767.6", "117.2"], ["767.6", "10.0"]], "Type": "GATE"}, {"Location": [["821.4", "15.7"], ["827.7", "15.7"], ["827.7", "111.5"], ["821.4", "111.5"]], "Type": "SD"}], "Module": "M5", "Boundary": [["832.4", "10.0"], ["832.4", "117.2"], ["760.0", "117.2"], ["760.0", "10.0"]], "Module_type": "GATE"}, {"Ports": [{"Location": [["770.0", "160.4"], ["775.4", "160.4"], ["775.4", "222.4"], ["770.0", "222.4"]], "Type": "SD"}, {"Location": [["972.9", "147.2"], ["972.9", "221.7"], ["972.7", "221.7"], ["972.7", "235.6"], ["778.0", "235.6"], ["778.0", "147.2"]], "Type": "GATE"}, {"Location": [["961.6", "153.5"], ["967.6", "153.5"], ["967.6", "215.4"], ["961.6", "215.4"]], "Type": "SD"}], "Module": "M11", "Boundary": [["972.9", "147.2"], ["972.9", "221.7"], ["972.7", "221.7"], ["972.7", "235.6"], ["770.0", "235.6"], ["770.0", "147.2"]], "Module_type": "GATE"}, {"Ports": [{"Location": [["377.7", "366.4"], ["448.6", "366.4"], ["448.6", "370.7"], ["377.7", "370.7"]], "Type": "SD"}, {"Location": [["364.9", "215.3"], ["461.4", "215.3"], ["461.4", "364.4"], ["364.9", "364.4"]], "Type": "GATE"}, {"Location": [["370.5", "219.9"], ["455.8", "219.9"], ["455.8", "225.7"], ["370.5", "225.7"]], "Type": "SD"}], "Module": "M1", "Boundary": [["364.9", "215.3"], ["461.4", "215.3"], ["461.4", "370.7"], ["364.9", "370.7"]], "Module_type": "GATE"}, {"Ports": [{"Location": [["421.7", "426.9"], ["427.3", "426.9"], ["427.3", "529.5"], ["421.7", "529.5"]], "Type": "SD"}, {"Location": [["509.6", "413.1"], ["509.6", "543.3"], ["429.3", "543.3"], ["429.3", "413.1"]], "Type": "GATE"}, {"Location": [["497.4", "418.8"], ["504.9", "418.8"], ["504.9", "537.6"], ["497.4", "537.6"]], "Type": "SD"}], "Module": "M19", "Boundary": [["509.6", "413.1"], ["509.6", "543.3"], ["421.7", "543.3"], ["421.7", "413.1"]], "Module_type": "GATE"}, {"Ports": [{"Location": [["401.0", "190.9"], ["468.8", "190.9"], ["468.8", "195.3"], ["401.0", "195.3"]], "Type": "SD"}, {"Location": [["388.8", "10.0"], ["466.9", "10.0"], ["466.9", "123.7"], ["481.0", "123.7"], ["481.0", "189.7"], ["388.8", "189.7"]], "Type": "GATE"}, {"Location": [["394.9", "15.1"], ["459.8", "15.1"], ["459.8", "20.3"], ["394.9", "20.3"]], "Type": "SD"}], "Module": "M6", "Boundary": [["388.8", "10.0"], ["466.9", "10.0"], ["466.9", "123.7"], ["481.0", "123.7"], ["481.0", "195.3"], ["388.8", "195.3"]], "Module_type": "GATE"}, {"Ports": [{"Location": [["22.6", "556.4"], ["132.1", "556.4"], ["132.1", "561.5"], ["22.6", "561.5"]], "Type": "SD"}, {"Location": [["10.0", "383.8"], ["131.0", "383.8"], ["131.0", "415.1"], ["144.7", "415.1"], ["144.7", "554.5"], ["10.0", "554.5"]], "Type": "GATE"}, {"Location": [["15.1", "387.9"], ["124.9", "387.9"], ["124.9", "394.0"], ["15.1", "394.0"]], "Type": "SD"}], "Module": "M2", "Boundary": [["10.0", "383.8"], ["131.0", "383.8"], ["131.0", "415.1"], ["144.7", "415.1"], ["144.7", "561.5"], ["10.0", "561.5"]], "Module_type": "GATE"}, {"Ports": [{"Location": [["184.7", "434.4"], ["190.6", "434.4"], ["190.6", "530.2"], ["184.7", "530.2"]], "Type": "SD"}, {"Location": [["361.7", "420.7"], ["361.7", "527.3"], ["316.1", "527.3"], ["316.1", "543.9"], ["192.8", "543.9"], ["192.8", "420.7"]], "Type": "GATE"}, {"Location": [["351.3", "426.1"], ["357.3", "426.1"], ["357.3", "520.9"], ["351.3", "520.9"]], "Type": "SD"}], "Module": "M16", "Boundary": [["361.7", "420.7"], ["361.7", "527.3"], ["316.1", "527.3"], ["316.1", "543.9"], ["184.7", "543.9"], ["184.7", "420.7"]], "Module_type": "GATE"}, {"Ports": [{"Location": [["197.2", "44.0"], ["202.4", "44.0"], ["202.4", "103.0"], ["197.2", "103.0"]], "Type": "SD"}, {"Location": [["348.8", "30.0"], ["348.8", "117.0"], ["204.6", "117.0"], ["204.6", "30.0"]], "Type": "GATE"}, {"Location": [["338.3", "35.6"], ["344.2", "35.6"], ["344.2", "111.4"], ["338.3", "111.4"]], "Type": "SD"}], "Module": "M13", "Boundary": [["348.8", "30.0"], ["348.8", "117.0"], ["197.2", "117.0"], ["197.2", "30.0"]], "Module_type": "GATE"}, {"Ports": [{"Location": [["202.1", "266.0"], ["281.9", "266.0"], ["281.9", "270.0"], ["202.1", "270.0"]], "Type": "SD"}, {"Location": [["187.2", "167.0"], ["279.6", "167.0"], ["279.6", "175.1"], ["296.8", "175.1"], ["296.8", "264.1"], ["187.2", "264.1"]], "Type": "GATE"}, {"Location": [["192.9", "171.7"], ["272.9", "171.7"], ["272.9", "178.7"], ["192.9", "178.7"]], "Type": "SD"}], "Module": "M10", "Boundary": [["187.2", "167.0"], ["279.6", "167.0"], ["279.6", "175.1"], ["296.8", "175.1"], ["296.8", "270.0"], ["187.2", "270.0"]], "Module_type": "GATE"}, {"Ports": [{"Location": [["652.9", "432.5"], ["722.8", "432.5"], ["722.8", "437.5"], ["652.9", "437.5"]], "Type": "SD"}, {"Location": [["639.8", "233.1"], ["720.1", "233.1"], ["720.1", "233.5"], ["735.9", "233.5"], ["735.9", "429.6"], ["639.8", "429.6"]], "Type": "GATE"}, {"Location": [["645.6", "237.9"], ["714.3", "237.9"], ["714.3", "243.5"], ["645.6", "243.5"]], "Type": "SD"}], "Module": "M7", "Boundary": [["639.8", "233.1"], ["720.1", "233.1"], ["720.1", "233.5"], ["735.9", "233.5"], ["735.9", "437.5"], ["639.8", "437.5"]], "Module_type": "GATE"}, {"Ports": [{"Location": [["531.7", "221.0"], ["589.1", "221.0"], ["589.1", "226.2"], ["531.7", "226.2"]], "Type": "SD"}, {"Location": [["521.0", "30.0"], ["587.1", "30.0"], ["587.1", "30.4"], ["599.8", "30.4"], ["599.8", "219.6"], ["521.0", "219.6"]], "Type": "GATE"}, {"Location": [["526.0", "34.0"], ["582.1", "34.0"], ["582.1", "39.2"], ["526.0", "39.2"]], "Type": "SD"}], "Module": "M3", "Boundary": [["521.0", "30.0"], ["587.1", "30.0"], ["587.1", "30.4"], ["599.8", "30.4"], ["599.8", "226.2"], ["521.0", "226.2"]], "Module_type": "GATE"}, {"Ports": [{"Location": [["653.3", "207.2"], ["726.5", "207.2"], ["726.5", "213.1"], ["653.3", "213.1"]], "Type": "SD"}, {"Location": [["639.8", "10.0"], ["724.4", "10.0"], ["724.4", "132.9"], ["740.0", "132.9"], ["740.0", "204.3"], ["639.8", "204.3"]], "Type": "GATE"}, {"Location": [["645.5", "14.7"], ["717.7", "14.7"], ["717.7", "20.3"], ["645.5", "20.3"]], "Type": "SD"}], "Module": "M18", "Boundary": [["639.8", "10.0"], ["724.4", "10.0"], ["724.4", "132.9"], ["740.0", "132.9"], ["740.0", "213.1"], ["639.8", "213.1"]], "Module_type": "GATE"}, {"Ports": [{"Location": [["30.0", "235.4"], ["35.9", "235.4"], ["35.9", "328.7"], ["30.0", "328.7"]], "Type": "SD"}, {"Location": [["125.4", "220.3"], ["125.4", "327.5"], ["104.4", "327.5"], ["104.4", "343.8"], ["37.3", "343.8"], ["37.3", "220.3"]], "Type": "GATE"}, {"Location": [["113.4", "226.3"], ["120.4", "226.3"], ["120.4", "320.5"], ["113.4", "320.5"]], "Type": "SD"}], "Module": "M20", "Boundary": [["125.4", "220.3"], ["125.4", "327.5"], ["104.4", "327.5"], ["104.4", "343.8"], ["30.0", "343.8"], ["30.0", "220.3"]], "Module_type": "GATE"}, {"Ports": [{"Location": [["852.4", "22.8"], ["857.4", "22.8"], ["857.4", "87.1"], ["852.4", "87.1"]], "Type": "SD"}, {"Location": [["983.2", "10.0"], ["983.2", "99.9"], ["860.1", "99.9"], ["860.1", "10.0"]], "Type": "GATE"}, {"Location": [["972.5", "16.9"], ["977.3", "16.9"], ["977.3", "93.0"], ["972.5", "93.0"]], "Type": "SD"}], "Module": "M15", "Boundary": [["983.2", "10.0"], ["983.2", "99.9"], ["852.4", "99.9"], ["852.4", "10.0"]], "Module_type": "GATE"}, {"Ports": [{"Location": [["789.3", "451.0"], ["794.0", "451.0"], ["794.0", "547.2"], ["789.3", "547.2"]], "Type": "SD"}, {"Location": [["981.6", "437.0"], ["981.6", "544.4"], ["914.2", "544.4"], ["914.2", "561.2"], ["796.0", "561.2"], ["796.0", "437.0"]], "Type": "GATE"}, {"Location": [["970.4", "442.2"], ["977.4", "442.2"], ["977.4", "538.2"], ["970.4", "538.2"]], "Type": "SD"}], "Module": "M12", "Boundary": [["981.6", "437.0"], ["981.6", "544.4"], ["914.2", "544.4"], ["914.2", "561.2"], ["789.3", "561.2"], ["789.3", "437.0"]], "Module_type": "GATE"}, {"Ports": [{"Location": [["549.6", "472.0"], ["555.0", "472.0"], ["555.0", "541.9"], ["549.6", "541.9"]], "Type": "SD"}, {"Location": [["769.3", "457.5"], ["769.3", "556.4"], ["557.4", "556.4"], ["557.4", "457.5"]], "Type": "GATE"}, {"Location": [["756.8", "464.5"], ["763.3", "464.5"], ["763.3", "549.4"], ["756.8", "549.4"]], "Type": "SD"}], "Module": "M8", "Boundary": [["769.3", "457.5"], ["769.3", "556.4"], ["549.6", "556.4"], ["549.6", "457.5"]], "Module_type": "GATE"}, {"Ports": [{"Location": [["22.8", "175.6"], ["144.4", "175.6"], ["144.4", "180.3"], ["22.8", "180.3"]], "Type": "SD"}, {"Location": [["10.0", "10.0"], ["141.7", "10.0"], ["141.7", "39.8"], ["157.2", "39.8"], ["157.2", "173.7"], ["10.0", "173.7"]], "Type": "GATE"}, {"Location": [["15.2", "14.2"], ["135.5", "14.2"], ["135.5", "19.3"], ["15.2", "19.3"]], "Type": "SD"}], "Module": "M4", "Boundary": [["10.0", "10.0"], ["141.7", "10.0"], ["141.7", "39.8"], ["157.2", "39.8"], ["157.2", "180.3"], ["10.0", "180.3"]], "Module_type": "GATE"}], "Area": [["-30.0", "-30.0"], ["1023.2", "-30.0"], ["1023.2", "601.5"], ["-30.0", "601.5"]], "Rules": ["GATE(5,5)", "SD(5,5)", "GATE_SD(0.5)", "GATE_ITO(0.5)", "SD_ITO(0.5)"]}