{"Modules": [{"Module": "M14", "Boundary": [["115.9", "347.5"], ["115.9", "468.6"], ["67.3", "468.6"], ["67.3", "482.1"], ["10.0", "482.1"], ["10.0", "347.5"]], "Module_type": "GATE", "Ports": [{"Location": [["10.0", "360.1"], ["15.7", "360.1"], ["15.7", "469.5"], ["10.0", "469.5"]], "Type": "SD"}, {"Location": [["115.9", "347.5"], ["115.9", "468.6"], ["67.3", "468.6"], ["67.3", "482.1"], ["16.8", "482.1"], ["16.8", "347.5"]], "Type": "GATE"}, {"Location": [["104.8", "353.3"], ["111.1", "353.3"], ["111.1", "461.8"], ["104.8", "461.8"]], "Type": "SD"}]}, {"Ports": [{"Location": [["535.4", "364.2"], ["540.4", "364.2"], ["540.4", "454.3"], ["535.4", "454.3"]], "Type": "SD"}, {"Location": [["626.6", "350.4"], ["626.6", "468.1"], ["542.5", "468.1"], ["542.5", "350.4"]], "Type": "GATE"}, {"Location": [["615.7", "356.4"], ["621.6", "356.4"], ["621.6", "462.1"], ["615.7", "462.1"]], "Type": "SD"}], "Module": "M9", "Boundary": [["626.6", "350.4"], ["626.6", "468.1"], ["535.4", "468.1"], ["535.4", "350.4"]], "Module_type": "GATE"}, {"Ports": [{"Location": [["186.4", "287.6"], ["190.7", "287.6"], ["190.7", "340.3"], ["186.4", "340.3"]], "Type": "SD"}, {"Location": [["364.0", "275.0"], ["364.0", "337.9"], ["363.8", "337.9"], ["363.8", "352.9"], ["192.8", "352.9"], ["192.8", "275.0"]], "Type": "GATE"}, {"Location": [["353.1", "280.5"], ["359.5", "280.5"], ["359.5", "332.4"], ["353.1", "332.4"]], "Type": "SD"}], "Module": "M5", "Boundary": [["364.0", "275.0"], ["364.0", "337.9"], ["363.8", "337.9"], ["363.8", "352.9"], ["186.4", "352.9"], ["186.4", "275.0"]], "Module_type": "GATE"}, {"Ports": [{"Location": [["771.6", "31.7"], ["775.8", "31.7"], ["775.8", "80.9"], ["771.6", "80.9"]], "Type": "SD"}, {"Location": [["889.5", "20.0"], ["889.5", "78.3"], ["889.2", "78.3"], ["889.2", "92.6"], ["778.1", "92.6"], ["778.1", "20.0"]], "Type": "GATE"}, {"Location": [["879.4", "25.2"], ["885.3", "25.2"], ["885.3", "73.1"], ["879.4", "73.1"]], "Type": "SD"}], "Module": "M11", "Boundary": [["889.5", "20.0"], ["889.5", "78.3"], ["889.2", "78.3"], ["889.2", "92.6"], ["771.6", "92.6"], ["771.6", "20.0"]], "Module_type": "GATE"}, {"Ports": [{"Location": [["413.5", "456.5"], ["493.1", "456.5"], ["493.1", "462.3"], ["413.5", "462.3"]], "Type": "SD"}, {"Location": [["401.2", "340.4"], ["490.8", "340.4"], ["490.8", "340.4"], ["505.4", "340.4"], ["505.4", "454.7"], ["401.2", "454.7"]], "Type": "GATE"}, {"Location": [["406.3", "344.5"], ["485.7", "344.5"], ["485.7", "350.9"], ["406.3", "350.9"]], "Type": "SD"}], "Module": "M1", "Boundary": [["401.2", "340.4"], ["490.8", "340.4"], ["490.8", "340.4"], ["505.4", "340.4"], ["505.4", "462.3"], ["401.2", "462.3"]], "Module_type": "GATE"}, {"Ports": [{"Location": [["852.5", "258.4"], ["857.1", "258.4"], ["857.1", "307.6"], ["852.5", "307.6"]], "Type": "SD"}, {"Location": [["1018.9", "246.0"], ["1018.9", "320.0"], ["859.7", "320.0"], ["859.7", "246.0"]], "Type": "GATE"}, {"Location": [["1008.1", "251.3"], ["1014.6", "251.3"], ["1014.6", "314.7"], ["1008.1", "314.7"]], "Type": "SD"}], "Module": "M19", "Boundary": [["1018.9", "246.0"], ["1018.9", "320.0"], ["852.5", "320.0"], ["852.5", "246.0"]], "Module_type": "GATE"}, {"Ports": [{"Location": [["10.0", "252.6"], ["14.2", "252.6"], ["14.2", "312.6"], ["10.0", "312.6"]], "Type": "SD"}, {"Location": [["152.8", "237.7"], ["152.8", "310.8"], ["94.4", "310.8"], ["94.4", "327.5"], ["17.1", "327.5"], ["17.1", "237.7"]], "Type": "GATE"}, {"Location": [["141.4", "243.6"], ["147.9", "243.6"], ["147.9", "303.9"], ["141.4", "303.9"]], "Type": "SD"}], "Module": "M6", "Boundary": [["152.8", "237.7"], ["152.8", "310.8"], ["94.4", "310.8"], ["94.4", "327.5"], ["10.0", "327.5"], ["10.0", "237.7"]], "Module_type": "GATE"}, {"Ports": [{"Location": [["186.4", "164.7"], ["190.9", "164.7"], ["190.9", "241.0"], ["186.4", "241.0"]], "Type": "SD"}, {"Location": [["381.2", "150.7"], ["381.2", "238.7"], ["278.4", "238.7"], ["278.4", "255.0"], ["192.7", "255.0"], ["192.7", "150.7"]], "Type": "GATE"}, {"Location": [["370.3", "157.6"], ["375.3", "157.6"], ["375.3", "230.8"], ["370.3", "230.8"]], "Type": "SD"}], "Module": "M2", "Boundary": [["381.2", "150.7"], ["381.2", "238.7"], ["278.4", "238.7"], ["278.4", "255.0"], ["186.4", "255.0"], ["186.4", "150.7"]], "Module_type": "GATE"}, {"Ports": [{"Location": [["646.0", "46.4"], ["651.5", "46.4"], ["651.5", "106.2"], ["646.0", "106.2"]], "Type": "SD"}, {"Location": [["721.6", "30.0"], ["721.6", "105.9"], ["687.6", "105.9"], ["687.6", "122.6"], ["653.0", "122.6"], ["653.0", "30.0"]], "Type": "GATE"}, {"Location": [["708.5", "36.9"], ["715.7", "36.9"], ["715.7", "98.0"], ["708.5", "98.0"]], "Type": "SD"}], "Module": "M16", "Boundary": [["721.6", "30.0"], ["721.6", "105.9"], ["687.6", "105.9"], ["687.6", "122.6"], ["646.0", "122.6"], ["646.0", "30.0"]], "Module_type": "GATE"}, {"Ports": [{"Location": [["427.0", "45.0"], ["431.4", "45.0"], ["431.4", "141.3"], ["427.0", "141.3"]], "Type": "SD"}, {"Location": [["586.0", "30.0"], ["586.0", "156.3"], ["432.8", "156.3"], ["432.8", "30.0"]], "Type": "GATE"}, {"Location": [["573.9", "35.8"], ["581.2", "35.8"], ["581.2", "150.5"], ["573.9", "150.5"]], "Type": "SD"}], "Module": "M13", "Boundary": [["586.0", "30.0"], ["586.0", "156.3"], ["427.0", "156.3"], ["427.0", "30.0"]], "Module_type": "GATE"}, {"Ports": [{"Location": [["145.9", "396.3"], ["150.1", "396.3"], ["150.1", "460.3"], ["145.9", "460.3"]], "Type": "SD"}, {"Location": [["350.5", "382.9"], ["350.5", "460.4"], ["332.3", "460.4"], ["332.3", "473.7"], ["151.7", "473.7"], ["151.7", "382.9"]], "Type": "GATE"}, {"Location": [["339.0", "389.7"], ["344.7", "389.7"], ["344.7", "452.6"], ["339.0", "452.6"]], "Type": "SD"}], "Module": "M10", "Boundary": [["350.5", "382.9"], ["350.5", "460.4"], ["332.3", "460.4"], ["332.3", "473.7"], ["145.9", "473.7"], ["145.9", "382.9"]], "Module_type": "GATE"}, {"Ports": [{"Location": [["407.0", "208.9"], ["411.6", "208.9"], ["411.6", "307.8"], ["407.0", "307.8"]], "Type": "SD"}, {"Location": [["597.8", "196.3"], ["597.8", "320.4"], ["413.3", "320.4"], ["413.3", "196.3"]], "Type": "GATE"}, {"Location": [["587.1", "202.5"], ["592.6", "202.5"], ["592.6", "314.2"], ["587.1", "314.2"]], "Type": "SD"}], "Module": "M7", "Boundary": [["597.8", "196.3"], ["597.8", "320.4"], ["407.0", "320.4"], ["407.0", "196.3"]], "Module_type": "GATE"}, {"Ports": [{"Location": [["689.0", "454.2"], ["780.1", "454.2"], ["780.1", "459.5"], ["689.0", "459.5"]], "Type": "SD"}, {"Location": [["676.6", "355.1"], ["792.5", "355.1"], ["792.5", "452.0"], ["676.6", "452.0"]], "Type": "GATE"}, {"Location": [["681.8", "359.3"], ["787.3", "359.3"], ["787.3", "365.4"], ["681.8", "365.4"]], "Type": "SD"}], "Module": "M3", "Boundary": [["676.6", "355.1"], ["792.5", "355.1"], ["792.5", "459.5"], ["676.6", "459.5"]], "Module_type": "GATE"}, {"Ports": [{"Location": [["10.0", "133.9"], ["14.2", "133.9"], ["14.2", "205.5"], ["10.0", "205.5"]], "Type": "SD"}, {"Location": [["163.2", "121.7"], ["163.2", "217.7"], ["16.3", "217.7"], ["16.3", "121.7"]], "Type": "GATE"}, {"Location": [["152.5", "127.8"], ["158.1", "127.8"], ["158.1", "211.6"], ["152.5", "211.6"]], "Type": "SD"}], "Module": "M18", "Boundary": [["163.2", "121.7"], ["163.2", "217.7"], ["10.0", "217.7"], ["10.0", "121.7"]], "Module_type": "GATE"}, {"Ports": [{"Location": [["852.5", "393.1"], ["858.4", "393.1"], ["858.4", "449.3"], ["852.5", "449.3"]], "Type": "SD"}, {"Location": [["1026.2", "380.0"], ["1026.2", "447.2"], ["967.1", "447.2"], ["967.1", "462.4"], ["860.9", "462.4"], ["860.9", "380.0"]], "Type": "GATE"}, {"Location": [["1015.5", "385.2"], ["1022.0", "385.2"], ["1022.0", "441.0"], ["1015.5", "441.0"]], "Type": "SD"}], "Module": "M20", "Boundary": [["1026.2", "380.0"], ["1026.2", "447.2"], ["967.1", "447.2"], ["967.1", "462.4"], ["852.5", "462.4"], ["852.5", "380.0"]], "Module_type": "GATE"}, {"Ports": [{"Location": [["919.5", "23.5"], ["924.2", "23.5"], ["924.2", "80.2"], ["919.5", "80.2"]], "Type": "SD"}, {"Location": [["1050.5", "10.0"], ["1050.5", "93.7"], ["925.7", "93.7"], ["925.7", "10.0"]], "Type": "GATE"}, {"Location": [["1039.5", "16.1"], ["1045.4", "16.1"], ["1045.4", "87.6"], ["1039.5", "87.6"]], "Type": "SD"}], "Module": "M15", "Boundary": [["1050.5", "10.0"], ["1050.5", "93.7"], ["919.5", "93.7"], ["919.5", "10.0"]], "Module_type": "GATE"}, {"Ports": [{"Location": [["626.0", "176.7"], ["631.0", "176.7"], ["631.0", "301.0"], ["626.0", "301.0"]], "Type": "SD"}, {"Location": [["805.0", "162.6"], ["805.0", "299.3"], ["713.8", "299.3"], ["713.8", "315.1"], ["633.7", "315.1"], ["633.7", "162.6"]], "Type": "GATE"}, {"Location": [["793.7", "168.2"], ["800.4", "168.2"], ["800.4", "292.7"], ["793.7", "292.7"]], "Type": "SD"}], "Module": "M12", "Boundary": [["805.0", "162.6"], ["805.0", "299.3"], ["713.8", "299.3"], ["713.8", "315.1"], ["626.0", "315.1"], ["626.0", "162.6"]], "Module_type": "GATE"}, {"Ports": [{"Location": [["825.0", "136.7"], ["830.2", "136.7"], ["830.2", "191.9"], ["825.0", "191.9"]], "Type": "SD"}, {"Location": [["1052.1", "122.6"], ["1052.1", "206.0"], ["833.1", "206.0"], ["833.1", "122.6"]], "Type": "GATE"}, {"Location": [["1041.1", "129.0"], ["1046.7", "129.0"], ["1046.7", "199.6"], ["1041.1", "199.6"]], "Type": "SD"}], "Module": "M8", "Boundary": [["1052.1", "122.6"], ["1052.1", "206.0"], ["825.0", "206.0"], ["825.0", "122.6"]], "Module_type": "GATE"}, {"Ports": [{"Location": [["186.4", "23.9"], ["192.0", "23.9"], ["192.0", "116.8"], ["186.4", "116.8"]], "Type": "SD"}, {"Location": [["387.0", "10.0"], ["387.0", "114.6"], ["352.4", "114.6"], ["352.4", "130.7"], ["193.8", "130.7"], ["193.8", "10.0"]], "Type": "GATE"}, {"Location": [["376.3", "17.0"], ["381.0", "17.0"], ["381.0", "106.6"], ["376.3", "106.6"]], "Type": "SD"}], "Module": "M4", "Boundary": [["387.0", "10.0"], ["387.0", "114.6"], ["352.4", "114.6"], ["352.4", "130.7"], ["186.4", "130.7"], ["186.4", "10.0"]], "Module_type": "GATE"}, {"Ports": [{"Location": [["10.0", "24.3"], ["14.9", "24.3"], ["14.9", "87.4"], ["10.0", "87.4"]], "Type": "SD"}, {"Location": [["166.4", "10.0"], ["166.4", "83.2"], ["166.2", "83.2"], ["166.2", "101.7"], ["17.1", "101.7"], ["17.1", "10.0"]], "Type": "GATE"}, {"Location": [["155.5", "15.8"], ["161.6", "15.8"], ["161.6", "77.4"], ["155.5", "77.4"]], "Type": "SD"}], "Module": "M17", "Boundary": [["166.4", "10.0"], ["166.4", "83.2"], ["166.2", "83.2"], ["166.2", "101.7"], ["10.0", "101.7"], ["10.0", "10.0"]], "Module_type": "GATE"}], "Area": [["-30.0", "-30.0"], ["1092.1", "-30.0"], ["1092.1", "522.1"], ["-30.0", "522.1"]], "Rules": ["GATE(5,5)", "SD(5,5)", "GATE_SD(0.5)", "GATE_ITO(0.5)", "SD_ITO(0.5)"]}