{"Modules": [{"Module": "M14", "Boundary": [["10.0", "10.0"], ["122.8", "10.0"], ["122.8", "77.1"], ["137.5", "77.1"], ["137.5", "201.0"], ["10.0", "201.0"]], "Module_type": "GATE", "Ports": [{"Location": [["23.0", "196.4"], ["124.5", "196.4"], ["124.5", "201.0"], ["23.0", "201.0"]], "Type": "SD"}, {"Location": [["10.0", "10.0"], ["122.8", "10.0"], ["122.8", "77.1"], ["137.5", "77.1"], ["137.5", "194.1"], ["10.0", "194.1"]], "Type": "GATE"}, {"Location": [["15.4", "14.4"], ["116.4", "14.4"], ["116.4", "20.5"], ["15.4", "20.5"]], "Type": "SD"}]}, {"Ports": [{"Location": [["455.6", "209.1"], ["460.1", "209.1"], ["460.1", "322.1"], ["455.6", "322.1"]], "Type": "SD"}, {"Location": [["671.3", "196.9"], ["671.3", "334.3"], ["463.0", "334.3"], ["463.0", "196.9"]], "Type": "GATE"}, {"Location": [["661.4", "202.6"], ["666.6", "202.6"], ["666.6", "328.6"], ["661.4", "328.6"]], "Type": "SD"}], "Module": "M9", "Boundary": [["671.3", "196.9"], ["671.3", "334.3"], ["455.6", "334.3"], ["455.6", "196.9"]], "Module_type": "GATE"}, {"Ports": [{"Location": [["24.6", "525.8"], ["99.3", "525.8"], ["99.3", "530.2"], ["24.6", "530.2"]], "Type": "SD"}, {"Location": [["10.0", "365.7"], ["97.2", "365.7"], ["97.2", "366.2"], ["113.9", "366.2"], ["113.9", "522.9"], ["10.0", "522.9"]], "Type": "GATE"}, {"Location": [["16.7", "371.4"], ["90.5", "371.4"], ["90.5", "377.6"], ["16.7", "377.6"]], "Type": "SD"}], "Module": "M5", "Boundary": [["10.0", "365.7"], ["97.2", "365.7"], ["97.2", "366.2"], ["113.9", "366.2"], ["113.9", "530.2"], ["10.0", "530.2"]], "Module_type": "GATE"}, {"Ports": [{"Location": [["297.3", "415.3"], ["302.7", "415.3"], ["302.7", "498.5"], ["297.3", "498.5"]], "Type": "SD"}, {"Location": [["411.3", "402.3"], ["411.3", "511.5"], ["305.5", "511.5"], ["305.5", "402.3"]], "Type": "GATE"}, {"Location": [["400.7", "408.2"], ["406.4", "408.2"], ["406.4", "505.6"], ["400.7", "505.6"]], "Type": "SD"}], "Module": "M11", "Boundary": [["411.3", "402.3"], ["411.3", "511.5"], ["297.3", "511.5"], ["297.3", "402.3"]], "Module_type": "GATE"}, {"Ports": [{"Location": [["947.9", "214.7"], ["986.5", "214.7"], ["986.5", "218.8"], ["947.9", "218.8"]], "Type": "SD"}, {"Location": [["932.6", "10.0"], ["985.8", "10.0"], ["985.8", "10.2"], ["1001.8", "10.2"], ["1001.8", "212.0"], ["932.6", "212.0"]], "Type": "GATE"}, {"Location": [["939.6", "16.0"], ["978.8", "16.0"], ["978.8", "22.8"], ["939.6", "22.8"]], "Type": "SD"}], "Module": "M1", "Boundary": [["932.6", "10.0"], ["985.8", "10.0"], ["985.8", "10.2"], ["1001.8", "10.2"], ["1001.8", "218.8"], ["932.6", "218.8"]], "Module_type": "GATE"}, {"Ports": [{"Location": [["646.1", "126.2"], ["758.8", "126.2"], ["758.8", "131.2"], ["646.1", "131.2"]], "Type": "SD"}, {"Location": [["631.7", "30.0"], ["758.2", "30.0"], ["758.2", "30.4"], ["773.2", "30.4"], ["773.2", "123.6"], ["631.7", "123.6"]], "Type": "GATE"}, {"Location": [["638.7", "36.0"], ["751.2", "36.0"], ["751.2", "42.7"], ["638.7", "42.7"]], "Type": "SD"}], "Module": "M19", "Boundary": [["631.7", "30.0"], ["758.2", "30.0"], ["758.2", "30.4"], ["773.2", "30.4"], ["773.2", "131.2"], ["631.7", "131.2"]], "Module_type": "GATE"}, {"Ports": [{"Location": [["813.2", "24.7"], ["818.8", "24.7"], ["818.8", "140.6"], ["813.2", "140.6"]], "Type": "SD"}, {"Location": [["912.6", "10.0"], ["912.6", "140.6"], ["897.6", "140.6"], ["897.6", "155.3"], ["821.7", "155.3"], ["821.7", "10.0"]], "Type": "GATE"}, {"Location": [["900.5", "15.8"], ["907.8", "15.8"], ["907.8", "133.8"], ["900.5", "133.8"]], "Type": "SD"}], "Module": "M6", "Boundary": [["912.6", "10.0"], ["912.6", "140.6"], ["897.6", "140.6"], ["897.6", "155.3"], ["813.2", "155.3"], ["813.2", "10.0"]], "Module_type": "GATE"}, {"Ports": [{"Location": [["25.2", "340.2"], ["109.4", "340.2"], ["109.4", "345.7"], ["25.2", "345.7"]], "Type": "SD"}, {"Location": [["10.0", "221.0"], ["124.6", "221.0"], ["124.6", "337.8"], ["10.0", "337.8"]], "Type": "GATE"}, {"Location": [["16.1", "226.1"], ["99.3", "226.1"], ["99.3", "232.7"], ["16.1", "232.7"]], "Type": "SD"}], "Module": "M2", "Boundary": [["10.0", "221.0"], ["124.6", "221.0"], ["124.6", "345.7"], ["10.0", "345.7"]], "Module_type": "GATE"}, {"Ports": [{"Location": [["734.1", "352.5"], ["860.8", "352.5"], ["860.8", "356.7"], ["734.1", "356.7"]], "Type": "SD"}, {"Location": [["721.3", "195.3"], ["857.6", "195.3"], ["857.6", "251.1"], ["873.6", "251.1"], ["873.6", "351.0"], ["721.3", "351.0"]], "Type": "GATE"}, {"Location": [["726.6", "199.6"], ["851.3", "199.6"], ["851.3", "205.1"], ["726.6", "205.1"]], "Type": "SD"}], "Module": "M16", "Boundary": [["721.3", "195.3"], ["857.6", "195.3"], ["857.6", "251.1"], ["873.6", "251.1"], ["873.6", "356.7"], ["721.3", "356.7"]], "Module_type": "GATE"}, {"Ports": [{"Location": [["153.9", "425.9"], ["158.2", "425.9"], ["158.2", "487.8"], ["153.9", "487.8"]], "Type": "SD"}, {"Location": [["247.3", "412.3"], ["247.3", "501.4"], ["159.5", "501.4"], ["159.5", "412.3"]], "Type": "GATE"}, {"Location": [["236.3", "417.5"], ["243.1", "417.5"], ["243.1", "496.2"], ["236.3", "496.2"]], "Type": "SD"}], "Module": "M13", "Boundary": [["247.3", "412.3"], ["247.3", "501.4"], ["153.9", "501.4"], ["153.9", "412.3"]], "Module_type": "GATE"}, {"Ports": [{"Location": [["178.8", "113.2"], ["244.4", "113.2"], ["244.4", "118.9"], ["178.8", "118.9"]], "Type": "SD"}, {"Location": [["167.5", "20.0"], ["241.9", "20.0"], ["241.9", "35.2"], ["255.7", "35.2"], ["255.7", "111.9"], ["167.5", "111.9"]], "Type": "GATE"}, {"Location": [["172.9", "24.4"], ["235.5", "24.4"], ["235.5", "28.7"], ["172.9", "28.7"]], "Type": "SD"}], "Module": "M10", "Boundary": [["167.5", "20.0"], ["241.9", "20.0"], ["241.9", "35.2"], ["255.7", "35.2"], ["255.7", "118.9"], ["167.5", "118.9"]], "Module_type": "GATE"}, {"Ports": [{"Location": [["157.5", "164.0"], ["163.2", "164.0"], ["163.2", "200.4"], ["157.5", "200.4"]], "Type": "SD"}, {"Location": [["310.1", "151.0"], ["310.1", "198.3"], ["310.0", "198.3"], ["310.0", "213.4"], ["165.4", "213.4"], ["165.4", "151.0"]], "Type": "GATE"}, {"Location": [["299.7", "157.7"], ["304.4", "157.7"], ["304.4", "191.6"], ["299.7", "191.6"]], "Type": "SD"}], "Module": "M7", "Boundary": [["310.1", "151.0"], ["310.1", "198.3"], ["310.0", "198.3"], ["310.0", "213.4"], ["157.5", "213.4"], ["157.5", "151.0"]], "Module_type": "GATE"}, {"Ports": [{"Location": [["479.9", "495.7"], ["559.7", "495.7"], ["559.7", "499.9"], ["479.9", "499.9"]], "Type": "SD"}, {"Location": [["540.8", "493.0"], ["498.8", "493.0"], ["498.8", "497.5"], ["465.2", "497.5"], ["465.2", "383.8"], ["574.4", "383.8"], ["574.4", "497.5"], ["540.8", "497.5"]], "Type": "GATE"}, {"Location": [["471.0", "388.7"], ["568.6", "388.7"], ["568.6", "395.7"], ["471.0", "395.7"]], "Type": "SD"}], "Module": "M3", "Boundary": [["540.8", "499.9"], ["498.8", "499.9"], ["498.8", "497.5"], ["465.2", "497.5"], ["465.2", "383.8"], ["574.4", "383.8"], ["574.4", "497.5"], ["540.8", "497.5"]], "Module_type": "GATE"}, {"Ports": [{"Location": [["144.6", "249.4"], ["149.7", "249.4"], ["149.7", "356.3"], ["144.6", "356.3"]], "Type": "SD"}, {"Location": [["311.5", "233.4"], ["311.5", "353.5"], ["283.6", "353.5"], ["283.6", "372.3"], ["152.7", "372.3"], ["152.7", "233.4"]], "Type": "GATE"}, {"Location": [["299.0", "239.4"], ["306.5", "239.4"], ["306.5", "346.5"], ["299.0", "346.5"]], "Type": "SD"}], "Module": "M18", "Boundary": [["311.5", "233.4"], ["311.5", "353.5"], ["283.6", "353.5"], ["283.6", "372.3"], ["144.6", "372.3"], ["144.6", "233.4"]], "Module_type": "GATE"}, {"Ports": [{"Location": [["479.2", "142.9"], ["558.1", "142.9"], ["558.1", "146.9"], ["479.2", "146.9"]], "Type": "SD"}, {"Location": [["465.6", "30.0"], ["554.9", "30.0"], ["554.9", "39.7"], ["571.7", "39.7"], ["571.7", "140.0"], ["465.6", "140.0"]], "Type": "GATE"}, {"Location": [["470.6", "34.0"], ["548.9", "34.0"], ["548.9", "40.5"], ["470.6", "40.5"]], "Type": "SD"}], "Module": "M20", "Boundary": [["465.6", "30.0"], ["554.9", "30.0"], ["554.9", "39.7"], ["571.7", "39.7"], ["571.7", "146.9"], ["465.6", "146.9"]], "Module_type": "GATE"}, {"Ports": [{"Location": [["811.4", "450.2"], ["815.8", "450.2"], ["815.8", "515.8"], ["811.4", "515.8"]], "Type": "SD"}, {"Location": [["1004.2", "435.5"], ["1004.2", "530.5"], ["817.3", "530.5"], ["817.3", "435.5"]], "Type": "GATE"}, {"Location": [["992.7", "440.7"], ["1000.0", "440.7"], ["1000.0", "525.3"], ["992.7", "525.3"]], "Type": "SD"}], "Module": "M15", "Boundary": [["1004.2", "435.5"], ["1004.2", "530.5"], ["811.4", "530.5"], ["811.4", "435.5"]], "Module_type": "GATE"}, {"Ports": [{"Location": [["614.0", "409.2"], ["618.8", "409.2"], ["618.8", "508.9"], ["614.0", "508.9"]], "Type": "SD"}, {"Location": [["791.4", "396.7"], ["791.4", "507.0"], ["775.6", "507.0"], ["775.6", "521.4"], ["621.6", "521.4"], ["621.6", "396.7"]], "Type": "GATE"}, {"Location": [["781.2", "403.1"], ["786.0", "403.1"], ["786.0", "499.6"], ["781.2", "499.6"]], "Type": "SD"}], "Module": "M12", "Boundary": [["791.4", "396.7"], ["791.4", "507.0"], ["775.6", "507.0"], ["775.6", "521.4"], ["614.0", "521.4"], ["614.0", "396.7"]], "Module_type": "GATE"}, {"Ports": [{"Location": [["299.5", "126.8"], ["411.8", "126.8"], ["411.8", "131.0"], ["299.5", "131.0"]], "Type": "SD"}, {"Location": [["285.7", "10.0"], ["425.6", "10.0"], ["425.6", "125.8"], ["285.7", "125.8"]], "Type": "GATE"}, {"Location": [["292.0", "15.3"], ["419.3", "15.3"], ["419.3", "21.6"], ["292.0", "21.6"]], "Type": "SD"}], "Module": "M8", "Boundary": [["285.7", "10.0"], ["425.6", "10.0"], ["425.6", "131.0"], ["285.7", "131.0"]], "Module_type": "GATE"}, {"Ports": [{"Location": [["929.7", "411.1"], ["990.4", "411.1"], ["990.4", "415.5"], ["929.7", "415.5"]], "Type": "SD"}, {"Location": [["913.6", "238.8"], ["989.4", "238.8"], ["989.4", "314.2"], ["1006.5", "314.2"], ["1006.5", "409.4"], ["913.6", "409.4"]], "Type": "GATE"}, {"Location": [["920.4", "244.6"], ["981.6", "244.6"], ["981.6", "251.5"], ["920.4", "251.5"]], "Type": "SD"}], "Module": "M4", "Boundary": [["913.6", "238.8"], ["989.4", "238.8"], ["989.4", "314.2"], ["1006.5", "314.2"], ["1006.5", "415.5"], ["913.6", "415.5"]], "Module_type": "GATE"}], "Area": [["-30.0", "-30.0"], ["1046.5", "-30.0"], ["1046.5", "570.5"], ["-30.0", "570.5"]], "Rules": ["GATE(5,5)", "SD(5,5)", "GATE_SD(0.5)", "GATE_ITO(0.5)", "SD_ITO(0.5)"]}