{"Modules": [{"Module": "M14", "Boundary": [["312.1", "342.5"], ["312.1", "416.2"], ["264.6", "416.2"], ["264.6", "433.2"], ["128.8", "433.2"], ["128.8", "342.5"]], "Module_type": "GATE", "Ports": [{"Location": [["128.8", "356.9"], ["134.0", "356.9"], ["134.0", "418.8"], ["128.8", "418.8"]], "Type": "SD"}, {"Location": [["312.1", "342.5"], ["312.1", "416.2"], ["264.6", "416.2"], ["264.6", "433.2"], ["135.9", "433.2"], ["135.9", "342.5"]], "Type": "GATE"}, {"Location": [["300.7", "348.9"], ["306.7", "348.9"], ["306.7", "408.8"], ["300.7", "408.8"]], "Type": "SD"}]}, {"Ports": [{"Location": [["158.2", "223.4"], ["163.5", "223.4"], ["163.5", "298.3"], ["158.2", "298.3"]], "Type": "SD"}, {"Location": [["274.1", "209.2"], ["274.1", "295.3"], ["274.0", "295.3"], ["274.0", "312.5"], ["164.6", "312.5"], ["164.6", "209.2"]], "Type": "GATE"}, {"Location": [["263.1", "214.8"], ["269.5", "214.8"], ["269.5", "289.7"], ["263.1", "289.7"]], "Type": "SD"}], "Module": "M9", "Boundary": [["274.1", "209.2"], ["274.1", "295.3"], ["274.0", "295.3"], ["274.0", "312.5"], ["158.2", "312.5"], ["158.2", "209.2"]], "Module_type": "GATE"}, {"Ports": [{"Location": [["820.2", "183.4"], ["896.9", "183.4"], ["896.9", "187.9"], ["820.2", "187.9"]], "Type": "SD"}, {"Location": [["805.6", "10.0"], ["911.5", "10.0"], ["911.5", "180.8"], ["805.6", "180.8"]], "Type": "GATE"}, {"Location": [["812.2", "15.6"], ["904.9", "15.6"], ["904.9", "21.6"], ["812.2", "21.6"]], "Type": "SD"}], "Module": "M5", "Boundary": [["805.6", "10.0"], ["911.5", "10.0"], ["911.5", "187.9"], ["805.6", "187.9"]], "Module_type": "GATE"}, {"Ports": [{"Location": [["173.8", "164.3"], ["293.4", "164.3"], ["293.4", "169.2"], ["173.8", "169.2"]], "Type": "SD"}, {"Location": [["158.2", "20.0"], ["290.3", "20.0"], ["290.3", "20.4"], ["309.0", "20.4"], ["309.0", "163.2"], ["158.2", "163.2"]], "Type": "GATE"}, {"Location": [["164.4", "25.2"], ["284.1", "25.2"], ["284.1", "32.4"], ["164.4", "32.4"]], "Type": "SD"}], "Module": "M11", "Boundary": [["158.2", "20.0"], ["290.3", "20.0"], ["290.3", "20.4"], ["309.0", "20.4"], ["309.0", "169.2"], ["158.2", "169.2"]], "Module_type": "GATE"}, {"Ports": [{"Location": [["339.0", "217.2"], ["344.5", "217.2"], ["344.5", "303.9"], ["339.0", "303.9"]], "Type": "SD"}, {"Location": [["417.3", "204.0"], ["417.3", "317.1"], ["347.1", "317.1"], ["347.1", "204.0"]], "Type": "GATE"}, {"Location": [["406.5", "209.2"], ["413.1", "209.2"], ["413.1", "311.9"], ["406.5", "311.9"]], "Type": "SD"}], "Module": "M1", "Boundary": [["417.3", "204.0"], ["417.3", "317.1"], ["339.0", "317.1"], ["339.0", "204.0"]], "Module_type": "GATE"}, {"Ports": [{"Location": [["614.3", "218.5"], ["620.1", "218.5"], ["620.1", "335.2"], ["614.3", "335.2"]], "Type": "SD"}, {"Location": [["726.7", "205.4"], ["726.7", "348.3"], ["621.8", "348.3"], ["621.8", "205.4"]], "Type": "GATE"}, {"Location": [["715.9", "211.7"], ["721.4", "211.7"], ["721.4", "342.0"], ["715.9", "342.0"]], "Type": "SD"}], "Module": "M19", "Boundary": [["726.7", "205.4"], ["726.7", "348.3"], ["614.3", "348.3"], ["614.3", "205.4"]], "Module_type": "GATE"}, {"Ports": [{"Location": [["179.2", "585.1"], ["294.0", "585.1"], ["294.0", "590.2"], ["179.2", "590.2"]], "Type": "SD"}, {"Location": [["165.4", "453.2"], ["293.3", "453.2"], ["293.3", "508.9"], ["307.8", "508.9"], ["307.8", "582.7"], ["165.4", "582.7"]], "Type": "GATE"}, {"Location": [["172.0", "458.8"], ["285.7", "458.8"], ["285.7", "464.3"], ["172.0", "464.3"]], "Type": "SD"}], "Module": "M6", "Boundary": [["165.4", "453.2"], ["293.3", "453.2"], ["293.3", "508.9"], ["307.8", "508.9"], ["307.8", "590.2"], ["165.4", "590.2"]], "Module_type": "GATE"}, {"Ports": [{"Location": [["494.3", "191.1"], ["559.2", "191.1"], ["559.2", "195.4"], ["494.3", "195.4"]], "Type": "SD"}, {"Location": [["479.2", "10.0"], ["556.3", "10.0"], ["556.3", "89.8"], ["574.3", "89.8"], ["574.3", "188.4"], ["479.2", "188.4"]], "Type": "GATE"}, {"Location": [["484.4", "14.2"], ["550.1", "14.2"], ["550.1", "21.9"], ["484.4", "21.9"]], "Type": "SD"}], "Module": "M2", "Boundary": [["479.2", "10.0"], ["556.3", "10.0"], ["556.3", "89.8"], ["574.3", "89.8"], ["574.3", "195.4"], ["479.2", "195.4"]], "Module_type": "GATE"}, {"Ports": [{"Location": [["30.0", "492.6"], ["34.9", "492.6"], ["34.9", "557.5"], ["30.0", "557.5"]], "Type": "SD"}, {"Location": [["125.4", "479.0"], ["125.4", "557.6"], ["97.8", "557.6"], ["97.8", "571.1"], ["37.0", "571.1"], ["37.0", "479.0"]], "Type": "GATE"}, {"Location": [["113.4", "484.8"], ["120.6", "484.8"], ["120.6", "550.8"], ["113.4", "550.8"]], "Type": "SD"}], "Module": "M16", "Boundary": [["125.4", "479.0"], ["125.4", "557.6"], ["97.8", "557.6"], ["97.8", "571.1"], ["30.0", "571.1"], ["30.0", "479.0"]], "Module_type": "GATE"}, {"Ports": [{"Location": [["598.3", "566.6"], ["735.1", "566.6"], ["735.1", "571.1"], ["598.3", "571.1"]], "Type": "SD"}, {"Location": [["584.2", "408.3"], ["749.2", "408.3"], ["749.2", "565.6"], ["584.2", "565.6"]], "Type": "GATE"}, {"Location": [["589.6", "412.7"], ["743.8", "412.7"], ["743.8", "419.0"], ["589.6", "419.0"]], "Type": "SD"}], "Module": "M13", "Boundary": [["584.2", "408.3"], ["749.2", "408.3"], ["749.2", "571.1"], ["584.2", "571.1"]], "Module_type": "GATE"}, {"Ports": [{"Location": [["349.0", "362.5"], ["353.8", "362.5"], ["353.8", "428.4"], ["349.0", "428.4"]], "Type": "SD"}, {"Location": [["507.6", "347.1"], ["507.6", "430.0"], ["481.4", "430.0"], ["481.4", "443.8"], ["356.7", "443.8"], ["356.7", "347.1"]], "Type": "GATE"}, {"Location": [["493.8", "354.1"], ["501.6", "354.1"], ["501.6", "422.0"], ["493.8", "422.0"]], "Type": "SD"}], "Module": "M10", "Boundary": [["507.6", "347.1"], ["507.6", "430.0"], ["481.4", "430.0"], ["481.4", "443.8"], ["349.0", "443.8"], ["349.0", "347.1"]], "Module_type": "GATE"}, {"Ports": [{"Location": [["24.3", "434.2"], ["94.5", "434.2"], ["94.5", "439.0"], ["24.3", "439.0"]], "Type": "SD"}, {"Location": [["10.0", "332.6"], ["93.2", "332.6"], ["93.2", "332.6"], ["108.8", "332.6"], ["108.8", "431.8"], ["10.0", "431.8"]], "Type": "GATE"}, {"Location": [["16.5", "338.1"], ["86.7", "338.1"], ["86.7", "345.0"], ["16.5", "345.0"]], "Type": "SD"}], "Module": "M7", "Boundary": [["10.0", "332.6"], ["93.2", "332.6"], ["93.2", "332.6"], ["108.8", "332.6"], ["108.8", "439.0"], ["10.0", "439.0"]], "Module_type": "GATE"}, {"Ports": [{"Location": [["629.1", "139.8"], ["750.8", "139.8"], ["750.8", "145.4"], ["629.1", "145.4"]], "Type": "SD"}, {"Location": [["614.3", "30.0"], ["749.1", "30.0"], ["749.1", "30.2"], ["765.6", "30.2"], ["765.6", "137.3"], ["614.3", "137.3"]], "Type": "GATE"}, {"Location": [["620.8", "35.5"], ["742.6", "35.5"], ["742.6", "42.0"], ["620.8", "42.0"]], "Type": "SD"}], "Module": "M3", "Boundary": [["614.3", "30.0"], ["749.1", "30.0"], ["749.1", "30.2"], ["765.6", "30.2"], ["765.6", "145.4"], ["614.3", "145.4"]], "Module_type": "GATE"}, {"Ports": [{"Location": [["339.0", "489.7"], ["344.9", "489.7"], ["344.9", "573.0"], ["339.0", "573.0"]], "Type": "SD"}, {"Location": [["544.2", "473.8"], ["544.2", "572.0"], ["490.3", "572.0"], ["490.3", "588.9"], ["346.3", "588.9"], ["346.3", "473.8"]], "Type": "GATE"}, {"Location": [["531.7", "480.4"], ["538.6", "480.4"], ["538.6", "563.4"], ["531.7", "563.4"]], "Type": "SD"}], "Module": "M18", "Boundary": [["544.2", "473.8"], ["544.2", "572.0"], ["490.3", "572.0"], ["490.3", "588.9"], ["339.0", "588.9"], ["339.0", "473.8"]], "Module_type": "GATE"}, {"Ports": [{"Location": [["372.4", "159.9"], ["425.8", "159.9"], ["425.8", "164.0"], ["372.4", "164.0"]], "Type": "SD"}, {"Location": [["359.0", "30.0"], ["424.9", "30.0"], ["424.9", "85.2"], ["439.2", "85.2"], ["439.2", "158.5"], ["359.0", "158.5"]], "Type": "GATE"}, {"Location": [["364.9", "34.9"], ["418.0", "34.9"], ["418.0", "41.7"], ["364.9", "41.7"]], "Type": "SD"}], "Module": "M20", "Boundary": [["359.0", "30.0"], ["424.9", "30.0"], ["424.9", "85.2"], ["439.2", "85.2"], ["439.2", "164.0"], ["359.0", "164.0"]], "Module_type": "GATE"}, {"Ports": [{"Location": [["449.7", "307.1"], ["547.5", "307.1"], ["547.5", "312.7"], ["449.7", "312.7"]], "Type": "SD"}, {"Location": [["437.3", "215.4"], ["559.9", "215.4"], ["559.9", "305.1"], ["437.3", "305.1"]], "Type": "GATE"}, {"Location": [["443.1", "220.2"], ["554.1", "220.2"], ["554.1", "225.8"], ["443.1", "225.8"]], "Type": "SD"}], "Module": "M15", "Boundary": [["437.3", "215.4"], ["559.9", "215.4"], ["559.9", "312.7"], ["437.3", "312.7"]], "Module_type": "GATE"}, {"Ports": [{"Location": [["801.4", "568.4"], ["902.3", "568.4"], ["902.3", "574.1"], ["801.4", "574.1"]], "Type": "SD"}, {"Location": [["789.2", "366.8"], ["902.0", "366.8"], ["902.0", "457.8"], ["914.5", "457.8"], ["914.5", "567.3"], ["789.2", "567.3"]], "Type": "GATE"}, {"Location": [["795.2", "371.8"], ["895.0", "371.8"], ["895.0", "377.4"], ["795.2", "377.4"]], "Type": "SD"}], "Module": "M12", "Boundary": [["789.2", "366.8"], ["902.0", "366.8"], ["902.0", "457.8"], ["914.5", "457.8"], ["914.5", "574.1"], ["789.2", "574.1"]], "Module_type": "GATE"}, {"Ports": [{"Location": [["23.2", "307.2"], ["109.3", "307.2"], ["109.3", "312.6"], ["23.2", "312.6"]], "Type": "SD"}, {"Location": [["10.0", "149.3"], ["107.8", "149.3"], ["107.8", "203.9"], ["122.5", "203.9"], ["122.5", "305.5"], ["10.0", "305.5"]], "Type": "GATE"}, {"Location": [["16.7", "155.0"], ["100.1", "155.0"], ["100.1", "160.2"], ["16.7", "160.2"]], "Type": "SD"}], "Module": "M8", "Boundary": [["10.0", "149.3"], ["107.8", "149.3"], ["107.8", "203.9"], ["122.5", "203.9"], ["122.5", "312.6"], ["10.0", "312.6"]], "Module_type": "GATE"}, {"Ports": [{"Location": [["766.7", "222.4"], ["771.5", "222.4"], ["771.5", "332.3"], ["766.7", "332.3"]], "Type": "SD"}, {"Location": [["914.2", "207.9"], ["914.2", "333.0"], ["841.7", "333.0"], ["841.7", "346.8"], ["773.2", "346.8"], ["773.2", "207.9"]], "Type": "GATE"}, {"Location": [["902.3", "214.6"], ["908.5", "214.6"], ["908.5", "325.3"], ["902.3", "325.3"]], "Type": "SD"}], "Module": "M4", "Boundary": [["914.2", "207.9"], ["914.2", "333.0"], ["841.7", "333.0"], ["841.7", "346.8"], ["766.7", "346.8"], ["766.7", "207.9"]], "Module_type": "GATE"}, {"Ports": [{"Location": [["10.0", "23.2"], ["15.7", "23.2"], ["15.7", "116.1"], ["10.0", "116.1"]], "Type": "SD"}, {"Location": [["128.2", "10.0"], ["128.2", "112.2"], ["128.1", "112.2"], ["128.1", "129.3"], ["18.5", "129.3"], ["18.5", "10.0"]], "Type": "GATE"}, {"Location": [["117.4", "15.7"], ["123.5", "15.7"], ["123.5", "106.5"], ["117.4", "106.5"]], "Type": "SD"}], "Module": "M17", "Boundary": [["128.2", "10.0"], ["128.2", "112.2"], ["128.1", "112.2"], ["128.1", "129.3"], ["10.0", "129.3"], ["10.0", "10.0"]], "Module_type": "GATE"}], "Area": [["-30.0", "-30.0"], ["954.5", "-30.0"], ["954.5", "630.2"], ["-30.0", "630.2"]], "Rules": ["GATE(5,5)", "SD(5,5)", "GATE_SD(0.5)", "GATE_ITO(0.5)", "SD_ITO(0.5)"]}