{"Modules": [{"Module": "M14", "Boundary": [["10.0", "356.0"], ["106.9", "356.0"], ["106.9", "432.4"], ["121.7", "432.4"], ["121.7", "508.1"], ["10.0", "508.1"]], "Module_type": "GATE", "Ports": [{"Location": [["22.6", "503.7"], ["109.1", "503.7"], ["109.1", "508.1"], ["22.6", "508.1"]], "Type": "SD"}, {"Location": [["10.0", "356.0"], ["106.9", "356.0"], ["106.9", "432.4"], ["121.7", "432.4"], ["121.7", "501.0"], ["10.0", "501.0"]], "Type": "GATE"}, {"Location": [["16.4", "361.4"], ["99.5", "361.4"], ["99.5", "366.1"], ["16.4", "366.1"]], "Type": "SD"}]}, {"Ports": [{"Location": [["20.0", "638.7"], ["24.0", "638.7"], ["24.0", "752.0"], ["20.0", "752.0"]], "Type": "SD"}, {"Location": [["160.5", "625.2"], ["160.5", "750.3"], ["160.4", "750.3"], ["160.4", "765.5"], ["25.1", "765.5"], ["25.1", "625.2"]], "Type": "GATE"}, {"Location": [["149.2", "631.1"], ["155.6", "631.1"], ["155.6", "744.4"], ["149.2", "744.4"]], "Type": "SD"}], "Module": "M9", "Boundary": [["160.5", "625.2"], ["160.5", "750.3"], ["160.4", "750.3"], ["160.4", "765.5"], ["20.0", "765.5"], ["20.0", "625.2"]], "Module_type": "GATE"}, {"Ports": [{"Location": [["25.7", "1200.8"], ["135.5", "1200.8"], ["135.5", "1205.5"], ["25.7", "1205.5"]], "Type": "SD"}, {"Location": [["10.0", "1103.0"], ["134.1", "1103.0"], ["134.1", "1103.7"], ["151.2", "1103.7"], ["151.2", "1198.7"], ["10.0", "1198.7"]], "Type": "GATE"}, {"Location": [["16.9", "1108.9"], ["127.2", "1108.9"], ["127.2", "1116.1"], ["16.9", "1116.1"]], "Type": "SD"}], "Module": "M5", "Boundary": [["10.0", "1103.0"], ["134.1", "1103.0"], ["134.1", "1103.7"], ["151.2", "1103.7"], ["151.2", "1205.5"], ["10.0", "1205.5"]], "Module_type": "GATE"}, {"Ports": [{"Location": [["182.6", "334.0"], ["187.8", "334.0"], ["187.8", "368.5"], ["182.6", "368.5"]], "Type": "SD"}, {"Location": [["396.0", "323.1"], ["396.0", "365.8"], ["395.9", "365.8"], ["395.9", "379.4"], ["189.2", "379.4"], ["189.2", "323.1"]], "Type": "GATE"}, {"Location": [["386.7", "329.2"], ["390.9", "329.2"], ["390.9", "359.7"], ["386.7", "359.7"]], "Type": "SD"}], "Module": "M11", "Boundary": [["396.0", "323.1"], ["396.0", "365.8"], ["395.9", "365.8"], ["395.9", "379.4"], ["182.6", "379.4"], ["182.6", "323.1"]], "Module_type": "GATE"}, {"Ports": [{"Location": [["10.0", "540.1"], ["15.3", "540.1"], ["15.3", "579.3"], ["10.0", "579.3"]], "Type": "SD"}, {"Location": [["111.5", "528.1"], ["111.5", "591.3"], ["16.4", "591.3"], ["16.4", "528.1"]], "Type": "GATE"}, {"Location": [["101.2", "533.4"], ["107.2", "533.4"], ["107.2", "586.0"], ["101.2", "586.0"]], "Type": "SD"}], "Module": "M1", "Boundary": [["111.5", "528.1"], ["111.5", "591.3"], ["10.0", "591.3"], ["10.0", "528.1"]], "Module_type": "GATE"}, {"Ports": [{"Location": [["313.1", "267.3"], ["376.0", "267.3"], ["376.0", "272.0"], ["313.1", "272.0"]], "Type": "SD"}, {"Location": [["301.2", "132.7"], ["373.7", "132.7"], ["373.7", "133.1"], ["387.9", "133.1"], ["387.9", "264.7"], ["301.2", "264.7"]], "Type": "GATE"}, {"Location": [["306.7", "137.2"], ["368.2", "137.2"], ["368.2", "142.2"], ["306.7", "142.2"]], "Type": "SD"}], "Module": "M19", "Boundary": [["301.2", "132.7"], ["373.7", "132.7"], ["373.7", "133.1"], ["387.9", "133.1"], ["387.9", "272.0"], ["301.2", "272.0"]], "Module_type": "GATE"}, {"Ports": [{"Location": [["192.8", "289.1"], ["247.3", "289.1"], ["247.3", "293.1"], ["192.8", "293.1"]], "Type": "SD"}, {"Location": [["178.9", "122.0"], ["246.3", "122.0"], ["246.3", "136.7"], ["261.2", "136.7"], ["261.2", "287.8"], ["178.9", "287.8"]], "Type": "GATE"}, {"Location": [["184.5", "126.6"], ["239.7", "126.6"], ["239.7", "133.2"], ["184.5", "133.2"]], "Type": "SD"}], "Module": "M6", "Boundary": [["178.9", "122.0"], ["246.3", "122.0"], ["246.3", "136.7"], ["261.2", "136.7"], ["261.2", "293.1"], ["178.9", "293.1"]], "Module_type": "GATE"}, {"Ports": [{"Location": [["171.2", "1143.0"], ["176.4", "1143.0"], ["176.4", "1197.7"], ["171.2", "1197.7"]], "Type": "SD"}, {"Location": [["380.3", "1129.1"], ["380.3", "1196.6"], ["307.3", "1196.6"], ["307.3", "1211.6"], ["178.2", "1211.6"], ["178.2", "1129.1"]], "Type": "GATE"}, {"Location": [["368.8", "1135.7"], ["374.7", "1135.7"], ["374.7", "1189.0"], ["368.8", "1189.0"]], "Type": "SD"}], "Module": "M2", "Boundary": [["380.3", "1129.1"], ["380.3", "1196.6"], ["307.3", "1196.6"], ["307.3", "1211.6"], ["171.2", "1211.6"], ["171.2", "1129.1"]], "Module_type": "GATE"}, {"Ports": [{"Location": [["42.0", "310.5"], ["120.6", "310.5"], ["120.6", "316.0"], ["42.0", "316.0"]], "Type": "SD"}, {"Location": [["30.0", "215.5"], ["119.1", "215.5"], ["119.1", "254.2"], ["132.6", "254.2"], ["132.6", "308.4"], ["30.0", "308.4"]], "Type": "GATE"}, {"Location": [["36.1", "220.6"], ["112.0", "220.6"], ["112.0", "224.9"], ["36.1", "224.9"]], "Type": "SD"}], "Module": "M16", "Boundary": [["30.0", "215.5"], ["119.1", "215.5"], ["119.1", "254.2"], ["132.6", "254.2"], ["132.6", "316.0"], ["30.0", "316.0"]], "Module_type": "GATE"}, {"Ports": [{"Location": [["30.0", "984.6"], ["35.1", "984.6"], ["35.1", "1049.8"], ["30.0", "1049.8"]], "Type": "SD"}, {"Location": [["190.7", "971.4"], ["190.7", "1063.0"], ["36.4", "1063.0"], ["36.4", "971.4"]], "Type": "GATE"}, {"Location": [["179.2", "977.6"], ["185.5", "977.6"], ["185.5", "1056.8"], ["179.2", "1056.8"]], "Type": "SD"}], "Module": "M13", "Boundary": [["190.7", "971.4"], ["190.7", "1063.0"], ["30.0", "1063.0"], ["30.0", "971.4"]], "Module_type": "GATE"}, {"Ports": [{"Location": [["20.0", "819.9"], ["25.8", "819.9"], ["25.8", "907.0"], ["20.0", "907.0"]], "Type": "SD"}, {"Location": [["238.1", "805.5"], ["238.1", "906.2"], ["180.2", "906.2"], ["180.2", "921.4"], ["27.8", "921.4"], ["27.8", "805.5"]], "Type": "GATE"}, {"Location": [["226.6", "811.8"], ["232.8", "811.8"], ["232.8", "898.9"], ["226.6", "898.9"]], "Type": "SD"}], "Module": "M10", "Boundary": [["238.1", "805.5"], ["238.1", "906.2"], ["180.2", "906.2"], ["180.2", "921.4"], ["20.0", "921.4"], ["20.0", "805.5"]], "Module_type": "GATE"}, {"Ports": [{"Location": [["268.1", "851.5"], ["273.8", "851.5"], ["273.8", "922.6"], ["268.1", "922.6"]], "Type": "SD"}, {"Location": [["392.8", "838.3"], ["392.8", "935.8"], ["276.3", "935.8"], ["276.3", "838.3"]], "Type": "GATE"}, {"Location": [["382.5", "844.4"], ["387.7", "844.4"], ["387.7", "929.7"], ["382.5", "929.7"]], "Type": "SD"}], "Module": "M7", "Boundary": [["392.8", "838.3"], ["392.8", "935.8"], ["268.1", "935.8"], ["268.1", "838.3"]], "Module_type": "GATE"}, {"Ports": [{"Location": [["250.7", "989.4"], ["254.9", "989.4"], ["254.9", "1075.5"], ["250.7", "1075.5"]], "Type": "SD"}, {"Location": [["372.7", "975.8"], ["372.7", "1089.1"], ["256.5", "1089.1"], ["256.5", "975.8"]], "Type": "GATE"}, {"Location": [["361.2", "981.3"], ["368.2", "981.3"], ["368.2", "1083.6"], ["361.2", "1083.6"]], "Type": "SD"}], "Module": "M3", "Boundary": [["372.7", "975.8"], ["372.7", "1089.1"], ["250.7", "1089.1"], ["250.7", "975.8"]], "Module_type": "GATE"}, {"Ports": [{"Location": [["154.9", "589.6"], ["231.0", "589.6"], ["231.0", "595.2"], ["154.9", "595.2"]], "Type": "SD"}, {"Location": [["141.7", "409.4"], ["227.9", "409.4"], ["227.9", "505.4"], ["244.2", "505.4"], ["244.2", "587.0"], ["141.7", "587.0"]], "Type": "GATE"}, {"Location": [["147.2", "413.9"], ["221.4", "413.9"], ["221.4", "419.4"], ["147.2", "419.4"]], "Type": "SD"}], "Module": "M18", "Boundary": [["141.7", "409.4"], ["227.9", "409.4"], ["227.9", "505.4"], ["244.2", "505.4"], ["244.2", "595.2"], ["141.7", "595.2"]], "Module_type": "GATE"}, {"Ports": [{"Location": [["297.7", "578.7"], ["377.9", "578.7"], ["377.9", "583.6"], ["297.7", "583.6"]], "Type": "SD"}, {"Location": [["284.2", "429.4"], ["374.3", "429.4"], ["374.3", "506.8"], ["391.4", "506.8"], ["391.4", "576.2"], ["284.2", "576.2"]], "Type": "GATE"}, {"Location": [["289.7", "433.9"], ["367.8", "433.9"], ["367.8", "439.5"], ["289.7", "439.5"]], "Type": "SD"}], "Module": "M20", "Boundary": [["284.2", "429.4"], ["374.3", "429.4"], ["374.3", "506.8"], ["391.4", "506.8"], ["391.4", "583.6"], ["284.2", "583.6"]], "Module_type": "GATE"}, {"Ports": [{"Location": [["304.3", "813.4"], ["395.1", "813.4"], ["395.1", "818.3"], ["304.3", "818.3"]], "Type": "SD"}, {"Location": [["289.8", "623.6"], ["409.6", "623.6"], ["409.6", "811.8"], ["289.8", "811.8"]], "Type": "GATE"}, {"Location": [["296.4", "629.2"], ["403.0", "629.2"], ["403.0", "635.8"], ["296.4", "635.8"]], "Type": "SD"}], "Module": "M15", "Boundary": [["289.8", "623.6"], ["409.6", "623.6"], ["409.6", "818.3"], ["289.8", "818.3"]], "Module_type": "GATE"}, {"Ports": [{"Location": [["23.9", "169.6"], ["145.0", "169.6"], ["145.0", "175.5"], ["23.9", "175.5"]], "Type": "SD"}, {"Location": [["10.0", "10.0"], ["143.7", "10.0"], ["143.7", "108.8"], ["158.9", "108.8"], ["158.9", "168.5"], ["10.0", "168.5"]], "Type": "GATE"}, {"Location": [["16.1", "15.1"], ["136.6", "15.1"], ["136.6", "21.6"], ["16.1", "21.6"]], "Type": "SD"}], "Module": "M12", "Boundary": [["10.0", "10.0"], ["143.7", "10.0"], ["143.7", "108.8"], ["158.9", "108.8"], ["158.9", "175.5"], ["10.0", "175.5"]], "Module_type": "GATE"}, {"Ports": [{"Location": [["276.3", "23.3"], ["280.5", "23.3"], ["280.5", "79.4"], ["276.3", "79.4"]], "Type": "SD"}, {"Location": [["400.1", "10.0"], ["400.1", "77.5"], ["359.6", "77.5"], ["359.6", "92.7"], ["281.9", "92.7"], ["281.9", "10.0"]], "Type": "GATE"}, {"Location": [["389.0", "15.3"], ["395.8", "15.3"], ["395.8", "71.2"], ["389.0", "71.2"]], "Type": "SD"}], "Module": "M8", "Boundary": [["400.1", "10.0"], ["400.1", "77.5"], ["359.6", "77.5"], ["359.6", "92.7"], ["276.3", "92.7"], ["276.3", "10.0"]], "Module_type": "GATE"}, {"Ports": [{"Location": [["204.3", "763.0"], ["256.0", "763.0"], ["256.0", "768.2"], ["204.3", "768.2"]], "Type": "SD"}, {"Location": [["190.5", "623.6"], ["255.7", "623.6"], ["255.7", "659.5"], ["269.8", "659.5"], ["269.8", "760.8"], ["190.5", "760.8"]], "Type": "GATE"}, {"Location": [["196.3", "628.4"], ["248.9", "628.4"], ["248.9", "635.0"], ["196.3", "635.0"]], "Type": "SD"}], "Module": "M4", "Boundary": [["190.5", "623.6"], ["255.7", "623.6"], ["255.7", "659.5"], ["269.8", "659.5"], ["269.8", "768.2"], ["190.5", "768.2"]], "Module_type": "GATE"}, {"Ports": [{"Location": [["191.2", "97.7"], ["244.0", "97.7"], ["244.0", "102.0"], ["191.2", "102.0"]], "Type": "SD"}, {"Location": [["178.9", "10.0"], ["241.1", "10.0"], ["241.1", "10.2"], ["256.3", "10.2"], ["256.3", "94.8"], ["178.9", "94.8"]], "Type": "GATE"}, {"Location": [["184.7", "14.8"], ["235.3", "14.8"], ["235.3", "20.5"], ["184.7", "20.5"]], "Type": "SD"}], "Module": "M17", "Boundary": [["178.9", "10.0"], ["241.1", "10.0"], ["241.1", "10.2"], ["256.3", "10.2"], ["256.3", "102.0"], ["178.9", "102.0"]], "Module_type": "GATE"}], "Area": [["-30.0", "-30.0"], ["449.6", "-30.0"], ["449.6", "1251.6"], ["-30.0", "1251.6"]], "Rules": ["GATE(5,5)", "SD(5,5)", "GATE_SD(0.5)", "GATE_ITO(0.5)", "SD_ITO(0.5)"]}