{"Modules": [{"Module": "M14", "Boundary": [["846.8", "546.5"], ["846.8", "632.5"], ["752.3", "632.5"], ["752.3", "648.5"], ["663.3", "648.5"], ["663.3", "546.5"]], "Module_type": "GATE", "Ports": [{"Location": [["663.3", "559.5"], ["669.1", "559.5"], ["669.1", "635.5"], ["663.3", "635.5"]], "Type": "SD"}, {"Location": [["846.8", "546.5"], ["846.8", "632.5"], ["752.3", "632.5"], ["752.3", "648.5"], ["670.6", "648.5"], ["670.6", "546.5"]], "Type": "GATE"}, {"Location": [["836.0", "552.2"], ["842.1", "552.2"], ["842.1", "625.8"], ["836.0", "625.8"]], "Type": "SD"}]}, {"Ports": [{"Location": [["242.9", "322.1"], ["354.8", "322.1"], ["354.8", "327.7"], ["242.9", "327.7"]], "Type": "SD"}, {"Location": [["229.8", "173.7"], ["367.9", "173.7"], ["367.9", "319.8"], ["229.8", "319.8"]], "Type": "GATE"}, {"Location": [["236.5", "179.4"], ["361.2", "179.4"], ["361.2", "184.1"], ["236.5", "184.1"]], "Type": "SD"}], "Module": "M9", "Boundary": [["229.8", "173.7"], ["367.9", "173.7"], ["367.9", "327.7"], ["229.8", "327.7"]], "Module_type": "GATE"}, {"Ports": [{"Location": [["181.2", "112.3"], ["221.6", "112.3"], ["221.6", "116.6"], ["181.2", "116.6"]], "Type": "SD"}, {"Location": [["168.0", "10.0"], ["218.4", "10.0"], ["218.4", "10.3"], ["234.8", "10.3"], ["234.8", "111.2"], ["168.0", "111.2"]], "Type": "GATE"}, {"Location": [["173.8", "14.8"], ["212.6", "14.8"], ["212.6", "21.3"], ["173.8", "21.3"]], "Type": "SD"}], "Module": "M5", "Boundary": [["168.0", "10.0"], ["218.4", "10.0"], ["218.4", "10.3"], ["234.8", "10.3"], ["234.8", "116.6"], ["168.0", "116.6"]], "Module_type": "GATE"}, {"Ports": [{"Location": [["486.8", "593.2"], ["491.7", "593.2"], ["491.7", "633.0"], ["486.8", "633.0"]], "Type": "SD"}, {"Location": [["633.3", "580.3"], ["633.3", "629.1"], ["633.3", "629.1"], ["633.3", "645.9"], ["494.6", "645.9"], ["494.6", "580.3"]], "Type": "GATE"}, {"Location": [["623.6", "585.6"], ["629.0", "585.6"], ["629.0", "623.8"], ["623.6", "623.8"]], "Type": "SD"}], "Module": "M11", "Boundary": [["633.3", "580.3"], ["633.3", "629.1"], ["633.3", "629.1"], ["633.3", "645.9"], ["486.8", "645.9"], ["486.8", "580.3"]], "Module_type": "GATE"}, {"Ports": [{"Location": [["734.5", "295.5"], ["860.4", "295.5"], ["860.4", "301.1"], ["734.5", "301.1"]], "Type": "SD"}, {"Location": [["720.1", "193.7"], ["874.8", "193.7"], ["874.8", "293.9"], ["720.1", "293.9"]], "Type": "GATE"}, {"Location": [["726.8", "199.4"], ["868.1", "199.4"], ["868.1", "205.0"], ["726.8", "205.0"]], "Type": "SD"}], "Module": "M1", "Boundary": [["720.1", "193.7"], ["874.8", "193.7"], ["874.8", "301.1"], ["720.1", "301.1"]], "Module_type": "GATE"}, {"Ports": [{"Location": [["577.6", "200.6"], ["582.3", "200.6"], ["582.3", "276.4"], ["577.6", "276.4"]], "Type": "SD"}, {"Location": [["680.1", "189.4"], ["680.1", "287.6"], ["584.4", "287.6"], ["584.4", "189.4"]], "Type": "GATE"}, {"Location": [["670.6", "195.3"], ["675.2", "195.3"], ["675.2", "281.7"], ["670.6", "281.7"]], "Type": "SD"}], "Module": "M19", "Boundary": [["680.1", "189.4"], ["680.1", "287.6"], ["577.6", "287.6"], ["577.6", "189.4"]], "Module_type": "GATE"}, {"Ports": [{"Location": [["10.0", "438.3"], ["14.9", "438.3"], ["14.9", "513.5"], ["10.0", "513.5"]], "Type": "SD"}, {"Location": [["180.3", "423.4"], ["180.3", "512.2"], ["93.8", "512.2"], ["93.8", "528.4"], ["16.1", "528.4"], ["16.1", "423.4"]], "Type": "GATE"}, {"Location": [["168.3", "428.9"], ["175.8", "428.9"], ["175.8", "505.7"], ["168.3", "505.7"]], "Type": "SD"}], "Module": "M6", "Boundary": [["180.3", "423.4"], ["180.3", "512.2"], ["93.8", "512.2"], ["93.8", "528.4"], ["10.0", "528.4"], ["10.0", "423.4"]], "Module_type": "GATE"}, {"Ports": [{"Location": [["561.8", "26.8"], ["566.3", "26.8"], ["566.3", "132.6"], ["561.8", "132.6"]], "Type": "SD"}, {"Location": [["712.9", "10.0"], ["712.9", "130.8"], ["675.6", "130.8"], ["675.6", "149.4"], ["568.1", "149.4"], ["568.1", "10.0"]], "Type": "GATE"}, {"Location": [["699.6", "16.7"], ["707.2", "16.7"], ["707.2", "123.1"], ["699.6", "123.1"]], "Type": "SD"}], "Module": "M2", "Boundary": [["712.9", "10.0"], ["712.9", "130.8"], ["675.6", "130.8"], ["675.6", "149.4"], ["561.8", "149.4"], ["561.8", "10.0"]], "Module_type": "GATE"}, {"Ports": [{"Location": [["239.8", "526.2"], ["244.6", "526.2"], ["244.6", "621.3"], ["239.8", "621.3"]], "Type": "SD"}, {"Location": [["436.8", "514.3"], ["436.8", "619.6"], ["420.0", "619.6"], ["420.0", "633.2"], ["247.1", "633.2"], ["247.1", "514.3"]], "Type": "GATE"}, {"Location": [["426.4", "520.2"], ["431.9", "520.2"], ["431.9", "612.7"], ["426.4", "612.7"]], "Type": "SD"}], "Module": "M16", "Boundary": [["436.8", "514.3"], ["436.8", "619.6"], ["420.0", "619.6"], ["420.0", "633.2"], ["239.8", "633.2"], ["239.8", "514.3"]], "Module_type": "GATE"}, {"Ports": [{"Location": [["288.5", "117.8"], ["341.4", "117.8"], ["341.4", "123.7"], ["288.5", "123.7"]], "Type": "SD"}, {"Location": [["274.8", "30.0"], ["355.1", "30.0"], ["355.1", "115.7"], ["274.8", "115.7"]], "Type": "GATE"}, {"Location": [["280.8", "35.0"], ["349.1", "35.0"], ["349.1", "41.9"], ["280.8", "41.9"]], "Type": "SD"}], "Module": "M13", "Boundary": [["274.8", "30.0"], ["355.1", "30.0"], ["355.1", "123.7"], ["274.8", "123.7"]], "Module_type": "GATE"}, {"Ports": [{"Location": [["421.1", "289.5"], ["514.4", "289.5"], ["514.4", "294.3"], ["421.1", "294.3"]], "Type": "SD"}, {"Location": [["407.9", "139.7"], ["514.2", "139.7"], ["514.2", "165.6"], ["527.6", "165.6"], ["527.6", "287.5"], ["407.9", "287.5"]], "Type": "GATE"}, {"Location": [["414.0", "144.8"], ["507.1", "144.8"], ["507.1", "151.3"], ["414.0", "151.3"]], "Type": "SD"}], "Module": "M10", "Boundary": [["407.9", "139.7"], ["514.2", "139.7"], ["514.2", "165.6"], ["527.6", "165.6"], ["527.6", "294.3"], ["407.9", "294.3"]], "Module_type": "GATE"}, {"Ports": [{"Location": [["10.0", "317.1"], ["14.5", "317.1"], ["14.5", "389.6"], ["10.0", "389.6"]], "Type": "SD"}, {"Location": [["190.2", "303.3"], ["190.2", "403.4"], ["16.1", "403.4"], ["16.1", "303.3"]], "Type": "GATE"}, {"Location": [["179.2", "309.8"], ["184.7", "309.8"], ["184.7", "396.9"], ["179.2", "396.9"]], "Type": "SD"}], "Module": "M7", "Boundary": [["190.2", "303.3"], ["190.2", "403.4"], ["10.0", "403.4"], ["10.0", "303.3"]], "Module_type": "GATE"}, {"Ports": [{"Location": [["676.7", "361.2"], ["681.8", "361.2"], ["681.8", "492.9"], ["676.7", "492.9"]], "Type": "SD"}, {"Location": [["857.0", "347.6"], ["857.0", "488.7"], ["856.1", "488.7"], ["856.1", "506.5"], ["684.7", "506.5"], ["684.7", "347.6"]], "Type": "GATE"}, {"Location": [["846.6", "352.8"], ["852.8", "352.8"], ["852.8", "483.5"], ["846.6", "483.5"]], "Type": "SD"}], "Module": "M3", "Boundary": [["857.0", "347.6"], ["857.0", "488.7"], ["856.1", "488.7"], ["856.1", "506.5"], ["676.7", "506.5"], ["676.7", "347.6"]], "Module_type": "GATE"}, {"Ports": [{"Location": [["10.0", "151.4"], ["14.6", "151.4"], ["14.6", "268.5"], ["10.0", "268.5"]], "Type": "SD"}, {"Location": [["191.5", "136.6"], ["191.5", "266.1"], ["176.0", "266.1"], ["176.0", "283.3"], ["16.1", "283.3"], ["16.1", "136.6"]], "Type": "GATE"}, {"Location": [["179.8", "143.4"], ["185.7", "143.4"], ["185.7", "258.3"], ["179.8", "258.3"]], "Type": "SD"}], "Module": "M18", "Boundary": [["191.5", "136.6"], ["191.5", "266.1"], ["176.0", "266.1"], ["176.0", "283.3"], ["10.0", "283.3"], ["10.0", "136.6"]], "Module_type": "GATE"}, {"Ports": [{"Location": [["239.8", "391.4"], ["245.2", "391.4"], ["245.2", "440.6"], ["239.8", "440.6"]], "Type": "SD"}, {"Location": [["384.5", "377.7"], ["384.5", "440.9"], ["325.1", "440.9"], ["325.1", "454.3"], ["247.6", "454.3"], ["247.6", "377.7"]], "Type": "GATE"}, {"Location": [["372.6", "384.1"], ["379.1", "384.1"], ["379.1", "433.5"], ["372.6", "433.5"]], "Type": "SD"}], "Module": "M20", "Boundary": [["384.5", "377.7"], ["384.5", "440.9"], ["325.1", "440.9"], ["325.1", "454.3"], ["239.8", "454.3"], ["239.8", "377.7"]], "Module_type": "GATE"}, {"Ports": [{"Location": [["10.0", "562.8"], ["14.2", "562.8"], ["14.2", "630.4"], ["10.0", "630.4"]], "Type": "SD"}, {"Location": [["199.8", "548.4"], ["199.8", "644.8"], ["15.8", "644.8"], ["15.8", "548.4"]], "Type": "GATE"}, {"Location": [["187.9", "555.2"], ["194.0", "555.2"], ["194.0", "638.0"], ["187.9", "638.0"]], "Type": "SD"}], "Module": "M15", "Boundary": [["199.8", "548.4"], ["199.8", "644.8"], ["10.0", "644.8"], ["10.0", "548.4"]], "Module_type": "GATE"}, {"Ports": [{"Location": [["408.6", "105.1"], ["528.3", "105.1"], ["528.3", "109.7"], ["408.6", "109.7"]], "Type": "SD"}, {"Location": [["395.1", "10.0"], ["526.8", "10.0"], ["526.8", "39.4"], ["541.8", "39.4"], ["541.8", "102.9"], ["395.1", "102.9"]], "Type": "GATE"}, {"Location": [["401.8", "15.7"], ["519.1", "15.7"], ["519.1", "21.6"], ["401.8", "21.6"]], "Type": "SD"}], "Module": "M12", "Boundary": [["395.1", "10.0"], ["526.8", "10.0"], ["526.8", "39.4"], ["541.8", "39.4"], ["541.8", "109.7"], ["395.1", "109.7"]], "Module_type": "GATE"}, {"Ports": [{"Location": [["24.2", "109.5"], ["133.8", "109.5"], ["133.8", "114.0"], ["24.2", "114.0"]], "Type": "SD"}, {"Location": [["10.0", "10.0"], ["131.9", "10.0"], ["131.9", "25.4"], ["148.0", "25.4"], ["148.0", "106.7"], ["10.0", "106.7"]], "Type": "GATE"}, {"Location": [["15.8", "14.8"], ["125.1", "14.8"], ["125.1", "20.7"], ["15.8", "20.7"]], "Type": "SD"}], "Module": "M8", "Boundary": [["10.0", "10.0"], ["131.9", "10.0"], ["131.9", "25.4"], ["148.0", "25.4"], ["148.0", "114.0"], ["10.0", "114.0"]], "Module_type": "GATE"}, {"Ports": [{"Location": [["490.5", "544.7"], ["623.0", "544.7"], ["623.0", "550.3"], ["490.5", "550.3"]], "Type": "SD"}, {"Location": [["476.8", "327.6"], ["619.9", "327.6"], ["619.9", "426.8"], ["636.7", "426.8"], ["636.7", "543.5"], ["476.8", "543.5"]], "Type": "GATE"}, {"Location": [["483.6", "333.4"], ["612.1", "333.4"], ["612.1", "338.2"], ["483.6", "338.2"]], "Type": "SD"}], "Module": "M4", "Boundary": [["476.8", "327.6"], ["619.9", "327.6"], ["619.9", "426.8"], ["636.7", "426.8"], ["636.7", "550.3"], ["476.8", "550.3"]], "Module_type": "GATE"}, {"Ports": [{"Location": [["747.4", "168.6"], ["856.6", "168.6"], ["856.6", "173.7"], ["747.4", "173.7"]], "Type": "SD"}, {"Location": [["732.9", "10.0"], ["854.0", "10.0"], ["854.0", "10.6"], ["871.1", "10.6"], ["871.1", "166.2"], ["732.9", "166.2"]], "Type": "GATE"}, {"Location": [["738.6", "14.7"], ["848.3", "14.7"], ["848.3", "21.1"], ["738.6", "21.1"]], "Type": "SD"}], "Module": "M17", "Boundary": [["732.9", "10.0"], ["854.0", "10.0"], ["854.0", "10.6"], ["871.1", "10.6"], ["871.1", "173.7"], ["732.9", "173.7"]], "Module_type": "GATE"}], "Area": [["-30.0", "-30.0"], ["914.8", "-30.0"], ["914.8", "688.5"], ["-30.0", "688.5"]], "Rules": ["GATE(5,5)", "SD(5,5)", "GATE_SD(0.5)", "GATE_ITO(0.5)", "SD_ITO(0.5)"]}