{"Modules": [{"Module": "M14", "Boundary": [["427.1", "148.6"], ["565.6", "148.6"], ["565.6", "170.5"], ["581.6", "170.5"], ["581.6", "286.0"], ["427.1", "286.0"]], "Module_type": "GATE", "Ports": [{"Location": [["441.2", "281.1"], ["567.5", "281.1"], ["567.5", "286.0"], ["441.2", "286.0"]], "Type": "SD"}, {"Location": [["427.1", "148.6"], ["565.6", "148.6"], ["565.6", "170.5"], ["581.6", "170.5"], ["581.6", "280.1"], ["427.1", "280.1"]], "Type": "GATE"}, {"Location": [["433.0", "153.5"], ["558.7", "153.5"], ["558.7", "159.9"], ["433.0", "159.9"]], "Type": "SD"}]}, {"Ports": [{"Location": [["388.5", "33.4"], ["392.7", "33.4"], ["392.7", "105.2"], ["388.5", "105.2"]], "Type": "SD"}, {"Location": [["566.8", "20.0"], ["566.8", "102.5"], ["566.7", "102.5"], ["566.7", "118.6"], ["394.0", "118.6"], ["394.0", "20.0"]], "Type": "GATE"}, {"Location": [["555.4", "26.6"], ["561.2", "26.6"], ["561.2", "95.9"], ["555.4", "95.9"]], "Type": "SD"}], "Module": "M9", "Boundary": [["566.8", "20.0"], ["566.8", "102.5"], ["566.7", "102.5"], ["566.7", "118.6"], ["388.5", "118.6"], ["388.5", "20.0"]], "Module_type": "GATE"}, {"Ports": [{"Location": [["545.6", "619.3"], ["582.8", "619.3"], ["582.8", "624.7"], ["545.6", "624.7"]], "Type": "SD"}, {"Location": [["534.0", "431.2"], ["594.4", "431.2"], ["594.4", "616.7"], ["534.0", "616.7"]], "Type": "GATE"}, {"Location": [["539.6", "435.8"], ["588.8", "435.8"], ["588.8", "440.9"], ["539.6", "440.9"]], "Type": "SD"}], "Module": "M5", "Boundary": [["534.0", "431.2"], ["594.4", "431.2"], ["594.4", "624.7"], ["534.0", "624.7"]], "Module_type": "GATE"}, {"Ports": [{"Location": [["400.3", "816.0"], ["404.6", "816.0"], ["404.6", "887.0"], ["400.3", "887.0"]], "Type": "SD"}, {"Location": [["580.3", "803.1"], ["580.3", "883.7"], ["579.8", "883.7"], ["579.8", "899.9"], ["406.2", "899.9"], ["406.2", "803.1"]], "Type": "GATE"}, {"Location": [["570.6", "808.9"], ["575.5", "808.9"], ["575.5", "877.9"], ["570.6", "877.9"]], "Type": "SD"}], "Module": "M11", "Boundary": [["580.3", "803.1"], ["580.3", "883.7"], ["579.8", "883.7"], ["579.8", "899.9"], ["400.3", "899.9"], ["400.3", "803.1"]], "Module_type": "GATE"}, {"Ports": [{"Location": [["358.7", "254.7"], ["394.2", "254.7"], ["394.2", "260.3"], ["358.7", "260.3"]], "Type": "SD"}, {"Location": [["345.8", "148.6"], ["392.9", "148.6"], ["392.9", "148.6"], ["407.1", "148.6"], ["407.1", "251.9"], ["345.8", "251.9"]], "Type": "GATE"}, {"Location": [["352.4", "154.2"], ["386.3", "154.2"], ["386.3", "160.0"], ["352.4", "160.0"]], "Type": "SD"}], "Module": "M1", "Boundary": [["345.8", "148.6"], ["392.9", "148.6"], ["392.9", "148.6"], ["407.1", "148.6"], ["407.1", "260.3"], ["345.8", "260.3"]], "Module_type": "GATE"}, {"Ports": [{"Location": [["228.6", "810.3"], ["234.5", "810.3"], ["234.5", "875.8"], ["228.6", "875.8"]], "Type": "SD"}, {"Location": [["350.3", "797.1"], ["350.3", "889.0"], ["235.8", "889.0"], ["235.8", "797.1"]], "Type": "GATE"}, {"Location": [["338.7", "802.5"], ["345.9", "802.5"], ["345.9", "883.6"], ["338.7", "883.6"]], "Type": "SD"}], "Module": "M19", "Boundary": [["350.3", "797.1"], ["350.3", "889.0"], ["228.6", "889.0"], ["228.6", "797.1"]], "Module_type": "GATE"}, {"Ports": [{"Location": [["159.9", "544.9"], ["220.8", "544.9"], ["220.8", "550.8"], ["159.9", "550.8"]], "Type": "SD"}, {"Location": [["146.0", "451.3"], ["217.9", "451.3"], ["217.9", "458.8"], ["234.7", "458.8"], ["234.7", "542.3"], ["146.0", "542.3"]], "Type": "GATE"}, {"Location": [["151.2", "455.5"], ["211.7", "455.5"], ["211.7", "462.4"], ["151.2", "462.4"]], "Type": "SD"}], "Module": "M6", "Boundary": [["146.0", "451.3"], ["217.9", "451.3"], ["217.9", "458.8"], ["234.7", "458.8"], ["234.7", "550.8"], ["146.0", "550.8"]], "Module_type": "GATE"}, {"Ports": [{"Location": [["408.1", "319.8"], ["413.5", "319.8"], ["413.5", "397.4"], ["408.1", "397.4"]], "Type": "SD"}, {"Location": [["594.8", "306.0"], ["594.8", "394.7"], ["513.6", "394.7"], ["513.6", "411.2"], ["414.9", "411.2"], ["414.9", "306.0"]], "Type": "GATE"}, {"Location": [["584.1", "311.4"], ["590.4", "311.4"], ["590.4", "388.3"], ["584.1", "388.3"]], "Type": "SD"}], "Module": "M2", "Boundary": [["594.8", "306.0"], ["594.8", "394.7"], ["513.6", "394.7"], ["513.6", "411.2"], ["408.1", "411.2"], ["408.1", "306.0"]], "Module_type": "GATE"}, {"Ports": [{"Location": [["181.9", "316.1"], ["186.5", "316.1"], ["186.5", "396.6"], ["181.9", "396.6"]], "Type": "SD"}, {"Location": [["368.1", "301.4"], ["368.1", "394.0"], ["303.6", "394.0"], ["303.6", "411.3"], ["188.1", "411.3"], ["188.1", "301.4"]], "Type": "GATE"}, {"Location": [["356.7", "306.9"], ["363.6", "306.9"], ["363.6", "387.5"], ["356.7", "387.5"]], "Type": "SD"}], "Module": "M16", "Boundary": [["368.1", "301.4"], ["368.1", "394.0"], ["303.6", "394.0"], ["303.6", "411.3"], ["181.9", "411.3"], ["181.9", "301.4"]], "Module_type": "GATE"}, {"Ports": [{"Location": [["239.9", "642.4"], ["245.1", "642.4"], ["245.1", "722.8"], ["239.9", "722.8"]], "Type": "SD"}, {"Location": [["387.8", "628.1"], ["387.8", "737.1"], ["247.3", "737.1"], ["247.3", "628.1"]], "Type": "GATE"}, {"Location": [["376.3", "633.4"], ["383.5", "633.4"], ["383.5", "731.8"], ["376.3", "731.8"]], "Type": "SD"}], "Module": "M13", "Boundary": [["387.8", "628.1"], ["387.8", "737.1"], ["239.9", "737.1"], ["239.9", "628.1"]], "Module_type": "GATE"}, {"Ports": [{"Location": [["20.0", "595.3"], ["24.4", "595.3"], ["24.4", "699.8"], ["20.0", "699.8"]], "Type": "SD"}, {"Location": [["189.9", "580.8"], ["189.9", "699.0"], ["146.3", "699.0"], ["146.3", "714.3"], ["26.7", "714.3"], ["26.7", "580.8"]], "Type": "GATE"}, {"Location": [["178.2", "587.3"], ["184.4", "587.3"], ["184.4", "691.5"], ["178.2", "691.5"]], "Type": "SD"}], "Module": "M10", "Boundary": [["189.9", "580.8"], ["189.9", "699.0"], ["146.3", "699.0"], ["146.3", "714.3"], ["20.0", "714.3"], ["20.0", "580.8"]], "Module_type": "GATE"}, {"Ports": [{"Location": [["161.9", "147.7"], ["166.1", "147.7"], ["166.1", "246.7"], ["161.9", "246.7"]], "Type": "SD"}, {"Location": [["325.8", "133.0"], ["325.8", "243.2"], ["325.8", "243.2"], ["325.8", "261.4"], ["167.5", "261.4"], ["167.5", "133.0"]], "Type": "GATE"}, {"Location": [["313.7", "139.5"], ["320.3", "139.5"], ["320.3", "236.7"], ["313.7", "236.7"]], "Type": "SD"}], "Module": "M7", "Boundary": [["325.8", "133.0"], ["325.8", "243.2"], ["325.8", "243.2"], ["325.8", "261.4"], ["161.9", "261.4"], ["161.9", "133.0"]], "Module_type": "GATE"}, {"Ports": [{"Location": [["30.0", "775.9"], ["35.2", "775.9"], ["35.2", "877.0"], ["30.0", "877.0"]], "Type": "SD"}, {"Location": [["168.6", "764.3"], ["168.6", "873.0"], ["168.2", "873.0"], ["168.2", "888.6"], ["36.5", "888.6"], ["36.5", "764.3"]], "Type": "GATE"}, {"Location": [["158.6", "769.4"], ["164.5", "769.4"], ["164.5", "867.9"], ["158.6", "867.9"]], "Type": "SD"}], "Module": "M3", "Boundary": [["168.6", "764.3"], ["168.6", "873.0"], ["168.2", "873.0"], ["168.2", "888.6"], ["30.0", "888.6"], ["30.0", "764.3"]], "Module_type": "GATE"}, {"Ports": [{"Location": [["427.8", "656.1"], ["432.1", "656.1"], ["432.1", "761.7"], ["427.8", "761.7"]], "Type": "SD"}, {"Location": [["594.4", "644.7"], ["594.4", "757.7"], ["522.3", "757.7"], ["522.3", "773.1"], ["434.8", "773.1"], ["434.8", "644.7"]], "Type": "GATE"}, {"Location": [["586.0", "649.9"], ["590.2", "649.9"], ["590.2", "751.5"], ["586.0", "751.5"]], "Type": "SD"}], "Module": "M18", "Boundary": [["594.4", "644.7"], ["594.4", "757.7"], ["522.3", "757.7"], ["522.3", "773.1"], ["427.8", "773.1"], ["427.8", "644.7"]], "Module_type": "GATE"}, {"Ports": [{"Location": [["431.6", "556.9"], ["480.8", "556.9"], ["480.8", "562.1"], ["431.6", "562.1"]], "Type": "SD"}, {"Location": [["418.4", "471.3"], ["480.7", "471.3"], ["480.7", "518.0"], ["494.0", "518.0"], ["494.0", "554.8"], ["418.4", "554.8"]], "Type": "GATE"}, {"Location": [["425.3", "477.2"], ["472.8", "477.2"], ["472.8", "482.6"], ["425.3", "482.6"]], "Type": "SD"}], "Module": "M20", "Boundary": [["418.4", "471.3"], ["480.7", "471.3"], ["480.7", "518.0"], ["494.0", "518.0"], ["494.0", "562.1"], ["418.4", "562.1"]], "Module_type": "GATE"}, {"Ports": [{"Location": [["161.9", "24.1"], ["165.9", "24.1"], ["165.9", "98.9"], ["161.9", "98.9"]], "Type": "SD"}, {"Location": [["358.5", "10.0"], ["358.5", "96.0"], ["358.3", "96.0"], ["358.3", "113.0"], ["167.9", "113.0"], ["167.9", "10.0"]], "Type": "GATE"}, {"Location": [["347.3", "16.5"], ["353.0", "16.5"], ["353.0", "89.5"], ["347.3", "89.5"]], "Type": "SD"}], "Module": "M15", "Boundary": [["358.5", "10.0"], ["358.5", "96.0"], ["358.3", "96.0"], ["358.3", "113.0"], ["161.9", "113.0"], ["161.9", "10.0"]], "Module_type": "GATE"}, {"Ports": [{"Location": [["10.0", "417.9"], ["15.8", "417.9"], ["15.8", "526.7"], ["10.0", "526.7"]], "Type": "SD"}, {"Location": [["126.0", "403.1"], ["126.0", "525.6"], ["89.4", "525.6"], ["89.4", "541.5"], ["17.6", "541.5"], ["17.6", "403.1"]], "Type": "GATE"}, {"Location": [["113.7", "410.0"], ["120.1", "410.0"], ["120.1", "517.7"], ["113.7", "517.7"]], "Type": "SD"}], "Module": "M12", "Boundary": [["126.0", "403.1"], ["126.0", "525.6"], ["89.4", "525.6"], ["89.4", "541.5"], ["10.0", "541.5"], ["10.0", "403.1"]], "Module_type": "GATE"}, {"Ports": [{"Location": [["267.2", "583.8"], ["365.9", "583.8"], ["365.9", "588.1"], ["267.2", "588.1"]], "Type": "SD"}, {"Location": [["254.7", "451.3"], ["363.0", "451.3"], ["363.0", "452.0"], ["378.4", "452.0"], ["378.4", "581.3"], ["254.7", "581.3"]], "Type": "GATE"}, {"Location": [["260.8", "456.4"], ["356.9", "456.4"], ["356.9", "460.9"], ["260.8", "460.9"]], "Type": "SD"}], "Module": "M8", "Boundary": [["254.7", "451.3"], ["363.0", "451.3"], ["363.0", "452.0"], ["378.4", "452.0"], ["378.4", "588.1"], ["254.7", "588.1"]], "Module_type": "GATE"}, {"Ports": [{"Location": [["24.1", "211.7"], ["127.8", "211.7"], ["127.8", "216.5"], ["24.1", "216.5"]], "Type": "SD"}, {"Location": [["10.0", "10.0"], ["126.9", "10.0"], ["126.9", "45.5"], ["141.9", "45.5"], ["141.9", "208.8"], ["10.0", "208.8"]], "Type": "GATE"}, {"Location": [["16.2", "15.2"], ["119.7", "15.2"], ["119.7", "22.0"], ["16.2", "22.0"]], "Type": "SD"}], "Module": "M4", "Boundary": [["10.0", "10.0"], ["126.9", "10.0"], ["126.9", "45.5"], ["141.9", "45.5"], ["141.9", "216.5"], ["10.0", "216.5"]], "Module_type": "GATE"}, {"Ports": [{"Location": [["23.7", "377.6"], ["118.7", "377.6"], ["118.7", "383.1"], ["23.7", "383.1"]], "Type": "SD"}, {"Location": [["10.0", "236.5"], ["132.4", "236.5"], ["132.4", "376.0"], ["10.0", "376.0"]], "Type": "GATE"}, {"Location": [["16.5", "242.0"], ["125.9", "242.0"], ["125.9", "247.9"], ["16.5", "247.9"]], "Type": "SD"}], "Module": "M17", "Boundary": [["10.0", "236.5"], ["132.4", "236.5"], ["132.4", "383.1"], ["10.0", "383.1"]], "Module_type": "GATE"}], "Area": [["-30.0", "-30.0"], ["634.8", "-30.0"], ["634.8", "939.9"], ["-30.0", "939.9"]], "Rules": ["GATE(5,5)", "SD(5,5)", "GATE_SD(0.5)", "GATE_ITO(0.5)", "SD_ITO(0.5)"]}