{"Modules": [{"Module": "M14", "Boundary": [["136.1", "606.3"], ["136.1", "700.8"], ["106.1", "700.8"], ["106.1", "714.2"], ["10.0", "714.2"], ["10.0", "606.3"]], "Module_type": "GATE", "Ports": [{"Location": [["10.0", "620.8"], ["15.0", "620.8"], ["15.0", "699.7"], ["10.0", "699.7"]], "Type": "SD"}, {"Location": [["136.1", "606.3"], ["136.1", "700.8"], ["106.1", "700.8"], ["106.1", "714.2"], ["17.9", "714.2"], ["17.9", "606.3"]], "Type": "GATE"}, {"Location": [["123.2", "613.3"], ["130.1", "613.3"], ["130.1", "692.8"], ["123.2", "692.8"]], "Type": "SD"}]}, {"Ports": [{"Location": [["20.0", "299.4"], ["24.3", "299.4"], ["24.3", "364.5"], ["20.0", "364.5"]], "Type": "SD"}, {"Location": [["164.6", "285.2"], ["164.6", "364.3"], ["164.4", "364.3"], ["164.4", "378.7"], ["25.5", "378.7"], ["25.5", "285.2"]], "Type": "GATE"}, {"Location": [["152.1", "292.2"], ["158.6", "292.2"], ["158.6", "357.3"], ["152.1", "357.3"]], "Type": "SD"}], "Module": "M9", "Boundary": [["164.6", "285.2"], ["164.6", "364.3"], ["164.4", "364.3"], ["164.4", "378.7"], ["20.0", "378.7"], ["20.0", "285.2"]], "Module_type": "GATE"}, {"Ports": [{"Location": [["522.7", "417.1"], ["561.6", "417.1"], ["561.6", "422.6"], ["522.7", "422.6"]], "Type": "SD"}, {"Location": [["510.6", "265.1"], ["557.9", "265.1"], ["557.9", "265.2"], ["573.7", "265.2"], ["573.7", "415.2"], ["510.6", "415.2"]], "Type": "GATE"}, {"Location": [["515.9", "269.4"], ["552.6", "269.4"], ["552.6", "274.7"], ["515.9", "274.7"]], "Type": "SD"}], "Module": "M5", "Boundary": [["510.6", "265.1"], ["557.9", "265.1"], ["557.9", "265.2"], ["573.7", "265.2"], ["573.7", "422.6"], ["510.6", "422.6"]], "Module_type": "GATE"}, {"Ports": [{"Location": [["226.4", "145.2"], ["345.0", "145.2"], ["345.0", "150.5"], ["226.4", "150.5"]], "Type": "SD"}, {"Location": [["212.2", "20.0"], ["343.2", "20.0"], ["343.2", "20.5"], ["359.2", "20.5"], ["359.2", "142.9"], ["212.2", "142.9"]], "Type": "GATE"}, {"Location": [["217.9", "24.7"], ["337.5", "24.7"], ["337.5", "31.3"], ["217.9", "31.3"]], "Type": "SD"}], "Module": "M11", "Boundary": [["212.2", "20.0"], ["343.2", "20.0"], ["343.2", "20.5"], ["359.2", "20.5"], ["359.2", "150.5"], ["212.2", "150.5"]], "Module_type": "GATE"}, {"Ports": [{"Location": [["401.2", "438.4"], ["478.6", "438.4"], ["478.6", "443.4"], ["401.2", "443.4"]], "Type": "SD"}, {"Location": [["389.2", "306.9"], ["476.5", "306.9"], ["476.5", "307.3"], ["490.6", "307.3"], ["490.6", "436.1"], ["389.2", "436.1"]], "Type": "GATE"}, {"Location": [["396.0", "312.7"], ["469.7", "312.7"], ["469.7", "316.9"], ["396.0", "316.9"]], "Type": "SD"}], "Module": "M1", "Boundary": [["389.2", "306.9"], ["476.5", "306.9"], ["476.5", "307.3"], ["490.6", "307.3"], ["490.6", "443.4"], ["389.2", "443.4"]], "Module_type": "GATE"}, {"Ports": [{"Location": [["43.7", "560.3"], ["118.6", "560.3"], ["118.6", "566.3"], ["43.7", "566.3"]], "Type": "SD"}, {"Location": [["30.0", "428.7"], ["118.6", "428.7"], ["118.6", "428.8"], ["132.3", "428.8"], ["132.3", "557.8"], ["30.0", "557.8"]], "Type": "GATE"}, {"Location": [["36.1", "433.8"], ["112.5", "433.8"], ["112.5", "440.7"], ["36.1", "440.7"]], "Type": "SD"}], "Module": "M19", "Boundary": [["30.0", "428.7"], ["118.6", "428.7"], ["118.6", "428.8"], ["132.3", "428.8"], ["132.3", "566.3"], ["30.0", "566.3"]], "Module_type": "GATE"}, {"Ports": [{"Location": [["377.6", "640.9"], ["382.8", "640.9"], ["382.8", "699.2"], ["377.6", "699.2"]], "Type": "SD"}, {"Location": [["551.4", "624.9"], ["551.4", "698.9"], ["492.4", "698.9"], ["492.4", "715.2"], ["383.8", "715.2"], ["383.8", "624.9"]], "Type": "GATE"}, {"Location": [["538.5", "631.8"], ["545.5", "631.8"], ["545.5", "691.0"], ["538.5", "691.0"]], "Type": "SD"}], "Module": "M6", "Boundary": [["551.4", "624.9"], ["551.4", "698.9"], ["492.4", "698.9"], ["492.4", "715.2"], ["377.6", "715.2"], ["377.6", "624.9"]], "Module_type": "GATE"}, {"Ports": [{"Location": [["604.4", "698.8"], ["722.2", "698.8"], ["722.2", "704.4"], ["604.4", "704.4"]], "Type": "SD"}, {"Location": [["591.9", "579.9"], ["720.0", "579.9"], ["720.0", "640.4"], ["734.7", "640.4"], ["734.7", "697.7"], ["591.9", "697.7"]], "Type": "GATE"}, {"Location": [["597.1", "584.1"], ["713.8", "584.1"], ["713.8", "590.8"], ["597.1", "590.8"]], "Type": "SD"}], "Module": "M2", "Boundary": [["591.9", "579.9"], ["720.0", "579.9"], ["720.0", "640.4"], ["734.7", "640.4"], ["734.7", "704.4"], ["591.9", "704.4"]], "Module_type": "GATE"}, {"Ports": [{"Location": [["192.3", "571.3"], ["197.9", "571.3"], ["197.9", "679.6"], ["192.3", "679.6"]], "Type": "SD"}, {"Location": [["337.6", "557.9"], ["337.6", "677.2"], ["300.9", "677.2"], ["300.9", "693.0"], ["200.2", "693.0"], ["200.2", "557.9"]], "Type": "GATE"}, {"Location": [["326.7", "563.5"], ["333.0", "563.5"], ["333.0", "670.6"], ["326.7", "670.6"]], "Type": "SD"}], "Module": "M16", "Boundary": [["337.6", "557.9"], ["337.6", "677.2"], ["300.9", "677.2"], ["300.9", "693.0"], ["192.3", "693.0"], ["192.3", "557.9"]], "Module_type": "GATE"}, {"Ports": [{"Location": [["227.4", "493.2"], ["327.8", "493.2"], ["327.8", "497.9"], ["227.4", "497.9"]], "Type": "SD"}, {"Location": [["214.6", "348.3"], ["324.9", "348.3"], ["324.9", "348.9"], ["340.6", "348.9"], ["340.6", "491.2"], ["214.6", "491.2"]], "Type": "GATE"}, {"Location": [["219.8", "352.5"], ["319.7", "352.5"], ["319.7", "358.1"], ["219.8", "358.1"]], "Type": "SD"}], "Module": "M13", "Boundary": [["214.6", "348.3"], ["324.9", "348.3"], ["324.9", "348.9"], ["340.6", "348.9"], ["340.6", "497.9"], ["214.6", "497.9"]], "Module_type": "GATE"}, {"Ports": [{"Location": [["394.0", "489.0"], ["399.5", "489.0"], ["399.5", "579.3"], ["394.0", "579.3"]], "Type": "SD"}, {"Location": [["561.9", "473.4"], ["561.9", "579.4"], ["491.4", "579.4"], ["491.4", "594.9"], ["401.7", "594.9"], ["401.7", "473.4"]], "Type": "GATE"}, {"Location": [["548.3", "480.4"], ["555.9", "480.4"], ["555.9", "571.4"], ["548.3", "571.4"]], "Type": "SD"}], "Module": "M10", "Boundary": [["561.9", "473.4"], ["561.9", "579.4"], ["491.4", "579.4"], ["491.4", "594.9"], ["394.0", "594.9"], ["394.0", "473.4"]], "Module_type": "GATE"}, {"Ports": [{"Location": [["496.1", "22.5"], ["502.0", "22.5"], ["502.0", "93.0"], ["496.1", "93.0"]], "Type": "SD"}, {"Location": [["573.5", "10.0"], ["573.5", "89.7"], ["573.2", "89.7"], ["573.2", "105.5"], ["503.8", "105.5"], ["503.8", "10.0"]], "Type": "GATE"}, {"Location": [["563.3", "16.2"], ["568.3", "16.2"], ["568.3", "83.5"], ["563.3", "83.5"]], "Type": "SD"}], "Module": "M7", "Boundary": [["573.5", "10.0"], ["573.5", "89.7"], ["573.2", "89.7"], ["573.2", "105.5"], ["496.1", "105.5"], ["496.1", "10.0"]], "Module_type": "GATE"}, {"Ports": [{"Location": [["43.3", "229.5"], ["148.9", "229.5"], ["148.9", "235.2"], ["43.3", "235.2"]], "Type": "SD"}, {"Location": [["30.0", "30.0"], ["162.2", "30.0"], ["162.2", "226.6"], ["30.0", "226.6"]], "Type": "GATE"}, {"Location": [["35.1", "34.1"], ["157.1", "34.1"], ["157.1", "40.7"], ["35.1", "40.7"]], "Type": "SD"}], "Module": "M3", "Boundary": [["30.0", "30.0"], ["162.2", "30.0"], ["162.2", "235.2"], ["30.0", "235.2"]], "Module_type": "GATE"}, {"Ports": [{"Location": [["403.6", "141.3"], ["461.7", "141.3"], ["461.7", "147.0"], ["403.6", "147.0"]], "Type": "SD"}, {"Location": [["389.2", "10.0"], ["460.2", "10.0"], ["460.2", "75.9"], ["476.1", "75.9"], ["476.1", "138.3"], ["389.2", "138.3"]], "Type": "GATE"}, {"Location": [["394.7", "14.5"], ["453.7", "14.5"], ["453.7", "21.8"], ["394.7", "21.8"]], "Type": "SD"}], "Module": "M18", "Boundary": [["389.2", "10.0"], ["460.2", "10.0"], ["460.2", "75.9"], ["476.1", "75.9"], ["476.1", "147.0"], ["389.2", "147.0"]], "Module_type": "GATE"}, {"Ports": [{"Location": [["627.7", "444.7"], ["700.4", "444.7"], ["700.4", "449.8"], ["627.7", "449.8"]], "Type": "SD"}, {"Location": [["613.7", "271.6"], ["714.4", "271.6"], ["714.4", "443.1"], ["613.7", "443.1"]], "Type": "GATE"}, {"Location": [["619.6", "276.5"], ["708.5", "276.5"], ["708.5", "282.7"], ["619.6", "282.7"]], "Type": "SD"}], "Module": "M20", "Boundary": [["613.7", "271.6"], ["714.4", "271.6"], ["714.4", "449.8"], ["613.7", "449.8"]], "Module_type": "GATE"}, {"Ports": [{"Location": [["496.5", "137.4"], ["501.9", "137.4"], ["501.9", "233.2"], ["496.5", "233.2"]], "Type": "SD"}, {"Location": [["572.5", "125.5"], ["572.5", "245.1"], ["504.2", "245.1"], ["504.2", "125.5"]], "Type": "GATE"}, {"Location": [["562.5", "131.6"], ["567.4", "131.6"], ["567.4", "239.0"], ["562.5", "239.0"]], "Type": "SD"}], "Module": "M15", "Boundary": [["572.5", "125.5"], ["572.5", "245.1"], ["496.5", "245.1"], ["496.5", "125.5"]], "Module_type": "GATE"}, {"Ports": [{"Location": [["607.4", "226.5"], ["720.7", "226.5"], ["720.7", "231.6"], ["607.4", "231.6"]], "Type": "SD"}, {"Location": [["593.5", "10.0"], ["717.9", "10.0"], ["717.9", "89.5"], ["734.6", "89.5"], ["734.6", "225.1"], ["593.5", "225.1"]], "Type": "GATE"}, {"Location": [["598.6", "14.1"], ["711.8", "14.1"], ["711.8", "20.7"], ["598.6", "20.7"]], "Type": "SD"}], "Module": "M12", "Boundary": [["593.5", "10.0"], ["717.9", "10.0"], ["717.9", "89.5"], ["734.6", "89.5"], ["734.6", "231.6"], ["593.5", "231.6"]], "Module_type": "GATE"}, {"Ports": [{"Location": [["604.6", "555.1"], ["676.2", "555.1"], ["676.2", "559.9"], ["604.6", "559.9"]], "Type": "SD"}, {"Location": [["591.9", "489.8"], ["673.9", "489.8"], ["673.9", "517.0"], ["688.9", "517.0"], ["688.9", "552.7"], ["591.9", "552.7"]], "Type": "GATE"}, {"Location": [["597.0", "493.9"], ["667.8", "493.9"], ["667.8", "500.4"], ["597.0", "500.4"]], "Type": "SD"}], "Module": "M8", "Boundary": [["591.9", "489.8"], ["673.9", "489.8"], ["673.9", "517.0"], ["688.9", "517.0"], ["688.9", "559.9"], ["591.9", "559.9"]], "Module_type": "GATE"}, {"Ports": [{"Location": [["216.8", "303.9"], ["349.4", "303.9"], ["349.4", "308.3"], ["216.8", "308.3"]], "Type": "SD"}, {"Location": [["202.2", "180.5"], ["347.1", "180.5"], ["347.1", "212.3"], ["364.0", "212.3"], ["364.0", "301.4"], ["202.2", "301.4"]], "Type": "GATE"}, {"Location": [["208.0", "185.3"], ["340.3", "185.3"], ["340.3", "191.9"], ["208.0", "191.9"]], "Type": "SD"}], "Module": "M4", "Boundary": [["202.2", "180.5"], ["347.1", "180.5"], ["347.1", "212.3"], ["364.0", "212.3"], ["364.0", "308.3"], ["202.2", "308.3"]], "Module_type": "GATE"}], "Area": [["-30.0", "-30.0"], ["774.7", "-30.0"], ["774.7", "755.2"], ["-30.0", "755.2"]], "Rules": ["GATE(5,5)", "SD(5,5)", "GATE_SD(0.5)", "GATE_ITO(0.5)", "SD_ITO(0.5)"]}