{"Modules": [{"Module": "M14", "Boundary": [["351.5", "10.0"], ["418.3", "10.0"], ["418.3", "50.3"], ["433.0", "50.3"], ["433.0", "115.1"], ["351.5", "115.1"]], "Module_type": "GATE", "Ports": [{"Location": [["364.9", "109.5"], ["419.6", "109.5"], ["419.6", "115.1"], ["364.9", "115.1"]], "Type": "SD"}, {"Location": [["351.5", "10.0"], ["418.3", "10.0"], ["418.3", "50.3"], ["433.0", "50.3"], ["433.0", "108.0"], ["351.5", "108.0"]], "Type": "GATE"}, {"Location": [["358.5", "16.0"], ["410.3", "16.0"], ["410.3", "21.2"], ["358.5", "21.2"]], "Type": "SD"}]}, {"Ports": [{"Location": [["20.0", "513.2"], ["24.2", "513.2"], ["24.2", "588.9"], ["20.0", "588.9"]], "Type": "SD"}, {"Location": [["132.9", "500.2"], ["132.9", "588.0"], ["132.6", "588.0"], ["132.6", "601.9"], ["25.4", "601.9"], ["25.4", "500.2"]], "Type": "GATE"}, {"Location": [["122.0", "506.6"], ["127.5", "506.6"], ["127.5", "581.6"], ["122.0", "581.6"]], "Type": "SD"}], "Module": "M9", "Boundary": [["132.9", "500.2"], ["132.9", "588.0"], ["132.6", "588.0"], ["132.6", "601.9"], ["20.0", "601.9"], ["20.0", "500.2"]], "Module_type": "GATE"}, {"Ports": [{"Location": [["10.0", "240.7"], ["14.6", "240.7"], ["14.6", "333.9"], ["10.0", "333.9"]], "Type": "SD"}, {"Location": [["172.5", "229.1"], ["172.5", "328.4"], ["172.0", "328.4"], ["172.0", "345.5"], ["16.7", "345.5"], ["16.7", "229.1"]], "Type": "GATE"}, {"Location": [["164.1", "234.2"], ["168.4", "234.2"], ["168.4", "323.3"], ["164.1", "323.3"]], "Type": "SD"}], "Module": "M5", "Boundary": [["172.5", "229.1"], ["172.5", "328.4"], ["172.0", "328.4"], ["172.0", "345.5"], ["10.0", "345.5"], ["10.0", "229.1"]], "Module_type": "GATE"}, {"Ports": [{"Location": [["186.9", "420.0"], ["191.8", "420.0"], ["191.8", "528.2"], ["186.9", "528.2"]], "Type": "SD"}, {"Location": [["279.1", "406.8"], ["279.1", "541.4"], ["193.4", "541.4"], ["193.4", "406.8"]], "Type": "GATE"}, {"Location": [["268.3", "412.1"], ["274.8", "412.1"], ["274.8", "536.1"], ["268.3", "536.1"]], "Type": "SD"}], "Module": "M11", "Boundary": [["279.1", "406.8"], ["279.1", "541.4"], ["186.9", "541.4"], ["186.9", "406.8"]], "Module_type": "GATE"}, {"Ports": [{"Location": [["23.9", "466.2"], ["143.0", "466.2"], ["143.0", "470.2"], ["23.9", "470.2"]], "Type": "SD"}, {"Location": [["10.0", "365.5"], ["156.9", "365.5"], ["156.9", "464.3"], ["10.0", "464.3"]], "Type": "GATE"}, {"Location": [["15.2", "369.7"], ["151.7", "369.7"], ["151.7", "376.3"], ["15.2", "376.3"]], "Type": "SD"}], "Module": "M1", "Boundary": [["10.0", "365.5"], ["156.9", "365.5"], ["156.9", "470.2"], ["10.0", "470.2"]], "Module_type": "GATE"}, {"Ports": [{"Location": [["394.6", "680.1"], ["507.4", "680.1"], ["507.4", "684.4"], ["394.6", "684.4"]], "Type": "SD"}, {"Location": [["380.3", "602.7"], ["521.7", "602.7"], ["521.7", "677.9"], ["380.3", "677.9"]], "Type": "GATE"}, {"Location": [["386.1", "607.5"], ["515.9", "607.5"], ["515.9", "613.7"], ["386.1", "613.7"]], "Type": "SD"}], "Module": "M19", "Boundary": [["380.3", "602.7"], ["521.7", "602.7"], ["521.7", "684.4"], ["380.3", "684.4"]], "Module_type": "GATE"}, {"Ports": [{"Location": [["10.0", "643.8"], ["15.1", "643.8"], ["15.1", "692.5"], ["10.0", "692.5"]], "Type": "SD"}, {"Location": [["129.2", "631.9"], ["129.2", "691.5"], ["91.0", "691.5"], ["91.0", "704.4"], ["16.9", "704.4"], ["16.9", "631.9"]], "Type": "GATE"}, {"Location": [["119.2", "638.3"], ["123.8", "638.3"], ["123.8", "684.1"], ["119.2", "684.1"]], "Type": "SD"}], "Module": "M6", "Boundary": [["129.2", "631.9"], ["129.2", "691.5"], ["91.0", "691.5"], ["91.0", "704.4"], ["10.0", "704.4"], ["10.0", "631.9"]], "Module_type": "GATE"}, {"Ports": [{"Location": [["575.3", "693.9"], ["685.8", "693.9"], ["685.8", "699.8"], ["575.3", "699.8"]], "Type": "SD"}, {"Location": [["561.7", "540.2"], ["685.7", "540.2"], ["685.7", "606.1"], ["699.4", "606.1"], ["699.4", "691.1"], ["561.7", "691.1"]], "Type": "GATE"}, {"Location": [["567.8", "545.3"], ["678.6", "545.3"], ["678.6", "552.3"], ["567.8", "552.3"]], "Type": "SD"}], "Module": "M2", "Boundary": [["561.7", "540.2"], ["685.7", "540.2"], ["685.7", "606.1"], ["699.4", "606.1"], ["699.4", "699.8"], ["561.7", "699.8"]], "Module_type": "GATE"}, {"Ports": [{"Location": [["252.6", "162.7"], ["299.9", "162.7"], ["299.9", "167.4"], ["252.6", "167.4"]], "Type": "SD"}, {"Location": [["241.0", "30.0"], ["298.8", "30.0"], ["298.8", "41.4"], ["311.5", "41.4"], ["311.5", "159.9"], ["241.0", "159.9"]], "Type": "GATE"}, {"Location": [["246.2", "34.2"], ["292.6", "34.2"], ["292.6", "40.0"], ["246.2", "40.0"]], "Type": "SD"}], "Module": "M16", "Boundary": [["241.0", "30.0"], ["298.8", "30.0"], ["298.8", "41.4"], ["311.5", "41.4"], ["311.5", "167.4"], ["241.0", "167.4"]], "Module_type": "GATE"}, {"Ports": [{"Location": [["329.1", "432.4"], ["333.3", "432.4"], ["333.3", "527.1"], ["329.1", "527.1"]], "Type": "SD"}, {"Location": [["519.5", "416.8"], ["519.5", "525.2"], ["519.3", "525.2"], ["519.3", "542.7"], ["334.6", "542.7"], ["334.6", "416.8"]], "Type": "GATE"}, {"Location": [["506.7", "423.7"], ["513.6", "423.7"], ["513.6", "518.3"], ["506.7", "518.3"]], "Type": "SD"}], "Module": "M13", "Boundary": [["519.5", "416.8"], ["519.5", "525.2"], ["519.3", "525.2"], ["519.3", "542.7"], ["329.1", "542.7"], ["329.1", "416.8"]], "Module_type": "GATE"}, {"Ports": [{"Location": [["632.7", "360.9"], ["689.5", "360.9"], ["689.5", "365.4"], ["632.7", "365.4"]], "Type": "SD"}, {"Location": [["620.0", "162.8"], ["686.9", "162.8"], ["686.9", "287.9"], ["702.2", "287.9"], ["702.2", "358.8"], ["620.0", "358.8"]], "Type": "GATE"}, {"Location": [["625.3", "167.1"], ["680.6", "167.1"], ["680.6", "173.2"], ["625.3", "173.2"]], "Type": "SD"}], "Module": "M10", "Boundary": [["620.0", "162.8"], ["686.9", "162.8"], ["686.9", "287.9"], ["702.2", "287.9"], ["702.2", "365.4"], ["620.0", "365.4"]], "Module_type": "GATE"}, {"Ports": [{"Location": [["581.7", "127.4"], ["696.5", "127.4"], ["696.5", "132.8"], ["581.7", "132.8"]], "Type": "SD"}, {"Location": [["567.2", "10.0"], ["693.0", "10.0"], ["693.0", "10.4"], ["711.0", "10.4"], ["711.0", "126.3"], ["567.2", "126.3"]], "Type": "GATE"}, {"Location": [["573.4", "15.2"], ["686.8", "15.2"], ["686.8", "21.0"], ["573.4", "21.0"]], "Type": "SD"}], "Module": "M7", "Boundary": [["567.2", "10.0"], ["693.0", "10.0"], ["693.0", "10.4"], ["711.0", "10.4"], ["711.0", "132.8"], ["567.2", "132.8"]], "Module_type": "GATE"}, {"Ports": [{"Location": [["43.6", "183.9"], ["167.4", "183.9"], ["167.4", "189.1"], ["43.6", "189.1"]], "Type": "SD"}, {"Location": [["30.0", "30.0"], ["164.4", "30.0"], ["164.4", "30.2"], ["181.0", "30.2"], ["181.0", "182.4"], ["30.0", "182.4"]], "Type": "GATE"}, {"Location": [["35.8", "34.8"], ["158.6", "34.8"], ["158.6", "41.2"], ["35.8", "41.2"]], "Type": "SD"}], "Module": "M3", "Boundary": [["30.0", "30.0"], ["164.4", "30.0"], ["164.4", "30.2"], ["181.0", "30.2"], ["181.0", "189.1"], ["30.0", "189.1"]], "Module_type": "GATE"}, {"Ports": [{"Location": [["206.7", "371.4"], ["300.9", "371.4"], ["300.9", "376.8"], ["206.7", "376.8"]], "Type": "SD"}, {"Location": [["192.5", "229.1"], ["298.8", "229.1"], ["298.8", "278.6"], ["315.1", "278.6"], ["315.1", "368.9"], ["192.5", "368.9"]], "Type": "GATE"}, {"Location": [["198.5", "234.1"], ["291.8", "234.1"], ["291.8", "240.2"], ["198.5", "240.2"]], "Type": "SD"}], "Module": "M18", "Boundary": [["192.5", "229.1"], ["298.8", "229.1"], ["298.8", "278.6"], ["315.1", "278.6"], ["315.1", "376.8"], ["192.5", "376.8"]], "Module_type": "GATE"}, {"Ports": [{"Location": [["355.1", "284.1"], ["359.6", "284.1"], ["359.6", "341.8"], ["355.1", "341.8"]], "Type": "SD"}, {"Location": [["562.9", "269.2"], ["562.9", "340.7"], ["526.6", "340.7"], ["526.6", "356.7"], ["361.9", "356.7"], ["361.9", "269.2"]], "Type": "GATE"}, {"Location": [["550.8", "276.0"], ["557.1", "276.0"], ["557.1", "332.9"], ["550.8", "332.9"]], "Type": "SD"}], "Module": "M20", "Boundary": [["562.9", "269.2"], ["562.9", "340.7"], ["526.6", "340.7"], ["526.6", "356.7"], ["355.1", "356.7"], ["355.1", "269.2"]], "Module_type": "GATE"}, {"Ports": [{"Location": [["453.0", "22.3"], ["458.5", "22.3"], ["458.5", "118.6"], ["453.0", "118.6"]], "Type": "SD"}, {"Location": [["547.2", "10.0"], ["547.2", "130.9"], ["459.6", "130.9"], ["459.6", "10.0"]], "Type": "GATE"}, {"Location": [["536.7", "15.3"], ["542.9", "15.3"], ["542.9", "125.6"], ["536.7", "125.6"]], "Type": "SD"}], "Module": "M15", "Boundary": [["547.2", "10.0"], ["547.2", "130.9"], ["453.0", "130.9"], ["453.0", "10.0"]], "Module_type": "GATE"}, {"Ports": [{"Location": [["483.0", "222.6"], ["578.1", "222.6"], ["578.1", "227.6"], ["483.0", "227.6"]], "Type": "SD"}, {"Location": [["471.1", "152.8"], ["576.4", "152.8"], ["576.4", "184.4"], ["590.0", "184.4"], ["590.0", "221.3"], ["471.1", "221.3"]], "Type": "GATE"}, {"Location": [["476.2", "156.9"], ["570.3", "156.9"], ["570.3", "163.1"], ["476.2", "163.1"]], "Type": "SD"}], "Module": "M12", "Boundary": [["471.1", "152.8"], ["576.4", "152.8"], ["576.4", "184.4"], ["590.0", "184.4"], ["590.0", "227.6"], ["471.1", "227.6"]], "Module_type": "GATE"}, {"Ports": [{"Location": [["559.5", "411.2"], ["564.9", "411.2"], ["564.9", "505.7"], ["559.5", "505.7"]], "Type": "SD"}, {"Location": [["711.6", "396.7"], ["711.6", "503.6"], ["661.3", "503.6"], ["661.3", "520.2"], ["566.2", "520.2"], ["566.2", "396.7"]], "Type": "GATE"}, {"Location": [["700.6", "403.5"], ["705.8", "403.5"], ["705.8", "495.8"], ["700.6", "495.8"]], "Type": "SD"}], "Module": "M8", "Boundary": [["711.6", "396.7"], ["711.6", "503.6"], ["661.3", "503.6"], ["661.3", "520.2"], ["559.5", "520.2"], ["559.5", "396.7"]], "Module_type": "GATE"}, {"Ports": [{"Location": [["162.9", "596.8"], ["167.0", "596.8"], ["167.0", "688.5"], ["162.9", "688.5"]], "Type": "SD"}, {"Location": [["340.3", "582.7"], ["340.3", "686.6"], ["278.8", "686.6"], ["278.8", "702.6"], ["169.3", "702.6"], ["169.3", "582.7"]], "Type": "GATE"}, {"Location": [["329.1", "589.3"], ["334.7", "589.3"], ["334.7", "679.0"], ["329.1", "679.0"]], "Type": "SD"}], "Module": "M4", "Boundary": [["340.3", "582.7"], ["340.3", "686.6"], ["278.8", "686.6"], ["278.8", "702.6"], ["162.9", "702.6"], ["162.9", "582.7"]], "Module_type": "GATE"}, {"Ports": [{"Location": [["351.5", "164.2"], ["355.8", "164.2"], ["355.8", "215.9"], ["351.5", "215.9"]], "Type": "SD"}, {"Location": [["451.1", "150.9"], ["451.1", "229.2"], ["358.6", "229.2"], ["358.6", "150.9"]], "Type": "GATE"}, {"Location": [["440.4", "157.3"], ["445.7", "157.3"], ["445.7", "222.8"], ["440.4", "222.8"]], "Type": "SD"}], "Module": "M17", "Boundary": [["451.1", "150.9"], ["451.1", "229.2"], ["351.5", "229.2"], ["351.5", "150.9"]], "Module_type": "GATE"}], "Area": [["-30.0", "-30.0"], ["751.6", "-30.0"], ["751.6", "744.4"], ["-30.0", "744.4"]], "Rules": ["GATE(5,5)", "SD(5,5)", "GATE_SD(0.5)", "GATE_ITO(0.5)", "SD_ITO(0.5)"]}