{"Modules": [{"Module": "M14", "Boundary": [["303.3", "10.0"], ["389.5", "10.0"], ["389.5", "39.4"], ["405.1", "39.4"], ["405.1", "182.7"], ["303.3", "182.7"]], "Module_type": "GATE", "Ports": [{"Location": [["317.2", "177.3"], ["391.2", "177.3"], ["391.2", "182.7"], ["317.2", "182.7"]], "Type": "SD"}, {"Location": [["303.3", "10.0"], ["389.5", "10.0"], ["389.5", "39.4"], ["405.1", "39.4"], ["405.1", "174.7"], ["303.3", "174.7"]], "Type": "GATE"}, {"Location": [["309.0", "14.7"], ["382.8", "14.7"], ["382.8", "21.3"], ["309.0", "21.3"]], "Type": "SD"}]}, {"Ports": [{"Location": [["195.7", "35.3"], ["201.5", "35.3"], ["201.5", "142.8"], ["195.7", "142.8"]], "Type": "SD"}, {"Location": [["273.3", "20.0"], ["273.3", "141.2"], ["272.5", "141.2"], ["272.5", "158.1"], ["202.8", "158.1"], ["202.8", "20.0"]], "Type": "GATE"}, {"Location": [["261.1", "25.7"], ["268.6", "25.7"], ["268.6", "135.5"], ["261.1", "135.5"]], "Type": "SD"}], "Module": "M9", "Boundary": [["273.3", "20.0"], ["273.3", "141.2"], ["272.5", "141.2"], ["272.5", "158.1"], ["195.7", "158.1"], ["195.7", "20.0"]], "Module_type": "GATE"}, {"Ports": [{"Location": [["466.8", "556.4"], ["592.8", "556.4"], ["592.8", "561.4"], ["466.8", "561.4"]], "Type": "SD"}, {"Location": [["452.9", "469.2"], ["589.7", "469.2"], ["589.7", "469.8"], ["606.7", "469.8"], ["606.7", "554.2"], ["452.9", "554.2"]], "Type": "GATE"}, {"Location": [["458.0", "473.3"], ["584.6", "473.3"], ["584.6", "480.0"], ["458.0", "480.0"]], "Type": "SD"}], "Module": "M5", "Boundary": [["452.9", "469.2"], ["589.7", "469.2"], ["589.7", "469.8"], ["606.7", "469.8"], ["606.7", "561.4"], ["452.9", "561.4"]], "Module_type": "GATE"}, {"Ports": [{"Location": [["475.8", "424.7"], ["524.3", "424.7"], ["524.3", "430.2"], ["475.8", "430.2"]], "Type": "SD"}, {"Location": [["462.9", "346.7"], ["523.1", "346.7"], ["523.1", "346.9"], ["537.2", "346.9"], ["537.2", "422.3"], ["462.9", "422.3"]], "Type": "GATE"}, {"Location": [["469.6", "352.4"], ["516.4", "352.4"], ["516.4", "357.7"], ["469.6", "357.7"]], "Type": "SD"}], "Module": "M11", "Boundary": [["462.9", "346.7"], ["523.1", "346.7"], ["523.1", "346.9"], ["537.2", "346.9"], ["537.2", "430.2"], ["462.9", "430.2"]], "Module_type": "GATE"}, {"Ports": [{"Location": [["567.2", "361.9"], ["571.7", "361.9"], ["571.7", "437.5"], ["567.2", "437.5"]], "Type": "SD"}, {"Location": [["784.2", "350.2"], ["784.2", "435.5"], ["784.0", "435.5"], ["784.0", "449.2"], ["573.4", "449.2"], ["573.4", "350.2"]], "Type": "GATE"}, {"Location": [["774.1", "356.8"], ["778.6", "356.8"], ["778.6", "428.9"], ["774.1", "428.9"]], "Type": "SD"}], "Module": "M1", "Boundary": [["784.2", "350.2"], ["784.2", "435.5"], ["784.0", "435.5"], ["784.0", "449.2"], ["567.2", "449.2"], ["567.2", "350.2"]], "Module_type": "GATE"}, {"Ports": [{"Location": [["445.1", "194.8"], ["450.5", "194.8"], ["450.5", "282.2"], ["445.1", "282.2"]], "Type": "SD"}, {"Location": [["589.4", "180.3"], ["589.4", "296.7"], ["451.8", "296.7"], ["451.8", "180.3"]], "Type": "GATE"}, {"Location": [["576.6", "187.2"], ["583.5", "187.2"], ["583.5", "289.8"], ["576.6", "289.8"]], "Type": "SD"}], "Module": "M19", "Boundary": [["589.4", "180.3"], ["589.4", "296.7"], ["445.1", "296.7"], ["445.1", "180.3"]], "Module_type": "GATE"}, {"Ports": [{"Location": [["10.0", "450.5"], ["14.8", "450.5"], ["14.8", "542.1"], ["10.0", "542.1"]], "Type": "SD"}, {"Location": [["161.7", "436.8"], ["161.7", "540.0"], ["99.0", "540.0"], ["99.0", "555.8"], ["17.5", "555.8"], ["17.5", "436.8"]], "Type": "GATE"}, {"Location": [["150.8", "443.0"], ["156.5", "443.0"], ["156.5", "532.8"], ["150.8", "532.8"]], "Type": "SD"}], "Module": "M6", "Boundary": [["161.7", "436.8"], ["161.7", "540.0"], ["99.0", "540.0"], ["99.0", "555.8"], ["10.0", "555.8"], ["10.0", "436.8"]], "Module_type": "GATE"}, {"Ports": [{"Location": [["10.0", "150.7"], ["15.5", "150.7"], ["15.5", "234.9"], ["10.0", "234.9"]], "Type": "SD"}, {"Location": [["134.7", "135.5"], ["134.7", "250.1"], ["17.9", "250.1"], ["17.9", "135.5"]], "Type": "GATE"}, {"Location": [["123.0", "141.6"], ["129.6", "141.6"], ["129.6", "224.8"], ["123.0", "224.8"]], "Type": "SD"}], "Module": "M2", "Boundary": [["134.7", "135.5"], ["134.7", "250.1"], ["10.0", "250.1"], ["10.0", "135.5"]], "Module_type": "GATE"}, {"Ports": [{"Location": [["201.7", "411.7"], ["206.3", "411.7"], ["206.3", "514.0"], ["201.7", "514.0"]], "Type": "SD"}, {"Location": [["412.9", "398.3"], ["412.9", "512.4"], ["375.3", "512.4"], ["375.3", "527.4"], ["209.2", "527.4"], ["209.2", "398.3"]], "Type": "GATE"}, {"Location": [["402.8", "404.8"], ["407.4", "404.8"], ["407.4", "504.9"], ["402.8", "504.9"]], "Type": "SD"}], "Module": "M16", "Boundary": [["412.9", "398.3"], ["412.9", "512.4"], ["375.3", "512.4"], ["375.3", "527.4"], ["201.7", "527.4"], ["201.7", "398.3"]], "Module_type": "GATE"}, {"Ports": [{"Location": [["849.9", "206.8"], ["908.9", "206.8"], ["908.9", "211.4"], ["849.9", "211.4"]], "Type": "SD"}, {"Location": [["836.0", "30.0"], ["905.5", "30.0"], ["905.5", "30.0"], ["922.8", "30.0"], ["922.8", "204.6"], ["836.0", "204.6"]], "Type": "GATE"}, {"Location": [["841.7", "34.7"], ["899.8", "34.7"], ["899.8", "41.0"], ["841.7", "41.0"]], "Type": "SD"}], "Module": "M13", "Boundary": [["836.0", "30.0"], ["905.5", "30.0"], ["905.5", "30.0"], ["922.8", "30.0"], ["922.8", "211.4"], ["836.0", "211.4"]], "Module_type": "GATE"}, {"Ports": [{"Location": [["20.0", "33.7"], ["24.3", "33.7"], ["24.3", "91.8"], ["20.0", "91.8"]], "Type": "SD"}, {"Location": [["155.7", "20.0"], ["155.7", "89.4"], ["89.9", "89.4"], ["89.9", "105.5"], ["27.1", "105.5"], ["27.1", "20.0"]], "Type": "GATE"}, {"Location": [["145.0", "26.4"], ["150.3", "26.4"], ["150.3", "82.0"], ["145.0", "82.0"]], "Type": "SD"}], "Module": "M10", "Boundary": [["155.7", "20.0"], ["155.7", "89.4"], ["89.9", "89.4"], ["89.9", "105.5"], ["20.0", "105.5"], ["20.0", "20.0"]], "Module_type": "GATE"}, {"Ports": [{"Location": [["335.6", "351.2"], ["389.7", "351.2"], ["389.7", "356.4"], ["335.6", "356.4"]], "Type": "SD"}, {"Location": [["323.1", "202.7"], ["402.2", "202.7"], ["402.2", "349.9"], ["323.1", "349.9"]], "Type": "GATE"}, {"Location": [["329.4", "208.0"], ["395.9", "208.0"], ["395.9", "213.2"], ["329.4", "213.2"]], "Type": "SD"}], "Module": "M7", "Boundary": [["323.1", "202.7"], ["402.2", "202.7"], ["402.2", "356.4"], ["323.1", "356.4"]], "Module_type": "GATE"}, {"Ports": [{"Location": [["189.0", "334.1"], ["268.8", "334.1"], ["268.8", "338.3"], ["189.0", "338.3"]], "Type": "SD"}, {"Location": [["251.8", "331.4"], ["206.0", "331.4"], ["206.0", "443.1"], ["174.3", "443.1"], ["174.3", "222.4"], ["283.5", "222.4"], ["283.5", "443.1"], ["251.8", "443.1"]], "Type": "GATE"}, {"Location": [["180.1", "227.1"], ["277.7", "227.1"], ["277.7", "234.1"], ["180.1", "234.1"]], "Type": "SD"}], "Module": "M3", "Boundary": [["251.8", "338.3"], ["206.0", "338.3"], ["206.0", "443.1"], ["174.3", "443.1"], ["174.3", "222.4"], ["283.5", "222.4"], ["283.5", "443.1"], ["251.8", "443.1"]], "Module_type": "GATE"}, {"Ports": [{"Location": [["629.4", "263.1"], ["635.3", "263.1"], ["635.3", "316.6"], ["629.4", "316.6"]], "Type": "SD"}, {"Location": [["765.3", "249.5"], ["765.3", "315.5"], ["732.7", "315.5"], ["732.7", "330.2"], ["638.2", "330.2"], ["638.2", "249.5"]], "Type": "GATE"}, {"Location": [["754.6", "255.7"], ["760.1", "255.7"], ["760.1", "308.3"], ["754.6", "308.3"]], "Type": "SD"}], "Module": "M18", "Boundary": [["765.3", "249.5"], ["765.3", "315.5"], ["732.7", "315.5"], ["732.7", "330.2"], ["629.4", "330.2"], ["629.4", "249.5"]], "Module_type": "GATE"}, {"Ports": [{"Location": [["836.2", "431.2"], ["900.0", "431.2"], ["900.0", "435.5"], ["836.2", "435.5"]], "Type": "SD"}, {"Location": [["824.2", "271.4"], ["898.8", "271.4"], ["898.8", "355.6"], ["912.0", "355.6"], ["912.0", "429.0"], ["824.2", "429.0"]], "Type": "GATE"}, {"Location": [["829.9", "276.1"], ["892.1", "276.1"], ["892.1", "281.4"], ["829.9", "281.4"]], "Type": "SD"}], "Module": "M20", "Boundary": [["824.2", "271.4"], ["898.8", "271.4"], ["898.8", "355.6"], ["912.0", "355.6"], ["912.0", "435.5"], ["824.2", "435.5"]], "Module_type": "GATE"}, {"Ports": [{"Location": [["24.7", "411.2"], ["100.0", "411.2"], ["100.0", "416.8"], ["24.7", "416.8"]], "Type": "SD"}, {"Location": [["10.0", "270.1"], ["97.8", "270.1"], ["97.8", "270.5"], ["114.7", "270.5"], ["114.7", "409.6"], ["10.0", "409.6"]], "Type": "GATE"}, {"Location": [["16.6", "275.7"], ["91.2", "275.7"], ["91.2", "282.6"], ["16.6", "282.6"]], "Type": "SD"}], "Module": "M15", "Boundary": [["10.0", "270.1"], ["97.8", "270.1"], ["97.8", "270.5"], ["114.7", "270.5"], ["114.7", "416.8"], ["10.0", "416.8"]], "Module_type": "GATE"}, {"Ports": [{"Location": [["837.3", "487.4"], ["841.3", "487.4"], ["841.3", "548.5"], ["837.3", "548.5"]], "Type": "SD"}, {"Location": [["925.6", "475.5"], ["925.6", "547.8"], ["918.9", "547.8"], ["918.9", "560.4"], ["844.0", "560.4"], ["844.0", "475.5"]], "Type": "GATE"}, {"Location": [["915.4", "481.3"], ["920.8", "481.3"], ["920.8", "541.0"], ["915.4", "541.0"]], "Type": "SD"}], "Module": "M12", "Boundary": [["925.6", "475.5"], ["925.6", "547.8"], ["918.9", "547.8"], ["918.9", "560.4"], ["837.3", "560.4"], ["837.3", "475.5"]], "Module_type": "GATE"}, {"Ports": [{"Location": [["425.1", "22.1"], ["430.5", "22.1"], ["430.5", "128.2"], ["425.1", "128.2"]], "Type": "SD"}, {"Location": [["639.0", "10.0"], ["639.0", "124.9"], ["563.1", "124.9"], ["563.1", "140.3"], ["432.0", "140.3"], ["432.0", "10.0"]], "Type": "GATE"}, {"Location": [["629.6", "15.9"], ["634.1", "15.9"], ["634.1", "118.0"], ["629.6", "118.0"]], "Type": "SD"}], "Module": "M8", "Boundary": [["639.0", "10.0"], ["639.0", "124.9"], ["563.1", "124.9"], ["563.1", "140.3"], ["425.1", "140.3"], ["425.1", "10.0"]], "Module_type": "GATE"}, {"Ports": [{"Location": [["670.4", "223.7"], ["784.6", "223.7"], ["784.6", "229.5"], ["670.4", "229.5"]], "Type": "SD"}, {"Location": [["659.0", "10.0"], ["781.6", "10.0"], ["781.6", "49.5"], ["796.0", "49.5"], ["796.0", "221.2"], ["659.0", "221.2"]], "Type": "GATE"}, {"Location": [["664.2", "14.2"], ["775.4", "14.2"], ["775.4", "18.5"], ["664.2", "18.5"]], "Type": "SD"}], "Module": "M4", "Boundary": [["659.0", "10.0"], ["781.6", "10.0"], ["781.6", "49.5"], ["796.0", "49.5"], ["796.0", "229.5"], ["659.0", "229.5"]], "Module_type": "GATE"}], "Area": [["-30.0", "-30.0"], ["965.6", "-30.0"], ["965.6", "601.9"], ["-30.0", "601.9"]], "Rules": ["GATE(5,5)", "SD(5,5)", "GATE_SD(0.5)", "GATE_ITO(0.5)", "SD_ITO(0.5)"]}