{"Modules": [{"Module": "M14", "Boundary": [["167.2", "312.3"], ["228.6", "312.3"], ["228.6", "365.1"], ["242.2", "365.1"], ["242.2", "467.4"], ["167.2", "467.4"]], "Module_type": "GATE", "Ports": [{"Location": [["179.6", "461.8"], ["229.8", "461.8"], ["229.8", "467.4"], ["179.6", "467.4"]], "Type": "SD"}, {"Location": [["167.2", "312.3"], ["228.6", "312.3"], ["228.6", "365.1"], ["242.2", "365.1"], ["242.2", "460.8"], ["167.2", "460.8"]], "Type": "GATE"}, {"Location": [["172.7", "316.8"], ["222.1", "316.8"], ["222.1", "322.3"], ["172.7", "322.3"]], "Type": "SD"}]}, {"Ports": [{"Location": [["20.0", "415.4"], ["25.3", "415.4"], ["25.3", "457.2"], ["20.0", "457.2"]], "Type": "SD"}, {"Location": [["112.9", "402.5"], ["112.9", "470.1"], ["28.3", "470.1"], ["28.3", "402.5"]], "Type": "GATE"}, {"Location": [["102.9", "407.6"], ["108.8", "407.6"], ["108.8", "465.0"], ["102.9", "465.0"]], "Type": "SD"}], "Module": "M9", "Boundary": [["112.9", "402.5"], ["112.9", "470.1"], ["20.0", "470.1"], ["20.0", "402.5"]], "Module_type": "GATE"}, {"Ports": [{"Location": [["405.5", "21.6"], ["410.1", "21.6"], ["410.1", "149.2"], ["405.5", "149.2"]], "Type": "SD"}, {"Location": [["553.9", "10.0"], ["553.9", "160.8"], ["411.3", "160.8"], ["411.3", "10.0"]], "Type": "GATE"}, {"Location": [["545.1", "15.0"], ["549.9", "15.0"], ["549.9", "155.8"], ["545.1", "155.8"]], "Type": "SD"}], "Module": "M5", "Boundary": [["553.9", "10.0"], ["553.9", "160.8"], ["405.5", "160.8"], ["405.5", "10.0"]], "Module_type": "GATE"}, {"Ports": [{"Location": [["695.4", "240.4"], ["699.6", "240.4"], ["699.6", "335.1"], ["695.4", "335.1"]], "Type": "SD"}, {"Location": [["798.1", "226.2"], ["798.1", "331.8"], ["797.6", "331.8"], ["797.6", "349.3"], ["701.5", "349.3"], ["701.5", "226.2"]], "Type": "GATE"}, {"Location": [["787.1", "232.2"], ["793.1", "232.2"], ["793.1", "325.8"], ["787.1", "325.8"]], "Type": "SD"}], "Module": "M11", "Boundary": [["798.1", "226.2"], ["798.1", "331.8"], ["797.6", "331.8"], ["797.6", "349.3"], ["695.4", "349.3"], ["695.4", "226.2"]], "Module_type": "GATE"}, {"Ports": [{"Location": [["562.7", "230.4"], ["567.6", "230.4"], ["567.6", "270.0"], ["562.7", "270.0"]], "Type": "SD"}, {"Location": [["665.4", "216.2"], ["665.4", "284.2"], ["570.1", "284.2"], ["570.1", "216.2"]], "Type": "GATE"}, {"Location": [["653.4", "223.1"], ["659.5", "223.1"], ["659.5", "277.3"], ["653.4", "277.3"]], "Type": "SD"}], "Module": "M1", "Boundary": [["665.4", "216.2"], ["665.4", "284.2"], ["562.7", "284.2"], ["562.7", "216.2"]], "Module_type": "GATE"}, {"Ports": [{"Location": [["199.7", "267.8"], ["252.2", "267.8"], ["252.2", "272.3"], ["199.7", "272.3"]], "Type": "SD"}, {"Location": [["187.6", "152.4"], ["248.9", "152.4"], ["248.9", "152.4"], ["264.3", "152.4"], ["264.3", "265.8"], ["187.6", "265.8"]], "Type": "GATE"}, {"Location": [["192.7", "156.5"], ["243.8", "156.5"], ["243.8", "161.5"], ["192.7", "161.5"]], "Type": "SD"}], "Module": "M19", "Boundary": [["187.6", "152.4"], ["248.9", "152.4"], ["248.9", "152.4"], ["264.3", "152.4"], ["264.3", "272.3"], ["187.6", "272.3"]], "Module_type": "GATE"}, {"Ports": [{"Location": [["266.9", "539.4"], ["271.4", "539.4"], ["271.4", "649.7"], ["266.9", "649.7"]], "Type": "SD"}, {"Location": [["470.0", "525.8"], ["470.0", "647.2"], ["381.6", "647.2"], ["381.6", "663.3"], ["273.1", "663.3"], ["273.1", "525.8"]], "Type": "GATE"}, {"Location": [["458.8", "532.1"], ["464.7", "532.1"], ["464.7", "639.9"], ["458.8", "639.9"]], "Type": "SD"}], "Module": "M6", "Boundary": [["470.0", "525.8"], ["470.0", "647.2"], ["381.6", "647.2"], ["381.6", "663.3"], ["266.9", "663.3"], ["266.9", "525.8"]], "Module_type": "GATE"}, {"Ports": [{"Location": [["181.6", "108.1"], ["271.0", "108.1"], ["271.0", "112.4"], ["181.6", "112.4"]], "Type": "SD"}, {"Location": [["167.6", "10.0"], ["269.6", "10.0"], ["269.6", "64.8"], ["285.0", "64.8"], ["285.0", "106.3"], ["167.6", "106.3"]], "Type": "GATE"}, {"Location": [["174.2", "15.6"], ["262.0", "15.6"], ["262.0", "21.9"], ["174.2", "21.9"]], "Type": "SD"}], "Module": "M2", "Boundary": [["167.6", "10.0"], ["269.6", "10.0"], ["269.6", "64.8"], ["285.0", "64.8"], ["285.0", "112.4"], ["167.6", "112.4"]], "Module_type": "GATE"}, {"Ports": [{"Location": [["43.6", "162.7"], ["114.0", "162.7"], ["114.0", "167.6"], ["43.6", "167.6"]], "Type": "SD"}, {"Location": [["30.0", "30.0"], ["112.6", "30.0"], ["112.6", "86.5"], ["127.6", "86.5"], ["127.6", "160.6"], ["30.0", "160.6"]], "Type": "GATE"}, {"Location": [["36.1", "35.1"], ["105.5", "35.1"], ["105.5", "41.3"], ["36.1", "41.3"]], "Type": "SD"}], "Module": "M16", "Boundary": [["30.0", "30.0"], ["112.6", "30.0"], ["112.6", "86.5"], ["127.6", "86.5"], ["127.6", "167.6"], ["30.0", "167.6"]], "Module_type": "GATE"}, {"Ports": [{"Location": [["455.3", "346.7"], ["459.3", "346.7"], ["459.3", "452.5"], ["455.3", "452.5"]], "Type": "SD"}, {"Location": [["637.4", "334.1"], ["637.4", "465.1"], ["461.2", "465.1"], ["461.2", "334.1"]], "Type": "GATE"}, {"Location": [["627.4", "340.5"], ["632.0", "340.5"], ["632.0", "458.7"], ["627.4", "458.7"]], "Type": "SD"}], "Module": "M13", "Boundary": [["637.4", "334.1"], ["637.4", "465.1"], ["455.3", "465.1"], ["455.3", "334.1"]], "Module_type": "GATE"}, {"Ports": [{"Location": [["20.0", "525.4"], ["26.0", "525.4"], ["26.0", "636.8"], ["20.0", "636.8"]], "Type": "SD"}, {"Location": [["236.9", "510.1"], ["236.9", "635.7"], ["141.7", "635.7"], ["141.7", "652.1"], ["28.9", "652.1"], ["28.9", "510.1"]], "Type": "GATE"}, {"Location": [["225.1", "516.9"], ["231.1", "516.9"], ["231.1", "627.9"], ["225.1", "627.9"]], "Type": "SD"}], "Module": "M10", "Boundary": [["236.9", "510.1"], ["236.9", "635.7"], ["141.7", "635.7"], ["141.7", "652.1"], ["20.0", "652.1"], ["20.0", "510.1"]], "Module_type": "GATE"}, {"Ports": [{"Location": [["319.3", "309.1"], ["359.6", "309.1"], ["359.6", "314.0"], ["319.3", "314.0"]], "Type": "SD"}, {"Location": [["305.0", "136.9"], ["357.1", "136.9"], ["357.1", "137.2"], ["373.9", "137.2"], ["373.9", "307.8"], ["305.0", "307.8"]], "Type": "GATE"}, {"Location": [["311.8", "142.7"], ["350.3", "142.7"], ["350.3", "148.0"], ["311.8", "148.0"]], "Type": "SD"}], "Module": "M7", "Boundary": [["305.0", "136.9"], ["357.1", "136.9"], ["357.1", "137.2"], ["373.9", "137.2"], ["373.9", "314.0"], ["305.0", "314.0"]], "Module_type": "GATE"}, {"Ports": [{"Location": [["301.0", "481.8"], ["381.2", "481.8"], ["381.2", "485.8"], ["301.0", "485.8"]], "Type": "SD"}, {"Location": [["286.9", "354.0"], ["395.3", "354.0"], ["395.3", "479.6"], ["286.9", "479.6"]], "Type": "GATE"}, {"Location": [["292.6", "358.7"], ["389.6", "358.7"], ["389.6", "364.6"], ["292.6", "364.6"]], "Type": "SD"}], "Module": "M3", "Boundary": [["286.9", "354.0"], ["395.3", "354.0"], ["395.3", "485.8"], ["286.9", "485.8"]], "Module_type": "GATE"}, {"Ports": [{"Location": [["317.2", "112.8"], ["373.3", "112.8"], ["373.3", "116.9"], ["317.2", "116.9"]], "Type": "SD"}, {"Location": [["305.0", "10.0"], ["370.0", "10.0"], ["370.0", "18.4"], ["385.5", "18.4"], ["385.5", "111.5"], ["305.0", "111.5"]], "Type": "GATE"}, {"Location": [["310.3", "14.3"], ["363.7", "14.3"], ["363.7", "19.1"], ["310.3", "19.1"]], "Type": "SD"}], "Module": "M18", "Boundary": [["305.0", "10.0"], ["370.0", "10.0"], ["370.0", "18.4"], ["385.5", "18.4"], ["385.5", "116.9"], ["305.0", "116.9"]], "Module_type": "GATE"}, {"Ports": [{"Location": [["593.9", "42.6"], ["598.7", "42.6"], ["598.7", "163.6"], ["593.9", "163.6"]], "Type": "SD"}, {"Location": [["787.9", "30.0"], ["787.9", "160.8"], ["704.1", "160.8"], ["704.1", "176.2"], ["601.0", "176.2"], ["601.0", "30.0"]], "Type": "GATE"}, {"Location": [["778.6", "35.1"], ["783.8", "35.1"], ["783.8", "154.7"], ["778.6", "154.7"]], "Type": "SD"}], "Module": "M20", "Boundary": [["787.9", "30.0"], ["787.9", "160.8"], ["704.1", "160.8"], ["704.1", "176.2"], ["593.9", "176.2"], ["593.9", "30.0"]], "Module_type": "GATE"}, {"Ports": [{"Location": [["10.0", "221.8"], ["14.4", "221.8"], ["14.4", "358.3"], ["10.0", "358.3"]], "Type": "SD"}, {"Location": [["147.2", "207.6"], ["147.2", "372.5"], ["16.5", "372.5"], ["16.5", "207.6"]], "Type": "GATE"}, {"Location": [["136.5", "212.7"], ["143.1", "212.7"], ["143.1", "367.4"], ["136.5", "367.4"]], "Type": "SD"}], "Module": "M15", "Boundary": [["147.2", "207.6"], ["147.2", "372.5"], ["10.0", "372.5"], ["10.0", "207.6"]], "Module_type": "GATE"}, {"Ports": [{"Location": [["501.1", "652.9"], ["565.0", "652.9"], ["565.0", "657.7"], ["501.1", "657.7"]], "Type": "SD"}, {"Location": [["490.0", "505.1"], ["562.0", "505.1"], ["562.0", "505.3"], ["576.1", "505.3"], ["576.1", "650.3"], ["490.0", "650.3"]], "Type": "GATE"}, {"Location": [["495.8", "509.9"], ["556.2", "509.9"], ["556.2", "514.4"], ["495.8", "514.4"]], "Type": "SD"}], "Module": "M12", "Boundary": [["490.0", "505.1"], ["562.0", "505.1"], ["562.0", "505.3"], ["576.1", "505.3"], ["576.1", "657.7"], ["490.0", "657.7"]], "Module_type": "GATE"}, {"Ports": [{"Location": [["677.4", "393.6"], ["682.7", "393.6"], ["682.7", "477.0"], ["677.4", "477.0"]], "Type": "SD"}, {"Location": [["802.4", "379.3"], ["802.4", "476.9"], ["753.0", "476.9"], ["753.0", "491.3"], ["685.5", "491.3"], ["685.5", "379.3"]], "Type": "GATE"}, {"Location": [["790.6", "385.5"], ["797.2", "385.5"], ["797.2", "469.7"], ["790.6", "469.7"]], "Type": "SD"}], "Module": "M8", "Boundary": [["802.4", "379.3"], ["802.4", "476.9"], ["753.0", "476.9"], ["753.0", "491.3"], ["677.4", "491.3"], ["677.4", "379.3"]], "Module_type": "GATE"}, {"Ports": [{"Location": [["405.5", "194.5"], ["410.6", "194.5"], ["410.6", "280.4"], ["405.5", "280.4"]], "Type": "SD"}, {"Location": [["542.7", "180.8"], ["542.7", "279.5"], ["498.9", "279.5"], ["498.9", "294.1"], ["413.6", "294.1"], ["413.6", "180.8"]], "Type": "GATE"}, {"Location": [["530.8", "186.7"], ["537.8", "186.7"], ["537.8", "272.6"], ["530.8", "272.6"]], "Type": "SD"}], "Module": "M4", "Boundary": [["542.7", "180.8"], ["542.7", "279.5"], ["498.9", "279.5"], ["498.9", "294.1"], ["405.5", "294.1"], ["405.5", "180.8"]], "Module_type": "GATE"}], "Area": [["-30.0", "-30.0"], ["850.1", "-30.0"], ["850.1", "703.3"], ["-30.0", "703.3"]], "Rules": ["GATE(5,5)", "SD(5,5)", "GATE_SD(0.5)", "GATE_ITO(0.5)", "SD_ITO(0.5)"]}