{"Modules": [{"Module": "M14", "Boundary": [["182.6", "722.7"], ["182.6", "820.2"], ["78.0", "820.2"], ["78.0", "835.0"], ["10.0", "835.0"], ["10.0", "722.7"]], "Module_type": "GATE", "Ports": [{"Location": [["10.0", "736.1"], ["14.5", "736.1"], ["14.5", "821.6"], ["10.0", "821.6"]], "Type": "SD"}, {"Location": [["182.6", "722.7"], ["182.6", "820.2"], ["78.0", "820.2"], ["78.0", "835.0"], ["16.8", "835.0"], ["16.8", "722.7"]], "Type": "GATE"}, {"Location": [["171.6", "729.0"], ["177.3", "729.0"], ["177.3", "812.9"], ["171.6", "812.9"]], "Type": "SD"}]}, {"Ports": [{"Location": [["20.0", "879.6"], ["25.7", "879.6"], ["25.7", "986.3"], ["20.0", "986.3"]], "Type": "SD"}, {"Location": [["147.9", "865.0"], ["147.9", "1000.9"], ["28.5", "1000.9"], ["28.5", "865.0"]], "Type": "GATE"}, {"Location": [["136.5", "871.8"], ["142.1", "871.8"], ["142.1", "994.1"], ["136.5", "994.1"]], "Type": "SD"}], "Module": "M9", "Boundary": [["147.9", "865.0"], ["147.9", "1000.9"], ["20.0", "1000.9"], ["20.0", "865.0"]], "Module_type": "GATE"}, {"Ports": [{"Location": [["23.8", "169.8"], ["75.8", "169.8"], ["75.8", "174.8"], ["23.8", "174.8"]], "Type": "SD"}, {"Location": [["10.0", "10.0"], ["89.6", "10.0"], ["89.6", "168.3"], ["10.0", "168.3"]], "Type": "GATE"}, {"Location": [["15.9", "14.9"], ["83.7", "14.9"], ["83.7", "21.2"], ["15.9", "21.2"]], "Type": "SD"}], "Module": "M5", "Boundary": [["10.0", "10.0"], ["89.6", "10.0"], ["89.6", "174.8"], ["10.0", "174.8"]], "Module_type": "GATE"}, {"Ports": [{"Location": [["397.8", "350.3"], ["402.8", "350.3"], ["402.8", "414.4"], ["397.8", "414.4"]], "Type": "SD"}, {"Location": [["500.2", "337.9"], ["500.2", "412.5"], ["500.0", "412.5"], ["500.0", "426.8"], ["405.8", "426.8"], ["405.8", "337.9"]], "Type": "GATE"}, {"Location": [["489.6", "344.7"], ["494.4", "344.7"], ["494.4", "405.7"], ["489.6", "405.7"]], "Type": "SD"}], "Module": "M11", "Boundary": [["500.2", "337.9"], ["500.2", "412.5"], ["500.0", "412.5"], ["500.0", "426.8"], ["397.8", "426.8"], ["397.8", "337.9"]], "Module_type": "GATE"}, {"Ports": [{"Location": [["10.0", "491.8"], ["15.3", "491.8"], ["15.3", "538.1"], ["10.0", "538.1"]], "Type": "SD"}, {"Location": [["198.4", "479.4"], ["198.4", "550.5"], ["17.7", "550.5"], ["17.7", "479.4"]], "Type": "GATE"}, {"Location": [["187.5", "485.5"], ["193.3", "485.5"], ["193.3", "544.4"], ["187.5", "544.4"]], "Type": "SD"}], "Module": "M1", "Boundary": [["198.4", "479.4"], ["198.4", "550.5"], ["10.0", "550.5"], ["10.0", "479.4"]], "Module_type": "GATE"}, {"Ports": [{"Location": [["425.6", "803.4"], ["503.7", "803.4"], ["503.7", "807.6"], ["425.6", "807.6"]], "Type": "SD"}, {"Location": [["412.5", "635.2"], ["502.5", "635.2"], ["502.5", "635.6"], ["516.8", "635.6"], ["516.8", "801.3"], ["412.5", "801.3"]], "Type": "GATE"}, {"Location": [["419.0", "640.7"], ["496.0", "640.7"], ["496.0", "646.5"], ["419.0", "646.5"]], "Type": "SD"}], "Module": "M19", "Boundary": [["412.5", "635.2"], ["502.5", "635.2"], ["502.5", "635.6"], ["516.8", "635.6"], ["516.8", "807.6"], ["412.5", "807.6"]], "Module_type": "GATE"}, {"Ports": [{"Location": [["419.1", "298.1"], ["522.3", "298.1"], ["522.3", "304.1"], ["419.1", "304.1"]], "Type": "SD"}, {"Location": [["404.4", "152.2"], ["518.8", "152.2"], ["518.8", "177.8"], ["537.0", "177.8"], ["537.0", "296.0"], ["404.4", "296.0"]], "Type": "GATE"}, {"Location": [["409.8", "156.6"], ["512.4", "156.6"], ["512.4", "163.4"], ["409.8", "163.4"]], "Type": "SD"}], "Module": "M6", "Boundary": [["404.4", "152.2"], ["518.8", "152.2"], ["518.8", "177.8"], ["537.0", "177.8"], ["537.0", "304.1"], ["404.4", "304.1"]], "Module_type": "GATE"}, {"Ports": [{"Location": [["202.6", "742.6"], ["207.6", "742.6"], ["207.6", "818.9"], ["202.6", "818.9"]], "Type": "SD"}, {"Location": [["365.6", "729.7"], ["365.6", "819.0"], ["338.0", "819.0"], ["338.0", "831.8"], ["210.0", "831.8"], ["210.0", "729.7"]], "Type": "GATE"}, {"Location": [["354.3", "736.0"], ["360.3", "736.0"], ["360.3", "811.7"], ["354.3", "811.7"]], "Type": "SD"}], "Module": "M2", "Boundary": [["365.6", "729.7"], ["365.6", "819.0"], ["338.0", "819.0"], ["338.0", "831.8"], ["202.6", "831.8"], ["202.6", "729.7"]], "Module_type": "GATE"}, {"Ports": [{"Location": [["257.9", "683.9"], ["337.8", "683.9"], ["337.8", "689.7"], ["257.9", "689.7"]], "Type": "SD"}, {"Location": [["243.2", "503.3"], ["335.5", "503.3"], ["335.5", "535.7"], ["352.5", "535.7"], ["352.5", "681.9"], ["243.2", "681.9"]], "Type": "GATE"}, {"Location": [["249.5", "508.6"], ["328.2", "508.6"], ["328.2", "514.9"], ["249.5", "514.9"]], "Type": "SD"}], "Module": "M16", "Boundary": [["243.2", "503.3"], ["335.5", "503.3"], ["335.5", "535.7"], ["352.5", "535.7"], ["352.5", "689.7"], ["243.2", "689.7"]], "Module_type": "GATE"}, {"Ports": [{"Location": [["424.7", "570.6"], ["504.3", "570.6"], ["504.3", "575.2"], ["424.7", "575.2"]], "Type": "SD"}, {"Location": [["412.5", "476.8"], ["501.9", "476.8"], ["501.9", "477.2"], ["516.5", "477.2"], ["516.5", "568.0"], ["412.5", "568.0"]], "Type": "GATE"}, {"Location": [["417.5", "480.8"], ["496.9", "480.8"], ["496.9", "486.7"], ["417.5", "486.7"]], "Type": "SD"}], "Module": "M13", "Boundary": [["412.5", "476.8"], ["501.9", "476.8"], ["501.9", "477.2"], ["516.5", "477.2"], ["516.5", "575.2"], ["412.5", "575.2"]], "Module_type": "GATE"}, {"Ports": [{"Location": [["119.6", "31.1"], ["123.9", "31.1"], ["123.9", "143.7"], ["119.6", "143.7"]], "Type": "SD"}, {"Location": [["267.2", "20.0"], ["267.2", "140.8"], ["218.0", "140.8"], ["218.0", "154.8"], ["125.7", "154.8"], ["125.7", "20.0"]], "Type": "GATE"}, {"Location": [["257.8", "25.0"], ["263.2", "25.0"], ["263.2", "134.8"], ["257.8", "134.8"]], "Type": "SD"}], "Module": "M10", "Boundary": [["267.2", "20.0"], ["267.2", "140.8"], ["218.0", "140.8"], ["218.0", "154.8"], ["119.6", "154.8"], ["119.6", "20.0"]], "Module_type": "GATE"}, {"Ports": [{"Location": [["429.4", "23.5"], ["434.8", "23.5"], ["434.8", "117.8"], ["429.4", "117.8"]], "Type": "SD"}, {"Location": [["533.8", "10.0"], ["533.8", "131.3"], ["437.2", "131.3"], ["437.2", "10.0"]], "Type": "GATE"}, {"Location": [["523.4", "16.0"], ["528.8", "16.0"], ["528.8", "125.3"], ["523.4", "125.3"]], "Type": "SD"}], "Module": "M7", "Boundary": [["533.8", "10.0"], ["533.8", "131.3"], ["429.4", "131.3"], ["429.4", "10.0"]], "Module_type": "GATE"}, {"Ports": [{"Location": [["44.1", "434.5"], ["172.4", "434.5"], ["172.4", "439.4"], ["44.1", "439.4"]], "Type": "SD"}, {"Location": [["30.0", "214.8"], ["186.5", "214.8"], ["186.5", "432.8"], ["30.0", "432.8"]], "Type": "GATE"}, {"Location": [["36.0", "219.8"], ["180.5", "219.8"], ["180.5", "225.5"], ["36.0", "225.5"]], "Type": "SD"}], "Module": "M3", "Boundary": [["30.0", "214.8"], ["186.5", "214.8"], ["186.5", "439.4"], ["30.0", "439.4"]], "Module_type": "GATE"}, {"Ports": [{"Location": [["315.5", "866.2"], ["319.8", "866.2"], ["319.8", "995.4"], ["315.5", "995.4"]], "Type": "SD"}, {"Location": [["532.8", "851.8"], ["532.8", "993.4"], ["456.2", "993.4"], ["456.2", "1009.8"], ["321.3", "1009.8"], ["321.3", "851.8"]], "Type": "GATE"}, {"Location": [["521.0", "858.1"], ["527.5", "858.1"], ["527.5", "986.1"], ["521.0", "986.1"]], "Type": "SD"}], "Module": "M18", "Boundary": [["532.8", "851.8"], ["532.8", "993.4"], ["456.2", "993.4"], ["456.2", "1009.8"], ["315.5", "1009.8"], ["315.5", "851.8"]], "Module_type": "GATE"}, {"Ports": [{"Location": [["246.5", "216.5"], ["251.4", "216.5"], ["251.4", "276.2"], ["246.5", "276.2"]], "Type": "SD"}, {"Location": [["364.4", "204.8"], ["364.4", "275.5"], ["308.0", "275.5"], ["308.0", "287.9"], ["253.7", "287.9"], ["253.7", "204.8"]], "Type": "GATE"}, {"Location": [["354.2", "210.4"], ["359.8", "210.4"], ["359.8", "268.9"], ["354.2", "268.9"]], "Type": "SD"}], "Module": "M20", "Boundary": [["364.4", "204.8"], ["364.4", "275.5"], ["308.0", "275.5"], ["308.0", "287.9"], ["246.5", "287.9"], ["246.5", "204.8"]], "Module_type": "GATE"}, {"Ports": [{"Location": [["10.0", "584.7"], ["14.2", "584.7"], ["14.2", "668.9"], ["10.0", "668.9"]], "Type": "SD"}, {"Location": [["86.3", "570.5"], ["86.3", "667.6"], ["86.0", "667.6"], ["86.0", "683.1"], ["16.3", "683.1"], ["16.3", "570.5"]], "Type": "GATE"}, {"Location": [["74.2", "576.4"], ["81.4", "576.4"], ["81.4", "661.7"], ["74.2", "661.7"]], "Type": "SD"}], "Module": "M15", "Boundary": [["86.3", "570.5"], ["86.3", "667.6"], ["86.0", "667.6"], ["86.0", "683.1"], ["10.0", "683.1"], ["10.0", "570.5"]], "Module_type": "GATE"}, {"Ports": [{"Location": [["310.1", "127.7"], ["396.5", "127.7"], ["396.5", "132.2"], ["310.1", "132.2"]], "Type": "SD"}, {"Location": [["297.2", "10.0"], ["394.4", "10.0"], ["394.4", "69.8"], ["409.4", "69.8"], ["409.4", "125.6"], ["297.2", "125.6"]], "Type": "GATE"}, {"Location": [["303.6", "15.4"], ["387.0", "15.4"], ["387.0", "19.7"], ["303.6", "19.7"]], "Type": "SD"}], "Module": "M12", "Boundary": [["297.2", "10.0"], ["394.4", "10.0"], ["394.4", "69.8"], ["409.4", "69.8"], ["409.4", "132.2"], ["297.2", "132.2"]], "Module_type": "GATE"}, {"Ports": [{"Location": [["238.4", "458.2"], ["355.9", "458.2"], ["355.9", "463.3"], ["238.4", "463.3"]], "Type": "SD"}, {"Location": [["226.5", "327.9"], ["353.1", "327.9"], ["353.1", "372.8"], ["367.8", "372.8"], ["367.8", "457.2"], ["226.5", "457.2"]], "Type": "GATE"}, {"Location": [["232.2", "332.6"], ["346.4", "332.6"], ["346.4", "337.6"], ["232.2", "337.6"]], "Type": "SD"}], "Module": "M8", "Boundary": [["226.5", "327.9"], ["353.1", "327.9"], ["353.1", "372.8"], ["367.8", "372.8"], ["367.8", "463.3"], ["226.5", "463.3"]], "Module_type": "GATE"}, {"Ports": [{"Location": [["177.9", "869.3"], ["182.2", "869.3"], ["182.2", "960.2"], ["177.9", "960.2"]], "Type": "SD"}, {"Location": [["295.5", "855.0"], ["295.5", "958.6"], ["277.1", "958.6"], ["277.1", "974.5"], ["183.9", "974.5"], ["183.9", "855.0"]], "Type": "GATE"}, {"Location": [["284.0", "860.2"], ["291.3", "860.2"], ["291.3", "952.4"], ["284.0", "952.4"]], "Type": "SD"}], "Module": "M4", "Boundary": [["295.5", "855.0"], ["295.5", "958.6"], ["277.1", "958.6"], ["277.1", "974.5"], ["177.9", "974.5"], ["177.9", "855.0"]], "Module_type": "GATE"}, {"Ports": [{"Location": [["106.3", "586.2"], ["111.6", "586.2"], ["111.6", "687.0"], ["106.3", "687.0"]], "Type": "SD"}, {"Location": [["203.2", "570.5"], ["203.2", "702.7"], ["113.4", "702.7"], ["113.4", "570.5"]], "Type": "GATE"}, {"Location": [["190.9", "576.9"], ["197.8", "576.9"], ["197.8", "696.3"], ["190.9", "696.3"]], "Type": "SD"}], "Module": "M17", "Boundary": [["203.2", "570.5"], ["203.2", "702.7"], ["106.3", "702.7"], ["106.3", "570.5"]], "Module_type": "GATE"}], "Area": [["-30.0", "-30.0"], ["577.0", "-30.0"], ["577.0", "1049.8"], ["-30.0", "1049.8"]], "Rules": ["GATE(5,5)", "SD(5,5)", "GATE_SD(0.5)", "GATE_ITO(0.5)", "SD_ITO(0.5)"]}