{"Modules": [{"Module": "M14", "Boundary": [["10.0", "358.6"], ["87.1", "358.6"], ["87.1", "412.3"], ["100.8", "412.3"], ["100.8", "489.9"], ["10.0", "489.9"]], "Module_type": "GATE", "Ports": [{"Location": [["22.4", "484.9"], ["88.4", "484.9"], ["88.4", "489.9"], ["22.4", "489.9"]], "Type": "SD"}, {"Location": [["10.0", "358.6"], ["87.1", "358.6"], ["87.1", "412.3"], ["100.8", "412.3"], ["100.8", "482.7"], ["10.0", "482.7"]], "Type": "GATE"}, {"Location": [["15.7", "363.3"], ["80.4", "363.3"], ["80.4", "369.0"], ["15.7", "369.0"]], "Type": "SD"}]}, {"Ports": [{"Location": [["543.3", "454.8"], ["643.2", "454.8"], ["643.2", "459.8"], ["543.3", "459.8"]], "Type": "SD"}, {"Location": [["529.9", "317.4"], ["656.6", "317.4"], ["656.6", "453.3"], ["529.9", "453.3"]], "Type": "GATE"}, {"Location": [["535.1", "321.6"], ["651.4", "321.6"], ["651.4", "327.6"], ["535.1", "327.6"]], "Type": "SD"}], "Module": "M9", "Boundary": [["529.9", "317.4"], ["656.6", "317.4"], ["656.6", "459.8"], ["529.9", "459.8"]], "Module_type": "GATE"}, {"Ports": [{"Location": [["23.9", "332.8"], ["123.3", "332.8"], ["123.3", "338.6"], ["23.9", "338.6"]], "Type": "SD"}, {"Location": [["10.0", "155.6"], ["121.8", "155.6"], ["121.8", "155.8"], ["137.2", "155.8"], ["137.2", "329.9"], ["10.0", "329.9"]], "Type": "GATE"}, {"Location": [["15.8", "160.4"], ["116.0", "160.4"], ["116.0", "167.5"], ["15.8", "167.5"]], "Type": "SD"}], "Module": "M5", "Boundary": [["10.0", "155.6"], ["121.8", "155.6"], ["121.8", "155.8"], ["137.2", "155.8"], ["137.2", "338.6"], ["10.0", "338.6"]], "Module_type": "GATE"}, {"Ports": [{"Location": [["167.2", "217.6"], ["172.9", "217.6"], ["172.9", "332.4"], ["167.2", "332.4"]], "Type": "SD"}, {"Location": [["339.9", "204.5"], ["339.9", "345.5"], ["175.0", "345.5"], ["175.0", "204.5"]], "Type": "GATE"}, {"Location": [["330.2", "210.3"], ["335.1", "210.3"], ["335.1", "339.7"], ["330.2", "339.7"]], "Type": "SD"}], "Module": "M11", "Boundary": [["339.9", "204.5"], ["339.9", "345.5"], ["167.2", "345.5"], ["167.2", "204.5"]], "Module_type": "GATE"}, {"Ports": [{"Location": [["190.3", "165.2"], ["258.2", "165.2"], ["258.2", "170.7"], ["190.3", "170.7"]], "Type": "SD"}, {"Location": [["175.8", "10.0"], ["257.3", "10.0"], ["257.3", "10.3"], ["272.7", "10.3"], ["272.7", "164.0"], ["175.8", "164.0"]], "Type": "GATE"}, {"Location": [["182.1", "15.3"], ["251.0", "15.3"], ["251.0", "22.3"], ["182.1", "22.3"]], "Type": "SD"}], "Module": "M1", "Boundary": [["175.8", "10.0"], ["257.3", "10.0"], ["257.3", "10.3"], ["272.7", "10.3"], ["272.7", "170.7"], ["175.8", "170.7"]], "Module_type": "GATE"}, {"Ports": [{"Location": [["661.1", "522.2"], ["665.1", "522.2"], ["665.1", "595.6"], ["661.1", "595.6"]], "Type": "SD"}, {"Location": [["798.2", "509.8"], ["798.2", "591.5"], ["797.9", "591.5"], ["797.9", "608.0"], ["667.5", "608.0"], ["667.5", "509.8"]], "Type": "GATE"}, {"Location": [["788.3", "515.2"], ["793.8", "515.2"], ["793.8", "586.1"], ["788.3", "586.1"]], "Type": "SD"}], "Module": "M19", "Boundary": [["798.2", "509.8"], ["798.2", "591.5"], ["797.9", "591.5"], ["797.9", "608.0"], ["661.1", "608.0"], ["661.1", "509.8"]], "Module_type": "GATE"}, {"Ports": [{"Location": [["383.9", "280.5"], ["442.1", "280.5"], ["442.1", "285.3"], ["383.9", "285.3"]], "Type": "SD"}, {"Location": [["369.9", "194.5"], ["440.1", "194.5"], ["440.1", "234.2"], ["456.1", "234.2"], ["456.1", "279.0"], ["369.9", "279.0"]], "Type": "GATE"}, {"Location": [["375.4", "199.0"], ["433.6", "199.0"], ["433.6", "205.5"], ["375.4", "205.5"]], "Type": "SD"}], "Module": "M6", "Boundary": [["369.9", "194.5"], ["440.1", "194.5"], ["440.1", "234.2"], ["456.1", "234.2"], ["456.1", "285.3"], ["369.9", "285.3"]], "Module_type": "GATE"}, {"Ports": [{"Location": [["406.2", "433.1"], ["485.5", "433.1"], ["485.5", "437.2"], ["406.2", "437.2"]], "Type": "SD"}, {"Location": [["391.8", "307.4"], ["482.7", "307.4"], ["482.7", "318.0"], ["499.9", "318.0"], ["499.9", "430.3"], ["391.8", "430.3"]], "Type": "GATE"}, {"Location": [["397.3", "311.9"], ["476.2", "311.9"], ["476.2", "318.4"], ["397.3", "318.4"]], "Type": "SD"}], "Module": "M2", "Boundary": [["391.8", "307.4"], ["482.7", "307.4"], ["482.7", "318.0"], ["499.9", "318.0"], ["499.9", "437.2"], ["391.8", "437.2"]], "Module_type": "GATE"}, {"Ports": [{"Location": [["330.3", "598.3"], ["405.0", "598.3"], ["405.0", "602.6"], ["330.3", "602.6"]], "Type": "SD"}, {"Location": [["317.1", "483.2"], ["401.3", "483.2"], ["401.3", "483.8"], ["418.2", "483.8"], ["418.2", "596.4"], ["317.1", "596.4"]], "Type": "GATE"}, {"Location": [["323.3", "488.4"], ["395.1", "488.4"], ["395.1", "493.4"], ["323.3", "493.4"]], "Type": "SD"}], "Module": "M16", "Boundary": [["317.1", "483.2"], ["401.3", "483.2"], ["401.3", "483.8"], ["418.2", "483.8"], ["418.2", "602.6"], ["317.1", "602.6"]], "Module_type": "GATE"}, {"Ports": [{"Location": [["166.7", "574.1"], ["243.8", "574.1"], ["243.8", "578.1"], ["166.7", "578.1"]], "Type": "SD"}, {"Location": [["153.4", "395.5"], ["257.1", "395.5"], ["257.1", "572.8"], ["153.4", "572.8"]], "Type": "GATE"}, {"Location": [["159.0", "400.1"], ["251.5", "400.1"], ["251.5", "407.2"], ["159.0", "407.2"]], "Type": "SD"}], "Module": "M13", "Boundary": [["153.4", "395.5"], ["257.1", "395.5"], ["257.1", "578.1"], ["153.4", "578.1"]], "Module_type": "GATE"}, {"Ports": [{"Location": [["486.1", "34.9"], ["491.3", "34.9"], ["491.3", "126.3"], ["486.1", "126.3"]], "Type": "SD"}, {"Location": [["668.0", "20.0"], ["668.0", "125.2"], ["575.0", "125.2"], ["575.0", "141.2"], ["492.9", "141.2"], ["492.9", "20.0"]], "Type": "GATE"}, {"Location": [["656.4", "26.5"], ["662.5", "26.5"], ["662.5", "117.7"], ["656.4", "117.7"]], "Type": "SD"}], "Module": "M10", "Boundary": [["668.0", "20.0"], ["668.0", "125.2"], ["575.0", "125.2"], ["575.0", "141.2"], ["486.1", "141.2"], ["486.1", "20.0"]], "Module_type": "GATE"}, {"Ports": [{"Location": [["700.9", "460.0"], ["804.4", "460.0"], ["804.4", "465.8"], ["700.9", "465.8"]], "Type": "SD"}, {"Location": [["686.6", "252.9"], ["818.7", "252.9"], ["818.7", "458.8"], ["686.6", "458.8"]], "Type": "GATE"}, {"Location": [["693.2", "258.5"], ["812.1", "258.5"], ["812.1", "264.7"], ["693.2", "264.7"]], "Type": "SD"}], "Module": "M7", "Boundary": [["686.6", "252.9"], ["818.7", "252.9"], ["818.7", "465.8"], ["686.6", "465.8"]], "Module_type": "GATE"}, {"Ports": [{"Location": [["478.2", "522.3"], ["483.1", "522.3"], ["483.1", "593.3"], ["478.2", "593.3"]], "Type": "SD"}, {"Location": [["601.1", "509.8"], ["601.1", "605.8"], ["484.7", "605.8"], ["484.7", "509.8"]], "Type": "GATE"}, {"Location": [["591.1", "516.1"], ["595.8", "516.1"], ["595.8", "599.5"], ["591.1", "599.5"]], "Type": "SD"}], "Module": "M3", "Boundary": [["601.1", "509.8"], ["601.1", "605.8"], ["478.2", "605.8"], ["478.2", "509.8"]], "Module_type": "GATE"}, {"Ports": [{"Location": [["698.0", "125.0"], ["703.8", "125.0"], ["703.8", "219.8"], ["698.0", "219.8"]], "Type": "SD"}, {"Location": [["818.9", "111.9"], ["818.9", "219.4"], ["752.8", "219.4"], ["752.8", "232.9"], ["706.2", "232.9"], ["706.2", "111.9"]], "Type": "GATE"}, {"Location": [["807.6", "118.4"], ["813.4", "118.4"], ["813.4", "211.9"], ["807.6", "211.9"]], "Type": "SD"}], "Module": "M18", "Boundary": [["818.9", "111.9"], ["818.9", "219.4"], ["752.8", "219.4"], ["752.8", "232.9"], ["698.0", "232.9"], ["698.0", "111.9"]], "Module_type": "GATE"}, {"Ports": [{"Location": [["312.7", "42.1"], ["318.2", "42.1"], ["318.2", "142.4"], ["312.7", "142.4"]], "Type": "SD"}, {"Location": [["435.9", "30.0"], ["435.9", "140.1"], ["406.5", "140.1"], ["406.5", "154.5"], ["320.3", "154.5"], ["320.3", "30.0"]], "Type": "GATE"}, {"Location": [["425.9", "36.0"], ["430.9", "36.0"], ["430.9", "133.1"], ["425.9", "133.1"]], "Type": "SD"}], "Module": "M20", "Boundary": [["435.9", "30.0"], ["435.9", "140.1"], ["406.5", "140.1"], ["406.5", "154.5"], ["312.7", "154.5"], ["312.7", "30.0"]], "Module_type": "GATE"}, {"Ports": [{"Location": [["309.5", "438.4"], ["359.4", "438.4"], ["359.4", "443.2"], ["309.5", "443.2"]], "Type": "SD"}, {"Location": [["297.1", "375.5"], ["357.3", "375.5"], ["357.3", "375.6"], ["371.8", "375.6"], ["371.8", "437.3"], ["297.1", "437.3"]], "Type": "GATE"}, {"Location": [["303.3", "380.7"], ["351.1", "380.7"], ["351.1", "385.9"], ["303.3", "385.9"]], "Type": "SD"}], "Module": "M15", "Boundary": [["297.1", "375.5"], ["357.3", "375.5"], ["357.3", "375.6"], ["371.8", "375.6"], ["371.8", "443.2"], ["297.1", "443.2"]], "Module_type": "GATE"}, {"Ports": [{"Location": [["10.0", "24.5"], ["15.4", "24.5"], ["15.4", "121.1"], ["10.0", "121.1"]], "Type": "SD"}, {"Location": [["155.8", "10.0"], ["155.8", "121.5"], ["83.5", "121.5"], ["83.5", "135.6"], ["17.0", "135.6"], ["17.0", "10.0"]], "Type": "GATE"}, {"Location": [["144.0", "16.4"], ["150.4", "16.4"], ["150.4", "114.1"], ["144.0", "114.1"]], "Type": "SD"}], "Module": "M12", "Boundary": [["155.8", "10.0"], ["155.8", "121.5"], ["83.5", "121.5"], ["83.5", "135.6"], ["10.0", "135.6"], ["10.0", "10.0"]], "Module_type": "GATE"}, {"Ports": [{"Location": [["23.8", "622.9"], ["99.6", "622.9"], ["99.6", "628.0"], ["23.8", "628.0"]], "Type": "SD"}, {"Location": [["10.0", "509.9"], ["97.4", "509.9"], ["97.4", "556.7"], ["113.4", "556.7"], ["113.4", "620.7"], ["10.0", "620.7"]], "Type": "GATE"}, {"Location": [["15.5", "514.4"], ["90.9", "514.4"], ["90.9", "521.3"], ["15.5", "521.3"]], "Type": "SD"}], "Module": "M8", "Boundary": [["10.0", "509.9"], ["97.4", "509.9"], ["97.4", "556.7"], ["113.4", "556.7"], ["113.4", "628.0"], ["10.0", "628.0"]], "Module_type": "GATE"}, {"Ports": [{"Location": [["476.1", "185.7"], ["481.4", "185.7"], ["481.4", "272.9"], ["476.1", "272.9"]], "Type": "SD"}, {"Location": [["651.2", "171.2"], ["651.2", "272.3"], ["577.3", "272.3"], ["577.3", "287.4"], ["483.6", "287.4"], ["483.6", "171.2"]], "Type": "GATE"}, {"Location": [["639.5", "177.7"], ["645.7", "177.7"], ["645.7", "264.8"], ["639.5", "264.8"]], "Type": "SD"}], "Module": "M4", "Boundary": [["651.2", "171.2"], ["651.2", "272.3"], ["577.3", "272.3"], ["577.3", "287.4"], ["476.1", "287.4"], ["476.1", "171.2"]], "Module_type": "GATE"}], "Area": [["-30.0", "-30.0"], ["858.9", "-30.0"], ["858.9", "668.0"], ["-30.0", "668.0"]], "Rules": ["GATE(5,5)", "SD(5,5)", "GATE_SD(0.5)", "GATE_ITO(0.5)", "SD_ITO(0.5)"]}