{"Modules": [{"Module": "M14", "Boundary": [["142.2", "200.3"], ["217.0", "200.3"], ["217.0", "271.7"], ["234.6", "271.7"], ["234.6", "369.4"], ["142.2", "369.4"]], "Module_type": "GATE", "Ports": [{"Location": [["157.0", "364.1"], ["219.8", "364.1"], ["219.8", "369.4"], ["157.0", "369.4"]], "Type": "SD"}, {"Location": [["142.2", "200.3"], ["217.0", "200.3"], ["217.0", "271.7"], ["234.6", "271.7"], ["234.6", "362.1"], ["142.2", "362.1"]], "Type": "GATE"}, {"Location": [["148.6", "205.7"], ["209.6", "205.7"], ["209.6", "211.7"], ["148.6", "211.7"]], "Type": "SD"}]}, {"Ports": [{"Location": [["33.6", "552.3"], ["162.3", "552.3"], ["162.3", "557.6"], ["33.6", "557.6"]], "Type": "SD"}, {"Location": [["20.0", "419.1"], ["158.6", "419.1"], ["158.6", "419.2"], ["175.9", "419.2"], ["175.9", "550.6"], ["20.0", "550.6"]], "Type": "GATE"}, {"Location": [["26.3", "424.4"], ["152.3", "424.4"], ["152.3", "429.6"], ["26.3", "429.6"]], "Type": "SD"}], "Module": "M9", "Boundary": [["20.0", "419.1"], ["158.6", "419.1"], ["158.6", "419.2"], ["175.9", "419.2"], ["175.9", "557.6"], ["20.0", "557.6"]], "Module_type": "GATE"}, {"Ports": [{"Location": [["198.7", "721.2"], ["203.7", "721.2"], ["203.7", "820.5"], ["198.7", "820.5"]], "Type": "SD"}, {"Location": [["337.2", "709.6"], ["337.2", "818.9"], ["336.9", "818.9"], ["336.9", "832.1"], ["205.7", "832.1"], ["205.7", "709.6"]], "Type": "GATE"}, {"Location": [["327.2", "716.4"], ["331.4", "716.4"], ["331.4", "812.1"], ["327.2", "812.1"]], "Type": "SD"}], "Module": "M5", "Boundary": [["337.2", "709.6"], ["337.2", "818.9"], ["336.9", "818.9"], ["336.9", "832.1"], ["198.7", "832.1"], ["198.7", "709.6"]], "Module_type": "GATE"}, {"Ports": [{"Location": [["301.4", "35.8"], ["306.0", "35.8"], ["306.0", "161.7"], ["301.4", "161.7"]], "Type": "SD"}, {"Location": [["466.8", "20.0"], ["466.8", "177.5"], ["308.4", "177.5"], ["308.4", "20.0"]], "Type": "GATE"}, {"Location": [["454.2", "26.4"], ["461.4", "26.4"], ["461.4", "171.1"], ["454.2", "171.1"]], "Type": "SD"}], "Module": "M11", "Boundary": [["466.8", "20.0"], ["466.8", "177.5"], ["301.4", "177.5"], ["301.4", "20.0"]], "Module_type": "GATE"}, {"Ports": [{"Location": [["357.2", "740.9"], ["362.2", "740.9"], ["362.2", "847.0"], ["357.2", "847.0"]], "Type": "SD"}, {"Location": [["483.7", "728.6"], ["483.7", "859.3"], ["365.1", "859.3"], ["365.1", "728.6"]], "Type": "GATE"}, {"Location": [["474.1", "734.0"], ["479.3", "734.0"], ["479.3", "853.9"], ["474.1", "853.9"]], "Type": "SD"}], "Module": "M1", "Boundary": [["483.7", "728.6"], ["483.7", "859.3"], ["357.2", "859.3"], ["357.2", "728.6"]], "Module_type": "GATE"}, {"Ports": [{"Location": [["43.0", "364.7"], ["89.2", "364.7"], ["89.2", "369.1"], ["43.0", "369.1"]], "Type": "SD"}, {"Location": [["30.0", "174.7"], ["88.8", "174.7"], ["88.8", "175.0"], ["102.2", "175.0"], ["102.2", "363.5"], ["30.0", "363.5"]], "Type": "GATE"}, {"Location": [["35.7", "179.4"], ["83.1", "179.4"], ["83.1", "186.0"], ["35.7", "186.0"]], "Type": "SD"}], "Module": "M19", "Boundary": [["30.0", "174.7"], ["88.8", "174.7"], ["88.8", "175.0"], ["102.2", "175.0"], ["102.2", "369.1"], ["30.0", "369.1"]], "Module_type": "GATE"}, {"Ports": [{"Location": [["370.4", "703.6"], ["467.9", "703.6"], ["467.9", "708.6"], ["370.4", "708.6"]], "Type": "SD"}, {"Location": [["359.1", "505.4"], ["479.2", "505.4"], ["479.2", "701.5"], ["359.1", "701.5"]], "Type": "GATE"}, {"Location": [["364.7", "510.0"], ["473.6", "510.0"], ["473.6", "514.6"], ["364.7", "514.6"]], "Type": "SD"}], "Module": "M6", "Boundary": [["359.1", "505.4"], ["479.2", "505.4"], ["479.2", "708.6"], ["359.1", "708.6"]], "Module_type": "GATE"}, {"Ports": [{"Location": [["25.2", "129.2"], ["109.4", "129.2"], ["109.4", "134.7"], ["25.2", "134.7"]], "Type": "SD"}, {"Location": [["10.0", "10.0"], ["124.6", "10.0"], ["124.6", "126.8"], ["10.0", "126.8"]], "Type": "GATE"}, {"Location": [["16.1", "15.1"], ["99.3", "15.1"], ["99.3", "21.7"], ["16.1", "21.7"]], "Type": "SD"}], "Module": "M2", "Boundary": [["10.0", "10.0"], ["124.6", "10.0"], ["124.6", "134.7"], ["10.0", "134.7"]], "Module_type": "GATE"}, {"Ports": [{"Location": [["255.7", "575.4"], ["307.4", "575.4"], ["307.4", "580.3"], ["255.7", "580.3"]], "Type": "SD"}, {"Location": [["244.0", "415.6"], ["305.4", "415.6"], ["305.4", "500.1"], ["319.1", "500.1"], ["319.1", "573.9"], ["244.0", "573.9"]], "Type": "GATE"}, {"Location": [["249.7", "420.3"], ["298.7", "420.3"], ["298.7", "425.4"], ["249.7", "425.4"]], "Type": "SD"}], "Module": "M16", "Boundary": [["244.0", "415.6"], ["305.4", "415.6"], ["305.4", "500.1"], ["319.1", "500.1"], ["319.1", "580.3"], ["244.0", "580.3"]], "Module_type": "GATE"}, {"Ports": [{"Location": [["42.2", "829.7"], ["146.5", "829.7"], ["146.5", "834.3"], ["42.2", "834.3"]], "Type": "SD"}, {"Location": [["30.0", "726.4"], ["144.7", "726.4"], ["144.7", "726.5"], ["158.7", "726.5"], ["158.7", "826.8"], ["30.0", "826.8"]], "Type": "GATE"}, {"Location": [["36.0", "731.4"], ["138.7", "731.4"], ["138.7", "736.6"], ["36.0", "736.6"]], "Type": "SD"}], "Module": "M13", "Boundary": [["30.0", "726.4"], ["144.7", "726.4"], ["144.7", "726.5"], ["158.7", "726.5"], ["158.7", "834.3"], ["30.0", "834.3"]], "Module_type": "GATE"}, {"Ports": [{"Location": [["166.5", "166.1"], ["249.5", "166.1"], ["249.5", "170.3"], ["166.5", "170.3"]], "Type": "SD"}, {"Location": [["154.6", "20.0"], ["247.2", "20.0"], ["247.2", "108.7"], ["261.4", "108.7"], ["261.4", "164.4"], ["154.6", "164.4"]], "Type": "GATE"}, {"Location": [["159.6", "24.0"], ["241.2", "24.0"], ["241.2", "29.7"], ["159.6", "29.7"]], "Type": "SD"}], "Module": "M10", "Boundary": [["154.6", "20.0"], ["247.2", "20.0"], ["247.2", "108.7"], ["261.4", "108.7"], ["261.4", "170.3"], ["154.6", "170.3"]], "Module_type": "GATE"}, {"Ports": [{"Location": [["254.6", "221.3"], ["260.3", "221.3"], ["260.3", "288.0"], ["254.6", "288.0"]], "Type": "SD"}, {"Location": [["478.8", "207.5"], ["478.8", "286.7"], ["478.3", "286.7"], ["478.3", "301.8"], ["262.6", "301.8"], ["262.6", "207.5"]], "Type": "GATE"}, {"Location": [["467.7", "213.7"], ["473.6", "213.7"], ["473.6", "280.5"], ["467.7", "280.5"]], "Type": "SD"}], "Module": "M7", "Boundary": [["478.8", "207.5"], ["478.8", "286.7"], ["478.3", "286.7"], ["478.3", "301.8"], ["254.6", "301.8"], ["254.6", "207.5"]], "Module_type": "GATE"}, {"Ports": [{"Location": [["346.0", "913.6"], ["350.2", "913.6"], ["350.2", "993.4"], ["346.0", "993.4"]], "Type": "SD"}, {"Location": [["352.9", "976.3"], ["352.9", "930.7"], ["281.9", "930.7"], ["281.9", "899.8"], ["461.6", "899.8"], ["461.6", "1007.2"], ["281.9", "1007.2"], ["281.9", "976.3"]], "Type": "GATE"}, {"Location": [["450.2", "904.7"], ["457.2", "904.7"], ["457.2", "1002.3"], ["450.2", "1002.3"]], "Type": "SD"}], "Module": "M3", "Boundary": [["346.0", "976.3"], ["346.0", "930.7"], ["281.9", "930.7"], ["281.9", "899.8"], ["461.6", "899.8"], ["461.6", "1007.2"], ["281.9", "1007.2"], ["281.9", "976.3"]], "Module_type": "GATE"}, {"Ports": [{"Location": [["235.4", "685.5"], ["319.3", "685.5"], ["319.3", "689.6"], ["235.4", "689.6"]], "Type": "SD"}, {"Location": [["224.0", "620.3"], ["316.4", "620.3"], ["316.4", "638.9"], ["330.7", "638.9"], ["330.7", "683.3"], ["224.0", "683.3"]], "Type": "GATE"}, {"Location": [["229.1", "624.4"], ["310.3", "624.4"], ["310.3", "629.7"], ["229.1", "629.7"]], "Type": "SD"}], "Module": "M18", "Boundary": [["224.0", "620.3"], ["316.4", "620.3"], ["316.4", "638.9"], ["330.7", "638.9"], ["330.7", "689.6"], ["224.0", "689.6"]], "Module_type": "GATE"}, {"Ports": [{"Location": [["43.3", "1000.8"], ["141.6", "1000.8"], ["141.6", "1006.5"], ["43.3", "1006.5"]], "Type": "SD"}, {"Location": [["30.0", "894.3"], ["140.7", "894.3"], ["140.7", "947.0"], ["154.9", "947.0"], ["154.9", "999.6"], ["30.0", "999.6"]], "Type": "GATE"}, {"Location": [["35.8", "899.1"], ["133.9", "899.1"], ["133.9", "905.9"], ["35.8", "905.9"]], "Type": "SD"}], "Module": "M20", "Boundary": [["30.0", "894.3"], ["140.7", "894.3"], ["140.7", "947.0"], ["154.9", "947.0"], ["154.9", "1006.5"], ["30.0", "1006.5"]], "Module_type": "GATE"}, {"Ports": [{"Location": [["133.6", "600.5"], ["138.9", "600.5"], ["138.9", "671.0"], ["133.6", "671.0"]], "Type": "SD"}, {"Location": [["204.0", "587.6"], ["204.0", "683.9"], ["141.8", "683.9"], ["141.8", "587.6"]], "Type": "GATE"}, {"Location": [["194.1", "593.9"], ["198.7", "593.9"], ["198.7", "677.6"], ["194.1", "677.6"]], "Type": "SD"}], "Module": "M15", "Boundary": [["204.0", "587.6"], ["204.0", "683.9"], ["133.6", "683.9"], ["133.6", "587.6"]], "Module_type": "GATE"}, {"Ports": [{"Location": [["359.1", "409.8"], ["364.8", "409.8"], ["364.8", "471.2"], ["359.1", "471.2"]], "Type": "SD"}, {"Location": [["480.4", "395.6"], ["480.4", "468.5"], ["470.3", "468.5"], ["470.3", "485.4"], ["367.7", "485.4"], ["367.7", "395.6"]], "Type": "GATE"}, {"Location": [["469.3", "401.0"], ["476.0", "401.0"], ["476.0", "462.1"], ["469.3", "462.1"]], "Type": "SD"}], "Module": "M12", "Boundary": [["480.4", "395.6"], ["480.4", "468.5"], ["470.3", "468.5"], ["470.3", "485.4"], ["359.1", "485.4"], ["359.1", "395.6"]], "Module_type": "GATE"}, {"Ports": [{"Location": [["23.8", "682.2"], ["99.8", "682.2"], ["99.8", "686.4"], ["23.8", "686.4"]], "Type": "SD"}, {"Location": [["10.0", "587.6"], ["100.6", "587.6"], ["100.6", "595.0"], ["113.6", "595.0"], ["113.6", "680.1"], ["10.0", "680.1"]], "Type": "GATE"}, {"Location": [["15.9", "592.5"], ["93.7", "592.5"], ["93.7", "599.8"], ["15.9", "599.8"]], "Type": "SD"}], "Module": "M8", "Boundary": [["10.0", "587.6"], ["100.6", "587.6"], ["100.6", "595.0"], ["113.6", "595.0"], ["113.6", "686.4"], ["10.0", "686.4"]], "Module_type": "GATE"}, {"Ports": [{"Location": [["210.8", "1020.1"], ["293.9", "1020.1"], ["293.9", "1025.6"], ["210.8", "1025.6"]], "Type": "SD"}, {"Location": [["198.7", "852.1"], ["291.7", "852.1"], ["291.7", "942.9"], ["306.0", "942.9"], ["306.0", "1019.1"], ["198.7", "1019.1"]], "Type": "GATE"}, {"Location": [["204.1", "856.5"], ["285.3", "856.5"], ["285.3", "862.1"], ["204.1", "862.1"]], "Type": "SD"}], "Module": "M4", "Boundary": [["198.7", "852.1"], ["291.7", "852.1"], ["291.7", "942.9"], ["306.0", "942.9"], ["306.0", "1025.6"], ["198.7", "1025.6"]], "Module_type": "GATE"}], "Area": [["-30.0", "-30.0"], ["523.7", "-30.0"], ["523.7", "1065.6"], ["-30.0", "1065.6"]], "Rules": ["GATE(5,5)", "SD(5,5)", "GATE_SD(0.5)", "GATE_ITO(0.5)", "SD_ITO(0.5)"]}