{"Modules": [{"Module": "M14", "Boundary": [["10.0", "250.4"], ["108.9", "250.4"], ["108.9", "291.1"], ["124.4", "291.1"], ["124.4", "341.0"], ["10.0", "341.0"]], "Module_type": "GATE", "Ports": [{"Location": [["22.1", "335.7"], ["112.3", "335.7"], ["112.3", "341.0"], ["22.1", "341.0"]], "Type": "SD"}, {"Location": [["10.0", "250.4"], ["108.9", "250.4"], ["108.9", "291.1"], ["124.4", "291.1"], ["124.4", "333.5"], ["10.0", "333.5"]], "Type": "GATE"}, {"Location": [["15.1", "254.5"], ["102.8", "254.5"], ["102.8", "259.7"], ["15.1", "259.7"]], "Type": "SD"}]}, {"Ports": [{"Location": [["32.6", "215.2"], ["112.1", "215.2"], ["112.1", "220.4"], ["32.6", "220.4"]], "Type": "SD"}, {"Location": [["20.0", "20.0"], ["124.7", "20.0"], ["124.7", "212.4"], ["20.0", "212.4"]], "Type": "GATE"}, {"Location": [["25.0", "24.0"], ["119.7", "24.0"], ["119.7", "30.7"], ["25.0", "30.7"]], "Type": "SD"}], "Module": "M9", "Boundary": [["20.0", "20.0"], ["124.7", "20.0"], ["124.7", "220.4"], ["20.0", "220.4"]], "Module_type": "GATE"}, {"Ports": [{"Location": [["10.0", "803.5"], ["15.9", "803.5"], ["15.9", "886.1"], ["10.0", "886.1"]], "Type": "SD"}, {"Location": [["151.0", "790.6"], ["151.0", "899.0"], ["18.0", "899.0"], ["18.0", "790.6"]], "Type": "GATE"}, {"Location": [["140.3", "795.9"], ["146.7", "795.9"], ["146.7", "893.7"], ["140.3", "893.7"]], "Type": "SD"}], "Module": "M5", "Boundary": [["151.0", "790.6"], ["151.0", "899.0"], ["10.0", "899.0"], ["10.0", "790.6"]], "Module_type": "GATE"}, {"Ports": [{"Location": [["33.0", "1278.3"], ["115.5", "1278.3"], ["115.5", "1283.0"], ["33.0", "1283.0"]], "Type": "SD"}, {"Location": [["20.0", "1077.6"], ["113.5", "1077.6"], ["113.5", "1077.9"], ["128.5", "1077.9"], ["128.5", "1275.9"], ["20.0", "1275.9"]], "Type": "GATE"}, {"Location": [["26.2", "1082.8"], ["107.3", "1082.8"], ["107.3", "1088.6"], ["26.2", "1088.6"]], "Type": "SD"}], "Module": "M11", "Boundary": [["20.0", "1077.6"], ["113.5", "1077.6"], ["113.5", "1077.9"], ["128.5", "1077.9"], ["128.5", "1283.0"], ["20.0", "1283.0"]], "Module_type": "GATE"}, {"Ports": [{"Location": [["210.3", "373.5"], ["214.3", "373.5"], ["214.3", "461.0"], ["210.3", "461.0"]], "Type": "SD"}, {"Location": [["410.1", "358.8"], ["410.1", "459.5"], ["409.5", "459.5"], ["409.5", "475.7"], ["217.2", "475.7"], ["217.2", "358.8"]], "Type": "GATE"}, {"Location": [["398.1", "365.1"], ["404.8", "365.1"], ["404.8", "453.2"], ["398.1", "453.2"]], "Type": "SD"}], "Module": "M1", "Boundary": [["410.1", "358.8"], ["410.1", "459.5"], ["409.5", "459.5"], ["409.5", "475.7"], ["210.3", "475.7"], ["210.3", "358.8"]], "Module_type": "GATE"}, {"Ports": [{"Location": [["43.4", "1023.0"], ["98.0", "1023.0"], ["98.0", "1027.6"], ["43.4", "1027.6"]], "Type": "SD"}, {"Location": [["30.0", "939.0"], ["95.6", "939.0"], ["95.6", "939.1"], ["111.4", "939.1"], ["111.4", "1020.1"], ["30.0", "1020.1"]], "Type": "GATE"}, {"Location": [["35.7", "943.7"], ["89.9", "943.7"], ["89.9", "949.8"], ["35.7", "949.8"]], "Type": "SD"}], "Module": "M19", "Boundary": [["30.0", "939.0"], ["95.6", "939.0"], ["95.6", "939.1"], ["111.4", "939.1"], ["111.4", "1027.6"], ["30.0", "1027.6"]], "Module_type": "GATE"}, {"Ports": [{"Location": [["210.3", "508.2"], ["214.6", "508.2"], ["214.6", "607.9"], ["210.3", "607.9"]], "Type": "SD"}, {"Location": [["404.4", "495.7"], ["404.4", "605.9"], ["301.9", "605.9"], ["301.9", "620.4"], ["216.4", "620.4"], ["216.4", "495.7"]], "Type": "GATE"}, {"Location": [["394.4", "500.8"], ["400.3", "500.8"], ["400.3", "599.8"], ["394.4", "599.8"]], "Type": "SD"}], "Module": "M6", "Boundary": [["404.4", "495.7"], ["404.4", "605.9"], ["301.9", "605.9"], ["301.9", "620.4"], ["210.3", "620.4"], ["210.3", "495.7"]], "Module_type": "GATE"}, {"Ports": [{"Location": [["154.7", "25.2"], ["160.2", "25.2"], ["160.2", "109.4"], ["154.7", "109.4"]], "Type": "SD"}, {"Location": [["279.4", "10.0"], ["279.4", "124.6"], ["162.6", "124.6"], ["162.6", "10.0"]], "Type": "GATE"}, {"Location": [["267.7", "16.1"], ["274.3", "16.1"], ["274.3", "99.3"], ["267.7", "99.3"]], "Type": "SD"}], "Module": "M2", "Boundary": [["279.4", "10.0"], ["279.4", "124.6"], ["154.7", "124.6"], ["154.7", "10.0"]], "Module_type": "GATE"}, {"Ports": [{"Location": [["44.5", "576.6"], ["155.8", "576.6"], ["155.8", "582.2"], ["44.5", "582.2"]], "Type": "SD"}, {"Location": [["30.0", "381.0"], ["154.0", "381.0"], ["154.0", "487.8"], ["170.3", "487.8"], ["170.3", "575.1"], ["30.0", "575.1"]], "Type": "GATE"}, {"Location": [["36.2", "386.2"], ["146.8", "386.2"], ["146.8", "392.3"], ["36.2", "392.3"]], "Type": "SD"}], "Module": "M16", "Boundary": [["30.0", "381.0"], ["154.0", "381.0"], ["154.0", "487.8"], ["170.3", "487.8"], ["170.3", "582.2"], ["30.0", "582.2"]], "Module_type": "GATE"}, {"Ports": [{"Location": [["319.4", "41.7"], ["323.7", "41.7"], ["323.7", "116.1"], ["319.4", "116.1"]], "Type": "SD"}, {"Location": [["409.0", "30.0"], ["409.0", "114.3"], ["408.9", "114.3"], ["408.9", "127.8"], ["325.5", "127.8"], ["325.5", "30.0"]], "Type": "GATE"}, {"Location": [["398.9", "35.6"], ["404.4", "35.6"], ["404.4", "108.7"], ["398.9", "108.7"]], "Type": "SD"}], "Module": "M13", "Boundary": [["409.0", "30.0"], ["409.0", "114.3"], ["408.9", "114.3"], ["408.9", "127.8"], ["319.4", "127.8"], ["319.4", "30.0"]], "Module_type": "GATE"}, {"Ports": [{"Location": [["181.0", "816.7"], ["186.7", "816.7"], ["186.7", "927.5"], ["181.0", "927.5"]], "Type": "SD"}, {"Location": [["388.1", "803.8"], ["388.1", "926.5"], ["279.3", "926.5"], ["279.3", "940.4"], ["189.2", "940.4"], ["189.2", "803.8"]], "Type": "GATE"}, {"Location": [["377.0", "810.0"], ["382.9", "810.0"], ["382.9", "919.3"], ["377.0", "919.3"]], "Type": "SD"}], "Module": "M10", "Boundary": [["388.1", "803.8"], ["388.1", "926.5"], ["279.3", "926.5"], ["279.3", "940.4"], ["181.0", "940.4"], ["181.0", "803.8"]], "Module_type": "GATE"}, {"Ports": [{"Location": [["172.0", "1055.3"], ["236.6", "1055.3"], ["236.6", "1060.6"], ["172.0", "1060.6"]], "Type": "SD"}, {"Location": [["158.5", "970.4"], ["250.1", "970.4"], ["250.1", "1053.1"], ["158.5", "1053.1"]], "Type": "GATE"}, {"Location": [["164.6", "975.5"], ["244.0", "975.5"], ["244.0", "982.0"], ["164.6", "982.0"]], "Type": "SD"}], "Module": "M7", "Boundary": [["158.5", "970.4"], ["250.1", "970.4"], ["250.1", "1060.6"], ["158.5", "1060.6"]], "Module_type": "GATE"}, {"Ports": [{"Location": [["30.0", "656.5"], ["34.2", "656.5"], ["34.2", "736.3"], ["30.0", "736.3"]], "Type": "SD"}, {"Location": [["36.9", "730.0"], ["36.9", "642.9"], ["145.6", "642.9"], ["145.6", "749.9"], ["53.0", "749.9"], ["53.0", "730.0"]], "Type": "GATE"}, {"Location": [["134.2", "647.6"], ["141.2", "647.6"], ["141.2", "745.2"], ["134.2", "745.2"]], "Type": "SD"}], "Module": "M3", "Boundary": [["30.0", "730.0"], ["30.0", "642.9"], ["145.6", "642.9"], ["145.6", "749.9"], ["53.0", "749.9"], ["53.0", "730.0"]], "Module_type": "GATE"}, {"Ports": [{"Location": [["154.7", "157.5"], ["159.2", "157.5"], ["159.2", "226.6"], ["154.7", "226.6"]], "Type": "SD"}, {"Location": [["250.2", "144.6"], ["250.2", "225.0"], ["215.3", "225.0"], ["215.3", "239.5"], ["160.5", "239.5"], ["160.5", "144.6"]], "Type": "GATE"}, {"Location": [["239.6", "149.9"], ["245.9", "149.9"], ["245.9", "218.7"], ["239.6", "218.7"]], "Type": "SD"}], "Module": "M18", "Boundary": [["250.2", "144.6"], ["250.2", "225.0"], ["215.3", "225.0"], ["215.3", "239.5"], ["154.7", "239.5"], ["154.7", "144.6"]], "Module_type": "GATE"}, {"Ports": [{"Location": [["296.1", "200.1"], ["300.4", "200.1"], ["300.4", "302.1"], ["296.1", "302.1"]], "Type": "SD"}, {"Location": [["396.5", "187.8"], ["396.5", "299.6"], ["358.5", "299.6"], ["358.5", "314.4"], ["302.9", "314.4"], ["302.9", "187.8"]], "Type": "GATE"}, {"Location": [["386.5", "193.1"], ["392.2", "193.1"], ["392.2", "293.3"], ["386.5", "293.3"]], "Type": "SD"}], "Module": "M20", "Boundary": [["396.5", "187.8"], ["396.5", "299.6"], ["358.5", "299.6"], ["358.5", "314.4"], ["296.1", "314.4"], ["296.1", "187.8"]], "Module_type": "GATE"}, {"Ports": [{"Location": [["172.9", "1267.9"], ["231.0", "1267.9"], ["231.0", "1272.2"], ["172.9", "1272.2"]], "Type": "SD"}, {"Location": [["158.5", "1080.6"], ["228.3", "1080.6"], ["228.3", "1081.0"], ["245.4", "1081.0"], ["245.4", "1265.4"], ["158.5", "1265.4"]], "Type": "GATE"}, {"Location": [["164.0", "1085.1"], ["222.8", "1085.1"], ["222.8", "1092.1"], ["164.0", "1092.1"]], "Type": "SD"}], "Module": "M15", "Boundary": [["158.5", "1080.6"], ["228.3", "1080.6"], ["228.3", "1081.0"], ["245.4", "1081.0"], ["245.4", "1272.2"], ["158.5", "1272.2"]], "Module_type": "GATE"}, {"Ports": [{"Location": [["265.4", "1172.1"], ["270.8", "1172.1"], ["270.8", "1282.0"], ["265.4", "1282.0"]], "Type": "SD"}, {"Location": [["428.6", "1158.0"], ["428.6", "1282.3"], ["414.5", "1282.3"], ["414.5", "1296.1"], ["273.5", "1296.1"], ["273.5", "1158.0"]], "Type": "GATE"}, {"Location": [["416.6", "1164.6"], ["423.0", "1164.6"], ["423.0", "1274.7"], ["416.6", "1274.7"]], "Type": "SD"}], "Module": "M12", "Boundary": [["428.6", "1158.0"], ["428.6", "1282.3"], ["414.5", "1282.3"], ["414.5", "1296.1"], ["265.4", "1296.1"], ["265.4", "1158.0"]], "Module_type": "GATE"}, {"Ports": [{"Location": [["284.6", "1132.7"], ["413.6", "1132.7"], ["413.6", "1138.0"], ["284.6", "1138.0"]], "Type": "SD"}, {"Location": [["270.1", "970.4"], ["411.6", "970.4"], ["411.6", "1040.8"], ["428.1", "1040.8"], ["428.1", "1130.0"], ["270.1", "1130.0"]], "Type": "GATE"}, {"Location": [["275.7", "975.0"], ["405.0", "975.0"], ["405.0", "981.8"], ["275.7", "981.8"]], "Type": "SD"}], "Module": "M8", "Boundary": [["270.1", "970.4"], ["411.6", "970.4"], ["411.6", "1040.8"], ["428.1", "1040.8"], ["428.1", "1138.0"], ["270.1", "1138.0"]], "Module_type": "GATE"}, {"Ports": [{"Location": [["144.4", "271.9"], ["149.4", "271.9"], ["149.4", "326.4"], ["144.4", "326.4"]], "Type": "SD"}, {"Location": [["256.1", "259.5"], ["256.1", "324.3"], ["212.1", "324.3"], ["212.1", "338.8"], ["151.2", "338.8"], ["151.2", "259.5"]], "Type": "GATE"}, {"Location": [["245.9", "265.2"], ["251.4", "265.2"], ["251.4", "317.6"], ["245.9", "317.6"]], "Type": "SD"}], "Module": "M4", "Boundary": [["256.1", "259.5"], ["256.1", "324.3"], ["212.1", "324.3"], ["212.1", "338.8"], ["144.4", "338.8"], ["144.4", "259.5"]], "Module_type": "GATE"}, {"Ports": [{"Location": [["185.6", "651.7"], ["191.0", "651.7"], ["191.0", "762.5"], ["185.6", "762.5"]], "Type": "SD"}, {"Location": [["366.2", "640.4"], ["366.2", "773.8"], ["192.4", "773.8"], ["192.4", "640.4"]], "Type": "GATE"}, {"Location": [["356.7", "646.3"], ["361.3", "646.3"], ["361.3", "767.9"], ["356.7", "767.9"]], "Type": "SD"}], "Module": "M17", "Boundary": [["366.2", "640.4"], ["366.2", "773.8"], ["185.6", "773.8"], ["185.6", "640.4"]], "Module_type": "GATE"}], "Area": [["-30.0", "-30.0"], ["468.6", "-30.0"], ["468.6", "1336.1"], ["-30.0", "1336.1"]], "Rules": ["GATE(5,5)", "SD(5,5)", "GATE_SD(0.5)", "GATE_ITO(0.5)", "SD_ITO(0.5)"]}