{"Modules": [{"Module": "M14", "Boundary": [["280.2", "10.0"], ["395.2", "10.0"], ["395.2", "58.6"], ["410.2", "58.6"], ["410.2", "117.0"], ["280.2", "117.0"]], "Module_type": "GATE", "Ports": [{"Location": [["294.1", "111.4"], ["396.3", "111.4"], ["396.3", "117.0"], ["294.1", "117.0"]], "Type": "SD"}, {"Location": [["280.2", "10.0"], ["395.2", "10.0"], ["395.2", "58.6"], ["410.2", "58.6"], ["410.2", "109.3"], ["280.2", "109.3"]], "Type": "GATE"}, {"Location": [["286.8", "15.6"], ["387.6", "15.6"], ["387.6", "20.7"], ["286.8", "20.7"]], "Type": "SD"}]}, {"Ports": [{"Location": [["33.6", "705.1"], ["101.0", "705.1"], ["101.0", "709.7"], ["33.6", "709.7"]], "Type": "SD"}, {"Location": [["20.0", "528.7"], ["99.3", "528.7"], ["99.3", "529.0"], ["114.6", "529.0"], ["114.6", "703.2"], ["20.0", "703.2"]], "Type": "GATE"}, {"Location": [["26.3", "534.0"], ["93.0", "534.0"], ["93.0", "540.1"], ["26.3", "540.1"]], "Type": "SD"}], "Module": "M9", "Boundary": [["20.0", "528.7"], ["99.3", "528.7"], ["99.3", "529.0"], ["114.6", "529.0"], ["114.6", "709.7"], ["20.0", "709.7"]], "Module_type": "GATE"}, {"Ports": [{"Location": [["10.0", "864.0"], ["15.3", "864.0"], ["15.3", "953.5"], ["10.0", "953.5"]], "Type": "SD"}, {"Location": [["108.9", "850.4"], ["108.9", "950.7"], ["108.6", "950.7"], ["108.6", "967.1"], ["16.4", "967.1"], ["16.4", "850.4"]], "Type": "GATE"}, {"Location": [["98.2", "856.3"], ["104.0", "856.3"], ["104.0", "944.8"], ["98.2", "944.8"]], "Type": "SD"}], "Module": "M5", "Boundary": [["108.9", "850.4"], ["108.9", "950.7"], ["108.6", "950.7"], ["108.6", "967.1"], ["10.0", "967.1"], ["10.0", "850.4"]], "Module_type": "GATE"}, {"Ports": [{"Location": [["138.9", "888.3"], ["144.6", "888.3"], ["144.6", "927.6"], ["138.9", "927.6"]], "Type": "SD"}, {"Location": [["245.5", "874.1"], ["245.5", "925.9"], ["245.4", "925.9"], ["245.4", "941.8"], ["146.1", "941.8"], ["146.1", "874.1"]], "Type": "GATE"}, {"Location": [["233.1", "880.8"], ["239.8", "880.8"], ["239.8", "919.2"], ["233.1", "919.2"]], "Type": "SD"}], "Module": "M11", "Boundary": [["245.5", "874.1"], ["245.5", "925.9"], ["245.4", "925.9"], ["245.4", "941.8"], ["138.9", "941.8"], ["138.9", "874.1"]], "Module_type": "GATE"}, {"Ports": [{"Location": [["190.0", "1090.9"], ["246.8", "1090.9"], ["246.8", "1095.7"], ["190.0", "1095.7"]], "Type": "SD"}, {"Location": [["176.2", "971.8"], ["243.8", "971.8"], ["243.8", "971.9"], ["260.6", "971.9"], ["260.6", "1089.3"], ["176.2", "1089.3"]], "Type": "GATE"}, {"Location": [["181.6", "976.2"], ["238.4", "976.2"], ["238.4", "982.2"], ["181.6", "982.2"]], "Type": "SD"}], "Module": "M1", "Boundary": [["176.2", "971.8"], ["243.8", "971.8"], ["243.8", "971.9"], ["260.6", "971.9"], ["260.6", "1095.7"], ["176.2", "1095.7"]], "Module_type": "GATE"}, {"Ports": [{"Location": [["218.8", "1149.6"], ["223.5", "1149.6"], ["223.5", "1205.5"], ["218.8", "1205.5"]], "Type": "SD"}, {"Location": [["392.8", "1135.7"], ["392.8", "1219.4"], ["226.4", "1219.4"], ["226.4", "1135.7"]], "Type": "GATE"}, {"Location": [["380.6", "1142.2"], ["387.3", "1142.2"], ["387.3", "1212.9"], ["380.6", "1212.9"]], "Type": "SD"}], "Module": "M19", "Boundary": [["392.8", "1135.7"], ["392.8", "1219.4"], ["218.8", "1219.4"], ["218.8", "1135.7"]], "Module_type": "GATE"}, {"Ports": [{"Location": [["23.4", "493.1"], ["141.7", "493.1"], ["141.7", "498.7"], ["23.4", "498.7"]], "Type": "SD"}, {"Location": [["10.0", "318.0"], ["140.1", "318.0"], ["140.1", "410.6"], ["155.1", "410.6"], ["155.1", "491.5"], ["10.0", "491.5"]], "Type": "GATE"}, {"Location": [["15.8", "322.8"], ["133.3", "322.8"], ["133.3", "328.3"], ["15.8", "328.3"]], "Type": "SD"}], "Module": "M6", "Boundary": [["10.0", "318.0"], ["140.1", "318.0"], ["140.1", "410.6"], ["155.1", "410.6"], ["155.1", "498.7"], ["10.0", "498.7"]], "Module_type": "GATE"}, {"Ports": [{"Location": [["217.0", "171.5"], ["222.3", "171.5"], ["222.3", "302.9"], ["217.0", "302.9"]], "Type": "SD"}, {"Location": [["397.0", "156.7"], ["397.0", "301.0"], ["289.5", "301.0"], ["289.5", "317.7"], ["224.0", "317.7"], ["224.0", "156.7"]], "Type": "GATE"}, {"Location": [["385.4", "163.5"], ["391.2", "163.5"], ["391.2", "293.2"], ["385.4", "293.2"]], "Type": "SD"}], "Module": "M2", "Boundary": [["397.0", "156.7"], ["397.0", "301.0"], ["289.5", "301.0"], ["289.5", "317.7"], ["217.0", "317.7"], ["217.0", "156.7"]], "Module_type": "GATE"}, {"Ports": [{"Location": [["44.2", "1215.0"], ["144.6", "1215.0"], ["144.6", "1220.3"], ["44.2", "1220.3"]], "Type": "SD"}, {"Location": [["30.0", "1137.7"], ["144.3", "1137.7"], ["144.3", "1165.8"], ["158.8", "1165.8"], ["158.8", "1212.2"], ["30.0", "1212.2"]], "Type": "GATE"}, {"Location": [["36.6", "1143.3"], ["136.7", "1143.3"], ["136.7", "1149.8"], ["36.6", "1149.8"]], "Type": "SD"}], "Module": "M16", "Boundary": [["30.0", "1137.7"], ["144.3", "1137.7"], ["144.3", "1165.8"], ["158.8", "1165.8"], ["158.8", "1220.3"], ["30.0", "1220.3"]], "Module_type": "GATE"}, {"Ports": [{"Location": [["30.0", "1018.6"], ["35.0", "1018.6"], ["35.0", "1066.2"], ["30.0", "1066.2"]], "Type": "SD"}, {"Location": [["136.2", "1007.1"], ["136.2", "1077.7"], ["36.7", "1077.7"], ["36.7", "1007.1"]], "Type": "GATE"}, {"Location": [["126.5", "1012.7"], ["131.6", "1012.7"], ["131.6", "1072.1"], ["126.5", "1072.1"]], "Type": "SD"}], "Module": "M13", "Boundary": [["136.2", "1007.1"], ["136.2", "1077.7"], ["30.0", "1077.7"], ["30.0", "1007.1"]], "Module_type": "GATE"}, {"Ports": [{"Location": [["34.1", "814.7"], ["109.8", "814.7"], ["109.8", "820.4"], ["34.1", "820.4"]], "Type": "SD"}, {"Location": [["20.0", "749.7"], ["107.7", "749.7"], ["107.7", "768.7"], ["123.9", "768.7"], ["123.9", "813.6"], ["20.0", "813.6"]], "Type": "GATE"}, {"Location": [["25.6", "754.3"], ["101.1", "754.3"], ["101.1", "760.6"], ["25.6", "760.6"]], "Type": "SD"}], "Module": "M10", "Boundary": [["20.0", "749.7"], ["107.7", "749.7"], ["107.7", "768.7"], ["123.9", "768.7"], ["123.9", "820.4"], ["20.0", "820.4"]], "Module_type": "GATE"}, {"Ports": [{"Location": [["153.9", "713.7"], ["159.4", "713.7"], ["159.4", "830.0"], ["153.9", "830.0"]], "Type": "SD"}, {"Location": [["226.4", "699.6"], ["226.4", "844.1"], ["161.4", "844.1"], ["161.4", "699.6"]], "Type": "GATE"}, {"Location": [["215.7", "705.1"], ["221.9", "705.1"], ["221.9", "838.6"], ["215.7", "838.6"]], "Type": "SD"}], "Module": "M7", "Boundary": [["226.4", "699.6"], ["226.4", "844.1"], ["153.9", "844.1"], ["153.9", "699.6"]], "Module_type": "GATE"}, {"Ports": [{"Location": [["313.9", "1057.7"], ["369.9", "1057.7"], ["369.9", "1063.4"], ["313.9", "1063.4"]], "Type": "SD"}, {"Location": [["300.6", "860.3"], ["383.2", "860.3"], ["383.2", "1055.8"], ["300.6", "1055.8"]], "Type": "GATE"}, {"Location": [["306.5", "865.2"], ["377.3", "865.2"], ["377.3", "871.0"], ["306.5", "871.0"]], "Type": "SD"}], "Module": "M3", "Boundary": [["300.6", "860.3"], ["383.2", "860.3"], ["383.2", "1063.4"], ["300.6", "1063.4"]], "Module_type": "GATE"}, {"Ports": [{"Location": [["10.0", "181.6"], ["14.0", "181.6"], ["14.0", "283.3"], ["10.0", "283.3"]], "Type": "SD"}, {"Location": [["197.0", "166.9"], ["197.0", "280.2"], ["115.5", "280.2"], ["115.5", "298.0"], ["15.1", "298.0"], ["15.1", "166.9"]], "Type": "GATE"}, {"Location": [["185.4", "173.0"], ["191.9", "173.0"], ["191.9", "273.1"], ["185.4", "273.1"]], "Type": "SD"}], "Module": "M18", "Boundary": [["197.0", "166.9"], ["197.0", "280.2"], ["115.5", "280.2"], ["115.5", "298.0"], ["10.0", "298.0"], ["10.0", "166.9"]], "Module_type": "GATE"}, {"Ports": [{"Location": [["195.1", "371.5"], ["199.4", "371.5"], ["199.4", "460.9"], ["195.1", "460.9"]], "Type": "SD"}, {"Location": [["390.1", "357.7"], ["390.1", "459.4"], ["373.2", "459.4"], ["373.2", "474.7"], ["201.9", "474.7"], ["201.9", "357.7"]], "Type": "GATE"}, {"Location": [["378.7", "363.5"], ["385.3", "363.5"], ["385.3", "452.6"], ["378.7", "452.6"]], "Type": "SD"}], "Module": "M20", "Boundary": [["390.1", "357.7"], ["390.1", "459.4"], ["373.2", "459.4"], ["373.2", "474.7"], ["195.1", "474.7"], ["195.1", "357.7"]], "Module_type": "GATE"}, {"Ports": [{"Location": [["10.0", "23.8"], ["14.1", "23.8"], ["14.1", "133.1"], ["10.0", "133.1"]], "Type": "SD"}, {"Location": [["99.2", "10.0"], ["99.2", "129.9"], ["98.5", "129.9"], ["98.5", "146.9"], ["15.4", "146.9"], ["15.4", "10.0"]], "Type": "GATE"}, {"Location": [["88.4", "16.6"], ["93.6", "16.6"], ["93.6", "123.3"], ["88.4", "123.3"]], "Type": "SD"}], "Module": "M15", "Boundary": [["99.2", "10.0"], ["99.2", "129.9"], ["98.5", "129.9"], ["98.5", "146.9"], ["10.0", "146.9"], ["10.0", "10.0"]], "Module_type": "GATE"}, {"Ports": [{"Location": [["119.2", "24.1"], ["124.5", "24.1"], ["124.5", "122.6"], ["119.2", "122.6"]], "Type": "SD"}, {"Location": [["260.2", "10.0"], ["260.2", "122.4"], ["190.8", "122.4"], ["190.8", "136.7"], ["125.9", "136.7"], ["125.9", "10.0"]], "Type": "GATE"}, {"Location": [["248.0", "16.8"], ["254.4", "16.8"], ["254.4", "114.6"], ["248.0", "114.6"]], "Type": "SD"}], "Module": "M12", "Boundary": [["260.2", "10.0"], ["260.2", "122.4"], ["190.8", "122.4"], ["190.8", "136.7"], ["119.2", "136.7"], ["119.2", "10.0"]], "Module_type": "GATE"}, {"Ports": [{"Location": [["265.2", "815.2"], ["398.9", "815.2"], ["398.9", "820.3"], ["265.2", "820.3"]], "Type": "SD"}, {"Location": [["251.9", "630.5"], ["395.1", "630.5"], ["395.1", "663.1"], ["412.2", "663.1"], ["412.2", "812.7"], ["251.9", "812.7"]], "Type": "GATE"}, {"Location": [["257.5", "635.1"], ["388.5", "635.1"], ["388.5", "640.3"], ["257.5", "640.3"]], "Type": "SD"}], "Module": "M8", "Boundary": [["251.9", "630.5"], ["395.1", "630.5"], ["395.1", "663.1"], ["412.2", "663.1"], ["412.2", "820.3"], ["251.9", "820.3"]], "Module_type": "GATE"}, {"Ports": [{"Location": [["251.9", "528.1"], ["257.0", "528.1"], ["257.0", "597.1"], ["251.9", "597.1"]], "Type": "SD"}, {"Location": [["408.2", "514.7"], ["408.2", "596.2"], ["341.9", "596.2"], ["341.9", "610.5"], ["258.0", "610.5"], ["258.0", "514.7"]], "Type": "GATE"}, {"Location": [["396.6", "520.5"], ["403.4", "520.5"], ["403.4", "589.4"], ["396.6", "589.4"]], "Type": "SD"}], "Module": "M4", "Boundary": [["408.2", "514.7"], ["408.2", "596.2"], ["341.9", "596.2"], ["341.9", "610.5"], ["251.9", "610.5"], ["251.9", "514.7"]], "Module_type": "GATE"}, {"Ports": [{"Location": [["159.9", "675.0"], ["216.6", "675.0"], ["216.6", "679.6"], ["159.9", "679.6"]], "Type": "SD"}, {"Location": [["144.6", "518.7"], ["231.9", "518.7"], ["231.9", "673.5"], ["144.6", "673.5"]], "Type": "GATE"}, {"Location": [["151.5", "524.6"], ["225.0", "524.6"], ["225.0", "531.2"], ["151.5", "531.2"]], "Type": "SD"}], "Module": "M17", "Boundary": [["144.6", "518.7"], ["231.9", "518.7"], ["231.9", "679.6"], ["144.6", "679.6"]], "Module_type": "GATE"}], "Area": [["-30.0", "-30.0"], ["452.2", "-30.0"], ["452.2", "1260.3"], ["-30.0", "1260.3"]], "Rules": ["GATE(5,5)", "SD(5,5)", "GATE_SD(0.5)", "GATE_ITO(0.5)", "SD_ITO(0.5)"]}