{"Modules": [{"Module": "M14", "Boundary": [["10.0", "1027.1"], ["79.3", "1027.1"], ["79.3", "1099.1"], ["95.2", "1099.1"], ["95.2", "1195.3"], ["10.0", "1195.3"]], "Module_type": "GATE", "Ports": [{"Location": [["23.3", "1190.1"], ["81.9", "1190.1"], ["81.9", "1195.3"], ["23.3", "1195.3"]], "Type": "SD"}, {"Location": [["10.0", "1027.1"], ["79.3", "1027.1"], ["79.3", "1099.1"], ["95.2", "1099.1"], ["95.2", "1188.6"], ["10.0", "1188.6"]], "Type": "GATE"}, {"Location": [["16.3", "1032.4"], ["72.0", "1032.4"], ["72.0", "1037.4"], ["16.3", "1037.4"]], "Type": "SD"}]}, {"Ports": [{"Location": [["309.9", "1073.5"], ["405.2", "1073.5"], ["405.2", "1078.6"], ["309.9", "1078.6"]], "Type": "SD"}, {"Location": [["296.5", "901.8"], ["400.8", "901.8"], ["400.8", "901.9"], ["418.6", "901.9"], ["418.6", "1071.7"], ["296.5", "1071.7"]], "Type": "GATE"}, {"Location": [["301.6", "905.9"], ["395.7", "905.9"], ["395.7", "911.8"], ["301.6", "911.8"]], "Type": "SD"}], "Module": "M9", "Boundary": [["296.5", "901.8"], ["400.8", "901.8"], ["400.8", "901.9"], ["418.6", "901.9"], ["418.6", "1078.6"], ["296.5", "1078.6"]], "Module_type": "GATE"}, {"Ports": [{"Location": [["324.3", "237.5"], ["413.4", "237.5"], ["413.4", "241.5"], ["324.3", "241.5"]], "Type": "SD"}, {"Location": [["310.3", "142.1"], ["410.8", "142.1"], ["410.8", "142.1"], ["427.4", "142.1"], ["427.4", "236.0"], ["310.3", "236.0"]], "Type": "GATE"}, {"Location": [["316.2", "147.0"], ["404.9", "147.0"], ["404.9", "153.2"], ["316.2", "153.2"]], "Type": "SD"}], "Module": "M5", "Boundary": [["310.3", "142.1"], ["410.8", "142.1"], ["410.8", "142.1"], ["427.4", "142.1"], ["427.4", "241.5"], ["310.3", "241.5"]], "Module_type": "GATE"}, {"Ports": [{"Location": [["320.3", "284.7"], ["324.5", "284.7"], ["324.5", "368.3"], ["320.3", "368.3"]], "Type": "SD"}, {"Location": [["419.9", "271.5"], ["419.9", "381.5"], ["326.6", "381.5"], ["326.6", "271.5"]], "Type": "GATE"}, {"Location": [["409.1", "277.5"], ["414.9", "277.5"], ["414.9", "375.5"], ["409.1", "375.5"]], "Type": "SD"}], "Module": "M11", "Boundary": [["419.9", "271.5"], ["419.9", "381.5"], ["320.3", "381.5"], ["320.3", "271.5"]], "Module_type": "GATE"}, {"Ports": [{"Location": [["10.0", "1229.0"], ["14.7", "1229.0"], ["14.7", "1288.3"], ["10.0", "1288.3"]], "Type": "SD"}, {"Location": [["182.3", "1215.3"], ["182.3", "1302.0"], ["16.8", "1302.0"], ["16.8", "1215.3"]], "Type": "GATE"}, {"Location": [["171.7", "1220.8"], ["177.8", "1220.8"], ["177.8", "1296.5"], ["171.7", "1296.5"]], "Type": "SD"}], "Module": "M1", "Boundary": [["182.3", "1215.3"], ["182.3", "1302.0"], ["10.0", "1302.0"], ["10.0", "1215.3"]], "Module_type": "GATE"}, {"Ports": [{"Location": [["42.8", "570.1"], ["97.0", "570.1"], ["97.0", "574.5"], ["42.8", "574.5"]], "Type": "SD"}, {"Location": [["30.0", "373.0"], ["93.9", "373.0"], ["93.9", "373.0"], ["109.8", "373.0"], ["109.8", "567.3"], ["30.0", "567.3"]], "Type": "GATE"}, {"Location": [["35.8", "377.8"], ["88.1", "377.8"], ["88.1", "382.9"], ["35.8", "382.9"]], "Type": "SD"}], "Module": "M19", "Boundary": [["30.0", "373.0"], ["93.9", "373.0"], ["93.9", "373.0"], ["109.8", "373.0"], ["109.8", "574.5"], ["30.0", "574.5"]], "Module_type": "GATE"}, {"Ports": [{"Location": [["183.0", "380.8"], ["277.2", "380.8"], ["277.2", "385.0"], ["183.0", "385.0"]], "Type": "SD"}, {"Location": [["169.9", "165.8"], ["274.0", "165.8"], ["274.0", "244.9"], ["290.3", "244.9"], ["290.3", "379.7"], ["169.9", "379.7"]], "Type": "GATE"}, {"Location": [["174.9", "169.8"], ["268.0", "169.8"], ["268.0", "176.1"], ["174.9", "176.1"]], "Type": "SD"}], "Module": "M6", "Boundary": [["169.9", "165.8"], ["274.0", "165.8"], ["274.0", "244.9"], ["290.3", "244.9"], ["290.3", "385.0"], ["169.9", "385.0"]], "Module_type": "GATE"}, {"Ports": [{"Location": [["118.1", "1092.6"], ["123.6", "1092.6"], ["123.6", "1176.8"], ["118.1", "1176.8"]], "Type": "SD"}, {"Location": [["242.8", "1077.4"], ["242.8", "1192.0"], ["126.0", "1192.0"], ["126.0", "1077.4"]], "Type": "GATE"}, {"Location": [["231.1", "1083.5"], ["237.7", "1083.5"], ["237.7", "1166.7"], ["231.1", "1166.7"]], "Type": "SD"}], "Module": "M2", "Boundary": [["242.8", "1077.4"], ["242.8", "1192.0"], ["118.1", "1192.0"], ["118.1", "1077.4"]], "Module_type": "GATE"}, {"Ports": [{"Location": [["44.1", "856.4"], ["145.2", "856.4"], ["145.2", "861.8"], ["44.1", "861.8"]], "Type": "SD"}, {"Location": [["30.0", "634.5"], ["144.5", "634.5"], ["144.5", "755.6"], ["159.3", "755.6"], ["159.3", "854.6"], ["30.0", "854.6"]], "Type": "GATE"}, {"Location": [["35.1", "638.6"], ["138.4", "638.6"], ["138.4", "646.2"], ["35.1", "646.2"]], "Type": "SD"}], "Module": "M16", "Boundary": [["30.0", "634.5"], ["144.5", "634.5"], ["144.5", "755.6"], ["159.3", "755.6"], ["159.3", "861.8"], ["30.0", "861.8"]], "Module_type": "GATE"}, {"Ports": [{"Location": [["42.9", "308.1"], ["117.0", "308.1"], ["117.0", "313.0"], ["42.9", "313.0"]], "Type": "SD"}, {"Location": [["30.0", "155.4"], ["129.9", "155.4"], ["129.9", "306.3"], ["30.0", "306.3"]], "Type": "GATE"}, {"Location": [["35.6", "160.0"], ["124.3", "160.0"], ["124.3", "166.7"], ["35.6", "166.7"]], "Type": "SD"}], "Module": "M13", "Boundary": [["30.0", "155.4"], ["129.9", "155.4"], ["129.9", "313.0"], ["30.0", "313.0"]], "Module_type": "GATE"}, {"Ports": [{"Location": [["320.4", "591.5"], ["407.9", "591.5"], ["407.9", "597.0"], ["320.4", "597.0"]], "Type": "SD"}, {"Location": [["304.7", "421.5"], ["404.7", "421.5"], ["404.7", "495.2"], ["423.6", "495.2"], ["423.6", "588.8"], ["304.7", "588.8"]], "Type": "GATE"}, {"Location": [["311.1", "426.9"], ["397.3", "426.9"], ["397.3", "433.7"], ["311.1", "433.7"]], "Type": "SD"}], "Module": "M10", "Boundary": [["304.7", "421.5"], ["404.7", "421.5"], ["404.7", "495.2"], ["423.6", "495.2"], ["423.6", "597.0"], ["304.7", "597.0"]], "Module_type": "GATE"}, {"Ports": [{"Location": [["318.1", "117.8"], ["420.7", "117.8"], ["420.7", "122.1"], ["318.1", "122.1"]], "Type": "SD"}, {"Location": [["305.0", "10.0"], ["418.0", "10.0"], ["418.0", "10.6"], ["433.8", "10.6"], ["433.8", "116.8"], ["305.0", "116.8"]], "Type": "GATE"}, {"Location": [["312.0", "16.0"], ["411.0", "16.0"], ["411.0", "21.0"], ["312.0", "21.0"]], "Type": "SD"}], "Module": "M7", "Boundary": [["305.0", "10.0"], ["418.0", "10.0"], ["418.0", "10.6"], ["433.8", "10.6"], ["433.8", "122.1"], ["305.0", "122.1"]], "Module_type": "GATE"}, {"Ports": [{"Location": [["152.4", "1033.2"], ["232.2", "1033.2"], ["232.2", "1037.4"], ["152.4", "1037.4"]], "Type": "SD"}, {"Location": [["225.9", "1030.5"], ["138.2", "1030.5"], ["138.2", "921.8"], ["246.4", "921.8"], ["246.4", "1029.2"], ["225.9", "1029.2"]], "Type": "GATE"}, {"Location": [["143.5", "926.2"], ["241.1", "926.2"], ["241.1", "933.3"], ["143.5", "933.3"]], "Type": "SD"}], "Module": "M3", "Boundary": [["225.9", "1037.4"], ["138.2", "1037.4"], ["138.2", "921.8"], ["246.4", "921.8"], ["246.4", "1029.2"], ["225.9", "1029.2"]], "Module_type": "GATE"}, {"Ports": [{"Location": [["10.0", "914.2"], ["15.5", "914.2"], ["15.5", "994.7"], ["10.0", "994.7"]], "Type": "SD"}, {"Location": [["98.1", "901.8"], ["98.1", "993.2"], ["86.1", "993.2"], ["86.1", "1007.1"], ["18.0", "1007.1"], ["18.0", "901.8"]], "Type": "GATE"}, {"Location": [["88.0", "907.4"], ["93.5", "907.4"], ["93.5", "986.6"], ["88.0", "986.6"]], "Type": "SD"}], "Module": "M18", "Boundary": [["98.1", "901.8"], ["98.1", "993.2"], ["86.1", "993.2"], ["86.1", "1007.1"], ["10.0", "1007.1"], ["10.0", "901.8"]], "Module_type": "GATE"}, {"Ports": [{"Location": [["234.2", "846.0"], ["361.3", "846.0"], ["361.3", "851.8"], ["234.2", "851.8"]], "Type": "SD"}, {"Location": [["219.3", "647.0"], ["360.0", "647.0"], ["360.0", "753.5"], ["376.2", "753.5"], ["376.2", "844.9"], ["219.3", "844.9"]], "Type": "GATE"}, {"Location": [["225.3", "652.0"], ["353.0", "652.0"], ["353.0", "658.5"], ["225.3", "658.5"]], "Type": "SD"}], "Module": "M20", "Boundary": [["219.3", "647.0"], ["360.0", "647.0"], ["360.0", "753.5"], ["376.2", "753.5"], ["376.2", "851.8"], ["219.3", "851.8"]], "Module_type": "GATE"}, {"Ports": [{"Location": [["202.3", "1229.4"], ["208.2", "1229.4"], ["208.2", "1287.5"], ["202.3", "1287.5"]], "Type": "SD"}, {"Location": [["410.6", "1214.0"], ["410.6", "1302.9"], ["210.9", "1302.9"], ["210.9", "1214.0"]], "Type": "GATE"}, {"Location": [["398.4", "1221.0"], ["404.6", "1221.0"], ["404.6", "1295.9"], ["398.4", "1295.9"]], "Type": "SD"}], "Module": "M15", "Boundary": [["410.6", "1214.0"], ["410.6", "1302.9"], ["202.3", "1302.9"], ["202.3", "1214.0"]], "Module_type": "GATE"}, {"Ports": [{"Location": [["165.3", "578.7"], ["259.2", "578.7"], ["259.2", "584.7"], ["165.3", "584.7"]], "Type": "SD"}, {"Location": [["149.8", "405.0"], ["258.3", "405.0"], ["258.3", "465.8"], ["274.7", "465.8"], ["274.7", "576.4"], ["149.8", "576.4"]], "Type": "GATE"}, {"Location": [["156.7", "410.9"], ["250.4", "410.9"], ["250.4", "417.2"], ["156.7", "417.2"]], "Type": "SD"}], "Module": "M12", "Boundary": [["149.8", "405.0"], ["258.3", "405.0"], ["258.3", "465.8"], ["274.7", "465.8"], ["274.7", "584.7"], ["149.8", "584.7"]], "Module_type": "GATE"}, {"Ports": [{"Location": [["10.0", "23.5"], ["14.3", "23.5"], ["14.3", "101.9"], ["10.0", "101.9"]], "Type": "SD"}, {"Location": [["156.8", "10.0"], ["156.8", "98.6"], ["82.2", "98.6"], ["82.2", "115.4"], ["16.4", "115.4"], ["16.4", "10.0"]], "Type": "GATE"}, {"Location": [["146.7", "16.1"], ["151.7", "16.1"], ["151.7", "91.5"], ["146.7", "91.5"]], "Type": "SD"}], "Module": "M8", "Boundary": [["156.8", "10.0"], ["156.8", "98.6"], ["82.2", "98.6"], ["82.2", "115.4"], ["10.0", "115.4"], ["10.0", "10.0"]], "Module_type": "GATE"}, {"Ports": [{"Location": [["176.8", "22.3"], ["182.6", "22.3"], ["182.6", "133.5"], ["176.8", "133.5"]], "Type": "SD"}, {"Location": [["285.0", "10.0"], ["285.0", "132.0"], ["252.2", "132.0"], ["252.2", "145.8"], ["184.7", "145.8"], ["184.7", "10.0"]], "Type": "GATE"}, {"Location": [["274.8", "16.2"], ["279.8", "16.2"], ["279.8", "124.8"], ["274.8", "124.8"]], "Type": "SD"}], "Module": "M4", "Boundary": [["285.0", "10.0"], ["285.0", "132.0"], ["252.2", "132.0"], ["252.2", "145.8"], ["176.8", "145.8"], ["176.8", "10.0"]], "Module_type": "GATE"}], "Area": [["-30.0", "-30.0"], ["473.8", "-30.0"], ["473.8", "1342.9"], ["-30.0", "1342.9"]], "Rules": ["GATE(5,5)", "SD(5,5)", "GATE_SD(0.5)", "GATE_ITO(0.5)", "SD_ITO(0.5)"]}