{"Modules": [{"Module": "M14", "Boundary": [["533.7", "10.0"], ["533.7", "120.8"], ["447.0", "120.8"], ["447.0", "135.0"], ["339.6", "135.0"], ["339.6", "10.0"]], "Module_type": "GATE", "Ports": [{"Location": [["339.6", "23.5"], ["344.0", "23.5"], ["344.0", "121.5"], ["339.6", "121.5"]], "Type": "SD"}, {"Location": [["533.7", "10.0"], ["533.7", "120.8"], ["447.0", "120.8"], ["447.0", "135.0"], ["345.4", "135.0"], ["345.4", "10.0"]], "Type": "GATE"}, {"Location": [["522.8", "16.8"], ["527.9", "16.8"], ["527.9", "113.0"], ["522.8", "113.0"]], "Type": "SD"}]}, {"Ports": [{"Location": [["342.1", "498.6"], ["346.2", "498.6"], ["346.2", "589.6"], ["342.1", "589.6"]], "Type": "SD"}, {"Location": [["513.9", "483.4"], ["513.9", "604.8"], ["347.6", "604.8"], ["347.6", "483.4"]], "Type": "GATE"}, {"Location": [["501.6", "489.7"], ["508.6", "489.7"], ["508.6", "598.5"], ["501.6", "598.5"]], "Type": "SD"}], "Module": "M9", "Boundary": [["513.9", "483.4"], ["513.9", "604.8"], ["342.1", "604.8"], ["342.1", "483.4"]], "Module_type": "GATE"}, {"Ports": [{"Location": [["21.9", "423.6"], ["100.7", "423.6"], ["100.7", "427.6"], ["21.9", "427.6"]], "Type": "SD"}, {"Location": [["10.0", "224.1"], ["112.6", "224.1"], ["112.6", "421.3"], ["10.0", "421.3"]], "Type": "GATE"}, {"Location": [["15.8", "228.9"], ["106.8", "228.9"], ["106.8", "233.8"], ["15.8", "233.8"]], "Type": "SD"}], "Module": "M5", "Boundary": [["10.0", "224.1"], ["112.6", "224.1"], ["112.6", "427.6"], ["10.0", "427.6"]], "Module_type": "GATE"}, {"Ports": [{"Location": [["391.4", "848.4"], ["503.9", "848.4"], ["503.9", "852.6"], ["391.4", "852.6"]], "Type": "SD"}, {"Location": [["378.0", "644.8"], ["502.1", "644.8"], ["502.1", "644.9"], ["517.3", "644.9"], ["517.3", "845.7"], ["378.0", "845.7"]], "Type": "GATE"}, {"Location": [["383.8", "649.6"], ["496.3", "649.6"], ["496.3", "655.5"], ["383.8", "655.5"]], "Type": "SD"}], "Module": "M11", "Boundary": [["378.0", "644.8"], ["502.1", "644.8"], ["502.1", "644.9"], ["517.3", "644.9"], ["517.3", "852.6"], ["378.0", "852.6"]], "Module_type": "GATE"}, {"Ports": [{"Location": [["182.9", "816.2"], ["187.2", "816.2"], ["187.2", "858.8"], ["182.9", "858.8"]], "Type": "SD"}, {"Location": [["333.2", "803.0"], ["333.2", "854.3"], ["333.1", "854.3"], ["333.1", "872.0"], ["189.6", "872.0"], ["189.6", "803.0"]], "Type": "GATE"}, {"Location": [["323.1", "808.3"], ["328.9", "808.3"], ["328.9", "849.0"], ["323.1", "849.0"]], "Type": "SD"}], "Module": "M1", "Boundary": [["333.2", "803.0"], ["333.2", "854.3"], ["333.1", "854.3"], ["333.1", "872.0"], ["182.9", "872.0"], ["182.9", "803.0"]], "Module_type": "GATE"}, {"Ports": [{"Location": [["43.3", "178.7"], ["115.9", "178.7"], ["115.9", "184.1"], ["43.3", "184.1"]], "Type": "SD"}, {"Location": [["30.0", "30.0"], ["112.8", "30.0"], ["112.8", "30.6"], ["129.2", "30.6"], ["129.2", "176.2"], ["30.0", "176.2"]], "Type": "GATE"}, {"Location": [["36.7", "35.7"], ["106.1", "35.7"], ["106.1", "40.2"], ["36.7", "40.2"]], "Type": "SD"}], "Module": "M19", "Boundary": [["30.0", "30.0"], ["112.8", "30.0"], ["112.8", "30.6"], ["129.2", "30.6"], ["129.2", "184.1"], ["30.0", "184.1"]], "Module_type": "GATE"}, {"Ports": [{"Location": [["437.1", "346.8"], ["442.6", "346.8"], ["442.6", "437.9"], ["437.1", "437.9"]], "Type": "SD"}, {"Location": [["536.0", "331.3"], ["536.0", "437.5"], ["520.9", "437.5"], ["520.9", "453.4"], ["444.9", "453.4"], ["444.9", "331.3"]], "Type": "GATE"}, {"Location": [["523.3", "337.6"], ["530.7", "337.6"], ["530.7", "430.2"], ["523.3", "430.2"]], "Type": "SD"}], "Module": "M6", "Boundary": [["536.0", "331.3"], ["536.0", "437.5"], ["520.9", "437.5"], ["520.9", "453.4"], ["437.1", "453.4"], ["437.1", "331.3"]], "Module_type": "GATE"}, {"Ports": [{"Location": [["292.4", "352.8"], ["297.9", "352.8"], ["297.9", "437.0"], ["292.4", "437.0"]], "Type": "SD"}, {"Location": [["417.1", "337.6"], ["417.1", "452.2"], ["300.3", "452.2"], ["300.3", "337.6"]], "Type": "GATE"}, {"Location": [["405.4", "343.7"], ["412.0", "343.7"], ["412.0", "426.9"], ["405.4", "426.9"]], "Type": "SD"}], "Module": "M2", "Boundary": [["417.1", "337.6"], ["417.1", "452.2"], ["292.4", "452.2"], ["292.4", "337.6"]], "Module_type": "GATE"}, {"Ports": [{"Location": [["203.2", "179.9"], ["285.6", "179.9"], ["285.6", "184.8"], ["203.2", "184.8"]], "Type": "SD"}, {"Location": [["189.2", "30.0"], ["299.6", "30.0"], ["299.6", "178.8"], ["189.2", "178.8"]], "Type": "GATE"}, {"Location": [["195.4", "35.2"], ["293.4", "35.2"], ["293.4", "41.6"], ["195.4", "41.6"]], "Type": "SD"}], "Module": "M16", "Boundary": [["189.2", "30.0"], ["299.6", "30.0"], ["299.6", "184.8"], ["189.2", "184.8"]], "Module_type": "GATE"}, {"Ports": [{"Location": [["30.0", "944.5"], ["35.5", "944.5"], ["35.5", "1027.2"], ["30.0", "1027.2"]], "Type": "SD"}, {"Location": [["246.1", "931.3"], ["246.1", "1040.4"], ["36.6", "1040.4"], ["36.6", "931.3"]], "Type": "GATE"}, {"Location": [["234.4", "937.3"], ["241.1", "937.3"], ["241.1", "1034.4"], ["234.4", "1034.4"]], "Type": "SD"}], "Module": "M13", "Boundary": [["246.1", "931.3"], ["246.1", "1040.4"], ["30.0", "1040.4"], ["30.0", "931.3"]], "Module_type": "GATE"}, {"Ports": [{"Location": [["192.9", "668.9"], ["197.0", "668.9"], ["197.0", "758.0"], ["192.9", "758.0"]], "Type": "SD"}, {"Location": [["338.0", "653.9"], ["338.0", "757.5"], ["289.9", "757.5"], ["289.9", "773.0"], ["198.6", "773.0"], ["198.6", "653.9"]], "Type": "GATE"}, {"Location": [["326.0", "660.4"], ["332.5", "660.4"], ["332.5", "750.0"], ["326.0", "750.0"]], "Type": "SD"}], "Module": "M10", "Boundary": [["338.0", "653.9"], ["338.0", "757.5"], ["289.9", "757.5"], ["289.9", "773.0"], ["192.9", "773.0"], ["192.9", "653.9"]], "Module_type": "GATE"}, {"Ports": [{"Location": [["299.8", "1058.5"], ["406.7", "1058.5"], ["406.7", "1062.9"], ["299.8", "1062.9"]], "Type": "SD"}, {"Location": [["286.1", "892.0"], ["403.8", "892.0"], ["403.8", "892.5"], ["420.4", "892.5"], ["420.4", "1056.6"], ["286.1", "1056.6"]], "Type": "GATE"}, {"Location": [["292.8", "897.7"], ["397.1", "897.7"], ["397.1", "902.8"], ["292.8", "902.8"]], "Type": "SD"}], "Module": "M7", "Boundary": [["286.1", "892.0"], ["403.8", "892.0"], ["403.8", "892.5"], ["420.4", "892.5"], ["420.4", "1062.9"], ["286.1", "1062.9"]], "Module_type": "GATE"}, {"Ports": [{"Location": [["176.5", "509.8"], ["180.7", "509.8"], ["180.7", "589.6"], ["176.5", "589.6"]], "Type": "SD"}, {"Location": [["183.4", "572.0"], ["183.4", "527.4"], ["104.5", "527.4"], ["104.5", "496.5"], ["292.1", "496.5"], ["292.1", "602.9"], ["104.5", "602.9"], ["104.5", "572.0"]], "Type": "GATE"}, {"Location": [["280.7", "500.9"], ["287.7", "500.9"], ["287.7", "598.5"], ["280.7", "598.5"]], "Type": "SD"}], "Module": "M3", "Boundary": [["176.5", "572.0"], ["176.5", "527.4"], ["104.5", "527.4"], ["104.5", "496.5"], ["292.1", "496.5"], ["292.1", "602.9"], ["104.5", "602.9"], ["104.5", "572.0"]], "Module_type": "GATE"}, {"Ports": [{"Location": [["26.0", "885.3"], ["146.9", "885.3"], ["146.9", "891.3"], ["26.0", "891.3"]], "Type": "SD"}, {"Location": [["10.0", "695.1"], ["145.0", "695.1"], ["145.0", "796.3"], ["162.9", "796.3"], ["162.9", "883.3"], ["10.0", "883.3"]], "Type": "GATE"}, {"Location": [["16.1", "700.2"], ["137.9", "700.2"], ["137.9", "707.7"], ["16.1", "707.7"]], "Type": "SD"}], "Module": "M18", "Boundary": [["10.0", "695.1"], ["145.0", "695.1"], ["145.0", "796.3"], ["162.9", "796.3"], ["162.9", "891.3"], ["10.0", "891.3"]], "Module_type": "GATE"}, {"Ports": [{"Location": [["30.0", "588.4"], ["34.5", "588.4"], ["34.5", "642.0"], ["30.0", "642.0"]], "Type": "SD"}, {"Location": [["116.5", "575.3"], ["116.5", "640.3"], ["90.9", "640.3"], ["90.9", "655.1"], ["36.0", "655.1"], ["36.0", "575.3"]], "Type": "GATE"}, {"Location": [["106.5", "580.9"], ["111.9", "580.9"], ["111.9", "633.7"], ["106.5", "633.7"]], "Type": "SD"}], "Module": "M20", "Boundary": [["116.5", "575.3"], ["116.5", "640.3"], ["90.9", "640.3"], ["90.9", "655.1"], ["30.0", "655.1"], ["30.0", "575.3"]], "Module_type": "GATE"}, {"Ports": [{"Location": [["454.7", "1059.3"], ["523.2", "1059.3"], ["523.2", "1064.4"], ["454.7", "1064.4"]], "Type": "SD"}, {"Location": [["440.4", "882.6"], ["522.0", "882.6"], ["522.0", "882.6"], ["537.5", "882.6"], ["537.5", "1057.6"], ["440.4", "1057.6"]], "Type": "GATE"}, {"Location": [["447.2", "888.4"], ["515.2", "888.4"], ["515.2", "894.3"], ["447.2", "894.3"]], "Type": "SD"}], "Module": "M15", "Boundary": [["440.4", "882.6"], ["522.0", "882.6"], ["522.0", "882.6"], ["537.5", "882.6"], ["537.5", "1064.4"], ["440.4", "1064.4"]], "Module_type": "GATE"}, {"Ports": [{"Location": [["366.3", "306.4"], ["500.2", "306.4"], ["500.2", "311.3"], ["366.3", "311.3"]], "Type": "SD"}, {"Location": [["353.8", "155.0"], ["495.7", "155.0"], ["495.7", "235.4"], ["512.7", "235.4"], ["512.7", "305.0"], ["353.8", "305.0"]], "Type": "GATE"}, {"Location": [["359.2", "159.4"], ["489.3", "159.4"], ["489.3", "164.2"], ["359.2", "164.2"]], "Type": "SD"}], "Module": "M12", "Boundary": [["353.8", "155.0"], ["495.7", "155.0"], ["495.7", "235.4"], ["512.7", "235.4"], ["512.7", "311.3"], ["353.8", "311.3"]], "Module_type": "GATE"}, {"Ports": [{"Location": [["10.0", "460.8"], ["15.6", "460.8"], ["15.6", "522.1"], ["10.0", "522.1"]], "Type": "SD"}, {"Location": [["123.0", "447.6"], ["123.0", "517.4"], ["122.9", "517.4"], ["122.9", "535.3"], ["18.4", "535.3"], ["18.4", "447.6"]], "Type": "GATE"}, {"Location": [["112.5", "453.2"], ["118.4", "453.2"], ["118.4", "511.8"], ["112.5", "511.8"]], "Type": "SD"}], "Module": "M8", "Boundary": [["123.0", "447.6"], ["123.0", "517.4"], ["122.9", "517.4"], ["122.9", "535.3"], ["10.0", "535.3"], ["10.0", "447.6"]], "Module_type": "GATE"}, {"Ports": [{"Location": [["170.4", "450.5"], ["258.5", "450.5"], ["258.5", "455.5"], ["170.4", "455.5"]], "Type": "SD"}, {"Location": [["156.5", "337.6"], ["257.2", "337.6"], ["257.2", "346.8"], ["272.4", "346.8"], ["272.4", "449.4"], ["156.5", "449.4"]], "Type": "GATE"}, {"Location": [["162.0", "342.1"], ["250.7", "342.1"], ["250.7", "349.3"], ["162.0", "349.3"]], "Type": "SD"}], "Module": "M4", "Boundary": [["156.5", "337.6"], ["257.2", "337.6"], ["257.2", "346.8"], ["272.4", "346.8"], ["272.4", "455.5"], ["156.5", "455.5"]], "Module_type": "GATE"}], "Area": [["-30.0", "-30.0"], ["577.5", "-30.0"], ["577.5", "1104.4"], ["-30.0", "1104.4"]], "Rules": ["GATE(5,5)", "SD(5,5)", "GATE_SD(0.5)", "GATE_ITO(0.5)", "SD_ITO(0.5)"]}