{"Modules": [{"Module": "M14", "Boundary": [["489.2", "10.0"], ["585.7", "10.0"], ["585.7", "93.2"], ["600.4", "93.2"], ["600.4", "170.0"], ["489.2", "170.0"]], "Module_type": "GATE", "Ports": [{"Location": [["502.5", "165.6"], ["587.1", "165.6"], ["587.1", "170.0"], ["502.5", "170.0"]], "Type": "SD"}, {"Location": [["489.2", "10.0"], ["585.7", "10.0"], ["585.7", "93.2"], ["600.4", "93.2"], ["600.4", "164.0"], ["489.2", "164.0"]], "Type": "GATE"}, {"Location": [["495.5", "15.3"], ["578.4", "15.3"], ["578.4", "20.6"], ["495.5", "20.6"]], "Type": "SD"}]}, {"Ports": [{"Location": [["31.5", "141.9"], ["87.6", "141.9"], ["87.6", "146.3"], ["31.5", "146.3"]], "Type": "SD"}, {"Location": [["20.0", "20.0"], ["99.1", "20.0"], ["99.1", "140.9"], ["20.0", "140.9"]], "Type": "GATE"}, {"Location": [["25.1", "24.1"], ["94.0", "24.1"], ["94.0", "29.0"], ["25.1", "29.0"]], "Type": "SD"}], "Module": "M9", "Boundary": [["20.0", "20.0"], ["99.1", "20.0"], ["99.1", "146.3"], ["20.0", "146.3"]], "Module_type": "GATE"}, {"Ports": [{"Location": [["365.8", "231.5"], ["446.5", "231.5"], ["446.5", "235.7"], ["365.8", "235.7"]], "Type": "SD"}, {"Location": [["353.3", "141.3"], ["459.0", "141.3"], ["459.0", "229.9"], ["353.3", "229.9"]], "Type": "GATE"}, {"Location": [["358.7", "145.7"], ["438.7", "145.7"], ["438.7", "151.6"], ["358.7", "151.6"]], "Type": "SD"}], "Module": "M5", "Boundary": [["353.3", "141.3"], ["459.0", "141.3"], ["459.0", "235.7"], ["353.3", "235.7"]], "Module_type": "GATE"}, {"Ports": [{"Location": [["226.0", "297.0"], ["231.1", "297.0"], ["231.1", "363.5"], ["226.0", "363.5"]], "Type": "SD"}, {"Location": [["359.8", "283.6"], ["359.8", "376.9"], ["232.2", "376.9"], ["232.2", "283.6"]], "Type": "GATE"}, {"Location": [["348.8", "289.2"], ["355.2", "289.2"], ["355.2", "371.3"], ["348.8", "371.3"]], "Type": "SD"}], "Module": "M11", "Boundary": [["359.8", "283.6"], ["359.8", "376.9"], ["226.0", "376.9"], ["226.0", "283.6"]], "Module_type": "GATE"}, {"Ports": [{"Location": [["216.0", "156.4"], ["220.4", "156.4"], ["220.4", "238.5"], ["216.0", "238.5"]], "Type": "SD"}, {"Location": [["333.3", "141.3"], ["333.3", "253.6"], ["222.9", "253.6"], ["222.9", "141.3"]], "Type": "GATE"}, {"Location": [["321.6", "147.0"], ["328.6", "147.0"], ["328.6", "247.9"], ["321.6", "247.9"]], "Type": "SD"}], "Module": "M1", "Boundary": [["333.3", "141.3"], ["333.3", "253.6"], ["216.0", "253.6"], ["216.0", "141.3"]], "Module_type": "GATE"}, {"Ports": [{"Location": [["42.2", "565.9"], ["153.6", "565.9"], ["153.6", "570.4"], ["42.2", "570.4"]], "Type": "SD"}, {"Location": [["30.0", "364.8"], ["150.9", "364.8"], ["150.9", "365.3"], ["165.8", "365.3"], ["165.8", "564.7"], ["30.0", "564.7"]], "Type": "GATE"}, {"Location": [["36.5", "370.3"], ["144.4", "370.3"], ["144.4", "374.8"], ["36.5", "374.8"]], "Type": "SD"}], "Module": "M19", "Boundary": [["30.0", "364.8"], ["150.9", "364.8"], ["150.9", "365.3"], ["165.8", "365.3"], ["165.8", "570.4"], ["30.0", "570.4"]], "Module_type": "GATE"}, {"Ports": [{"Location": [["684.8", "428.0"], ["820.7", "428.0"], ["820.7", "432.3"], ["684.8", "432.3"]], "Type": "SD"}, {"Location": [["669.4", "342.9"], ["818.7", "342.9"], ["818.7", "362.5"], ["836.1", "362.5"], ["836.1", "426.1"], ["669.4", "426.1"]], "Type": "GATE"}, {"Location": [["675.4", "347.9"], ["811.7", "347.9"], ["811.7", "355.0"], ["675.4", "355.0"]], "Type": "SD"}], "Module": "M6", "Boundary": [["669.4", "342.9"], ["818.7", "342.9"], ["818.7", "362.5"], ["836.1", "362.5"], ["836.1", "432.3"], ["669.4", "432.3"]], "Module_type": "GATE"}, {"Ports": [{"Location": [["389.8", "271.1"], ["394.9", "271.1"], ["394.9", "379.3"], ["389.8", "379.3"]], "Type": "SD"}, {"Location": [["469.1", "255.7"], ["469.1", "378.7"], ["438.4", "378.7"], ["438.4", "394.7"], ["397.5", "394.7"], ["397.5", "255.7"]], "Type": "GATE"}, {"Location": [["456.9", "262.7"], ["463.1", "262.7"], ["463.1", "370.7"], ["456.9", "370.7"]], "Type": "SD"}], "Module": "M2", "Boundary": [["469.1", "255.7"], ["469.1", "378.7"], ["438.4", "378.7"], ["438.4", "394.7"], ["389.8", "394.7"], ["389.8", "255.7"]], "Module_type": "GATE"}, {"Ports": [{"Location": [["30.0", "210.0"], ["35.9", "210.0"], ["35.9", "291.1"], ["30.0", "291.1"]], "Type": "SD"}, {"Location": [["172.7", "196.3"], ["172.7", "291.0"], ["149.3", "291.0"], ["149.3", "304.8"], ["38.3", "304.8"], ["38.3", "196.3"]], "Type": "GATE"}, {"Location": [["161.2", "202.8"], ["167.2", "202.8"], ["167.2", "283.5"], ["161.2", "283.5"]], "Type": "SD"}], "Module": "M16", "Boundary": [["172.7", "196.3"], ["172.7", "291.0"], ["149.3", "291.0"], ["149.3", "304.8"], ["30.0", "304.8"], ["30.0", "196.3"]], "Module_type": "GATE"}, {"Ports": [{"Location": [["236.0", "42.4"], ["240.8", "42.4"], ["240.8", "88.9"], ["236.0", "88.9"]], "Type": "SD"}, {"Location": [["329.1", "30.0"], ["329.1", "101.3"], ["243.5", "101.3"], ["243.5", "30.0"]], "Type": "GATE"}, {"Location": [["318.7", "35.7"], ["324.4", "35.7"], ["324.4", "95.6"], ["318.7", "95.6"]], "Type": "SD"}], "Module": "M13", "Boundary": [["329.1", "30.0"], ["329.1", "101.3"], ["236.0", "101.3"], ["236.0", "30.0"]], "Module_type": "GATE"}, {"Ports": [{"Location": [["238.8", "586.2"], ["289.7", "586.2"], ["289.7", "591.9"], ["238.8", "591.9"]], "Type": "SD"}, {"Location": [["226.0", "416.9"], ["288.6", "416.9"], ["288.6", "476.8"], ["302.5", "476.8"], ["302.5", "584.0"], ["226.0", "584.0"]], "Type": "GATE"}, {"Location": [["231.7", "421.6"], ["281.9", "421.6"], ["281.9", "427.3"], ["231.7", "427.3"]], "Type": "SD"}], "Module": "M10", "Boundary": [["226.0", "416.9"], ["288.6", "416.9"], ["288.6", "476.8"], ["302.5", "476.8"], ["302.5", "591.9"], ["226.0", "591.9"]], "Module_type": "GATE"}, {"Ports": [{"Location": [["620.4", "23.4"], ["625.5", "23.4"], ["625.5", "117.2"], ["620.4", "117.2"]], "Type": "SD"}, {"Location": [["819.4", "10.0"], ["819.4", "113.4"], ["819.2", "113.4"], ["819.2", "130.6"], ["626.8", "130.6"], ["626.8", "10.0"]], "Type": "GATE"}, {"Location": [["809.1", "16.0"], ["814.4", "16.0"], ["814.4", "107.4"], ["809.1", "107.4"]], "Type": "SD"}], "Module": "M7", "Boundary": [["819.4", "10.0"], ["819.4", "113.4"], ["819.2", "113.4"], ["819.2", "130.6"], ["620.4", "130.6"], ["620.4", "10.0"]], "Module_type": "GATE"}, {"Ports": [{"Location": [["522.5", "385.2"], ["616.1", "385.2"], ["616.1", "391.0"], ["522.5", "391.0"]], "Type": "SD"}, {"Location": [["509.2", "210.0"], ["629.4", "210.0"], ["629.4", "383.4"], ["509.2", "383.4"]], "Type": "GATE"}, {"Location": [["515.6", "215.4"], ["623.0", "215.4"], ["623.0", "221.2"], ["515.6", "221.2"]], "Type": "SD"}], "Module": "M3", "Boundary": [["509.2", "210.0"], ["629.4", "210.0"], ["629.4", "391.0"], ["509.2", "391.0"]], "Module_type": "GATE"}, {"Ports": [{"Location": [["346.9", "601.0"], ["444.6", "601.0"], ["444.6", "605.4"], ["346.9", "605.4"]], "Type": "SD"}, {"Location": [["332.5", "414.7"], ["441.9", "414.7"], ["441.9", "448.3"], ["459.0", "448.3"], ["459.0", "599.6"], ["332.5", "599.6"]], "Type": "GATE"}, {"Location": [["339.1", "420.3"], ["434.3", "420.3"], ["434.3", "425.6"], ["339.1", "425.6"]], "Type": "SD"}], "Module": "M18", "Boundary": [["332.5", "414.7"], ["441.9", "414.7"], ["441.9", "448.3"], ["459.0", "448.3"], ["459.0", "605.4"], ["332.5", "605.4"]], "Module_type": "GATE"}, {"Ports": [{"Location": [["702.1", "297.2"], ["804.3", "297.2"], ["804.3", "302.9"], ["702.1", "302.9"]], "Type": "SD"}, {"Location": [["689.4", "170.6"], ["802.0", "170.6"], ["802.0", "224.0"], ["817.0", "224.0"], ["817.0", "294.4"], ["689.4", "294.4"]], "Type": "GATE"}, {"Location": [["694.5", "174.7"], ["795.9", "174.7"], ["795.9", "180.5"], ["694.5", "180.5"]], "Type": "SD"}], "Module": "M20", "Boundary": [["689.4", "170.6"], ["802.0", "170.6"], ["802.0", "224.0"], ["817.0", "224.0"], ["817.0", "302.9"], ["689.4", "302.9"]], "Module_type": "GATE"}, {"Ports": [{"Location": [["706.8", "466.2"], ["711.7", "466.2"], ["711.7", "571.8"], ["706.8", "571.8"]], "Type": "SD"}, {"Location": [["834.1", "452.3"], ["834.1", "571.5"], ["834.1", "571.5"], ["834.1", "585.7"], ["714.7", "585.7"], ["714.7", "452.3"]], "Type": "GATE"}, {"Location": [["822.4", "458.5"], ["828.9", "458.5"], ["828.9", "565.3"], ["822.4", "565.3"]], "Type": "SD"}], "Module": "M15", "Boundary": [["834.1", "452.3"], ["834.1", "571.5"], ["834.1", "571.5"], ["834.1", "585.7"], ["706.8", "585.7"], ["706.8", "452.3"]], "Module_type": "GATE"}, {"Ports": [{"Location": [["369.1", "24.1"], ["373.9", "24.1"], ["373.9", "103.5"], ["369.1", "103.5"]], "Type": "SD"}, {"Location": [["469.2", "10.0"], ["469.2", "104.1"], ["461.7", "104.1"], ["461.7", "117.6"], ["375.1", "117.6"], ["375.1", "10.0"]], "Type": "GATE"}, {"Location": [["456.9", "16.9"], ["463.3", "16.9"], ["463.3", "96.2"], ["456.9", "96.2"]], "Type": "SD"}], "Module": "M12", "Boundary": [["469.2", "10.0"], ["469.2", "104.1"], ["461.7", "104.1"], ["461.7", "117.6"], ["369.1", "117.6"], ["369.1", "10.0"]], "Module_type": "GATE"}, {"Ports": [{"Location": [["139.8", "95.4"], ["185.3", "95.4"], ["185.3", "99.8"], ["139.8", "99.8"]], "Type": "SD"}, {"Location": [["129.1", "10.0"], ["184.0", "10.0"], ["184.0", "50.4"], ["196.0", "50.4"], ["196.0", "93.2"], ["129.1", "93.2"]], "Type": "GATE"}, {"Location": [["134.8", "14.7"], ["177.3", "14.7"], ["177.3", "19.2"], ["134.8", "19.2"]], "Type": "SD"}], "Module": "M8", "Boundary": [["129.1", "10.0"], ["184.0", "10.0"], ["184.0", "50.4"], ["196.0", "50.4"], ["196.0", "99.8"], ["129.1", "99.8"]], "Module_type": "GATE"}, {"Ports": [{"Location": [["494.3", "599.7"], ["566.3", "599.7"], ["566.3", "604.9"], ["494.3", "604.9"]], "Type": "SD"}, {"Location": [["479.0", "431.0"], ["566.1", "431.0"], ["566.1", "490.8"], ["581.6", "490.8"], ["581.6", "598.6"], ["479.0", "598.6"]], "Type": "GATE"}, {"Location": [["485.3", "436.3"], ["558.8", "436.3"], ["558.8", "443.0"], ["485.3", "443.0"]], "Type": "SD"}], "Module": "M4", "Boundary": [["479.0", "431.0"], ["566.1", "431.0"], ["566.1", "490.8"], ["581.6", "490.8"], ["581.6", "604.9"], ["479.0", "604.9"]], "Module_type": "GATE"}], "Area": [["-20.0", "-30.0"], ["876.1", "-30.0"], ["876.1", "645.4"], ["-20.0", "645.4"]], "Rules": ["GATE(5,5)", "SD(5,5)", "GATE_SD(0.5)", "GATE_ITO(0.5)", "SD_ITO(0.5)"]}