{"Modules": [{"Module": "M14", "Boundary": [["324.4", "10.0"], ["324.4", "146.3"], ["312.4", "146.3"], ["312.4", "162.0"], ["185.6", "162.0"], ["185.6", "10.0"]], "Module_type": "GATE", "Ports": [{"Location": [["185.6", "23.9"], ["191.2", "23.9"], ["191.2", "148.1"], ["185.6", "148.1"]], "Type": "SD"}, {"Location": [["324.4", "10.0"], ["324.4", "146.3"], ["312.4", "146.3"], ["312.4", "162.0"], ["193.8", "162.0"], ["193.8", "10.0"]], "Type": "GATE"}, {"Location": [["313.3", "16.9"], ["318.5", "16.9"], ["318.5", "138.4"], ["313.3", "138.4"]], "Type": "SD"}]}, {"Ports": [{"Location": [["215.7", "331.5"], ["219.9", "331.5"], ["219.9", "391.4"], ["215.7", "391.4"]], "Type": "SD"}, {"Location": [["290.8", "317.1"], ["290.8", "405.8"], ["221.7", "405.8"], ["221.7", "317.1"]], "Type": "GATE"}, {"Location": [["279.9", "323.9"], ["285.0", "323.9"], ["285.0", "399.0"], ["279.9", "399.0"]], "Type": "SD"}], "Module": "M9", "Boundary": [["290.8", "317.1"], ["290.8", "405.8"], ["215.7", "405.8"], ["215.7", "317.1"]], "Module_type": "GATE"}, {"Ports": [{"Location": [["862.3", "89.5"], ["917.2", "89.5"], ["917.2", "94.3"], ["862.3", "94.3"]], "Type": "SD"}, {"Location": [["850.6", "10.0"], ["913.2", "10.0"], ["913.2", "10.1"], ["928.9", "10.1"], ["928.9", "87.7"], ["850.6", "87.7"]], "Type": "GATE"}, {"Location": [["855.9", "14.3"], ["907.9", "14.3"], ["907.9", "19.6"], ["855.9", "19.6"]], "Type": "SD"}], "Module": "M5", "Boundary": [["850.6", "10.0"], ["913.2", "10.0"], ["913.2", "10.1"], ["928.9", "10.1"], ["928.9", "94.3"], ["850.6", "94.3"]], "Module_type": "GATE"}, {"Ports": [{"Location": [["619.5", "263.5"], ["623.6", "263.5"], ["623.6", "302.1"], ["619.5", "302.1"]], "Type": "SD"}, {"Location": [["821.4", "250.4"], ["821.4", "299.7"], ["821.4", "299.7"], ["821.4", "315.2"], ["624.6", "315.2"], ["624.6", "250.4"]], "Type": "GATE"}, {"Location": [["810.4", "257.1"], ["815.7", "257.1"], ["815.7", "293.0"], ["810.4", "293.0"]], "Type": "SD"}], "Module": "M11", "Boundary": [["821.4", "250.4"], ["821.4", "299.7"], ["821.4", "299.7"], ["821.4", "315.2"], ["619.5", "315.2"], ["619.5", "250.4"]], "Module_type": "GATE"}, {"Ports": [{"Location": [["851.4", "149.1"], ["856.1", "149.1"], ["856.1", "210.3"], ["851.4", "210.3"]], "Type": "SD"}, {"Location": [["1027.5", "136.8"], ["1027.5", "222.6"], ["857.5", "222.6"], ["857.5", "136.8"]], "Type": "GATE"}, {"Location": [["1017.1", "142.5"], ["1022.8", "142.5"], ["1022.8", "216.9"], ["1017.1", "216.9"]], "Type": "SD"}], "Module": "M1", "Boundary": [["1027.5", "136.8"], ["1027.5", "222.6"], ["851.4", "222.6"], ["851.4", "136.8"]], "Module_type": "GATE"}, {"Ports": [{"Location": [["175.2", "214.2"], ["180.8", "214.2"], ["180.8", "254.9"], ["175.2", "254.9"]], "Type": "SD"}, {"Location": [["301.0", "202.0"], ["301.0", "267.1"], ["181.9", "267.1"], ["181.9", "202.0"]], "Type": "GATE"}, {"Location": [["291.6", "207.3"], ["296.7", "207.3"], ["296.7", "261.8"], ["291.6", "261.8"]], "Type": "SD"}], "Module": "M19", "Boundary": [["301.0", "202.0"], ["301.0", "267.1"], ["175.2", "267.1"], ["175.2", "202.0"]], "Module_type": "GATE"}, {"Ports": [{"Location": [["25.2", "296.3"], ["120.0", "296.3"], ["120.0", "301.0"], ["25.2", "301.0"]], "Type": "SD"}, {"Location": [["10.0", "178.4"], ["117.8", "178.4"], ["117.8", "178.9"], ["135.2", "178.9"], ["135.2", "294.9"], ["10.0", "294.9"]], "Type": "GATE"}, {"Location": [["16.6", "184.0"], ["111.2", "184.0"], ["111.2", "191.0"], ["16.6", "191.0"]], "Type": "SD"}], "Module": "M6", "Boundary": [["10.0", "178.4"], ["117.8", "178.4"], ["117.8", "178.9"], ["135.2", "178.9"], ["135.2", "301.0"], ["10.0", "301.0"]], "Module_type": "GATE"}, {"Ports": [{"Location": [["464.8", "215.0"], ["470.3", "215.0"], ["470.3", "299.2"], ["464.8", "299.2"]], "Type": "SD"}, {"Location": [["589.5", "199.8"], ["589.5", "314.4"], ["472.7", "314.4"], ["472.7", "199.8"]], "Type": "GATE"}, {"Location": [["577.8", "205.9"], ["584.4", "205.9"], ["584.4", "289.1"], ["577.8", "289.1"]], "Type": "SD"}], "Module": "M2", "Boundary": [["589.5", "199.8"], ["589.5", "314.4"], ["464.8", "314.4"], ["464.8", "199.8"]], "Module_type": "GATE"}, {"Ports": [{"Location": [["672.9", "195.0"], ["795.3", "195.0"], ["795.3", "200.4"], ["672.9", "200.4"]], "Type": "SD"}, {"Location": [["657.6", "30.0"], ["795.2", "30.0"], ["795.2", "130.3"], ["810.6", "130.3"], ["810.6", "194.0"], ["657.6", "194.0"]], "Type": "GATE"}, {"Location": [["664.5", "35.9"], ["787.3", "35.9"], ["787.3", "43.2"], ["664.5", "43.2"]], "Type": "SD"}], "Module": "M16", "Boundary": [["657.6", "30.0"], ["795.2", "30.0"], ["795.2", "130.3"], ["810.6", "130.3"], ["810.6", "200.4"], ["657.6", "200.4"]], "Module_type": "GATE"}, {"Ports": [{"Location": [["944.2", "402.4"], ["1001.5", "402.4"], ["1001.5", "407.5"], ["944.2", "407.5"]], "Type": "SD"}, {"Location": [["931.5", "262.6"], ["997.6", "262.6"], ["997.6", "262.7"], ["1014.2", "262.7"], ["1014.2", "400.7"], ["931.5", "400.7"]], "Type": "GATE"}, {"Location": [["936.9", "267.0"], ["992.2", "267.0"], ["992.2", "272.7"], ["936.9", "272.7"]], "Type": "SD"}], "Module": "M13", "Boundary": [["931.5", "262.6"], ["997.6", "262.6"], ["997.6", "262.7"], ["1014.2", "262.7"], ["1014.2", "407.5"], ["931.5", "407.5"]], "Module_type": "GATE"}, {"Ports": [{"Location": [["365.7", "166.0"], ["423.5", "166.0"], ["423.5", "171.1"], ["365.7", "171.1"]], "Type": "SD"}, {"Location": [["354.4", "20.0"], ["422.9", "20.0"], ["422.9", "95.4"], ["434.8", "95.4"], ["434.8", "163.1"], ["354.4", "163.1"]], "Type": "GATE"}, {"Location": [["360.0", "24.6"], ["416.3", "24.6"], ["416.3", "29.8"], ["360.0", "29.8"]], "Type": "SD"}], "Module": "M10", "Boundary": [["354.4", "20.0"], ["422.9", "20.0"], ["422.9", "95.4"], ["434.8", "95.4"], ["434.8", "171.1"], ["354.4", "171.1"]], "Module_type": "GATE"}, {"Ports": [{"Location": [["703.4", "358.8"], ["709.1", "358.8"], ["709.1", "409.4"], ["703.4", "409.4"]], "Type": "SD"}, {"Location": [["891.5", "345.2"], ["891.5", "408.2"], ["891.3", "408.2"], ["891.3", "423.0"], ["710.4", "423.0"], ["710.4", "345.2"]], "Type": "GATE"}, {"Location": [["880.6", "351.7"], ["886.0", "351.7"], ["886.0", "401.7"], ["880.6", "401.7"]], "Type": "SD"}], "Module": "M7", "Boundary": [["891.5", "345.2"], ["891.5", "408.2"], ["891.3", "408.2"], ["891.3", "423.0"], ["703.4", "423.0"], ["703.4", "345.2"]], "Module_type": "GATE"}, {"Ports": [{"Location": [["30.0", "44.3"], ["34.2", "44.3"], ["34.2", "124.1"], ["30.0", "124.1"]], "Type": "SD"}, {"Location": [["36.9", "117.8"], ["36.9", "30.1"], ["145.6", "30.1"], ["145.6", "138.3"], ["60.2", "138.3"], ["60.2", "117.8"]], "Type": "GATE"}, {"Location": [["134.1", "35.4"], ["141.2", "35.4"], ["141.2", "133.0"], ["134.1", "133.0"]], "Type": "SD"}], "Module": "M3", "Boundary": [["30.0", "117.8"], ["30.0", "30.1"], ["145.6", "30.1"], ["145.6", "138.3"], ["60.2", "138.3"], ["60.2", "117.8"]], "Module_type": "GATE"}, {"Ports": [{"Location": [["962.2", "112.0"], ["1014.1", "112.0"], ["1014.1", "116.8"], ["962.2", "116.8"]], "Type": "SD"}, {"Location": [["948.9", "10.0"], ["1013.5", "10.0"], ["1013.5", "59.1"], ["1027.4", "59.1"], ["1027.4", "109.7"], ["948.9", "109.7"]], "Type": "GATE"}, {"Location": [["954.9", "15.0"], ["1006.5", "15.0"], ["1006.5", "21.7"], ["954.9", "21.7"]], "Type": "SD"}], "Module": "M18", "Boundary": [["948.9", "10.0"], ["1013.5", "10.0"], ["1013.5", "59.1"], ["1027.4", "59.1"], ["1027.4", "116.8"], ["948.9", "116.8"]], "Module_type": "GATE"}, {"Ports": [{"Location": [["484.8", "43.5"], ["490.6", "43.5"], ["490.6", "146.3"], ["484.8", "146.3"]], "Type": "SD"}, {"Location": [["597.6", "30.0"], ["597.6", "144.7"], ["555.4", "144.7"], ["555.4", "159.8"], ["492.9", "159.8"], ["492.9", "30.0"]], "Type": "GATE"}, {"Location": [["587.3", "35.6"], ["593.0", "35.6"], ["593.0", "138.1"], ["587.3", "138.1"]], "Type": "SD"}], "Module": "M20", "Boundary": [["597.6", "30.0"], ["597.6", "144.7"], ["555.4", "144.7"], ["555.4", "159.8"], ["484.8", "159.8"], ["484.8", "30.0"]], "Module_type": "GATE"}, {"Ports": [{"Location": [["320.8", "371.1"], ["325.1", "371.1"], ["325.1", "412.5"], ["320.8", "412.5"]], "Type": "SD"}, {"Location": [["436.1", "356.5"], ["436.1", "409.7"], ["435.9", "409.7"], ["435.9", "427.1"], ["326.1", "427.1"], ["326.1", "356.5"]], "Type": "GATE"}, {"Location": [["424.8", "362.2"], ["431.4", "362.2"], ["431.4", "404.0"], ["424.8", "404.0"]], "Type": "SD"}], "Module": "M15", "Boundary": [["436.1", "356.5"], ["436.1", "409.7"], ["435.9", "409.7"], ["435.9", "427.1"], ["320.8", "427.1"], ["320.8", "356.5"]], "Module_type": "GATE"}, {"Ports": [{"Location": [["559.3", "357.6"], ["563.5", "357.6"], ["563.5", "410.0"], ["559.3", "410.0"]], "Type": "SD"}, {"Location": [["683.4", "345.2"], ["683.4", "408.0"], ["643.4", "408.0"], ["643.4", "422.4"], ["565.5", "422.4"], ["565.5", "345.2"]], "Type": "GATE"}, {"Location": [["673.8", "350.8"], ["678.8", "350.8"], ["678.8", "401.4"], ["673.8", "401.4"]], "Type": "SD"}], "Module": "M12", "Boundary": [["683.4", "345.2"], ["683.4", "408.0"], ["643.4", "408.0"], ["643.4", "422.4"], ["559.3", "422.4"], ["559.3", "345.2"]], "Module_type": "GATE"}, {"Ports": [{"Location": [["477.0", "420.3"], ["527.1", "420.3"], ["527.1", "425.2"], ["477.0", "425.2"]], "Type": "SD"}, {"Location": [["464.8", "334.4"], ["525.8", "334.4"], ["525.8", "361.0"], ["539.3", "361.0"], ["539.3", "417.4"], ["464.8", "417.4"]], "Type": "GATE"}, {"Location": [["470.9", "339.5"], ["518.7", "339.5"], ["518.7", "344.6"], ["470.9", "344.6"]], "Type": "SD"}], "Module": "M8", "Boundary": [["464.8", "334.4"], ["525.8", "334.4"], ["525.8", "361.0"], ["539.3", "361.0"], ["539.3", "425.2"], ["464.8", "425.2"]], "Module_type": "GATE"}, {"Ports": [{"Location": [["10.0", "333.2"], ["15.9", "333.2"], ["15.9", "414.0"], ["10.0", "414.0"]], "Type": "SD"}, {"Location": [["185.7", "321.0"], ["185.7", "412.6"], ["170.9", "412.6"], ["170.9", "426.2"], ["17.1", "426.2"], ["17.1", "321.0"]], "Type": "GATE"}, {"Location": [["175.1", "326.5"], ["181.2", "326.5"], ["181.2", "406.1"], ["175.1", "406.1"]], "Type": "SD"}], "Module": "M4", "Boundary": [["185.7", "321.0"], ["185.7", "412.6"], ["170.9", "412.6"], ["170.9", "426.2"], ["10.0", "426.2"], ["10.0", "321.0"]], "Module_type": "GATE"}, {"Ports": [{"Location": [["354.7", "330.8"], ["428.8", "330.8"], ["428.8", "336.5"], ["354.7", "336.5"]], "Type": "SD"}, {"Location": [["341.0", "201.1"], ["442.5", "201.1"], ["442.5", "329.1"], ["341.0", "329.1"]], "Type": "GATE"}, {"Location": [["347.1", "206.2"], ["436.4", "206.2"], ["436.4", "212.1"], ["347.1", "212.1"]], "Type": "SD"}], "Module": "M17", "Boundary": [["341.0", "201.1"], ["442.5", "201.1"], ["442.5", "336.5"], ["341.0", "336.5"]], "Module_type": "GATE"}], "Area": [["-30.0", "-30.0"], ["1067.5", "-30.0"], ["1067.5", "467.1"], ["-30.0", "467.1"]], "Rules": ["GATE(5,5)", "SD(5,5)", "GATE_SD(0.5)", "GATE_ITO(0.5)", "SD_ITO(0.5)"]}