{"Modules": [{"Module": "M14", "Boundary": [["523.8", "414.4"], ["588.2", "414.4"], ["588.2", "534.5"], ["602.7", "534.5"], ["602.7", "636.1"], ["523.8", "636.1"]], "Module_type": "GATE", "Ports": [{"Location": [["536.1", "631.8"], ["590.4", "631.8"], ["590.4", "636.1"], ["536.1", "636.1"]], "Type": "SD"}, {"Location": [["523.8", "414.4"], ["588.2", "414.4"], ["588.2", "534.5"], ["602.7", "534.5"], ["602.7", "630.6"], ["523.8", "630.6"]], "Type": "GATE"}, {"Location": [["530.6", "420.2"], ["580.4", "420.2"], ["580.4", "424.4"], ["530.6", "424.4"]], "Type": "SD"}]}, {"Ports": [{"Location": [["643.4", "376.0"], ["647.9", "376.0"], ["647.9", "459.8"], ["643.4", "459.8"]], "Type": "SD"}, {"Location": [["815.8", "363.3"], ["815.8", "472.5"], ["650.7", "472.5"], ["650.7", "363.3"]], "Type": "GATE"}, {"Location": [["804.9", "368.5"], ["811.6", "368.5"], ["811.6", "467.3"], ["804.9", "467.3"]], "Type": "SD"}], "Module": "M9", "Boundary": [["815.8", "363.3"], ["815.8", "472.5"], ["643.4", "472.5"], ["643.4", "363.3"]], "Module_type": "GATE"}, {"Ports": [{"Location": [["528.2", "186.8"], ["597.5", "186.8"], ["597.5", "191.6"], ["528.2", "191.6"]], "Type": "SD"}, {"Location": [["513.1", "10.0"], ["612.6", "10.0"], ["612.6", "183.9"], ["513.1", "183.9"]], "Type": "GATE"}, {"Location": [["520.0", "15.9"], ["605.7", "15.9"], ["605.7", "22.8"], ["520.0", "22.8"]], "Type": "SD"}], "Module": "M5", "Boundary": [["513.1", "10.0"], ["612.6", "10.0"], ["612.6", "191.6"], ["513.1", "191.6"]], "Module_type": "GATE"}, {"Ports": [{"Location": [["176.3", "330.6"], ["237.5", "330.6"], ["237.5", "335.1"], ["176.3", "335.1"]], "Type": "SD"}, {"Location": [["161.7", "148.5"], ["234.3", "148.5"], ["234.3", "148.6"], ["252.1", "148.6"], ["252.1", "328.4"], ["161.7", "328.4"]], "Type": "GATE"}, {"Location": [["168.5", "154.3"], ["227.5", "154.3"], ["227.5", "160.4"], ["168.5", "160.4"]], "Type": "SD"}], "Module": "M11", "Boundary": [["161.7", "148.5"], ["234.3", "148.5"], ["234.3", "148.6"], ["252.1", "148.6"], ["252.1", "335.1"], ["161.7", "335.1"]], "Module_type": "GATE"}, {"Ports": [{"Location": [["300.1", "380.2"], ["304.6", "380.2"], ["304.6", "477.3"], ["300.1", "477.3"]], "Type": "SD"}, {"Location": [["503.8", "367.9"], ["503.8", "489.6"], ["306.0", "489.6"], ["306.0", "367.9"]], "Type": "GATE"}, {"Location": [["494.3", "373.6"], ["499.1", "373.6"], ["499.1", "483.9"], ["494.3", "483.9"]], "Type": "SD"}], "Module": "M1", "Boundary": [["503.8", "367.9"], ["503.8", "489.6"], ["300.1", "489.6"], ["300.1", "367.9"]], "Module_type": "GATE"}, {"Ports": [{"Location": [["660.8", "200.2"], ["666.1", "200.2"], ["666.1", "299.4"], ["660.8", "299.4"]], "Type": "SD"}, {"Location": [["795.6", "186.3"], ["795.6", "297.9"], ["795.0", "297.9"], ["795.0", "313.3"], ["667.9", "313.3"], ["667.9", "186.3"]], "Type": "GATE"}, {"Location": [["783.6", "192.0"], ["790.9", "192.0"], ["790.9", "292.2"], ["783.6", "292.2"]], "Type": "SD"}], "Module": "M19", "Boundary": [["795.6", "186.3"], ["795.6", "297.9"], ["795.0", "297.9"], ["795.0", "313.3"], ["660.8", "313.3"], ["660.8", "186.3"]], "Module_type": "GATE"}, {"Ports": [{"Location": [["622.7", "516.4"], ["627.9", "516.4"], ["627.9", "617.2"], ["622.7", "617.2"]], "Type": "SD"}, {"Location": [["820.1", "502.5"], ["820.1", "616.5"], ["717.3", "616.5"], ["717.3", "631.1"], ["629.8", "631.1"], ["629.8", "502.5"]], "Type": "GATE"}, {"Location": [["808.0", "508.8"], ["814.8", "508.8"], ["814.8", "609.2"], ["808.0", "609.2"]], "Type": "SD"}], "Module": "M6", "Boundary": [["820.1", "502.5"], ["820.1", "616.5"], ["717.3", "616.5"], ["717.3", "631.1"], ["622.7", "631.1"], ["622.7", "502.5"]], "Module_type": "GATE"}, {"Ports": [{"Location": [["151.7", "379.2"], ["156.3", "379.2"], ["156.3", "439.8"], ["151.7", "439.8"]], "Type": "SD"}, {"Location": [["255.5", "365.1"], ["255.5", "437.2"], ["232.1", "437.2"], ["232.1", "453.9"], ["158.6", "453.9"], ["158.6", "365.1"]], "Type": "GATE"}, {"Location": [["244.5", "371.4"], ["250.2", "371.4"], ["250.2", "429.9"], ["244.5", "429.9"]], "Type": "SD"}], "Module": "M2", "Boundary": [["255.5", "365.1"], ["255.5", "437.2"], ["232.1", "437.2"], ["232.1", "453.9"], ["151.7", "453.9"], ["151.7", "365.1"]], "Module_type": "GATE"}, {"Ports": [{"Location": [["652.6", "43.8"], ["657.6", "43.8"], ["657.6", "112.5"], ["652.6", "112.5"]], "Type": "SD"}, {"Location": [["805.1", "30.0"], ["805.1", "111.7"], ["754.3", "111.7"], ["754.3", "126.3"], ["659.8", "126.3"], ["659.8", "30.0"]], "Type": "GATE"}, {"Location": [["794.4", "35.6"], ["800.5", "35.6"], ["800.5", "105.1"], ["794.4", "105.1"]], "Type": "SD"}], "Module": "M16", "Boundary": [["805.1", "30.0"], ["805.1", "111.7"], ["754.3", "111.7"], ["754.3", "126.3"], ["652.6", "126.3"], ["652.6", "30.0"]], "Module_type": "GATE"}, {"Ports": [{"Location": [["43.3", "207.2"], ["98.4", "207.2"], ["98.4", "212.1"], ["43.3", "212.1"]], "Type": "SD"}, {"Location": [["30.0", "30.0"], ["111.7", "30.0"], ["111.7", "205.0"], ["30.0", "205.0"]], "Type": "GATE"}, {"Location": [["36.5", "35.5"], ["105.2", "35.5"], ["105.2", "40.0"], ["36.5", "40.0"]], "Type": "SD"}], "Module": "M13", "Boundary": [["30.0", "30.0"], ["111.7", "30.0"], ["111.7", "212.1"], ["30.0", "212.1"]], "Module_type": "GATE"}, {"Ports": [{"Location": [["175.8", "626.3"], ["256.0", "626.3"], ["256.0", "630.5"], ["175.8", "630.5"]], "Type": "SD"}, {"Location": [["161.7", "483.9"], ["253.0", "483.9"], ["253.0", "508.1"], ["270.1", "508.1"], ["270.1", "624.8"], ["161.7", "624.8"]], "Type": "GATE"}, {"Location": [["167.3", "488.5"], ["246.4", "488.5"], ["246.4", "494.8"], ["167.3", "494.8"]], "Type": "SD"}], "Module": "M10", "Boundary": [["161.7", "483.9"], ["253.0", "483.9"], ["253.0", "508.1"], ["270.1", "508.1"], ["270.1", "630.5"], ["161.7", "630.5"]], "Module_type": "GATE"}, {"Ports": [{"Location": [["556.1", "389.7"], ["600.6", "389.7"], ["600.6", "394.4"], ["556.1", "394.4"]], "Type": "SD"}, {"Location": [["543.3", "300.8"], ["600.6", "300.8"], ["600.6", "301.0"], ["613.4", "301.0"], ["613.4", "388.3"], ["543.3", "388.3"]], "Type": "GATE"}, {"Location": [["550.0", "306.5"], ["593.9", "306.5"], ["593.9", "311.9"], ["550.0", "311.9"]], "Type": "SD"}], "Module": "M7", "Boundary": [["543.3", "300.8"], ["600.6", "300.8"], ["600.6", "301.0"], ["613.4", "301.0"], ["613.4", "394.4"], ["543.3", "394.4"]], "Module_type": "GATE"}, {"Ports": [{"Location": [["42.3", "596.4"], ["94.8", "596.4"], ["94.8", "600.9"], ["42.3", "600.9"]], "Type": "SD"}, {"Location": [["30.0", "423.7"], ["92.0", "423.7"], ["92.0", "423.9"], ["107.1", "423.9"], ["107.1", "593.9"], ["30.0", "593.9"]], "Type": "GATE"}, {"Location": [["35.0", "427.7"], ["87.0", "427.7"], ["87.0", "434.3"], ["35.0", "434.3"]], "Type": "SD"}], "Module": "M3", "Boundary": [["30.0", "423.7"], ["92.0", "423.7"], ["92.0", "423.9"], ["107.1", "423.9"], ["107.1", "600.9"], ["30.0", "600.9"]], "Module_type": "GATE"}, {"Ports": [{"Location": [["166.1", "113.8"], ["287.2", "113.8"], ["287.2", "118.5"], ["166.1", "118.5"]], "Type": "SD"}, {"Location": [["151.7", "10.0"], ["286.4", "10.0"], ["286.4", "51.0"], ["301.6", "51.0"], ["301.6", "112.4"], ["151.7", "112.4"]], "Type": "GATE"}, {"Location": [["158.3", "15.6"], ["278.8", "15.6"], ["278.8", "22.4"], ["158.3", "22.4"]], "Type": "SD"}], "Module": "M18", "Boundary": [["151.7", "10.0"], ["286.4", "10.0"], ["286.4", "51.0"], ["301.6", "51.0"], ["301.6", "118.5"], ["151.7", "118.5"]], "Module_type": "GATE"}, {"Ports": [{"Location": [["315.4", "323.6"], ["397.2", "323.6"], ["397.2", "327.9"], ["315.4", "327.9"]], "Type": "SD"}, {"Location": [["302.1", "171.4"], ["396.4", "171.4"], ["396.4", "224.6"], ["410.5", "224.6"], ["410.5", "321.6"], ["302.1", "321.6"]], "Type": "GATE"}, {"Location": [["308.1", "176.4"], ["389.4", "176.4"], ["389.4", "182.4"], ["308.1", "182.4"]], "Type": "SD"}], "Module": "M20", "Boundary": [["302.1", "171.4"], ["396.4", "171.4"], ["396.4", "224.6"], ["410.5", "224.6"], ["410.5", "327.9"], ["302.1", "327.9"]], "Module_type": "GATE"}, {"Ports": [{"Location": [["554.4", "275.5"], ["609.7", "275.5"], ["609.7", "280.8"], ["554.4", "280.8"]], "Type": "SD"}, {"Location": [["543.3", "211.6"], ["604.9", "211.6"], ["604.9", "211.9"], ["620.8", "211.9"], ["620.8", "274.3"], ["543.3", "274.3"]], "Type": "GATE"}, {"Location": [["548.5", "215.8"], ["599.7", "215.8"], ["599.7", "220.2"], ["548.5", "220.2"]], "Type": "SD"}], "Module": "M15", "Boundary": [["543.3", "211.6"], ["604.9", "211.6"], ["604.9", "211.9"], ["620.8", "211.9"], ["620.8", "280.8"], ["543.3", "280.8"]], "Module_type": "GATE"}, {"Ports": [{"Location": [["23.6", "379.7"], ["116.8", "379.7"], ["116.8", "383.7"], ["23.6", "383.7"]], "Type": "SD"}, {"Location": [["10.0", "252.1"], ["116.9", "252.1"], ["116.9", "284.7"], ["130.4", "284.7"], ["130.4", "377.7"], ["10.0", "377.7"]], "Type": "GATE"}, {"Location": [["16.3", "257.4"], ["109.6", "257.4"], ["109.6", "263.8"], ["16.3", "263.8"]], "Type": "SD"}], "Module": "M12", "Boundary": [["10.0", "252.1"], ["116.9", "252.1"], ["116.9", "284.7"], ["130.4", "284.7"], ["130.4", "383.7"], ["10.0", "383.7"]], "Module_type": "GATE"}, {"Ports": [{"Location": [["300.1", "523.7"], ["306.1", "523.7"], ["306.1", "620.4"], ["300.1", "620.4"]], "Type": "SD"}, {"Location": [["494.0", "509.6"], ["494.0", "620.6"], ["377.9", "620.6"], ["377.9", "634.5"], ["308.6", "634.5"], ["308.6", "509.6"]], "Type": "GATE"}, {"Location": [["481.5", "516.3"], ["488.3", "516.3"], ["488.3", "612.9"], ["481.5", "612.9"]], "Type": "SD"}], "Module": "M8", "Boundary": [["494.0", "509.6"], ["494.0", "620.6"], ["377.9", "620.6"], ["377.9", "634.5"], ["300.1", "634.5"], ["300.1", "509.6"]], "Module_type": "GATE"}, {"Ports": [{"Location": [["463.8", "332.7"], ["510.0", "332.7"], ["510.0", "337.3"], ["463.8", "337.3"]], "Type": "SD"}, {"Location": [["450.5", "211.6"], ["510.9", "211.6"], ["510.9", "262.1"], ["523.3", "262.1"], ["523.3", "331.4"], ["450.5", "331.4"]], "Type": "GATE"}, {"Location": [["456.9", "217.0"], ["503.5", "217.0"], ["503.5", "223.4"], ["456.9", "223.4"]], "Type": "SD"}], "Module": "M4", "Boundary": [["450.5", "211.6"], ["510.9", "211.6"], ["510.9", "262.1"], ["523.3", "262.1"], ["523.3", "337.3"], ["450.5", "337.3"]], "Module_type": "GATE"}], "Area": [["-30.0", "-30.0"], ["860.1", "-30.0"], ["860.1", "676.1"], ["-30.0", "676.1"]], "Rules": ["GATE(5,5)", "SD(5,5)", "GATE_SD(0.5)", "GATE_ITO(0.5)", "SD_ITO(0.5)"]}