{"Modules": [{"Module": "M14", "Boundary": [["212.8", "175.3"], ["338.7", "175.3"], ["338.7", "206.9"], ["354.3", "206.9"], ["354.3", "278.5"], ["212.8", "278.5"]], "Module_type": "GATE", "Ports": [{"Location": [["227.0", "274.1"], ["340.1", "274.1"], ["340.1", "278.5"], ["227.0", "278.5"]], "Type": "SD"}, {"Location": [["212.8", "175.3"], ["338.7", "175.3"], ["338.7", "206.9"], ["354.3", "206.9"], ["354.3", "271.8"], ["212.8", "271.8"]], "Type": "GATE"}, {"Location": [["218.6", "180.1"], ["330.9", "180.1"], ["330.9", "186.6"], ["218.6", "186.6"]], "Type": "SD"}]}, {"Ports": [{"Location": [["180.2", "604.2"], ["251.4", "604.2"], ["251.4", "609.0"], ["180.2", "609.0"]], "Type": "SD"}, {"Location": [["166.5", "456.2"], ["248.9", "456.2"], ["248.9", "456.2"], ["265.1", "456.2"], ["265.1", "602.7"], ["166.5", "602.7"]], "Type": "GATE"}, {"Location": [["172.7", "461.4"], ["242.7", "461.4"], ["242.7", "467.3"], ["172.7", "467.3"]], "Type": "SD"}], "Module": "M9", "Boundary": [["166.5", "456.2"], ["248.9", "456.2"], ["248.9", "456.2"], ["265.1", "456.2"], ["265.1", "609.0"], ["166.5", "609.0"]], "Module_type": "GATE"}, {"Ports": [{"Location": [["244.7", "655.6"], ["249.5", "655.6"], ["249.5", "701.0"], ["244.7", "701.0"]], "Type": "SD"}, {"Location": [["440.6", "644.4"], ["440.6", "699.1"], ["440.3", "699.1"], ["440.3", "712.2"], ["250.6", "712.2"], ["250.6", "644.4"]], "Type": "GATE"}, {"Location": [["431.1", "649.6"], ["436.4", "649.6"], ["436.4", "693.9"], ["431.1", "693.9"]], "Type": "SD"}], "Module": "M5", "Boundary": [["440.6", "644.4"], ["440.6", "699.1"], ["440.3", "699.1"], ["440.3", "712.2"], ["244.7", "712.2"], ["244.7", "644.4"]], "Module_type": "GATE"}, {"Ports": [{"Location": [["157.8", "934.4"], ["163.0", "934.4"], ["163.0", "991.1"], ["157.8", "991.1"]], "Type": "SD"}, {"Location": [["356.5", "921.3"], ["356.5", "1004.2"], ["165.1", "1004.2"], ["165.1", "921.3"]], "Type": "GATE"}, {"Location": [["346.7", "926.7"], ["352.1", "926.7"], ["352.1", "998.8"], ["346.7", "998.8"]], "Type": "SD"}], "Module": "M11", "Boundary": [["356.5", "921.3"], ["356.5", "1004.2"], ["157.8", "1004.2"], ["157.8", "921.3"]], "Module_type": "GATE"}, {"Ports": [{"Location": [["168.6", "386.8"], ["231.4", "386.8"], ["231.4", "390.8"], ["168.6", "390.8"]], "Type": "SD"}, {"Location": [["157.7", "323.9"], ["242.3", "323.9"], ["242.3", "384.3"], ["157.7", "384.3"]], "Type": "GATE"}, {"Location": [["162.9", "328.1"], ["237.1", "328.1"], ["237.1", "332.8"], ["162.9", "332.8"]], "Type": "SD"}], "Module": "M1", "Boundary": [["157.7", "323.9"], ["242.3", "323.9"], ["242.3", "390.8"], ["157.7", "390.8"]], "Module_type": "GATE"}, {"Ports": [{"Location": [["282.3", "334.9"], ["287.1", "334.9"], ["287.1", "388.9"], ["282.3", "388.9"]], "Type": "SD"}, {"Location": [["480.3", "321.0"], ["480.3", "387.4"], ["480.3", "387.4"], ["480.3", "402.8"], ["289.0", "402.8"], ["289.0", "321.0"]], "Type": "GATE"}, {"Location": [["468.2", "327.9"], ["474.4", "327.9"], ["474.4", "380.5"], ["468.2", "380.5"]], "Type": "SD"}], "Module": "M19", "Boundary": [["480.3", "321.0"], ["480.3", "387.4"], ["480.3", "387.4"], ["480.3", "402.8"], ["282.3", "402.8"], ["282.3", "321.0"]], "Module_type": "GATE"}, {"Ports": [{"Location": [["405.6", "152.7"], ["477.2", "152.7"], ["477.2", "158.7"], ["405.6", "158.7"]], "Type": "SD"}, {"Location": [["391.0", "10.0"], ["476.5", "10.0"], ["476.5", "47.5"], ["491.8", "47.5"], ["491.8", "151.6"], ["391.0", "151.6"]], "Type": "GATE"}, {"Location": [["397.4", "15.4"], ["469.1", "15.4"], ["469.1", "21.2"], ["397.4", "21.2"]], "Type": "SD"}], "Module": "M6", "Boundary": [["391.0", "10.0"], ["476.5", "10.0"], ["476.5", "47.5"], ["491.8", "47.5"], ["491.8", "158.7"], ["391.0", "158.7"]], "Module_type": "GATE"}, {"Ports": [{"Location": [["10.0", "942.7"], ["15.8", "942.7"], ["15.8", "999.8"], ["10.0", "999.8"]], "Type": "SD"}, {"Location": [["119.3", "930.9"], ["119.3", "996.2"], ["85.7", "996.2"], ["85.7", "1011.6"], ["18.1", "1011.6"], ["18.1", "930.9"]], "Type": "GATE"}, {"Location": [["109.9", "936.4"], ["114.8", "936.4"], ["114.8", "989.7"], ["109.9", "989.7"]], "Type": "SD"}], "Module": "M2", "Boundary": [["119.3", "930.9"], ["119.3", "996.2"], ["85.7", "996.2"], ["85.7", "1011.6"], ["10.0", "1011.6"], ["10.0", "930.9"]], "Module_type": "GATE"}, {"Ports": [{"Location": [["30.0", "174.4"], ["34.2", "174.4"], ["34.2", "272.5"], ["30.0", "272.5"]], "Type": "SD"}, {"Location": [["172.8", "163.0"], ["172.8", "269.8"], ["100.2", "269.8"], ["100.2", "283.9"], ["35.7", "283.9"], ["35.7", "163.0"]], "Type": "GATE"}, {"Location": [["163.4", "168.2"], ["168.6", "168.2"], ["168.6", "263.6"], ["163.4", "263.6"]], "Type": "SD"}], "Module": "M16", "Boundary": [["172.8", "163.0"], ["172.8", "269.8"], ["100.2", "269.8"], ["100.2", "283.9"], ["30.0", "283.9"], ["30.0", "163.0"]], "Module_type": "GATE"}, {"Ports": [{"Location": [["30.0", "358.3"], ["34.6", "358.3"], ["34.6", "391.8"], ["30.0", "391.8"]], "Type": "SD"}, {"Location": [["117.7", "343.9"], ["117.7", "406.2"], ["36.8", "406.2"], ["36.8", "343.9"]], "Type": "GATE"}, {"Location": [["105.0", "350.6"], ["112.0", "350.6"], ["112.0", "399.5"], ["105.0", "399.5"]], "Type": "SD"}], "Module": "M13", "Boundary": [["117.7", "343.9"], ["117.7", "406.2"], ["30.0", "406.2"], ["30.0", "343.9"]], "Module_type": "GATE"}, {"Ports": [{"Location": [["157.8", "754.9"], ["163.2", "754.9"], ["163.2", "868.6"], ["157.8", "868.6"]], "Type": "SD"}, {"Location": [["357.9", "742.2"], ["357.9", "867.0"], ["287.6", "867.0"], ["287.6", "881.3"], ["165.2", "881.3"], ["165.2", "742.2"]], "Type": "GATE"}, {"Location": [["347.6", "747.8"], ["353.3", "747.8"], ["353.3", "860.4"], ["347.6", "860.4"]], "Type": "SD"}], "Module": "M10", "Boundary": [["357.9", "742.2"], ["357.9", "867.0"], ["287.6", "867.0"], ["287.6", "881.3"], ["157.8", "881.3"], ["157.8", "742.2"]], "Module_type": "GATE"}, {"Ports": [{"Location": [["386.1", "275.1"], ["472.4", "275.1"], ["472.4", "281.0"], ["386.1", "281.0"]], "Type": "SD"}, {"Location": [["374.3", "178.7"], ["484.2", "178.7"], ["484.2", "273.0"], ["374.3", "273.0"]], "Type": "GATE"}, {"Location": [["379.7", "183.1"], ["478.8", "183.1"], ["478.8", "188.2"], ["379.7", "188.2"]], "Type": "SD"}], "Module": "M7", "Boundary": [["374.3", "178.7"], ["484.2", "178.7"], ["484.2", "281.0"], ["374.3", "281.0"]], "Module_type": "GATE"}, {"Ports": [{"Location": [["407.9", "767.1"], ["412.4", "767.1"], ["412.4", "875.7"], ["407.9", "875.7"]], "Type": "SD"}, {"Location": [["485.2", "752.2"], ["485.2", "890.6"], ["413.8", "890.6"], ["413.8", "752.2"]], "Type": "GATE"}, {"Location": [["472.8", "759.1"], ["479.3", "759.1"], ["479.3", "883.7"], ["472.8", "883.7"]], "Type": "SD"}], "Module": "M3", "Boundary": [["485.2", "752.2"], ["485.2", "890.6"], ["407.9", "890.6"], ["407.9", "752.2"]], "Module_type": "GATE"}, {"Ports": [{"Location": [["23.1", "905.1"], ["114.7", "905.1"], ["114.7", "910.9"], ["23.1", "910.9"]], "Type": "SD"}, {"Location": [["10.0", "729.1"], ["114.6", "729.1"], ["114.6", "837.6"], ["127.8", "837.6"], ["127.8", "903.5"], ["10.0", "903.5"]], "Type": "GATE"}, {"Location": [["16.6", "734.7"], ["107.0", "734.7"], ["107.0", "740.1"], ["16.6", "740.1"]], "Type": "SD"}], "Module": "M18", "Boundary": [["10.0", "729.1"], ["114.6", "729.1"], ["114.6", "837.6"], ["127.8", "837.6"], ["127.8", "910.9"], ["10.0", "910.9"]], "Module_type": "GATE"}, {"Ports": [{"Location": [["315.1", "478.6"], ["320.4", "478.6"], ["320.4", "588.6"], ["315.1", "588.6"]], "Type": "SD"}, {"Location": [["484.0", "462.8"], ["484.0", "588.3"], ["455.4", "588.3"], ["455.4", "604.4"], ["321.5", "604.4"], ["321.5", "462.8"]], "Type": "GATE"}, {"Location": [["470.6", "469.7"], ["478.1", "469.7"], ["478.1", "580.4"], ["470.6", "580.4"]], "Type": "SD"}], "Module": "M20", "Boundary": [["484.0", "462.8"], ["484.0", "588.3"], ["455.4", "588.3"], ["455.4", "604.4"], ["315.1", "604.4"], ["315.1", "462.8"]], "Module_type": "GATE"}, {"Ports": [{"Location": [["10.0", "654.2"], ["16.0", "654.2"], ["16.0", "695.9"], ["10.0", "695.9"]], "Type": "SD"}, {"Location": [["224.7", "641.0"], ["224.7", "709.1"], ["19.0", "709.1"], ["19.0", "641.0"]], "Type": "GATE"}, {"Location": [["215.0", "646.5"], ["220.2", "646.5"], ["220.2", "703.6"], ["215.0", "703.6"]], "Type": "SD"}], "Module": "M15", "Boundary": [["224.7", "641.0"], ["224.7", "709.1"], ["10.0", "709.1"], ["10.0", "641.0"]], "Module_type": "GATE"}, {"Ports": [{"Location": [["244.1", "149.5"], ["358.2", "149.5"], ["358.2", "155.3"], ["244.1", "155.3"]], "Type": "SD"}, {"Location": [["231.3", "10.0"], ["356.7", "10.0"], ["356.7", "46.0"], ["371.0", "46.0"], ["371.0", "147.1"], ["231.3", "147.1"]], "Type": "GATE"}, {"Location": [["236.5", "14.2"], ["350.5", "14.2"], ["350.5", "20.4"], ["236.5", "20.4"]], "Type": "SD"}], "Module": "M12", "Boundary": [["231.3", "10.0"], ["356.7", "10.0"], ["356.7", "46.0"], ["371.0", "46.0"], ["371.0", "155.3"], ["231.3", "155.3"]], "Module_type": "GATE"}, {"Ports": [{"Location": [["403.1", "1003.5"], ["479.0", "1003.5"], ["479.0", "1007.5"], ["403.1", "1007.5"]], "Type": "SD"}, {"Location": [["387.9", "930.6"], ["478.0", "930.6"], ["478.0", "945.9"], ["494.2", "945.9"], ["494.2", "1000.8"], ["387.9", "1000.8"]], "Type": "GATE"}, {"Location": [["394.3", "936.0"], ["470.6", "936.0"], ["470.6", "943.0"], ["394.3", "943.0"]], "Type": "SD"}], "Module": "M8", "Boundary": [["387.9", "930.6"], ["478.0", "930.6"], ["478.0", "945.9"], ["494.2", "945.9"], ["494.2", "1007.5"], ["387.9", "1007.5"]], "Module_type": "GATE"}, {"Ports": [{"Location": [["21.5", "616.8"], ["125.0", "616.8"], ["125.0", "621.0"], ["21.5", "621.0"]], "Type": "SD"}, {"Location": [["10.0", "446.2"], ["121.5", "446.2"], ["121.5", "492.5"], ["136.5", "492.5"], ["136.5", "615.6"], ["10.0", "615.6"]], "Type": "GATE"}, {"Location": [["15.1", "450.3"], ["115.4", "450.3"], ["115.4", "455.2"], ["15.1", "455.2"]], "Type": "SD"}], "Module": "M4", "Boundary": [["10.0", "446.2"], ["121.5", "446.2"], ["121.5", "492.5"], ["136.5", "492.5"], ["136.5", "621.0"], ["10.0", "621.0"]], "Module_type": "GATE"}], "Area": [["-30.0", "-30.0"], ["534.2", "-30.0"], ["534.2", "1051.6"], ["-30.0", "1051.6"]], "Rules": ["GATE(5,5)", "SD(5,5)", "GATE_SD(0.5)", "GATE_ITO(0.5)", "SD_ITO(0.5)"]}