{"Modules": [{"Module": "M14", "Boundary": [["455.4", "145.8"], ["455.4", "261.5"], ["397.9", "261.5"], ["397.9", "276.5"], ["315.4", "276.5"], ["315.4", "145.8"]], "Module_type": "GATE", "Ports": [{"Location": [["315.4", "160.1"], ["319.4", "160.1"], ["319.4", "262.2"], ["315.4", "262.2"]], "Type": "SD"}, {"Location": [["455.4", "145.8"], ["455.4", "261.5"], ["397.9", "261.5"], ["397.9", "276.5"], ["321.3", "276.5"], ["321.3", "145.8"]], "Type": "GATE"}, {"Location": [["443.9", "152.2"], ["450.0", "152.2"], ["450.0", "254.1"], ["443.9", "254.1"]], "Type": "SD"}]}, {"Ports": [{"Location": [["166.2", "156.1"], ["271.3", "156.1"], ["271.3", "160.9"], ["166.2", "160.9"]], "Type": "SD"}, {"Location": [["152.1", "20.0"], ["285.4", "20.0"], ["285.4", "154.9"], ["152.1", "154.9"]], "Type": "GATE"}, {"Location": [["158.2", "25.1"], ["279.3", "25.1"], ["279.3", "32.5"], ["158.2", "32.5"]], "Type": "SD"}], "Module": "M9", "Boundary": [["152.1", "20.0"], ["285.4", "20.0"], ["285.4", "160.9"], ["152.1", "160.9"]], "Module_type": "GATE"}, {"Ports": [{"Location": [["10.0", "396.1"], ["15.1", "396.1"], ["15.1", "467.4"], ["10.0", "467.4"]], "Type": "SD"}, {"Location": [["126.7", "384.7"], ["126.7", "478.8"], ["16.3", "478.8"], ["16.3", "384.7"]], "Type": "GATE"}, {"Location": [["118.2", "389.8"], ["122.6", "389.8"], ["122.6", "473.7"], ["118.2", "473.7"]], "Type": "SD"}], "Module": "M5", "Boundary": [["126.7", "384.7"], ["126.7", "478.8"], ["10.0", "478.8"], ["10.0", "384.7"]], "Module_type": "GATE"}, {"Ports": [{"Location": [["170.4", "613.6"], ["264.2", "613.6"], ["264.2", "619.6"], ["170.4", "619.6"]], "Type": "SD"}, {"Location": [["156.7", "454.4"], ["277.9", "454.4"], ["277.9", "611.9"], ["156.7", "611.9"]], "Type": "GATE"}, {"Location": [["161.8", "458.5"], ["272.8", "458.5"], ["272.8", "465.2"], ["161.8", "465.2"]], "Type": "SD"}], "Module": "M11", "Boundary": [["156.7", "454.4"], ["277.9", "454.4"], ["277.9", "619.6"], ["156.7", "619.6"]], "Module_type": "GATE"}, {"Ports": [{"Location": [["613.6", "24.2"], ["618.6", "24.2"], ["618.6", "97.7"], ["613.6", "97.7"]], "Type": "SD"}, {"Location": [["831.1", "10.0"], ["831.1", "95.5"], ["830.9", "95.5"], ["830.9", "111.9"], ["620.5", "111.9"], ["620.5", "10.0"]], "Type": "GATE"}, {"Location": [["818.9", "15.9"], ["826.2", "15.9"], ["826.2", "89.6"], ["818.9", "89.6"]], "Type": "SD"}], "Module": "M1", "Boundary": [["831.1", "10.0"], ["831.1", "95.5"], ["830.9", "95.5"], ["830.9", "111.9"], ["613.6", "111.9"], ["613.6", "10.0"]], "Module_type": "GATE"}, {"Ports": [{"Location": [["174.0", "315.9"], ["179.3", "315.9"], ["179.3", "389.9"], ["174.0", "389.9"]], "Type": "SD"}, {"Location": [["273.9", "301.4"], ["273.9", "404.4"], ["181.9", "404.4"], ["181.9", "301.4"]], "Type": "GATE"}, {"Location": [["262.2", "307.3"], ["269.0", "307.3"], ["269.0", "398.5"], ["262.2", "398.5"]], "Type": "SD"}], "Module": "M19", "Boundary": [["273.9", "301.4"], ["273.9", "404.4"], ["174.0", "404.4"], ["174.0", "301.4"]], "Module_type": "GATE"}, {"Ports": [{"Location": [["631.4", "312.1"], ["635.9", "312.1"], ["635.9", "380.3"], ["631.4", "380.3"]], "Type": "SD"}, {"Location": [["828.7", "298.4"], ["828.7", "379.5"], ["743.4", "379.5"], ["743.4", "394.0"], ["638.8", "394.0"], ["638.8", "298.4"]], "Type": "GATE"}, {"Location": [["817.7", "305.0"], ["823.1", "305.0"], ["823.1", "371.9"], ["817.7", "371.9"]], "Type": "SD"}], "Module": "M6", "Boundary": [["828.7", "298.4"], ["828.7", "379.5"], ["743.4", "379.5"], ["743.4", "394.0"], ["631.4", "394.0"], ["631.4", "298.4"]], "Module_type": "GATE"}, {"Ports": [{"Location": [["25.2", "618.0"], ["109.4", "618.0"], ["109.4", "623.5"], ["25.2", "623.5"]], "Type": "SD"}, {"Location": [["10.0", "498.8"], ["124.6", "498.8"], ["124.6", "615.6"], ["10.0", "615.6"]], "Type": "GATE"}, {"Location": [["16.1", "503.9"], ["99.3", "503.9"], ["99.3", "510.5"], ["16.1", "510.5"]], "Type": "SD"}], "Module": "M2", "Boundary": [["10.0", "498.8"], ["124.6", "498.8"], ["124.6", "623.5"], ["10.0", "623.5"]], "Module_type": "GATE"}, {"Ports": [{"Location": [["681.7", "604.8"], ["796.5", "604.8"], ["796.5", "609.4"], ["681.7", "609.4"]], "Type": "SD"}, {"Location": [["669.1", "434.0"], ["794.8", "434.0"], ["794.8", "509.6"], ["809.1", "509.6"], ["809.1", "602.7"], ["669.1", "602.7"]], "Type": "GATE"}, {"Location": [["675.5", "439.4"], ["787.4", "439.4"], ["787.4", "444.6"], ["675.5", "444.6"]], "Type": "SD"}], "Module": "M16", "Boundary": [["669.1", "434.0"], ["794.8", "434.0"], ["794.8", "509.6"], ["809.1", "509.6"], ["809.1", "609.4"], ["669.1", "609.4"]], "Module_type": "GATE"}, {"Ports": [{"Location": [["335.4", "331.7"], ["340.9", "331.7"], ["340.9", "424.0"], ["335.4", "424.0"]], "Type": "SD"}, {"Location": [["461.1", "318.4"], ["461.1", "423.0"], ["460.5", "423.0"], ["460.5", "437.3"], ["343.6", "437.3"], ["343.6", "318.4"]], "Type": "GATE"}, {"Location": [["449.7", "324.6"], ["455.9", "324.6"], ["455.9", "416.8"], ["449.7", "416.8"]], "Type": "SD"}], "Module": "M13", "Boundary": [["461.1", "318.4"], ["461.1", "423.0"], ["460.5", "423.0"], ["460.5", "437.3"], ["335.4", "437.3"], ["335.4", "318.4"]], "Module_type": "GATE"}, {"Ports": [{"Location": [["31.4", "187.0"], ["100.7", "187.0"], ["100.7", "192.5"], ["31.4", "192.5"]], "Type": "SD"}, {"Location": [["20.0", "20.0"], ["100.5", "20.0"], ["100.5", "79.0"], ["112.1", "79.0"], ["112.1", "184.7"], ["20.0", "184.7"]], "Type": "GATE"}, {"Location": [["25.4", "24.4"], ["94.1", "24.4"], ["94.1", "29.9"], ["25.4", "29.9"]], "Type": "SD"}], "Module": "M10", "Boundary": [["20.0", "20.0"], ["100.5", "20.0"], ["100.5", "79.0"], ["112.1", "79.0"], ["112.1", "192.5"], ["20.0", "192.5"]], "Module_type": "GATE"}, {"Ports": [{"Location": [["166.4", "256.2"], ["279.1", "256.2"], ["279.1", "261.4"], ["166.4", "261.4"]], "Type": "SD"}, {"Location": [["154.0", "190.9"], ["291.5", "190.9"], ["291.5", "253.2"], ["154.0", "253.2"]], "Type": "GATE"}, {"Location": [["159.9", "195.8"], ["285.6", "195.8"], ["285.6", "200.8"], ["159.9", "200.8"]], "Type": "SD"}], "Module": "M7", "Boundary": [["154.0", "190.9"], ["291.5", "190.9"], ["291.5", "261.4"], ["154.0", "261.4"]], "Module_type": "GATE"}, {"Ports": [{"Location": [["493.5", "511.6"], ["497.7", "511.6"], ["497.7", "591.4"], ["493.5", "591.4"]], "Type": "SD"}, {"Location": [["500.4", "574.3"], ["500.4", "528.7"], ["449.5", "528.7"], ["449.5", "496.2"], ["610.1", "496.2"], ["610.1", "606.8"], ["449.5", "606.8"], ["449.5", "574.3"]], "Type": "GATE"}, {"Location": [["597.7", "502.7"], ["604.7", "502.7"], ["604.7", "600.3"], ["597.7", "600.3"]], "Type": "SD"}], "Module": "M3", "Boundary": [["493.5", "574.3"], ["493.5", "528.7"], ["449.5", "528.7"], ["449.5", "496.2"], ["610.1", "496.2"], ["610.1", "606.8"], ["449.5", "606.8"], ["449.5", "574.3"]], "Module_type": "GATE"}, {"Ports": [{"Location": [["726.7", "273.1"], ["812.9", "273.1"], ["812.9", "277.5"], ["726.7", "277.5"]], "Type": "SD"}, {"Location": [["712.7", "131.9"], ["812.0", "131.9"], ["812.0", "192.2"], ["826.9", "192.2"], ["826.9", "271.1"], ["712.7", "271.1"]], "Type": "GATE"}, {"Location": [["718.2", "136.4"], ["805.5", "136.4"], ["805.5", "143.2"], ["718.2", "143.2"]], "Type": "SD"}], "Module": "M18", "Boundary": [["712.7", "131.9"], ["812.0", "131.9"], ["812.0", "192.2"], ["826.9", "192.2"], ["826.9", "277.5"], ["712.7", "277.5"]], "Module_type": "GATE"}, {"Ports": [{"Location": [["327.9", "513.1"], ["332.1", "513.1"], ["332.1", "592.3"], ["327.9", "592.3"]], "Type": "SD"}, {"Location": [["433.5", "497.3"], ["433.5", "591.0"], ["393.8", "591.0"], ["393.8", "608.1"], ["334.5", "608.1"], ["334.5", "497.3"]], "Type": "GATE"}, {"Location": [["421.1", "504.2"], ["427.6", "504.2"], ["427.6", "583.1"], ["421.1", "583.1"]], "Type": "SD"}], "Module": "M20", "Boundary": [["433.5", "497.3"], ["433.5", "591.0"], ["393.8", "591.0"], ["393.8", "608.1"], ["327.9", "608.1"], ["327.9", "497.3"]], "Module_type": "GATE"}, {"Ports": [{"Location": [["10.0", "235.1"], ["14.6", "235.1"], ["14.6", "352.1"], ["10.0", "352.1"]], "Type": "SD"}, {"Location": [["134.0", "222.5"], ["134.0", "349.1"], ["134.0", "349.1"], ["134.0", "364.7"], ["16.5", "364.7"], ["16.5", "222.5"]], "Type": "GATE"}, {"Location": [["123.3", "228.2"], ["129.3", "228.2"], ["129.3", "343.4"], ["123.3", "343.4"]], "Type": "SD"}], "Module": "M15", "Boundary": [["134.0", "222.5"], ["134.0", "349.1"], ["134.0", "349.1"], ["134.0", "364.7"], ["10.0", "364.7"], ["10.0", "222.5"]], "Module_type": "GATE"}, {"Ports": [{"Location": [["315.4", "23.9"], ["320.8", "23.9"], ["320.8", "111.9"], ["315.4", "111.9"]], "Type": "SD"}, {"Location": [["487.2", "10.0"], ["487.2", "110.5"], ["473.1", "110.5"], ["473.1", "125.8"], ["323.1", "125.8"], ["323.1", "10.0"]], "Type": "GATE"}, {"Location": [["476.3", "16.1"], ["482.1", "16.1"], ["482.1", "103.4"], ["476.3", "103.4"]], "Type": "SD"}], "Module": "M12", "Boundary": [["487.2", "10.0"], ["487.2", "110.5"], ["473.1", "110.5"], ["473.1", "125.8"], ["315.4", "125.8"], ["315.4", "10.0"]], "Module_type": "GATE"}, {"Ports": [{"Location": [["475.4", "158.7"], ["481.4", "158.7"], ["481.4", "265.5"], ["475.4", "265.5"]], "Type": "SD"}, {"Location": [["692.7", "145.8"], ["692.7", "262.9"], ["615.1", "262.9"], ["615.1", "278.4"], ["484.0", "278.4"], ["484.0", "145.8"]], "Type": "GATE"}, {"Location": [["682.1", "151.2"], ["688.3", "151.2"], ["688.3", "256.5"], ["682.1", "256.5"]], "Type": "SD"}], "Module": "M8", "Boundary": [["692.7", "145.8"], ["692.7", "262.9"], ["615.1", "262.9"], ["615.1", "278.4"], ["475.4", "278.4"], ["475.4", "145.8"]], "Module_type": "GATE"}, {"Ports": [{"Location": [["501.1", "312.7"], ["506.0", "312.7"], ["506.0", "439.6"], ["501.1", "439.6"]], "Type": "SD"}, {"Location": [["611.4", "298.4"], ["611.4", "437.7"], ["560.9", "437.7"], ["560.9", "453.9"], ["508.7", "453.9"], ["508.7", "298.4"]], "Type": "GATE"}, {"Location": [["600.5", "304.0"], ["606.8", "304.0"], ["606.8", "431.1"], ["600.5", "431.1"]], "Type": "SD"}], "Module": "M4", "Boundary": [["611.4", "298.4"], ["611.4", "437.7"], ["560.9", "437.7"], ["560.9", "453.9"], ["501.1", "453.9"], ["501.1", "298.4"]], "Module_type": "GATE"}, {"Ports": [{"Location": [["520.5", "112.6"], ["580.3", "112.6"], ["580.3", "118.2"], ["520.5", "118.2"]], "Type": "SD"}, {"Location": [["507.2", "10.0"], ["576.1", "10.0"], ["576.1", "10.2"], ["593.6", "10.2"], ["593.6", "110.1"], ["507.2", "110.1"]], "Type": "GATE"}, {"Location": [["512.6", "14.4"], ["570.7", "14.4"], ["570.7", "20.2"], ["512.6", "20.2"]], "Type": "SD"}], "Module": "M17", "Boundary": [["507.2", "10.0"], ["576.1", "10.0"], ["576.1", "10.2"], ["593.6", "10.2"], ["593.6", "118.2"], ["507.2", "118.2"]], "Module_type": "GATE"}], "Area": [["-30.0", "-30.0"], ["871.1", "-30.0"], ["871.1", "663.5"], ["-30.0", "663.5"]], "Rules": ["GATE(5,5)", "SD(5,5)", "GATE_SD(0.5)", "GATE_ITO(0.5)", "SD_ITO(0.5)"]}