{"Modules": [{"Module": "M14", "Boundary": [["255.7", "10.0"], ["255.7", "142.9"], ["203.4", "142.9"], ["203.4", "157.8"], ["126.0", "157.8"], ["126.0", "10.0"]], "Module_type": "GATE", "Ports": [{"Location": [["126.0", "24.3"], ["131.0", "24.3"], ["131.0", "143.5"], ["126.0", "143.5"]], "Type": "SD"}, {"Location": [["255.7", "10.0"], ["255.7", "142.9"], ["203.4", "142.9"], ["203.4", "157.8"], ["132.2", "157.8"], ["132.2", "10.0"]], "Type": "GATE"}, {"Location": [["243.5", "16.6"], ["250.1", "16.6"], ["250.1", "135.3"], ["243.5", "135.3"]], "Type": "SD"}]}, {"Ports": [{"Location": [["32.2", "592.0"], ["81.9", "592.0"], ["81.9", "596.4"], ["32.2", "596.4"]], "Type": "SD"}, {"Location": [["20.0", "392.4"], ["94.1", "392.4"], ["94.1", "589.6"], ["20.0", "589.6"]], "Type": "GATE"}, {"Location": [["25.0", "396.4"], ["89.1", "396.4"], ["89.1", "402.2"], ["25.0", "402.2"]], "Type": "SD"}], "Module": "M9", "Boundary": [["20.0", "392.4"], ["94.1", "392.4"], ["94.1", "596.4"], ["20.0", "596.4"]], "Module_type": "GATE"}, {"Ports": [{"Location": [["137.8", "696.1"], ["209.3", "696.1"], ["209.3", "701.3"], ["137.8", "701.3"]], "Type": "SD"}, {"Location": [["124.1", "575.1"], ["223.0", "575.1"], ["223.0", "693.9"], ["124.1", "693.9"]], "Type": "GATE"}, {"Location": [["130.2", "580.2"], ["216.9", "580.2"], ["216.9", "586.3"], ["130.2", "586.3"]], "Type": "SD"}], "Module": "M5", "Boundary": [["124.1", "575.1"], ["223.0", "575.1"], ["223.0", "701.3"], ["124.1", "701.3"]], "Module_type": "GATE"}, {"Ports": [{"Location": [["20.0", "754.3"], ["24.1", "754.3"], ["24.1", "841.0"], ["20.0", "841.0"]], "Type": "SD"}, {"Location": [["113.3", "739.5"], ["113.3", "839.9"], ["113.1", "839.9"], ["113.1", "855.8"], ["26.1", "855.8"], ["26.1", "739.5"]], "Type": "GATE"}, {"Location": [["100.6", "746.5"], ["107.3", "746.5"], ["107.3", "832.9"], ["100.6", "832.9"]], "Type": "SD"}], "Module": "M11", "Boundary": [["113.3", "739.5"], ["113.3", "839.9"], ["113.1", "839.9"], ["113.1", "855.8"], ["20.0", "855.8"], ["20.0", "739.5"]], "Module_type": "GATE"}, {"Ports": [{"Location": [["433.0", "23.8"], ["438.5", "23.8"], ["438.5", "74.8"], ["433.0", "74.8"]], "Type": "SD"}, {"Location": [["557.5", "10.0"], ["557.5", "88.6"], ["440.7", "88.6"], ["440.7", "10.0"]], "Type": "GATE"}, {"Location": [["545.7", "16.8"], ["551.7", "16.8"], ["551.7", "81.8"], ["545.7", "81.8"]], "Type": "SD"}], "Module": "M1", "Boundary": [["557.5", "10.0"], ["557.5", "88.6"], ["433.0", "88.6"], ["433.0", "10.0"]], "Module_type": "GATE"}, {"Ports": [{"Location": [["489.8", "277.8"], ["495.5", "277.8"], ["495.5", "383.5"], ["489.8", "383.5"]], "Type": "SD"}, {"Location": [["568.5", "264.8"], ["568.5", "396.5"], ["497.5", "396.5"], ["497.5", "264.8"]], "Type": "GATE"}, {"Location": [["557.2", "271.4"], ["562.9", "271.4"], ["562.9", "389.9"], ["557.2", "389.9"]], "Type": "SD"}], "Module": "M19", "Boundary": [["568.5", "264.8"], ["568.5", "396.5"], ["489.8", "396.5"], ["489.8", "264.8"]], "Module_type": "GATE"}, {"Ports": [{"Location": [["143.3", "750.5"], ["148.2", "750.5"], ["148.2", "843.1"], ["143.3", "843.1"]], "Type": "SD"}, {"Location": [["367.0", "737.8"], ["367.0", "855.8"], ["150.7", "855.8"], ["150.7", "737.8"]], "Type": "GATE"}, {"Location": [["356.2", "744.7"], ["361.1", "744.7"], ["361.1", "848.9"], ["356.2", "848.9"]], "Type": "SD"}], "Module": "M6", "Boundary": [["367.0", "737.8"], ["367.0", "855.8"], ["143.3", "855.8"], ["143.3", "737.8"]], "Module_type": "GATE"}, {"Ports": [{"Location": [["387.2", "747.1"], ["392.4", "747.1"], ["392.4", "849.6"], ["387.2", "849.6"]], "Type": "SD"}, {"Location": [["585.8", "732.1"], ["585.8", "849.6"], ["569.1", "849.6"], ["569.1", "864.6"], ["393.7", "864.6"], ["393.7", "732.1"]], "Type": "GATE"}, {"Location": [["573.3", "738.5"], ["580.4", "738.5"], ["580.4", "842.2"], ["573.3", "842.2"]], "Type": "SD"}], "Module": "M2", "Boundary": [["585.8", "732.1"], ["585.8", "849.6"], ["569.1", "849.6"], ["569.1", "864.6"], ["387.2", "864.6"], ["387.2", "732.1"]], "Module_type": "GATE"}, {"Ports": [{"Location": [["407.2", "629.9"], ["411.3", "629.9"], ["411.3", "679.6"], ["407.2", "679.6"]], "Type": "SD"}, {"Location": [["565.9", "617.4"], ["565.9", "678.7"], ["498.6", "678.7"], ["498.6", "692.1"], ["414.0", "692.1"], ["414.0", "617.4"]], "Type": "GATE"}, {"Location": [["555.0", "622.7"], ["561.6", "622.7"], ["561.6", "672.4"], ["555.0", "672.4"]], "Type": "SD"}], "Module": "M16", "Boundary": [["565.9", "617.4"], ["565.9", "678.7"], ["498.6", "678.7"], ["498.6", "692.1"], ["407.2", "692.1"], ["407.2", "617.4"]], "Module_type": "GATE"}, {"Ports": [{"Location": [["309.3", "529.0"], ["401.4", "529.0"], ["401.4", "534.6"], ["309.3", "534.6"]], "Type": "SD"}, {"Location": [["295.8", "430.5"], ["414.9", "430.5"], ["414.9", "526.8"], ["295.8", "526.8"]], "Type": "GATE"}, {"Location": [["302.1", "435.8"], ["408.6", "435.8"], ["408.6", "441.2"], ["302.1", "441.2"]], "Type": "SD"}], "Module": "M13", "Boundary": [["295.8", "430.5"], ["414.9", "430.5"], ["414.9", "534.6"], ["295.8", "534.6"]], "Module_type": "GATE"}, {"Ports": [{"Location": [["134.1", "451.2"], ["138.6", "451.2"], ["138.6", "531.1"], ["134.1", "531.1"]], "Type": "SD"}, {"Location": [["245.8", "437.2"], ["245.8", "545.1"], ["141.6", "545.1"], ["141.6", "437.2"]], "Type": "GATE"}, {"Location": [["235.0", "443.7"], ["240.3", "443.7"], ["240.3", "538.6"], ["235.0", "538.6"]], "Type": "SD"}], "Module": "M10", "Boundary": [["245.8", "437.2"], ["245.8", "545.1"], ["134.1", "545.1"], ["134.1", "437.2"]], "Module_type": "GATE"}, {"Ports": [{"Location": [["256.8", "712.8"], ["353.4", "712.8"], ["353.4", "717.8"], ["256.8", "717.8"]], "Type": "SD"}, {"Location": [["243.0", "575.1"], ["349.4", "575.1"], ["349.4", "575.2"], ["367.2", "575.2"], ["367.2", "711.4"], ["243.0", "711.4"]], "Type": "GATE"}, {"Location": [["249.6", "580.7"], ["342.8", "580.7"], ["342.8", "585.8"], ["249.6", "585.8"]], "Type": "SD"}], "Module": "M7", "Boundary": [["243.0", "575.1"], ["349.4", "575.1"], ["349.4", "575.2"], ["367.2", "575.2"], ["367.2", "717.8"], ["243.0", "717.8"]], "Module_type": "GATE"}, {"Ports": [{"Location": [["453.0", "140.4"], ["458.3", "140.4"], ["458.3", "193.0"], ["453.0", "193.0"]], "Type": "SD"}, {"Location": [["555.3", "128.6"], ["555.3", "204.8"], ["460.7", "204.8"], ["460.7", "128.6"]], "Type": "GATE"}, {"Location": [["545.4", "135.0"], ["549.9", "135.0"], ["549.9", "198.4"], ["545.4", "198.4"]], "Type": "SD"}], "Module": "M3", "Boundary": [["555.3", "128.6"], ["555.3", "204.8"], ["453.0", "204.8"], ["453.0", "128.6"]], "Module_type": "GATE"}, {"Ports": [{"Location": [["10.0", "640.1"], ["15.8", "640.1"], ["15.8", "695.8"], ["10.0", "695.8"]], "Type": "SD"}, {"Location": [["103.3", "626.4"], ["103.3", "694.5"], ["89.4", "694.5"], ["89.4", "709.5"], ["17.2", "709.5"], ["17.2", "626.4"]], "Type": "GATE"}, {"Location": [["91.6", "632.8"], ["97.9", "632.8"], ["97.9", "687.1"], ["91.6", "687.1"]], "Type": "SD"}], "Module": "M18", "Boundary": [["103.3", "626.4"], ["103.3", "694.5"], ["89.4", "694.5"], ["89.4", "709.5"], ["10.0", "709.5"], ["10.0", "626.4"]], "Module_type": "GATE"}, {"Ports": [{"Location": [["474.9", "468.7"], ["479.8", "468.7"], ["479.8", "545.2"], ["474.9", "545.2"]], "Type": "SD"}, {"Location": [["565.6", "456.5"], ["565.6", "541.2"], ["538.8", "541.2"], ["538.8", "557.4"], ["481.8", "557.4"], ["481.8", "456.5"]], "Type": "GATE"}, {"Location": [["556.2", "461.8"], ["561.3", "461.8"], ["561.3", "534.9"], ["556.2", "534.9"]], "Type": "SD"}], "Module": "M20", "Boundary": [["565.6", "456.5"], ["565.6", "541.2"], ["538.8", "541.2"], ["538.8", "557.4"], ["474.9", "557.4"], ["474.9", "456.5"]], "Module_type": "GATE"}, {"Ports": [{"Location": [["146.9", "401.6"], ["241.6", "401.6"], ["241.6", "407.2"], ["146.9", "407.2"]], "Type": "SD"}, {"Location": [["132.9", "177.8"], ["255.6", "177.8"], ["255.6", "398.7"], ["132.9", "398.7"]], "Type": "GATE"}, {"Location": [["138.4", "182.3"], ["250.1", "182.3"], ["250.1", "189.1"], ["138.4", "189.1"]], "Type": "SD"}], "Module": "M15", "Boundary": [["132.9", "177.8"], ["255.6", "177.8"], ["255.6", "407.2"], ["132.9", "407.2"]], "Module_type": "GATE"}, {"Ports": [{"Location": [["275.7", "265.1"], ["279.8", "265.1"], ["279.8", "377.2"], ["275.7", "377.2"]], "Type": "SD"}, {"Location": [["449.8", "251.8"], ["449.8", "374.1"], ["358.2", "374.1"], ["358.2", "390.5"], ["281.6", "390.5"], ["281.6", "251.8"]], "Type": "GATE"}, {"Location": [["439.5", "257.1"], ["445.5", "257.1"], ["445.5", "367.8"], ["439.5", "367.8"]], "Type": "SD"}], "Module": "M12", "Boundary": [["449.8", "251.8"], ["449.8", "374.1"], ["358.2", "374.1"], ["358.2", "390.5"], ["275.7", "390.5"], ["275.7", "251.8"]], "Module_type": "GATE"}, {"Ports": [{"Location": [["24.0", "209.8"], ["92.0", "209.8"], ["92.0", "215.1"], ["24.0", "215.1"]], "Type": "SD"}, {"Location": [["10.0", "10.0"], ["91.7", "10.0"], ["91.7", "100.0"], ["106.0", "100.0"], ["106.0", "208.2"], ["10.0", "208.2"]], "Type": "GATE"}, {"Location": [["16.3", "15.3"], ["84.4", "15.3"], ["84.4", "22.2"], ["16.3", "22.2"]], "Type": "SD"}], "Module": "M8", "Boundary": [["10.0", "10.0"], ["91.7", "10.0"], ["91.7", "100.0"], ["106.0", "100.0"], ["106.0", "215.1"], ["10.0", "215.1"]], "Module_type": "GATE"}, {"Ports": [{"Location": [["290.6", "226.0"], ["398.1", "226.0"], ["398.1", "231.8"], ["290.6", "231.8"]], "Type": "SD"}, {"Location": [["275.7", "10.0"], ["397.1", "10.0"], ["397.1", "87.7"], ["413.0", "87.7"], ["413.0", "224.4"], ["275.7", "224.4"]], "Type": "GATE"}, {"Location": [["282.5", "15.8"], ["389.3", "15.8"], ["389.3", "22.0"], ["282.5", "22.0"]], "Type": "SD"}], "Module": "M4", "Boundary": [["275.7", "10.0"], ["397.1", "10.0"], ["397.1", "87.7"], ["413.0", "87.7"], ["413.0", "231.8"], ["275.7", "231.8"]], "Module_type": "GATE"}, {"Ports": [{"Location": [["22.5", "357.4"], ["100.4", "357.4"], ["100.4", "362.4"], ["22.5", "362.4"]], "Type": "SD"}, {"Location": [["10.0", "235.1"], ["112.9", "235.1"], ["112.9", "354.5"], ["10.0", "354.5"]], "Type": "GATE"}, {"Location": [["15.6", "239.7"], ["107.3", "239.7"], ["107.3", "244.4"], ["15.6", "244.4"]], "Type": "SD"}], "Module": "M17", "Boundary": [["10.0", "235.1"], ["112.9", "235.1"], ["112.9", "362.4"], ["10.0", "362.4"]], "Module_type": "GATE"}], "Area": [["-30.0", "-30.0"], ["625.8", "-30.0"], ["625.8", "904.6"], ["-30.0", "904.6"]], "Rules": ["GATE(5,5)", "SD(5,5)", "GATE_SD(0.5)", "GATE_ITO(0.5)", "SD_ITO(0.5)"]}