{"Modules": [{"Module": "M14", "Boundary": [["216.4", "146.5"], ["341.7", "146.5"], ["341.7", "181.2"], ["356.1", "181.2"], ["356.1", "283.9"], ["216.4", "283.9"]], "Module_type": "GATE", "Ports": [{"Location": [["229.3", "279.9"], ["343.2", "279.9"], ["343.2", "283.9"], ["229.3", "283.9"]], "Type": "SD"}, {"Location": [["216.4", "146.5"], ["341.7", "146.5"], ["341.7", "181.2"], ["356.1", "181.2"], ["356.1", "277.9"], ["216.4", "277.9"]], "Type": "GATE"}, {"Location": [["222.0", "151.1"], ["335.1", "151.1"], ["335.1", "157.2"], ["222.0", "157.2"]], "Type": "SD"}]}, {"Ports": [{"Location": [["554.6", "417.9"], ["560.2", "417.9"], ["560.2", "470.3"], ["554.6", "470.3"]], "Type": "SD"}, {"Location": [["679.5", "404.6"], ["679.5", "483.6"], ["562.1", "483.6"], ["562.1", "404.6"]], "Type": "GATE"}, {"Location": [["668.4", "410.4"], ["674.7", "410.4"], ["674.7", "477.8"], ["668.4", "477.8"]], "Type": "SD"}], "Module": "M9", "Boundary": [["679.5", "404.6"], ["679.5", "483.6"], ["554.6", "483.6"], ["554.6", "404.6"]], "Module_type": "GATE"}, {"Ports": [{"Location": [["10.0", "209.9"], ["15.2", "209.9"], ["15.2", "309.7"], ["10.0", "309.7"]], "Type": "SD"}, {"Location": [["190.0", "196.2"], ["190.0", "323.4"], ["16.8", "323.4"], ["16.8", "196.2"]], "Type": "GATE"}, {"Location": [["179.3", "202.9"], ["184.3", "202.9"], ["184.3", "316.7"], ["179.3", "316.7"]], "Type": "SD"}], "Module": "M5", "Boundary": [["190.0", "196.2"], ["190.0", "323.4"], ["10.0", "323.4"], ["10.0", "196.2"]], "Module_type": "GATE"}, {"Ports": [{"Location": [["523.4", "33.2"], ["528.4", "33.2"], ["528.4", "139.2"], ["523.4", "139.2"]], "Type": "SD"}, {"Location": [["621.6", "20.0"], ["621.6", "135.9"], ["621.0", "135.9"], ["621.0", "152.4"], ["531.1", "152.4"], ["531.1", "20.0"]], "Type": "GATE"}, {"Location": [["611.6", "26.3"], ["616.3", "26.3"], ["616.3", "129.6"], ["611.6", "129.6"]], "Type": "SD"}], "Module": "M11", "Boundary": [["621.6", "20.0"], ["621.6", "135.9"], ["621.0", "135.9"], ["621.0", "152.4"], ["523.4", "152.4"], ["523.4", "20.0"]], "Module_type": "GATE"}, {"Ports": [{"Location": [["716.3", "301.7"], ["835.7", "301.7"], ["835.7", "306.3"], ["716.3", "306.3"]], "Type": "SD"}, {"Location": [["701.2", "166.7"], ["850.8", "166.7"], ["850.8", "300.6"], ["701.2", "300.6"]], "Type": "GATE"}, {"Location": [["707.9", "172.4"], ["844.1", "172.4"], ["844.1", "179.9"], ["707.9", "179.9"]], "Type": "SD"}], "Module": "M1", "Boundary": [["701.2", "166.7"], ["850.8", "166.7"], ["850.8", "306.3"], ["701.2", "306.3"]], "Module_type": "GATE"}, {"Ports": [{"Location": [["250.1", "100.5"], ["342.0", "100.5"], ["342.0", "106.5"], ["250.1", "106.5"]], "Type": "SD"}, {"Location": [["236.4", "30.0"], ["355.7", "30.0"], ["355.7", "97.6"], ["236.4", "97.6"]], "Type": "GATE"}, {"Location": [["243.3", "35.9"], ["348.8", "35.9"], ["348.8", "41.2"], ["243.3", "41.2"]], "Type": "SD"}], "Module": "M19", "Boundary": [["236.4", "30.0"], ["355.7", "30.0"], ["355.7", "106.5"], ["236.4", "106.5"]], "Module_type": "GATE"}, {"Ports": [{"Location": [["200.5", "448.4"], ["250.9", "448.4"], ["250.9", "453.7"], ["200.5", "453.7"]], "Type": "SD"}, {"Location": [["188.4", "343.4"], ["249.7", "343.4"], ["249.7", "378.2"], ["263.0", "378.2"], ["263.0", "447.2"], ["188.4", "447.2"]], "Type": "GATE"}, {"Location": [["193.4", "347.4"], ["243.7", "347.4"], ["243.7", "353.9"], ["193.4", "353.9"]], "Type": "SD"}], "Module": "M6", "Boundary": [["188.4", "343.4"], ["249.7", "343.4"], ["249.7", "378.2"], ["263.0", "378.2"], ["263.0", "453.7"], ["188.4", "453.7"]], "Module_type": "GATE"}, {"Ports": [{"Location": [["556.9", "369.6"], ["668.9", "369.6"], ["668.9", "374.6"], ["556.9", "374.6"]], "Type": "SD"}, {"Location": [["544.6", "182.4"], ["667.1", "182.4"], ["667.1", "282.3"], ["681.2", "282.3"], ["681.2", "367.0"], ["544.6", "367.0"]], "Type": "GATE"}, {"Location": [["550.0", "186.8"], ["660.7", "186.8"], ["660.7", "192.1"], ["550.0", "192.1"]], "Type": "SD"}], "Module": "M2", "Boundary": [["544.6", "182.4"], ["667.1", "182.4"], ["667.1", "282.3"], ["681.2", "282.3"], ["681.2", "374.6"], ["544.6", "374.6"]], "Module_type": "GATE"}, {"Ports": [{"Location": [["30.0", "525.2"], ["35.2", "525.2"], ["35.2", "619.6"], ["30.0", "619.6"]], "Type": "SD"}, {"Location": [["237.1", "512.7"], ["237.1", "618.6"], ["146.3", "618.6"], ["146.3", "632.1"], ["37.8", "632.1"], ["37.8", "512.7"]], "Type": "GATE"}, {"Location": [["226.2", "518.3"], ["232.5", "518.3"], ["232.5", "612.0"], ["226.2", "612.0"]], "Type": "SD"}], "Module": "M16", "Boundary": [["237.1", "512.7"], ["237.1", "618.6"], ["146.3", "618.6"], ["146.3", "632.1"], ["30.0", "632.1"], ["30.0", "512.7"]], "Module_type": "GATE"}, {"Ports": [{"Location": [["30.0", "43.9"], ["35.8", "43.9"], ["35.8", "142.3"], ["30.0", "142.3"]], "Type": "SD"}, {"Location": [["176.4", "30.0"], ["176.4", "140.9"], ["176.1", "140.9"], ["176.1", "156.2"], ["37.7", "156.2"], ["37.7", "30.0"]], "Type": "GATE"}, {"Location": [["165.0", "36.9"], ["170.5", "36.9"], ["170.5", "134.0"], ["165.0", "134.0"]], "Type": "SD"}], "Module": "M13", "Boundary": [["176.4", "30.0"], ["176.4", "140.9"], ["176.1", "140.9"], ["176.1", "156.2"], ["30.0", "156.2"], ["30.0", "30.0"]], "Module_type": "GATE"}, {"Ports": [{"Location": [["457.0", "537.8"], ["461.4", "537.8"], ["461.4", "617.8"], ["457.0", "617.8"]], "Type": "SD"}, {"Location": [["679.5", "523.6"], ["679.5", "614.7"], ["561.9", "614.7"], ["561.9", "632.0"], ["463.3", "632.0"], ["463.3", "523.6"]], "Type": "GATE"}, {"Location": [["668.8", "528.8"], ["675.3", "528.8"], ["675.3", "608.5"], ["668.8", "608.5"]], "Type": "SD"}], "Module": "M10", "Boundary": [["679.5", "523.6"], ["679.5", "614.7"], ["561.9", "614.7"], ["561.9", "632.0"], ["457.0", "632.0"], ["457.0", "523.6"]], "Module_type": "GATE"}, {"Ports": [{"Location": [["10.0", "357.3"], ["15.9", "357.3"], ["15.9", "458.8"], ["10.0", "458.8"]], "Type": "SD"}, {"Location": [["168.4", "343.4"], ["168.4", "456.8"], ["168.0", "456.8"], ["168.0", "472.7"], ["18.3", "472.7"], ["18.3", "343.4"]], "Type": "GATE"}, {"Location": [["157.4", "350.0"], ["162.8", "350.0"], ["162.8", "450.2"], ["157.4", "450.2"]], "Type": "SD"}], "Module": "M7", "Boundary": [["168.4", "343.4"], ["168.4", "456.8"], ["168.0", "456.8"], ["168.0", "472.7"], ["10.0", "472.7"], ["10.0", "343.4"]], "Module_type": "GATE"}, {"Ports": [{"Location": [["742.4", "501.0"], ["825.1", "501.0"], ["825.1", "506.5"], ["742.4", "506.5"]], "Type": "SD"}, {"Location": [["729.5", "346.3"], ["838.0", "346.3"], ["838.0", "498.0"], ["729.5", "498.0"]], "Type": "GATE"}, {"Location": [["735.0", "350.8"], ["832.5", "350.8"], ["832.5", "357.4"], ["735.0", "357.4"]], "Type": "SD"}], "Module": "M3", "Boundary": [["729.5", "346.3"], ["838.0", "346.3"], ["838.0", "506.5"], ["729.5", "506.5"]], "Module_type": "GATE"}, {"Ports": [{"Location": [["433.7", "346.1"], ["438.7", "346.1"], ["438.7", "443.1"], ["433.7", "443.1"]], "Type": "SD"}, {"Location": [["524.6", "331.3"], ["524.6", "440.9"], ["518.5", "440.9"], ["518.5", "457.9"], ["441.4", "457.9"], ["441.4", "331.3"]], "Type": "GATE"}, {"Location": [["512.8", "337.0"], ["519.9", "337.0"], ["519.9", "434.2"], ["512.8", "434.2"]], "Type": "SD"}], "Module": "M18", "Boundary": [["524.6", "331.3"], ["524.6", "440.9"], ["518.5", "440.9"], ["518.5", "457.9"], ["433.7", "457.9"], ["433.7", "331.3"]], "Module_type": "GATE"}, {"Ports": [{"Location": [["671.6", "44.6"], ["676.3", "44.6"], ["676.3", "112.1"], ["671.6", "112.1"]], "Type": "SD"}, {"Location": [["829.2", "30.0"], ["829.2", "112.4"], ["763.4", "112.4"], ["763.4", "126.7"], ["678.4", "126.7"], ["678.4", "30.0"]], "Type": "GATE"}, {"Location": [["817.5", "36.7"], ["823.5", "36.7"], ["823.5", "104.7"], ["817.5", "104.7"]], "Type": "SD"}], "Module": "M20", "Boundary": [["829.2", "30.0"], ["829.2", "112.4"], ["763.4", "112.4"], ["763.4", "126.7"], ["671.6", "126.7"], ["671.6", "30.0"]], "Module_type": "GATE"}, {"Ports": [{"Location": [["389.7", "305.4"], ["477.1", "305.4"], ["477.1", "311.3"], ["389.7", "311.3"]], "Type": "SD"}, {"Location": [["376.1", "204.8"], ["474.8", "204.8"], ["474.8", "204.9"], ["490.7", "204.9"], ["490.7", "304.3"], ["376.1", "304.3"]], "Type": "GATE"}, {"Location": [["382.8", "210.5"], ["468.1", "210.5"], ["468.1", "216.5"], ["382.8", "216.5"]], "Type": "SD"}], "Module": "M15", "Boundary": [["376.1", "204.8"], ["474.8", "204.8"], ["474.8", "204.9"], ["490.7", "204.9"], ["490.7", "311.3"], ["376.1", "311.3"]], "Module_type": "GATE"}, {"Ports": [{"Location": [["709.5", "558.6"], ["715.3", "558.6"], ["715.3", "648.9"], ["709.5", "648.9"]], "Type": "SD"}, {"Location": [["850.3", "546.5"], ["850.3", "648.1"], ["826.9", "648.1"], ["826.9", "661.0"], ["717.3", "661.0"], ["717.3", "546.5"]], "Type": "GATE"}, {"Location": [["840.0", "552.0"], ["845.8", "552.0"], ["845.8", "641.6"], ["840.0", "641.6"]], "Type": "SD"}], "Module": "M12", "Boundary": [["850.3", "546.5"], ["850.3", "648.1"], ["826.9", "648.1"], ["826.9", "661.0"], ["709.5", "661.0"], ["709.5", "546.5"]], "Module_type": "GATE"}, {"Ports": [{"Location": [["283.0", "572.3"], ["288.2", "572.3"], ["288.2", "648.7"], ["283.0", "648.7"]], "Type": "SD"}, {"Location": [["427.0", "559.5"], ["427.0", "661.5"], ["289.7", "661.5"], ["289.7", "559.5"]], "Type": "GATE"}, {"Location": [["417.3", "564.9"], ["422.6", "564.9"], ["422.6", "656.1"], ["417.3", "656.1"]], "Type": "SD"}], "Module": "M8", "Boundary": [["427.0", "559.5"], ["427.0", "661.5"], ["283.0", "661.5"], ["283.0", "559.5"]], "Module_type": "GATE"}, {"Ports": [{"Location": [["297.2", "533.5"], ["399.5", "533.5"], ["399.5", "539.5"], ["297.2", "539.5"]], "Type": "SD"}, {"Location": [["283.0", "331.3"], ["398.9", "331.3"], ["398.9", "386.1"], ["413.7", "386.1"], ["413.7", "532.5"], ["283.0", "532.5"]], "Type": "GATE"}, {"Location": [["288.9", "336.2"], ["392.0", "336.2"], ["392.0", "343.8"], ["288.9", "343.8"]], "Type": "SD"}], "Module": "M4", "Boundary": [["283.0", "331.3"], ["398.9", "331.3"], ["398.9", "386.1"], ["413.7", "386.1"], ["413.7", "539.5"], ["283.0", "539.5"]], "Module_type": "GATE"}], "Area": [["-30.0", "-30.0"], ["890.8", "-30.0"], ["890.8", "701.5"], ["-30.0", "701.5"]], "Rules": ["GATE(5,5)", "SD(5,5)", "GATE_SD(0.5)", "GATE_ITO(0.5)", "SD_ITO(0.5)"]}