{"Modules": [{"Module": "M14", "Boundary": [["528.9", "609.1"], ["528.9", "668.1"], ["474.6", "668.1"], ["474.6", "680.6"], ["324.4", "680.6"], ["324.4", "609.1"]], "Module_type": "GATE", "Ports": [{"Location": [["324.4", "621.5"], ["329.8", "621.5"], ["329.8", "668.2"], ["324.4", "668.2"]], "Type": "SD"}, {"Location": [["528.9", "609.1"], ["528.9", "668.1"], ["474.6", "668.1"], ["474.6", "680.6"], ["331.7", "680.6"], ["331.7", "609.1"]], "Type": "GATE"}, {"Location": [["518.3", "615.2"], ["523.8", "615.2"], ["523.8", "661.0"], ["518.3", "661.0"]], "Type": "SD"}]}, {"Ports": [{"Location": [["373.5", "173.3"], ["379.2", "173.3"], ["379.2", "226.8"], ["373.5", "226.8"]], "Type": "SD"}, {"Location": [["472.6", "158.8"], ["472.6", "225.8"], ["472.6", "225.8"], ["472.6", "241.3"], ["381.8", "241.3"], ["381.8", "158.8"]], "Type": "GATE"}, {"Location": [["460.5", "165.7"], ["466.7", "165.7"], ["466.7", "218.9"], ["460.5", "218.9"]], "Type": "SD"}], "Module": "M9", "Boundary": [["472.6", "158.8"], ["472.6", "225.8"], ["472.6", "225.8"], ["472.6", "241.3"], ["373.5", "241.3"], ["373.5", "158.8"]], "Module_type": "GATE"}, {"Ports": [{"Location": [["479.7", "124.2"], ["546.5", "124.2"], ["546.5", "128.8"], ["479.7", "128.8"]], "Type": "SD"}, {"Location": [["468.0", "10.0"], ["558.2", "10.0"], ["558.2", "121.3"], ["468.0", "121.3"]], "Type": "GATE"}, {"Location": [["473.5", "14.5"], ["552.7", "14.5"], ["552.7", "19.8"], ["473.5", "19.8"]], "Type": "SD"}], "Module": "M5", "Boundary": [["468.0", "10.0"], ["558.2", "10.0"], ["558.2", "128.8"], ["468.0", "128.8"]], "Module_type": "GATE"}, {"Ports": [{"Location": [["558.9", "629.9"], ["564.4", "629.9"], ["564.4", "763.5"], ["558.9", "763.5"]], "Type": "SD"}, {"Location": [["638.5", "614.0"], ["638.5", "779.4"], ["566.5", "779.4"], ["566.5", "614.0"]], "Type": "GATE"}, {"Location": [["626.1", "621.0"], ["632.5", "621.0"], ["632.5", "772.4"], ["626.1", "772.4"]], "Type": "SD"}], "Module": "M11", "Boundary": [["638.5", "614.0"], ["638.5", "779.4"], ["558.9", "779.4"], ["558.9", "614.0"]], "Module_type": "GATE"}, {"Ports": [{"Location": [["332.6", "110.1"], ["435.2", "110.1"], ["435.2", "115.3"], ["332.6", "115.3"]], "Type": "SD"}, {"Location": [["319.8", "10.0"], ["448.0", "10.0"], ["448.0", "108.0"], ["319.8", "108.0"]], "Type": "GATE"}, {"Location": [["325.1", "14.3"], ["442.7", "14.3"], ["442.7", "20.9"], ["325.1", "20.9"]], "Type": "SD"}], "Module": "M1", "Boundary": [["319.8", "10.0"], ["448.0", "10.0"], ["448.0", "115.3"], ["319.8", "115.3"]], "Module_type": "GATE"}, {"Ports": [{"Location": [["30.0", "43.2"], ["35.2", "43.2"], ["35.2", "76.3"], ["30.0", "76.3"]], "Type": "SD"}, {"Location": [["135.1", "30.0"], ["135.1", "89.5"], ["36.2", "89.5"], ["36.2", "30.0"]], "Type": "GATE"}, {"Location": [["123.9", "36.7"], ["129.4", "36.7"], ["129.4", "82.8"], ["123.9", "82.8"]], "Type": "SD"}], "Module": "M19", "Boundary": [["135.1", "30.0"], ["135.1", "89.5"], ["30.0", "89.5"], ["30.0", "30.0"]], "Module_type": "GATE"}, {"Ports": [{"Location": [["23.9", "352.2"], ["139.3", "352.2"], ["139.3", "356.6"], ["23.9", "356.6"]], "Type": "SD"}, {"Location": [["10.0", "129.5"], ["138.6", "129.5"], ["138.6", "250.6"], ["153.2", "250.6"], ["153.2", "350.4"], ["10.0", "350.4"]], "Type": "GATE"}, {"Location": [["16.5", "135.0"], ["131.1", "135.0"], ["131.1", "140.7"], ["16.5", "140.7"]], "Type": "SD"}], "Module": "M6", "Boundary": [["10.0", "129.5"], ["138.6", "129.5"], ["138.6", "250.6"], ["153.2", "250.6"], ["153.2", "356.6"], ["10.0", "356.6"]], "Module_type": "GATE"}, {"Ports": [{"Location": [["175.1", "25.2"], ["180.6", "25.2"], ["180.6", "109.4"], ["175.1", "109.4"]], "Type": "SD"}, {"Location": [["299.8", "10.0"], ["299.8", "124.6"], ["183.0", "124.6"], ["183.0", "10.0"]], "Type": "GATE"}, {"Location": [["288.1", "16.1"], ["294.7", "16.1"], ["294.7", "99.3"], ["288.1", "99.3"]], "Type": "SD"}], "Module": "M2", "Boundary": [["299.8", "10.0"], ["299.8", "124.6"], ["175.1", "124.6"], ["175.1", "10.0"]], "Module_type": "GATE"}, {"Ports": [{"Location": [["205.8", "317.9"], ["310.9", "317.9"], ["310.9", "322.2"], ["205.8", "322.2"]], "Type": "SD"}, {"Location": [["193.2", "164.6"], ["308.2", "164.6"], ["308.2", "231.1"], ["323.5", "231.1"], ["323.5", "315.2"], ["193.2", "315.2"]], "Type": "GATE"}, {"Location": [["199.4", "169.8"], ["301.0", "169.8"], ["301.0", "174.5"], ["199.4", "174.5"]], "Type": "SD"}], "Module": "M16", "Boundary": [["193.2", "164.6"], ["308.2", "164.6"], ["308.2", "231.1"], ["323.5", "231.1"], ["323.5", "322.2"], ["193.2", "322.2"]], "Module_type": "GATE"}, {"Ports": [{"Location": [["45.2", "772.0"], ["151.2", "772.0"], ["151.2", "776.9"], ["45.2", "776.9"]], "Type": "SD"}, {"Location": [["30.0", "553.0"], ["149.8", "553.0"], ["149.8", "553.8"], ["166.4", "553.8"], ["166.4", "769.9"], ["30.0", "769.9"]], "Type": "GATE"}, {"Location": [["36.4", "558.4"], ["143.4", "558.4"], ["143.4", "564.9"], ["36.4", "564.9"]], "Type": "SD"}], "Module": "M13", "Boundary": [["30.0", "553.0"], ["149.8", "553.0"], ["149.8", "553.8"], ["166.4", "553.8"], ["166.4", "776.9"], ["30.0", "776.9"]], "Module_type": "GATE"}, {"Ports": [{"Location": [["229.4", "687.8"], ["281.4", "687.8"], ["281.4", "693.8"], ["229.4", "693.8"]], "Type": "SD"}, {"Location": [["216.4", "501.6"], ["280.3", "501.6"], ["280.3", "585.7"], ["294.4", "585.7"], ["294.4", "685.3"], ["216.4", "685.3"]], "Type": "GATE"}, {"Location": [["222.6", "506.8"], ["273.1", "506.8"], ["273.1", "512.1"], ["222.6", "512.1"]], "Type": "SD"}], "Module": "M10", "Boundary": [["216.4", "501.6"], ["280.3", "501.6"], ["280.3", "585.7"], ["294.4", "585.7"], ["294.4", "693.8"], ["216.4", "693.8"]], "Module_type": "GATE"}, {"Ports": [{"Location": [["592.1", "137.4"], ["631.2", "137.4"], ["631.2", "142.8"], ["592.1", "142.8"]], "Type": "SD"}, {"Location": [["578.2", "10.0"], ["645.1", "10.0"], ["645.1", "135.7"], ["578.2", "135.7"]], "Type": "GATE"}, {"Location": [["584.9", "15.7"], ["638.4", "15.7"], ["638.4", "21.1"], ["584.9", "21.1"]], "Type": "SD"}], "Module": "M7", "Boundary": [["578.2", "10.0"], ["645.1", "10.0"], ["645.1", "142.8"], ["578.2", "142.8"]], "Module_type": "GATE"}, {"Ports": [{"Location": [["529.1", "559.8"], ["608.9", "559.8"], ["608.9", "564.0"], ["529.1", "564.0"]], "Type": "SD"}, {"Location": [["593.2", "557.1"], ["544.8", "557.1"], ["544.8", "578.7"], ["515.7", "578.7"], ["515.7", "448.4"], ["622.3", "448.4"], ["622.3", "578.7"], ["593.2", "578.7"]], "Type": "GATE"}, {"Location": [["520.2", "452.8"], ["617.8", "452.8"], ["617.8", "459.9"], ["520.2", "459.9"]], "Type": "SD"}], "Module": "M3", "Boundary": [["593.2", "564.0"], ["544.8", "564.0"], ["544.8", "578.7"], ["515.7", "578.7"], ["515.7", "448.4"], ["622.3", "448.4"], ["622.3", "578.7"], ["593.2", "578.7"]], "Module_type": "GATE"}, {"Ports": [{"Location": [["206.4", "736.0"], ["212.0", "736.0"], ["212.0", "782.5"], ["206.4", "782.5"]], "Type": "SD"}, {"Location": [["314.7", "723.8"], ["314.7", "782.2"], ["280.7", "782.2"], ["280.7", "794.7"], ["213.4", "794.7"], ["213.4", "723.8"]], "Type": "GATE"}, {"Location": [["304.4", "730.4"], ["309.1", "730.4"], ["309.1", "774.6"], ["304.4", "774.6"]], "Type": "SD"}], "Module": "M18", "Boundary": [["314.7", "723.8"], ["314.7", "782.2"], ["280.7", "782.2"], ["280.7", "794.7"], ["206.4", "794.7"], ["206.4", "723.8"]], "Module_type": "GATE"}, {"Ports": [{"Location": [["534.9", "383.5"], ["605.3", "383.5"], ["605.3", "388.4"], ["534.9", "388.4"]], "Type": "SD"}, {"Location": [["523.2", "182.8"], ["602.4", "182.8"], ["602.4", "201.1"], ["617.0", "201.1"], ["617.0", "380.9"], ["523.2", "380.9"]], "Type": "GATE"}, {"Location": [["528.3", "186.9"], ["596.3", "186.9"], ["596.3", "192.3"], ["528.3", "192.3"]], "Type": "SD"}], "Module": "M20", "Boundary": [["523.2", "182.8"], ["602.4", "182.8"], ["602.4", "201.1"], ["617.0", "201.1"], ["617.0", "388.4"], ["523.2", "388.4"]], "Module_type": "GATE"}, {"Ports": [{"Location": [["173.2", "375.2"], ["178.8", "375.2"], ["178.8", "458.6"], ["173.2", "458.6"]], "Type": "SD"}, {"Location": [["313.2", "362.2"], ["313.2", "471.6"], ["179.9", "471.6"], ["179.9", "362.2"]], "Type": "GATE"}, {"Location": [["301.9", "368.0"], ["308.4", "368.0"], ["308.4", "465.8"], ["301.9", "465.8"]], "Type": "SD"}], "Module": "M15", "Boundary": [["313.2", "362.2"], ["313.2", "471.6"], ["173.2", "471.6"], ["173.2", "362.2"]], "Module_type": "GATE"}, {"Ports": [{"Location": [["363.5", "284.9"], ["369.5", "284.9"], ["369.5", "389.7"], ["363.5", "389.7"]], "Type": "SD"}, {"Location": [["483.2", "271.3"], ["483.2", "403.3"], ["372.5", "403.3"], ["372.5", "271.3"]], "Type": "GATE"}, {"Location": [["472.1", "277.2"], ["478.3", "277.2"], ["478.3", "397.4"], ["472.1", "397.4"]], "Type": "SD"}], "Module": "M12", "Boundary": [["483.2", "271.3"], ["483.2", "403.3"], ["363.5", "403.3"], ["363.5", "271.3"]], "Module_type": "GATE"}, {"Ports": [{"Location": [["334.7", "713.0"], ["340.4", "713.0"], ["340.4", "779.8"], ["334.7", "779.8"]], "Type": "SD"}, {"Location": [["490.9", "700.6"], ["490.9", "778.1"], ["451.0", "778.1"], ["451.0", "792.2"], ["341.8", "792.2"], ["341.8", "700.6"]], "Type": "GATE"}, {"Location": [["481.2", "706.9"], ["485.6", "706.9"], ["485.6", "770.8"], ["481.2", "770.8"]], "Type": "SD"}], "Module": "M8", "Boundary": [["490.9", "700.6"], ["490.9", "778.1"], ["451.0", "778.1"], ["451.0", "792.2"], ["334.7", "792.2"], ["334.7", "700.6"]], "Module_type": "GATE"}, {"Ports": [{"Location": [["22.8", "508.8"], ["137.0", "508.8"], ["137.0", "513.0"], ["22.8", "513.0"]], "Type": "SD"}, {"Location": [["10.0", "376.6"], ["135.4", "376.6"], ["135.4", "410.4"], ["149.8", "410.4"], ["149.8", "506.9"], ["10.0", "506.9"]], "Type": "GATE"}, {"Location": [["15.4", "381.0"], ["129.0", "381.0"], ["129.0", "387.2"], ["15.4", "387.2"]], "Type": "SD"}], "Module": "M4", "Boundary": [["10.0", "376.6"], ["135.4", "376.6"], ["135.4", "410.4"], ["149.8", "410.4"], ["149.8", "513.0"], ["10.0", "513.0"]], "Module_type": "GATE"}], "Area": [["-30.0", "-30.0"], ["685.1", "-30.0"], ["685.1", "834.7"], ["-30.0", "834.7"]], "Rules": ["GATE(5,5)", "SD(5,5)", "GATE_SD(0.5)", "GATE_ITO(0.5)", "SD_ITO(0.5)"]}