{"Modules": [{"Module": "M14", "Boundary": [["216.3", "99.1"], ["216.3", "213.0"], ["184.3", "213.0"], ["184.3", "227.7"], ["136.8", "227.7"], ["136.8", "99.1"]], "Module_type": "GATE", "Ports": [{"Location": [["136.8", "112.9"], ["142.4", "112.9"], ["142.4", "213.9"], ["136.8", "213.9"]], "Type": "SD"}, {"Location": [["216.3", "99.1"], ["216.3", "213.0"], ["184.3", "213.0"], ["184.3", "227.7"], ["144.4", "227.7"], ["144.4", "99.1"]], "Type": "GATE"}, {"Location": [["204.9", "104.8"], ["211.6", "104.8"], ["211.6", "206.3"], ["204.9", "206.3"]], "Type": "SD"}]}, {"Ports": [{"Location": [["634.6", "204.3"], ["640.4", "204.3"], ["640.4", "278.6"], ["634.6", "278.6"]], "Type": "SD"}, {"Location": [["828.2", "192.7"], ["828.2", "290.2"], ["642.9", "290.2"], ["642.9", "192.7"]], "Type": "GATE"}, {"Location": [["818.2", "198.8"], ["823.1", "198.8"], ["823.1", "284.1"], ["818.2", "284.1"]], "Type": "SD"}], "Module": "M9", "Boundary": [["828.2", "192.7"], ["828.2", "290.2"], ["634.6", "290.2"], ["634.6", "192.7"]], "Module_type": "GATE"}, {"Ports": [{"Location": [["580.0", "624.2"], ["680.0", "624.2"], ["680.0", "628.5"], ["580.0", "628.5"]], "Type": "SD"}, {"Location": [["567.4", "464.7"], ["677.2", "464.7"], ["677.2", "465.0"], ["692.6", "465.0"], ["692.6", "622.1"], ["567.4", "622.1"]], "Type": "GATE"}, {"Location": [["574.1", "470.4"], ["670.5", "470.4"], ["670.5", "475.3"], ["574.1", "475.3"]], "Type": "SD"}], "Module": "M5", "Boundary": [["567.4", "464.7"], ["677.2", "464.7"], ["677.2", "465.0"], ["692.6", "465.0"], ["692.6", "628.5"], ["567.4", "628.5"]], "Module_type": "GATE"}, {"Ports": [{"Location": [["230.9", "600.9"], ["342.2", "600.9"], ["342.2", "605.3"], ["230.9", "605.3"]], "Type": "SD"}, {"Location": [["214.9", "405.3"], ["358.2", "405.3"], ["358.2", "599.0"], ["214.9", "599.0"]], "Type": "GATE"}, {"Location": [["221.8", "411.2"], ["351.3", "411.2"], ["351.3", "418.4"], ["221.8", "418.4"]], "Type": "SD"}], "Module": "M11", "Boundary": [["214.9", "405.3"], ["358.2", "405.3"], ["358.2", "605.3"], ["214.9", "605.3"]], "Module_type": "GATE"}, {"Ports": [{"Location": [["247.3", "23.4"], ["251.6", "23.4"], ["251.6", "120.6"], ["247.3", "120.6"]], "Type": "SD"}, {"Location": [["432.9", "10.0"], ["432.9", "134.0"], ["253.1", "134.0"], ["253.1", "10.0"]], "Type": "GATE"}, {"Location": [["421.3", "16.2"], ["427.7", "16.2"], ["427.7", "127.8"], ["421.3", "127.8"]], "Type": "SD"}], "Module": "M1", "Boundary": [["432.9", "10.0"], ["432.9", "134.0"], ["247.3", "134.0"], ["247.3", "10.0"]], "Module_type": "GATE"}, {"Ports": [{"Location": [["711.0", "419.5"], ["805.3", "419.5"], ["805.3", "423.6"], ["711.0", "423.6"]], "Type": "SD"}, {"Location": [["699.1", "340.2"], ["817.2", "340.2"], ["817.2", "417.7"], ["699.1", "417.7"]], "Type": "GATE"}, {"Location": [["704.8", "344.9"], ["811.5", "344.9"], ["811.5", "350.4"], ["704.8", "350.4"]], "Type": "SD"}], "Module": "M19", "Boundary": [["699.1", "340.2"], ["817.2", "340.2"], ["817.2", "423.6"], ["699.1", "423.6"]], "Module_type": "GATE"}, {"Ports": [{"Location": [["221.1", "370.3"], ["352.1", "370.3"], ["352.1", "375.3"], ["221.1", "375.3"]], "Type": "SD"}, {"Location": [["204.9", "259.3"], ["351.5", "259.3"], ["351.5", "321.0"], ["368.3", "321.0"], ["368.3", "368.0"], ["204.9", "368.0"]], "Type": "GATE"}, {"Location": [["211.5", "264.9"], ["343.9", "264.9"], ["343.9", "272.0"], ["211.5", "272.0"]], "Type": "SD"}], "Module": "M6", "Boundary": [["204.9", "259.3"], ["351.5", "259.3"], ["351.5", "321.0"], ["368.3", "321.0"], ["368.3", "375.3"], ["204.9", "375.3"]], "Module_type": "GATE"}, {"Ports": [{"Location": [["389.3", "185.7"], ["394.7", "185.7"], ["394.7", "294.2"], ["389.3", "294.2"]], "Type": "SD"}, {"Location": [["604.6", "171.9"], ["604.6", "292.1"], ["490.9", "292.1"], ["490.9", "308.0"], ["396.8", "308.0"], ["396.8", "171.9"]], "Type": "GATE"}, {"Location": [["593.6", "177.1"], ["600.4", "177.1"], ["600.4", "285.9"], ["593.6", "285.9"]], "Type": "SD"}], "Module": "M2", "Boundary": [["604.6", "171.9"], ["604.6", "292.1"], ["490.9", "292.1"], ["490.9", "308.0"], ["389.3", "308.0"], ["389.3", "171.9"]], "Module_type": "GATE"}, {"Ports": [{"Location": [["44.7", "610.9"], ["150.2", "610.9"], ["150.2", "616.8"], ["44.7", "616.8"]], "Type": "SD"}, {"Location": [["30.0", "447.9"], ["149.4", "447.9"], ["149.4", "476.7"], ["164.9", "476.7"], ["164.9", "609.7"], ["30.0", "609.7"]], "Type": "GATE"}, {"Location": [["36.9", "453.8"], ["141.5", "453.8"], ["141.5", "459.7"], ["36.9", "459.7"]], "Type": "SD"}], "Module": "M16", "Boundary": [["30.0", "447.9"], ["149.4", "447.9"], ["149.4", "476.7"], ["164.9", "476.7"], ["164.9", "616.8"], ["30.0", "616.8"]], "Module_type": "GATE"}, {"Ports": [{"Location": [["30.0", "308.3"], ["34.5", "308.3"], ["34.5", "372.8"], ["30.0", "372.8"]], "Type": "SD"}, {"Location": [["152.1", "293.2"], ["152.1", "373.3"], ["151.8", "373.3"], ["151.8", "387.9"], ["36.1", "387.9"], ["36.1", "293.2"]], "Type": "GATE"}, {"Location": [["138.8", "299.9"], ["146.4", "299.9"], ["146.4", "366.6"], ["138.8", "366.6"]], "Type": "SD"}], "Module": "M13", "Boundary": [["152.1", "293.2"], ["152.1", "373.3"], ["151.8", "373.3"], ["151.8", "387.9"], ["30.0", "387.9"], ["30.0", "293.2"]], "Module_type": "GATE"}, {"Ports": [{"Location": [["33.8", "238.2"], ["93.0", "238.2"], ["93.0", "243.2"], ["33.8", "243.2"]], "Type": "SD"}, {"Location": [["20.0", "20.0"], ["90.6", "20.0"], ["90.6", "138.8"], ["106.8", "138.8"], ["106.8", "235.4"], ["20.0", "235.4"]], "Type": "GATE"}, {"Location": [["26.2", "25.2"], ["83.4", "25.2"], ["83.4", "31.0"], ["26.2", "31.0"]], "Type": "SD"}], "Module": "M10", "Boundary": [["20.0", "20.0"], ["90.6", "20.0"], ["90.6", "138.8"], ["106.8", "138.8"], ["106.8", "243.2"], ["20.0", "243.2"]], "Module_type": "GATE"}, {"Ports": [{"Location": [["402.6", "629.7"], ["510.9", "629.7"], ["510.9", "634.8"], ["402.6", "634.8"]], "Type": "SD"}, {"Location": [["388.3", "520.0"], ["525.2", "520.0"], ["525.2", "626.7"], ["388.3", "626.7"]], "Type": "GATE"}, {"Location": [["394.3", "525.0"], ["519.2", "525.0"], ["519.2", "531.2"], ["394.3", "531.2"]], "Type": "SD"}], "Module": "M7", "Boundary": [["388.3", "520.0"], ["525.2", "520.0"], ["525.2", "634.8"], ["388.3", "634.8"]], "Module_type": "GATE"}, {"Ports": [{"Location": [["576.6", "42.9"], ["581.2", "42.9"], ["581.2", "119.0"], ["576.6", "119.0"]], "Type": "SD"}, {"Location": [["707.2", "30.0"], ["707.2", "131.9"], ["583.2", "131.9"], ["583.2", "30.0"]], "Type": "GATE"}, {"Location": [["696.3", "36.6"], ["701.6", "36.6"], ["701.6", "125.3"], ["696.3", "125.3"]], "Type": "SD"}], "Module": "M3", "Boundary": [["707.2", "30.0"], ["707.2", "131.9"], ["576.6", "131.9"], ["576.6", "30.0"]], "Module_type": "GATE"}, {"Ports": [{"Location": [["247.3", "167.8"], ["252.6", "167.8"], ["252.6", "225.5"], ["247.3", "225.5"]], "Type": "SD"}, {"Location": [["369.3", "154.0"], ["369.3", "223.7"], ["301.2", "223.7"], ["301.2", "239.3"], ["253.8", "239.3"], ["253.8", "154.0"]], "Type": "GATE"}, {"Location": [["357.7", "160.9"], ["363.4", "160.9"], ["363.4", "215.8"], ["357.7", "215.8"]], "Type": "SD"}], "Module": "M18", "Boundary": [["369.3", "154.0"], ["369.3", "223.7"], ["301.2", "223.7"], ["301.2", "239.3"], ["247.3", "239.3"], ["247.3", "154.0"]], "Module_type": "GATE"}, {"Ports": [{"Location": [["408.3", "360.5"], ["413.7", "360.5"], ["413.7", "467.5"], ["408.3", "467.5"]], "Type": "SD"}, {"Location": [["527.4", "348.0"], ["527.4", "466.8"], ["489.7", "466.8"], ["489.7", "480.0"], ["415.3", "480.0"], ["415.3", "348.0"]], "Type": "GATE"}, {"Location": [["516.6", "353.8"], ["522.6", "353.8"], ["522.6", "460.0"], ["516.6", "460.0"]], "Type": "SD"}], "Module": "M20", "Boundary": [["527.4", "348.0"], ["527.4", "466.8"], ["489.7", "466.8"], ["489.7", "480.0"], ["408.3", "480.0"], ["408.3", "348.0"]], "Module_type": "GATE"}, {"Ports": [{"Location": [["452.9", "21.4"], ["458.1", "21.4"], ["458.1", "136.1"], ["452.9", "136.1"]], "Type": "SD"}, {"Location": [["536.6", "10.0"], ["536.6", "147.5"], ["461.0", "147.5"], ["461.0", "10.0"]], "Type": "GATE"}, {"Location": [["527.4", "15.0"], ["532.6", "15.0"], ["532.6", "142.5"], ["527.4", "142.5"]], "Type": "SD"}], "Module": "M15", "Boundary": [["536.6", "10.0"], ["536.6", "147.5"], ["452.9", "147.5"], ["452.9", "10.0"]], "Module_type": "GATE"}, {"Ports": [{"Location": [["727.4", "607.9"], ["815.8", "607.9"], ["815.8", "613.7"], ["727.4", "613.7"]], "Type": "SD"}, {"Location": [["712.6", "463.6"], ["815.5", "463.6"], ["815.5", "548.8"], ["830.6", "548.8"], ["830.6", "605.8"], ["712.6", "605.8"]], "Type": "GATE"}, {"Location": [["719.2", "469.2"], ["807.9", "469.2"], ["807.9", "476.6"], ["719.2", "476.6"]], "Type": "SD"}], "Module": "M12", "Boundary": [["712.6", "463.6"], ["815.5", "463.6"], ["815.5", "548.8"], ["830.6", "548.8"], ["830.6", "613.7"], ["712.6", "613.7"]], "Module_type": "GATE"}, {"Ports": [{"Location": [["761.1", "157.6"], ["813.4", "157.6"], ["813.4", "162.7"], ["761.1", "162.7"]], "Type": "SD"}, {"Location": [["747.2", "10.0"], ["813.0", "10.0"], ["813.0", "74.4"], ["827.3", "74.4"], ["827.3", "155.4"], ["747.2", "155.4"]], "Type": "GATE"}, {"Location": [["753.8", "15.6"], ["805.4", "15.6"], ["805.4", "21.1"], ["753.8", "21.1"]], "Type": "SD"}], "Module": "M8", "Boundary": [["747.2", "10.0"], ["813.0", "10.0"], ["813.0", "74.4"], ["827.3", "74.4"], ["827.3", "162.7"], ["747.2", "162.7"]], "Module_type": "GATE"}, {"Ports": [{"Location": [["567.4", "342.2"], ["573.4", "342.2"], ["573.4", "430.5"], ["567.4", "430.5"]], "Type": "SD"}, {"Location": [["659.1", "328.0"], ["659.1", "429.5"], ["639.7", "429.5"], ["639.7", "444.7"], ["576.4", "444.7"], ["576.4", "328.0"]], "Type": "GATE"}, {"Location": [["647.0", "334.9"], ["653.2", "334.9"], ["653.2", "421.6"], ["647.0", "421.6"]], "Type": "SD"}], "Module": "M4", "Boundary": [["659.1", "328.0"], ["659.1", "429.5"], ["639.7", "429.5"], ["639.7", "444.7"], ["567.4", "444.7"], ["567.4", "328.0"]], "Module_type": "GATE"}], "Area": [["-20.0", "-30.0"], ["870.6", "-30.0"], ["870.6", "674.8"], ["-20.0", "674.8"]], "Rules": ["GATE(5,5)", "SD(5,5)", "GATE_SD(0.5)", "GATE_ITO(0.5)", "SD_ITO(0.5)"]}