{"Modules": [{"Module": "M14", "Boundary": [["171.6", "10.0"], ["282.0", "10.0"], ["282.0", "111.8"], ["296.1", "111.8"], ["296.1", "239.9"], ["171.6", "239.9"]], "Module_type": "GATE", "Ports": [{"Location": [["184.9", "234.1"], ["282.8", "234.1"], ["282.8", "239.9"], ["184.9", "239.9"]], "Type": "SD"}, {"Location": [["171.6", "10.0"], ["282.0", "10.0"], ["282.0", "111.8"], ["296.1", "111.8"], ["296.1", "231.1"], ["171.6", "231.1"]], "Type": "GATE"}, {"Location": [["177.5", "14.9"], ["275.1", "14.9"], ["275.1", "21.6"], ["177.5", "21.6"]], "Type": "SD"}]}, {"Ports": [{"Location": [["317.6", "522.4"], ["408.9", "522.4"], ["408.9", "528.3"], ["317.6", "528.3"]], "Type": "SD"}, {"Location": [["306.3", "375.9"], ["406.2", "375.9"], ["406.2", "376.0"], ["420.2", "376.0"], ["420.2", "521.1"], ["306.3", "521.1"]], "Type": "GATE"}, {"Location": [["312.0", "380.6"], ["400.5", "380.6"], ["400.5", "385.7"], ["312.0", "385.7"]], "Type": "SD"}], "Module": "M9", "Boundary": [["306.3", "375.9"], ["406.2", "375.9"], ["406.2", "376.0"], ["420.2", "376.0"], ["420.2", "528.3"], ["306.3", "528.3"]], "Module_type": "GATE"}, {"Ports": [{"Location": [["10.0", "844.5"], ["14.7", "844.5"], ["14.7", "911.0"], ["10.0", "911.0"]], "Type": "SD"}, {"Location": [["232.5", "831.7"], ["232.5", "908.9"], ["232.1", "908.9"], ["232.1", "923.8"], ["16.6", "923.8"], ["16.6", "831.7"]], "Type": "GATE"}, {"Location": [["221.6", "837.0"], ["228.2", "837.0"], ["228.2", "903.6"], ["221.6", "903.6"]], "Type": "SD"}], "Module": "M5", "Boundary": [["232.5", "831.7"], ["232.5", "908.9"], ["232.1", "908.9"], ["232.1", "923.8"], ["10.0", "923.8"], ["10.0", "831.7"]], "Module_type": "GATE"}, {"Ports": [{"Location": [["339.2", "139.8"], ["412.4", "139.8"], ["412.4", "145.1"], ["339.2", "145.1"]], "Type": "SD"}, {"Location": [["326.1", "20.0"], ["409.0", "20.0"], ["409.0", "20.4"], ["425.5", "20.4"], ["425.5", "137.3"], ["326.1", "137.3"]], "Type": "GATE"}, {"Location": [["331.6", "24.5"], ["403.5", "24.5"], ["403.5", "30.0"], ["331.6", "30.0"]], "Type": "SD"}], "Module": "M11", "Boundary": [["326.1", "20.0"], ["409.0", "20.0"], ["409.0", "20.4"], ["425.5", "20.4"], ["425.5", "145.1"], ["326.1", "145.1"]], "Module_type": "GATE"}, {"Ports": [{"Location": [["341.6", "770.2"], ["346.6", "770.2"], ["346.6", "822.5"], ["341.6", "822.5"]], "Type": "SD"}, {"Location": [["420.3", "756.1"], ["420.3", "821.3"], ["420.3", "821.3"], ["420.3", "836.6"], ["348.0", "836.6"], ["348.0", "756.1"]], "Type": "GATE"}, {"Location": [["408.3", "761.6"], ["415.8", "761.6"], ["415.8", "815.8"], ["408.3", "815.8"]], "Type": "SD"}], "Module": "M1", "Boundary": [["420.3", "756.1"], ["420.3", "821.3"], ["420.3", "821.3"], ["420.3", "836.6"], ["341.6", "836.6"], ["341.6", "756.1"]], "Module_type": "GATE"}, {"Ports": [{"Location": [["244.7", "1000.3"], ["249.9", "1000.3"], ["249.9", "1077.0"], ["244.7", "1077.0"]], "Type": "SD"}, {"Location": [["401.1", "988.9"], ["401.1", "1088.4"], ["252.8", "1088.4"], ["252.8", "988.9"]], "Type": "GATE"}, {"Location": [["391.3", "994.4"], ["396.6", "994.4"], ["396.6", "1082.9"], ["391.3", "1082.9"]], "Type": "SD"}], "Module": "M19", "Boundary": [["401.1", "988.9"], ["401.1", "1088.4"], ["244.7", "1088.4"], ["244.7", "988.9"]], "Module_type": "GATE"}, {"Ports": [{"Location": [["224.7", "1142.4"], ["230.0", "1142.4"], ["230.0", "1272.8"], ["224.7", "1272.8"]], "Type": "SD"}, {"Location": [["417.2", "1128.4"], ["417.2", "1270.2"], ["383.5", "1270.2"], ["383.5", "1286.8"], ["232.8", "1286.8"], ["232.8", "1128.4"]], "Type": "GATE"}, {"Location": [["405.9", "1134.5"], ["412.1", "1134.5"], ["412.1", "1263.1"], ["405.9", "1263.1"]], "Type": "SD"}], "Module": "M6", "Boundary": [["417.2", "1128.4"], ["417.2", "1270.2"], ["383.5", "1270.2"], ["383.5", "1286.8"], ["224.7", "1286.8"], ["224.7", "1128.4"]], "Module_type": "GATE"}, {"Ports": [{"Location": [["147.4", "722.2"], ["151.7", "722.2"], ["151.7", "797.6"], ["147.4", "797.6"]], "Type": "SD"}, {"Location": [["233.3", "708.9"], ["233.3", "794.8"], ["201.6", "794.8"], ["201.6", "810.9"], ["153.0", "810.9"], ["153.0", "708.9"]], "Type": "GATE"}, {"Location": [["222.8", "714.8"], ["228.4", "714.8"], ["228.4", "787.9"], ["222.8", "787.9"]], "Type": "SD"}], "Module": "M2", "Boundary": [["233.3", "708.9"], ["233.3", "794.8"], ["201.6", "794.8"], ["201.6", "810.9"], ["147.4", "810.9"], ["147.4", "708.9"]], "Module_type": "GATE"}, {"Ports": [{"Location": [["41.2", "207.5"], ["120.4", "207.5"], ["120.4", "212.6"], ["41.2", "212.6"]], "Type": "SD"}, {"Location": [["30.0", "30.0"], ["118.1", "30.0"], ["118.1", "126.1"], ["131.6", "126.1"], ["131.6", "206.3"], ["30.0", "206.3"]], "Type": "GATE"}, {"Location": [["35.3", "34.3"], ["111.8", "34.3"], ["111.8", "38.9"], ["35.3", "38.9"]], "Type": "SD"}], "Module": "M16", "Boundary": [["30.0", "30.0"], ["118.1", "30.0"], ["118.1", "126.1"], ["131.6", "126.1"], ["131.6", "212.6"], ["30.0", "212.6"]], "Module_type": "GATE"}, {"Ports": [{"Location": [["346.9", "321.8"], ["405.2", "321.8"], ["405.2", "325.9"], ["346.9", "325.9"]], "Type": "SD"}, {"Location": [["336.1", "195.1"], ["416.0", "195.1"], ["416.0", "319.3"], ["336.1", "319.3"]], "Type": "GATE"}, {"Location": [["341.2", "199.2"], ["410.9", "199.2"], ["410.9", "204.2"], ["341.2", "204.2"]], "Type": "SD"}], "Module": "M13", "Boundary": [["336.1", "195.1"], ["416.0", "195.1"], ["416.0", "325.9"], ["336.1", "325.9"]], "Module_type": "GATE"}, {"Ports": [{"Location": [["300.4", "721.1"], ["409.8", "721.1"], ["409.8", "726.1"], ["300.4", "726.1"]], "Type": "SD"}, {"Location": [["288.6", "568.3"], ["408.0", "568.3"], ["408.0", "608.6"], ["421.6", "608.6"], ["421.6", "718.5"], ["288.6", "718.5"]], "Type": "GATE"}, {"Location": [["293.8", "572.5"], ["401.8", "572.5"], ["401.8", "578.1"], ["293.8", "578.1"]], "Type": "SD"}], "Module": "M10", "Boundary": [["288.6", "568.3"], ["408.0", "568.3"], ["408.0", "608.6"], ["421.6", "608.6"], ["421.6", "726.1"], ["288.6", "726.1"]], "Module_type": "GATE"}, {"Ports": [{"Location": [["253.3", "769.2"], ["257.7", "769.2"], ["257.7", "827.8"], ["253.3", "827.8"]], "Type": "SD"}, {"Location": [["321.6", "756.1"], ["321.6", "840.9"], ["259.3", "840.9"], ["259.3", "756.1"]], "Type": "GATE"}, {"Location": [["311.6", "761.8"], ["316.9", "761.8"], ["316.9", "835.2"], ["311.6", "835.2"]], "Type": "SD"}], "Module": "M7", "Boundary": [["321.6", "756.1"], ["321.6", "840.9"], ["253.3", "840.9"], ["253.3", "756.1"]], "Module_type": "GATE"}, {"Ports": [{"Location": [["44.6", "1090.1"], ["167.4", "1090.1"], ["167.4", "1094.9"], ["44.6", "1094.9"]], "Type": "SD"}, {"Location": [["30.0", "963.8"], ["182.0", "963.8"], ["182.0", "1088.9"], ["30.0", "1088.9"]], "Type": "GATE"}, {"Location": [["36.8", "969.6"], ["175.2", "969.6"], ["175.2", "975.6"], ["36.8", "975.6"]], "Type": "SD"}], "Module": "M3", "Boundary": [["30.0", "963.8"], ["182.0", "963.8"], ["182.0", "1094.9"], ["30.0", "1094.9"]], "Module_type": "GATE"}, {"Ports": [{"Location": [["24.2", "594.9"], ["116.0", "594.9"], ["116.0", "600.7"], ["24.2", "600.7"]], "Type": "SD"}, {"Location": [["10.0", "425.9"], ["114.2", "425.9"], ["114.2", "515.5"], ["130.2", "515.5"], ["130.2", "592.8"], ["10.0", "592.8"]], "Type": "GATE"}, {"Location": [["15.0", "429.9"], ["108.2", "429.9"], ["108.2", "437.5"], ["15.0", "437.5"]], "Type": "SD"}], "Module": "M18", "Boundary": [["10.0", "425.9"], ["114.2", "425.9"], ["114.2", "515.5"], ["130.2", "515.5"], ["130.2", "600.7"], ["10.0", "600.7"]], "Module_type": "GATE"}, {"Ports": [{"Location": [["192.0", "504.1"], ["243.0", "504.1"], ["243.0", "508.9"], ["192.0", "508.9"]], "Type": "SD"}, {"Location": [["178.7", "279.9"], ["242.4", "279.9"], ["242.4", "401.4"], ["256.3", "401.4"], ["256.3", "501.9"], ["178.7", "501.9"]], "Type": "GATE"}, {"Location": [["183.9", "284.1"], ["236.2", "284.1"], ["236.2", "291.2"], ["183.9", "291.2"]], "Type": "SD"}], "Module": "M20", "Boundary": [["178.7", "279.9"], ["242.4", "279.9"], ["242.4", "401.4"], ["256.3", "401.4"], ["256.3", "508.9"], ["178.7", "508.9"]], "Module_type": "GATE"}, {"Ports": [{"Location": [["150.2", "564.1"], ["155.6", "564.1"], ["155.6", "673.7"], ["150.2", "673.7"]], "Type": "SD"}, {"Location": [["258.6", "548.9"], ["258.6", "671.7"], ["258.2", "671.7"], ["258.2", "688.9"], ["157.3", "688.9"], ["157.3", "548.9"]], "Type": "GATE"}, {"Location": [["246.8", "555.7"], ["252.8", "555.7"], ["252.8", "664.9"], ["246.8", "664.9"]], "Type": "SD"}], "Module": "M15", "Boundary": [["258.6", "548.9"], ["258.6", "671.7"], ["258.2", "671.7"], ["258.2", "688.9"], ["150.2", "688.9"], ["150.2", "548.9"]], "Module_type": "GATE"}, {"Ports": [{"Location": [["21.8", "400.3"], ["126.9", "400.3"], ["126.9", "405.9"], ["21.8", "405.9"]], "Type": "SD"}, {"Location": [["10.0", "252.6"], ["125.6", "252.6"], ["125.6", "278.9"], ["138.7", "278.9"], ["138.7", "398.1"], ["10.0", "398.1"]], "Type": "GATE"}, {"Location": [["15.4", "257.0"], ["119.2", "257.0"], ["119.2", "262.6"], ["15.4", "262.6"]], "Type": "SD"}], "Module": "M12", "Boundary": [["10.0", "252.6"], ["125.6", "252.6"], ["125.6", "278.9"], ["138.7", "278.9"], ["138.7", "405.9"], ["10.0", "405.9"]], "Module_type": "GATE"}, {"Ports": [{"Location": [["23.0", "807.5"], ["114.4", "807.5"], ["114.4", "811.7"], ["23.0", "811.7"]], "Type": "SD"}, {"Location": [["10.0", "620.7"], ["111.7", "620.7"], ["111.7", "638.0"], ["127.4", "638.0"], ["127.4", "805.7"], ["10.0", "805.7"]], "Type": "GATE"}, {"Location": [["15.4", "625.1"], ["105.3", "625.1"], ["105.3", "631.1"], ["15.4", "631.1"]], "Type": "SD"}], "Module": "M8", "Boundary": [["10.0", "620.7"], ["111.7", "620.7"], ["111.7", "638.0"], ["127.4", "638.0"], ["127.4", "811.7"], ["10.0", "811.7"]], "Module_type": "GATE"}, {"Ports": [{"Location": [["252.5", "872.5"], ["258.0", "872.5"], ["258.0", "937.3"], ["252.5", "937.3"]], "Type": "SD"}, {"Location": [["435.7", "860.9"], ["435.7", "935.4"], ["387.8", "935.4"], ["387.8", "948.9"], ["259.6", "948.9"], ["259.6", "860.9"]], "Type": "GATE"}, {"Location": [["425.8", "866.2"], ["431.4", "866.2"], ["431.4", "929.1"], ["425.8", "929.1"]], "Type": "SD"}], "Module": "M4", "Boundary": [["435.7", "860.9"], ["435.7", "935.4"], ["387.8", "935.4"], ["387.8", "948.9"], ["252.5", "948.9"], ["252.5", "860.9"]], "Module_type": "GATE"}], "Area": [["-30.0", "-30.0"], ["475.7", "-30.0"], ["475.7", "1326.8"], ["-30.0", "1326.8"]], "Rules": ["GATE(5,5)", "SD(5,5)", "GATE_SD(0.5)", "GATE_ITO(0.5)", "SD_ITO(0.5)"]}