{"Modules": [{"Module": "M14", "Boundary": [["211.6", "151.4"], ["211.6", "254.2"], ["139.8", "254.2"], ["139.8", "270.4"], ["10.0", "270.4"], ["10.0", "151.4"]], "Module_type": "GATE", "Ports": [{"Location": [["10.0", "164.8"], ["14.2", "164.8"], ["14.2", "257.0"], ["10.0", "257.0"]], "Type": "SD"}, {"Location": [["211.6", "151.4"], ["211.6", "254.2"], ["139.8", "254.2"], ["139.8", "270.4"], ["16.6", "270.4"], ["16.6", "151.4"]], "Type": "GATE"}, {"Location": [["201.5", "156.6"], ["207.4", "156.6"], ["207.4", "248.0"], ["201.5", "248.0"]], "Type": "SD"}]}, {"Ports": [{"Location": [["711.2", "227.1"], ["788.6", "227.1"], ["788.6", "232.0"], ["711.2", "232.0"]], "Type": "SD"}, {"Location": [["695.9", "20.0"], ["786.2", "20.0"], ["786.2", "20.1"], ["803.9", "20.1"], ["803.9", "224.4"], ["695.9", "224.4"]], "Type": "GATE"}, {"Location": [["702.8", "25.9"], ["779.3", "25.9"], ["779.3", "32.0"], ["702.8", "32.0"]], "Type": "SD"}], "Module": "M9", "Boundary": [["695.9", "20.0"], ["786.2", "20.0"], ["786.2", "20.1"], ["803.9", "20.1"], ["803.9", "232.0"], ["695.9", "232.0"]], "Module_type": "GATE"}, {"Ports": [{"Location": [["849.8", "164.8"], ["911.8", "164.8"], ["911.8", "169.8"], ["849.8", "169.8"]], "Type": "SD"}, {"Location": [["833.9", "10.0"], ["927.7", "10.0"], ["927.7", "162.8"], ["833.9", "162.8"]], "Type": "GATE"}, {"Location": [["840.7", "15.8"], ["920.9", "15.8"], ["920.9", "22.8"], ["840.7", "22.8"]], "Type": "SD"}], "Module": "M5", "Boundary": [["833.9", "10.0"], ["927.7", "10.0"], ["927.7", "169.8"], ["833.9", "169.8"]], "Module_type": "GATE"}, {"Ports": [{"Location": [["702.7", "396.6"], ["794.3", "396.6"], ["794.3", "402.6"], ["702.7", "402.6"]], "Type": "SD"}, {"Location": [["688.6", "272.0"], ["808.4", "272.0"], ["808.4", "394.5"], ["688.6", "394.5"]], "Type": "GATE"}, {"Location": [["694.5", "276.9"], ["802.5", "276.9"], ["802.5", "283.4"], ["694.5", "283.4"]], "Type": "SD"}], "Module": "M11", "Boundary": [["688.6", "272.0"], ["808.4", "272.0"], ["808.4", "402.6"], ["688.6", "402.6"]], "Module_type": "GATE"}, {"Ports": [{"Location": [["961.1", "168.1"], ["1026.7", "168.1"], ["1026.7", "172.6"], ["961.1", "172.6"]], "Type": "SD"}, {"Location": [["947.7", "10.0"], ["1025.3", "10.0"], ["1025.3", "10.2"], ["1040.1", "10.2"], ["1040.1", "166.5"], ["947.7", "166.5"]], "Type": "GATE"}, {"Location": [["953.0", "14.3"], ["1020.0", "14.3"], ["1020.0", "21.6"], ["953.0", "21.6"]], "Type": "SD"}], "Module": "M1", "Boundary": [["947.7", "10.0"], ["1025.3", "10.0"], ["1025.3", "10.2"], ["1040.1", "10.2"], ["1040.1", "172.6"], ["947.7", "172.6"]], "Module_type": "GATE"}, {"Ports": [{"Location": [["247.4", "336.6"], ["252.6", "336.6"], ["252.6", "377.3"], ["247.4", "377.3"]], "Type": "SD"}, {"Location": [["444.0", "322.2"], ["444.0", "375.2"], ["443.7", "375.2"], ["443.7", "391.7"], ["254.0", "391.7"], ["254.0", "322.2"]], "Type": "GATE"}, {"Location": [["432.2", "328.6"], ["438.6", "328.6"], ["438.6", "368.8"], ["432.2", "368.8"]], "Type": "SD"}], "Module": "M19", "Boundary": [["444.0", "322.2"], ["444.0", "375.2"], ["443.7", "375.2"], ["443.7", "391.7"], ["247.4", "391.7"], ["247.4", "322.2"]], "Module_type": "GATE"}, {"Ports": [{"Location": [["482.4", "161.2"], ["488.1", "161.2"], ["488.1", "192.3"], ["482.4", "192.3"]], "Type": "SD"}, {"Location": [["660.7", "149.7"], ["660.7", "192.3"], ["614.3", "192.3"], ["614.3", "203.8"], ["490.3", "203.8"], ["490.3", "149.7"]], "Type": "GATE"}, {"Location": [["650.9", "154.7"], ["656.7", "154.7"], ["656.7", "186.3"], ["650.9", "186.3"]], "Type": "SD"}], "Module": "M6", "Boundary": [["660.7", "149.7"], ["660.7", "192.3"], ["614.3", "192.3"], ["614.3", "203.8"], ["482.4", "203.8"], ["482.4", "149.7"]], "Module_type": "GATE"}, {"Ports": [{"Location": [["231.6", "179.0"], ["237.1", "179.0"], ["237.1", "263.2"], ["231.6", "263.2"]], "Type": "SD"}, {"Location": [["356.3", "163.8"], ["356.3", "278.4"], ["239.5", "278.4"], ["239.5", "163.8"]], "Type": "GATE"}, {"Location": [["344.6", "169.9"], ["351.2", "169.9"], ["351.2", "253.1"], ["344.6", "253.1"]], "Type": "SD"}], "Module": "M2", "Boundary": [["356.3", "163.8"], ["356.3", "278.4"], ["231.6", "278.4"], ["231.6", "163.8"]], "Module_type": "GATE"}, {"Ports": [{"Location": [["985.2", "268.3"], ["989.2", "268.3"], ["989.2", "372.4"], ["985.2", "372.4"]], "Type": "SD"}, {"Location": [["1116.7", "252.6"], ["1116.7", "369.8"], ["1106.4", "369.8"], ["1106.4", "388.1"], ["990.8", "388.1"], ["990.8", "252.6"]], "Type": "GATE"}, {"Location": [["1104.4", "259.6"], ["1110.7", "259.6"], ["1110.7", "361.8"], ["1104.4", "361.8"]], "Type": "SD"}], "Module": "M16", "Boundary": [["1116.7", "252.6"], ["1116.7", "369.8"], ["1106.4", "369.8"], ["1106.4", "388.1"], ["985.2", "388.1"], ["985.2", "252.6"]], "Module_type": "GATE"}, {"Ports": [{"Location": [["524.0", "42.6"], ["529.7", "42.6"], ["529.7", "97.1"], ["524.0", "97.1"]], "Type": "SD"}, {"Location": [["645.9", "30.0"], ["645.9", "93.9"], ["645.7", "93.9"], ["645.7", "109.7"], ["531.3", "109.7"], ["531.3", "30.0"]], "Type": "GATE"}, {"Location": [["635.4", "35.1"], ["641.8", "35.1"], ["641.8", "88.8"], ["635.4", "88.8"]], "Type": "SD"}], "Module": "M13", "Boundary": [["645.9", "30.0"], ["645.9", "93.9"], ["645.7", "93.9"], ["645.7", "109.7"], ["524.0", "109.7"], ["524.0", "30.0"]], "Module_type": "GATE"}, {"Ports": [{"Location": [["861.2", "377.4"], ["922.4", "377.4"], ["922.4", "383.1"], ["861.2", "383.1"]], "Type": "SD"}, {"Location": [["848.4", "202.6"], ["918.4", "202.6"], ["918.4", "218.7"], ["935.2", "218.7"], ["935.2", "376.3"], ["848.4", "376.3"]], "Type": "GATE"}, {"Location": [["854.2", "207.4"], ["911.6", "207.4"], ["911.6", "212.1"], ["854.2", "212.1"]], "Type": "SD"}], "Module": "M10", "Boundary": [["848.4", "202.6"], ["918.4", "202.6"], ["918.4", "218.7"], ["935.2", "218.7"], ["935.2", "383.1"], ["848.4", "383.1"]], "Module_type": "GATE"}, {"Ports": [{"Location": [["391.8", "276.5"], ["446.9", "276.5"], ["446.9", "282.2"], ["391.8", "282.2"]], "Type": "SD"}, {"Location": [["376.3", "137.0"], ["462.4", "137.0"], ["462.4", "274.6"], ["376.3", "274.6"]], "Type": "GATE"}, {"Location": [["383.0", "142.7"], ["455.7", "142.7"], ["455.7", "149.6"], ["383.0", "149.6"]], "Type": "SD"}], "Module": "M7", "Boundary": [["376.3", "137.0"], ["462.4", "137.0"], ["462.4", "282.2"], ["376.3", "282.2"]], "Module_type": "GATE"}, {"Ports": [{"Location": [["504.0", "346.2"], ["508.6", "346.2"], ["508.6", "371.0"], ["504.0", "371.0"]], "Type": "SD"}, {"Location": [["631.3", "333.4"], ["631.3", "383.8"], ["510.5", "383.8"], ["510.5", "333.4"]], "Type": "GATE"}, {"Location": [["621.9", "339.0"], ["626.7", "339.0"], ["626.7", "378.2"], ["621.9", "378.2"]], "Type": "SD"}], "Module": "M3", "Boundary": [["631.3", "333.4"], ["631.3", "383.8"], ["504.0", "383.8"], ["504.0", "333.4"]], "Module_type": "GATE"}, {"Ports": [{"Location": [["22.9", "125.5"], ["93.2", "125.5"], ["93.2", "130.0"], ["22.9", "130.0"]], "Type": "SD"}, {"Location": [["10.0", "10.0"], ["91.4", "10.0"], ["91.4", "48.7"], ["106.1", "48.7"], ["106.1", "123.7"], ["10.0", "123.7"]], "Type": "GATE"}, {"Location": [["16.3", "15.3"], ["84.1", "15.3"], ["84.1", "21.1"], ["16.3", "21.1"]], "Type": "SD"}], "Module": "M18", "Boundary": [["10.0", "10.0"], ["91.4", "10.0"], ["91.4", "48.7"], ["106.1", "48.7"], ["106.1", "130.0"], ["10.0", "130.0"]], "Module_type": "GATE"}, {"Ports": [{"Location": [["30.0", "321.3"], ["34.8", "321.3"], ["34.8", "382.4"], ["30.0", "382.4"]], "Type": "SD"}, {"Location": [["187.4", "310.4"], ["187.4", "380.7"], ["174.3", "380.7"], ["174.3", "393.3"], ["37.0", "393.3"], ["37.0", "310.4"]], "Type": "GATE"}, {"Location": [["178.3", "315.4"], ["183.4", "315.4"], ["183.4", "374.7"], ["178.3", "374.7"]], "Type": "SD"}], "Module": "M20", "Boundary": [["187.4", "310.4"], ["187.4", "380.7"], ["174.3", "380.7"], ["174.3", "393.3"], ["30.0", "393.3"], ["30.0", "310.4"]], "Module_type": "GATE"}, {"Ports": [{"Location": [["239.5", "26.4"], ["244.9", "26.4"], ["244.9", "127.4"], ["239.5", "127.4"]], "Type": "SD"}, {"Location": [["341.4", "10.0"], ["341.4", "143.8"], ["247.5", "143.8"], ["247.5", "10.0"]], "Type": "GATE"}, {"Location": [["328.5", "16.9"], ["335.5", "16.9"], ["335.5", "136.9"], ["328.5", "136.9"]], "Type": "SD"}], "Module": "M15", "Boundary": [["341.4", "10.0"], ["341.4", "143.8"], ["239.5", "143.8"], ["239.5", "10.0"]], "Module_type": "GATE"}, {"Ports": [{"Location": [["377.0", "112.6"], ["468.4", "112.6"], ["468.4", "117.0"], ["377.0", "117.0"]], "Type": "SD"}, {"Location": [["361.4", "10.0"], ["468.0", "10.0"], ["468.0", "51.1"], ["484.0", "51.1"], ["484.0", "110.8"], ["361.4", "110.8"]], "Type": "GATE"}, {"Location": [["367.9", "15.5"], ["460.5", "15.5"], ["460.5", "22.6"], ["367.9", "22.6"]], "Type": "SD"}], "Module": "M12", "Boundary": [["361.4", "10.0"], ["468.0", "10.0"], ["468.0", "51.1"], ["484.0", "51.1"], ["484.0", "117.0"], ["361.4", "117.0"]], "Module_type": "GATE"}, {"Ports": [{"Location": [["484.0", "237.8"], ["489.8", "237.8"], ["489.8", "279.4"], ["484.0", "279.4"]], "Type": "SD"}, {"Location": [["658.6", "223.8"], ["658.6", "277.0"], ["644.0", "277.0"], ["644.0", "293.4"], ["491.0", "293.4"], ["491.0", "223.8"]], "Type": "GATE"}, {"Location": [["647.6", "229.8"], ["653.6", "229.8"], ["653.6", "270.0"], ["647.6", "270.0"]], "Type": "SD"}], "Module": "M8", "Boundary": [["658.6", "223.8"], ["658.6", "277.0"], ["644.0", "277.0"], ["644.0", "293.4"], ["484.0", "293.4"], ["484.0", "223.8"]], "Module_type": "GATE"}, {"Ports": [{"Location": [["138.3", "126.4"], ["207.3", "126.4"], ["207.3", "131.4"], ["138.3", "131.4"]], "Type": "SD"}, {"Location": [["126.1", "10.0"], ["208.0", "10.0"], ["208.0", "68.0"], ["219.5", "68.0"], ["219.5", "123.8"], ["126.1", "123.8"]], "Type": "GATE"}, {"Location": [["131.8", "14.7"], ["201.3", "14.7"], ["201.3", "20.7"], ["131.8", "20.7"]], "Type": "SD"}], "Module": "M4", "Boundary": [["126.1", "10.0"], ["208.0", "10.0"], ["208.0", "68.0"], ["219.5", "68.0"], ["219.5", "131.4"], ["126.1", "131.4"]], "Module_type": "GATE"}], "Area": [["-30.0", "-30.0"], ["1179.1", "-30.0"], ["1179.1", "442.6"], ["-30.0", "442.6"]], "Rules": ["GATE(5,5)", "SD(5,5)", "GATE_SD(0.5)", "GATE_ITO(0.5)", "SD_ITO(0.5)"]}