{"Modules": [{"Module": "M14", "Boundary": [["180.7", "123.3"], ["253.3", "123.3"], ["253.3", "186.0"], ["270.0", "186.0"], ["270.0", "275.7"], ["180.7", "275.7"]], "Module_type": "GATE", "Ports": [{"Location": [["195.2", "270.0"], ["255.5", "270.0"], ["255.5", "275.7"], ["195.2", "275.7"]], "Type": "SD"}, {"Location": [["180.7", "123.3"], ["253.3", "123.3"], ["253.3", "186.0"], ["270.0", "186.0"], ["270.0", "268.9"], ["180.7", "268.9"]], "Type": "GATE"}, {"Location": [["186.3", "127.9"], ["246.7", "127.9"], ["246.7", "134.7"], ["186.3", "134.7"]], "Type": "SD"}]}, {"Ports": [{"Location": [["313.1", "339.2"], ["400.0", "339.2"], ["400.0", "343.4"], ["313.1", "343.4"]], "Type": "SD"}, {"Location": [["300.0", "123.3"], ["413.1", "123.3"], ["413.1", "336.8"], ["300.0", "336.8"]], "Type": "GATE"}, {"Location": [["306.3", "128.6"], ["406.8", "128.6"], ["406.8", "134.0"], ["306.3", "134.0"]], "Type": "SD"}], "Module": "M9", "Boundary": [["300.0", "123.3"], ["413.1", "123.3"], ["413.1", "343.4"], ["300.0", "343.4"]], "Module_type": "GATE"}, {"Ports": [{"Location": [["25.5", "277.2"], ["145.2", "277.2"], ["145.2", "281.5"], ["25.5", "281.5"]], "Type": "SD"}, {"Location": [["10.0", "181.6"], ["144.7", "181.6"], ["144.7", "182.1"], ["160.7", "182.1"], ["160.7", "275.9"], ["10.0", "275.9"]], "Type": "GATE"}, {"Location": [["16.9", "187.5"], ["137.8", "187.5"], ["137.8", "195.4"], ["16.9", "195.4"]], "Type": "SD"}], "Module": "M5", "Boundary": [["10.0", "181.6"], ["144.7", "181.6"], ["144.7", "182.1"], ["160.7", "182.1"], ["160.7", "281.5"], ["10.0", "281.5"]], "Module_type": "GATE"}, {"Ports": [{"Location": [["444.1", "865.9"], ["547.2", "865.9"], ["547.2", "870.2"], ["444.1", "870.2"]], "Type": "SD"}, {"Location": [["429.4", "727.4"], ["546.0", "727.4"], ["546.0", "727.7"], ["561.9", "727.7"], ["561.9", "864.0"], ["429.4", "864.0"]], "Type": "GATE"}, {"Location": [["435.8", "732.8"], ["539.6", "732.8"], ["539.6", "740.5"], ["435.8", "740.5"]], "Type": "SD"}], "Module": "M11", "Boundary": [["429.4", "727.4"], ["546.0", "727.4"], ["546.0", "727.7"], ["561.9", "727.7"], ["561.9", "870.2"], ["429.4", "870.2"]], "Module_type": "GATE"}, {"Ports": [{"Location": [["283.3", "387.2"], ["288.9", "387.2"], ["288.9", "450.3"], ["283.3", "450.3"]], "Type": "SD"}, {"Location": [["413.6", "373.4"], ["413.6", "464.1"], ["291.6", "464.1"], ["291.6", "373.4"]], "Type": "GATE"}, {"Location": [["401.4", "380.0"], ["408.0", "380.0"], ["408.0", "457.5"], ["401.4", "457.5"]], "Type": "SD"}], "Module": "M1", "Boundary": [["413.6", "373.4"], ["413.6", "464.1"], ["283.3", "464.1"], ["283.3", "373.4"]], "Module_type": "GATE"}, {"Ports": [{"Location": [["229.6", "652.3"], ["235.3", "652.3"], ["235.3", "709.5"], ["229.6", "709.5"]], "Type": "SD"}, {"Location": [["377.4", "637.7"], ["377.4", "707.6"], ["377.3", "707.6"], ["377.3", "724.1"], ["236.7", "724.1"], ["236.7", "637.7"]], "Type": "GATE"}, {"Location": [["364.7", "644.5"], ["371.6", "644.5"], ["371.6", "700.8"], ["364.7", "700.8"]], "Type": "SD"}], "Module": "M19", "Boundary": [["377.4", "637.7"], ["377.4", "707.6"], ["377.3", "707.6"], ["377.3", "724.1"], ["229.6", "724.1"], ["229.6", "637.7"]], "Module_type": "GATE"}, {"Ports": [{"Location": [["10.0", "808.3"], ["14.6", "808.3"], ["14.6", "868.1"], ["10.0", "868.1"]], "Type": "SD"}, {"Location": [["140.4", "793.2"], ["140.4", "866.8"], ["88.5", "866.8"], ["88.5", "883.2"], ["17.5", "883.2"], ["17.5", "793.2"]], "Type": "GATE"}, {"Location": [["127.9", "800.0"], ["134.6", "800.0"], ["134.6", "859.0"], ["127.9", "859.0"]], "Type": "SD"}], "Module": "M6", "Boundary": [["140.4", "793.2"], ["140.4", "866.8"], ["88.5", "866.8"], ["88.5", "883.2"], ["10.0", "883.2"], ["10.0", "793.2"]], "Module_type": "GATE"}, {"Ports": [{"Location": [["274.7", "779.3"], ["280.2", "779.3"], ["280.2", "863.5"], ["274.7", "863.5"]], "Type": "SD"}, {"Location": [["399.4", "764.1"], ["399.4", "878.7"], ["282.6", "878.7"], ["282.6", "764.1"]], "Type": "GATE"}, {"Location": [["387.7", "770.2"], ["394.3", "770.2"], ["394.3", "853.4"], ["387.7", "853.4"]], "Type": "SD"}], "Module": "M2", "Boundary": [["399.4", "764.1"], ["399.4", "878.7"], ["274.7", "878.7"], ["274.7", "764.1"]], "Module_type": "GATE"}, {"Ports": [{"Location": [["453.6", "429.0"], ["459.5", "429.0"], ["459.5", "496.6"], ["453.6", "496.6"]], "Type": "SD"}, {"Location": [["552.9", "416.6"], ["552.9", "494.6"], ["514.9", "494.6"], ["514.9", "509.0"], ["460.9", "509.0"], ["460.9", "416.6"]], "Type": "GATE"}, {"Location": [["543.1", "421.7"], ["548.8", "421.7"], ["548.8", "488.5"], ["543.1", "488.5"]], "Type": "SD"}], "Module": "M16", "Boundary": [["552.9", "416.6"], ["552.9", "494.6"], ["514.9", "494.6"], ["514.9", "509.0"], ["453.6", "509.0"], ["453.6", "416.6"]], "Module_type": "GATE"}, {"Ports": [{"Location": [["30.0", "335.3"], ["35.2", "335.3"], ["35.2", "428.8"], ["30.0", "428.8"]], "Type": "SD"}, {"Location": [["243.3", "321.5"], ["243.3", "442.6"], ["37.5", "442.6"], ["37.5", "321.5"]], "Type": "GATE"}, {"Location": [["232.4", "327.0"], ["238.8", "327.0"], ["238.8", "437.1"], ["232.4", "437.1"]], "Type": "SD"}], "Module": "M13", "Boundary": [["243.3", "321.5"], ["243.3", "442.6"], ["30.0", "442.6"], ["30.0", "321.5"]], "Module_type": "GATE"}, {"Ports": [{"Location": [["20.0", "506.5"], ["25.4", "506.5"], ["25.4", "595.7"], ["20.0", "595.7"]], "Type": "SD"}, {"Location": [["163.9", "492.6"], ["163.9", "594.2"], ["128.2", "594.2"], ["128.2", "609.6"], ["27.4", "609.6"], ["27.4", "492.6"]], "Type": "GATE"}, {"Location": [["152.7", "499.0"], ["158.5", "499.0"], ["158.5", "586.8"], ["152.7", "586.8"]], "Type": "SD"}], "Module": "M10", "Boundary": [["163.9", "492.6"], ["163.9", "594.2"], ["128.2", "594.2"], ["128.2", "609.6"], ["20.0", "609.6"], ["20.0", "492.6"]], "Module_type": "GATE"}, {"Ports": [{"Location": [["250.3", "23.3"], ["254.5", "23.3"], ["254.5", "80.0"], ["250.3", "80.0"]], "Type": "SD"}, {"Location": [["446.2", "10.0"], ["446.2", "77.0"], ["445.9", "77.0"], ["445.9", "93.3"], ["256.8", "93.3"], ["256.8", "10.0"]], "Type": "GATE"}, {"Location": [["434.7", "15.8"], ["441.4", "15.8"], ["441.4", "71.2"], ["434.7", "71.2"]], "Type": "SD"}], "Module": "M7", "Boundary": [["446.2", "10.0"], ["446.2", "77.0"], ["445.9", "77.0"], ["445.9", "93.3"], ["250.3", "93.3"], ["250.3", "10.0"]], "Module_type": "GATE"}, {"Ports": [{"Location": [["437.4", "583.3"], ["441.6", "583.3"], ["441.6", "663.1"], ["437.4", "663.1"]], "Type": "SD"}, {"Location": [["444.3", "656.8"], ["444.3", "568.4"], ["553.8", "568.4"], ["553.8", "678.0"], ["490.1", "678.0"], ["490.1", "656.8"]], "Type": "GATE"}, {"Location": [["541.6", "574.4"], ["548.6", "574.4"], ["548.6", "672.0"], ["541.6", "672.0"]], "Type": "SD"}], "Module": "M3", "Boundary": [["437.4", "656.8"], ["437.4", "568.4"], ["553.8", "568.4"], ["553.8", "678.0"], ["490.1", "678.0"], ["490.1", "656.8"]], "Module_type": "GATE"}, {"Ports": [{"Location": [["10.0", "24.5"], ["14.2", "24.5"], ["14.2", "147.1"], ["10.0", "147.1"]], "Type": "SD"}, {"Location": [["126.4", "10.0"], ["126.4", "146.0"], ["72.2", "146.0"], ["72.2", "161.6"], ["16.8", "161.6"], ["16.8", "10.0"]], "Type": "GATE"}, {"Location": [["114.7", "15.3"], ["122.1", "15.3"], ["122.1", "139.7"], ["114.7", "139.7"]], "Type": "SD"}], "Module": "M18", "Boundary": [["126.4", "10.0"], ["126.4", "146.0"], ["72.2", "146.0"], ["72.2", "161.6"], ["10.0", "161.6"], ["10.0", "10.0"]], "Module_type": "GATE"}, {"Ports": [{"Location": [["44.5", "748.3"], ["155.1", "748.3"], ["155.1", "753.2"], ["44.5", "753.2"]], "Type": "SD"}, {"Location": [["30.0", "659.6"], ["169.6", "659.6"], ["169.6", "747.0"], ["30.0", "747.0"]], "Type": "GATE"}, {"Location": [["35.9", "664.5"], ["163.7", "664.5"], ["163.7", "670.7"], ["35.9", "670.7"]], "Type": "SD"}], "Module": "M20", "Boundary": [["30.0", "659.6"], ["169.6", "659.6"], ["169.6", "753.2"], ["30.0", "753.2"]], "Module_type": "GATE"}, {"Ports": [{"Location": [["171.9", "873.5"], ["243.2", "873.5"], ["243.2", "878.5"], ["171.9", "878.5"]], "Type": "SD"}, {"Location": [["160.4", "793.2"], ["254.7", "793.2"], ["254.7", "872.4"], ["160.4", "872.4"]], "Type": "GATE"}, {"Location": [["165.7", "797.5"], ["249.4", "797.5"], ["249.4", "802.4"], ["165.7", "802.4"]], "Type": "SD"}], "Module": "M15", "Boundary": [["160.4", "793.2"], ["254.7", "793.2"], ["254.7", "878.5"], ["160.4", "878.5"]], "Module_type": "GATE"}, {"Ports": [{"Location": [["146.4", "22.2"], ["150.9", "22.2"], ["150.9", "91.1"], ["146.4", "91.1"]], "Type": "SD"}, {"Location": [["230.3", "10.0"], ["230.3", "88.9"], ["206.3", "88.9"], ["206.3", "103.3"], ["152.7", "103.3"], ["152.7", "10.0"]], "Type": "GATE"}, {"Location": [["220.3", "15.6"], ["225.7", "15.6"], ["225.7", "82.3"], ["220.3", "82.3"]], "Type": "SD"}], "Module": "M12", "Boundary": [["230.3", "10.0"], ["230.3", "88.9"], ["206.3", "88.9"], ["206.3", "103.3"], ["146.4", "103.3"], ["146.4", "10.0"]], "Module_type": "GATE"}, {"Ports": [{"Location": [["455.1", "370.9"], ["553.2", "370.9"], ["553.2", "376.6"], ["455.1", "376.6"]], "Type": "SD"}, {"Location": [["443.1", "153.4"], ["551.0", "153.4"], ["551.0", "173.0"], ["565.2", "173.0"], ["565.2", "369.4"], ["443.1", "369.4"]], "Type": "GATE"}, {"Location": [["448.4", "157.7"], ["544.7", "157.7"], ["544.7", "162.9"], ["448.4", "162.9"]], "Type": "SD"}], "Module": "M8", "Boundary": [["443.1", "153.4"], ["551.0", "153.4"], ["551.0", "173.0"], ["565.2", "173.0"], ["565.2", "376.6"], ["443.1", "376.6"]], "Module_type": "GATE"}, {"Ports": [{"Location": [["193.9", "498.2"], ["198.3", "498.2"], ["198.3", "583.6"], ["193.9", "583.6"]], "Type": "SD"}, {"Location": [["395.2", "484.1"], ["395.2", "583.0"], ["377.4", "583.0"], ["377.4", "597.7"], ["201.1", "597.7"], ["201.1", "484.1"]], "Type": "GATE"}, {"Location": [["383.1", "491.0"], ["389.3", "491.0"], ["389.3", "575.1"], ["383.1", "575.1"]], "Type": "SD"}], "Module": "M4", "Boundary": [["395.2", "484.1"], ["395.2", "583.0"], ["377.4", "583.0"], ["377.4", "597.7"], ["193.9", "597.7"], ["193.9", "484.1"]], "Module_type": "GATE"}], "Area": [["-30.0", "-30.0"], ["614.6", "-30.0"], ["614.6", "923.2"], ["-30.0", "923.2"]], "Rules": ["GATE(5,5)", "SD(5,5)", "GATE_SD(0.5)", "GATE_ITO(0.5)", "SD_ITO(0.5)"]}