{"Modules": [{"Module": "M14", "Boundary": [["10.0", "847.7"], ["72.4", "847.7"], ["72.4", "914.9"], ["86.1", "914.9"], ["86.1", "983.9"], ["10.0", "983.9"]], "Module_type": "GATE", "Ports": [{"Location": [["22.5", "979.7"], ["73.6", "979.7"], ["73.6", "983.9"], ["22.5", "983.9"]], "Type": "SD"}, {"Location": [["10.0", "847.7"], ["72.4", "847.7"], ["72.4", "914.9"], ["86.1", "914.9"], ["86.1", "976.8"], ["10.0", "976.8"]], "Type": "GATE"}, {"Location": [["15.4", "852.1"], ["66.0", "852.1"], ["66.0", "858.0"], ["15.4", "858.0"]], "Type": "SD"}]}, {"Ports": [{"Location": [["165.7", "414.0"], ["170.5", "414.0"], ["170.5", "506.0"], ["165.7", "506.0"]], "Type": "SD"}, {"Location": [["368.7", "402.1"], ["368.7", "517.9"], ["171.5", "517.9"], ["171.5", "402.1"]], "Type": "GATE"}, {"Location": [["358.6", "407.9"], ["363.9", "407.9"], ["363.9", "512.1"], ["358.6", "512.1"]], "Type": "SD"}], "Module": "M9", "Boundary": [["368.7", "402.1"], ["368.7", "517.9"], ["165.7", "517.9"], ["165.7", "402.1"]], "Module_type": "GATE"}, {"Ports": [{"Location": [["157.5", "127.6"], ["237.7", "127.6"], ["237.7", "132.6"], ["157.5", "132.6"]], "Type": "SD"}, {"Location": [["144.4", "10.0"], ["236.1", "10.0"], ["236.1", "10.2"], ["250.8", "10.2"], ["250.8", "126.3"], ["144.4", "126.3"]], "Type": "GATE"}, {"Location": [["151.3", "15.9"], ["229.2", "15.9"], ["229.2", "20.7"], ["151.3", "20.7"]], "Type": "SD"}], "Module": "M5", "Boundary": [["144.4", "10.0"], ["236.1", "10.0"], ["236.1", "10.2"], ["250.8", "10.2"], ["250.8", "132.6"], ["144.4", "132.6"]], "Module_type": "GATE"}, {"Ports": [{"Location": [["20.0", "414.3"], ["24.9", "414.3"], ["24.9", "530.1"], ["20.0", "530.1"]], "Type": "SD"}, {"Location": [["125.7", "402.1"], ["125.7", "542.3"], ["27.6", "542.3"], ["27.6", "402.1"]], "Type": "GATE"}, {"Location": [["115.3", "407.9"], ["120.9", "407.9"], ["120.9", "536.5"], ["115.3", "536.5"]], "Type": "SD"}], "Module": "M11", "Boundary": [["125.7", "402.1"], ["125.7", "542.3"], ["20.0", "542.3"], ["20.0", "402.1"]], "Module_type": "GATE"}, {"Ports": [{"Location": [["144.4", "165.2"], ["149.2", "165.2"], ["149.2", "221.5"], ["144.4", "221.5"]], "Type": "SD"}, {"Location": [["224.5", "152.6"], ["224.5", "234.1"], ["151.3", "234.1"], ["151.3", "152.6"]], "Type": "GATE"}, {"Location": [["214.8", "158.7"], ["219.4", "158.7"], ["219.4", "228.0"], ["214.8", "228.0"]], "Type": "SD"}], "Module": "M1", "Boundary": [["224.5", "152.6"], ["224.5", "234.1"], ["144.4", "234.1"], ["144.4", "152.6"]], "Module_type": "GATE"}, {"Ports": [{"Location": [["30.0", "733.2"], ["34.4", "733.2"], ["34.4", "791.4"], ["30.0", "791.4"]], "Type": "SD"}, {"Location": [["163.2", "716.9"], ["163.2", "807.7"], ["35.5", "807.7"], ["35.5", "716.9"]], "Type": "GATE"}, {"Location": [["149.8", "723.5"], ["157.6", "723.5"], ["157.6", "801.1"], ["149.8", "801.1"]], "Type": "SD"}], "Module": "M19", "Boundary": [["163.2", "716.9"], ["163.2", "807.7"], ["30.0", "807.7"], ["30.0", "716.9"]], "Module_type": "GATE"}, {"Ports": [{"Location": [["257.3", "363.9"], ["341.7", "363.9"], ["341.7", "368.7"], ["257.3", "368.7"]], "Type": "SD"}, {"Location": [["244.5", "208.7"], ["342.5", "208.7"], ["342.5", "290.3"], ["354.5", "290.3"], ["354.5", "362.5"], ["244.5", "362.5"]], "Type": "GATE"}, {"Location": [["251.4", "214.6"], ["334.6", "214.6"], ["334.6", "220.0"], ["251.4", "220.0"]], "Type": "SD"}], "Module": "M6", "Boundary": [["244.5", "208.7"], ["342.5", "208.7"], ["342.5", "290.3"], ["354.5", "290.3"], ["354.5", "368.7"], ["244.5", "368.7"]], "Module_type": "GATE"}, {"Ports": [{"Location": [["203.2", "563.1"], ["208.7", "563.1"], ["208.7", "647.3"], ["203.2", "647.3"]], "Type": "SD"}, {"Location": [["327.9", "547.9"], ["327.9", "662.5"], ["211.1", "662.5"], ["211.1", "547.9"]], "Type": "GATE"}, {"Location": [["316.2", "554.0"], ["322.8", "554.0"], ["322.8", "637.2"], ["316.2", "637.2"]], "Type": "SD"}], "Module": "M2", "Boundary": [["327.9", "547.9"], ["327.9", "662.5"], ["203.2", "662.5"], ["203.2", "547.9"]], "Module_type": "GATE"}, {"Ports": [{"Location": [["418.7", "418.1"], ["422.8", "418.1"], ["422.8", "521.0"], ["418.7", "521.0"]], "Type": "SD"}, {"Location": [["490.7", "405.7"], ["490.7", "520.6"], ["455.7", "520.6"], ["455.7", "533.4"], ["423.9", "533.4"], ["423.9", "405.7"]], "Type": "GATE"}, {"Location": [["480.4", "412.5"], ["484.9", "412.5"], ["484.9", "512.8"], ["480.4", "512.8"]], "Type": "SD"}], "Module": "M16", "Boundary": [["490.7", "405.7"], ["490.7", "520.6"], ["455.7", "520.6"], ["455.7", "533.4"], ["418.7", "533.4"], ["418.7", "405.7"]], "Module_type": "GATE"}, {"Ports": [{"Location": [["281.9", "883.0"], ["287.3", "883.0"], ["287.3", "946.4"], ["281.9", "946.4"]], "Type": "SD"}, {"Location": [["495.3", "870.1"], ["495.3", "945.0"], ["495.1", "945.0"], ["495.1", "959.3"], ["290.2", "959.3"], ["290.2", "870.1"]], "Type": "GATE"}, {"Location": [["484.7", "876.6"], ["489.8", "876.6"], ["489.8", "938.5"], ["484.7", "938.5"]], "Type": "SD"}], "Module": "M13", "Boundary": [["495.3", "870.1"], ["495.3", "945.0"], ["495.1", "945.0"], ["495.1", "959.3"], ["281.9", "959.3"], ["281.9", "870.1"]], "Module_type": "GATE"}, {"Ports": [{"Location": [["116.1", "871.5"], ["121.4", "871.5"], ["121.4", "953.1"], ["116.1", "953.1"]], "Type": "SD"}, {"Location": [["231.9", "860.1"], ["231.9", "950.7"], ["176.3", "950.7"], ["176.3", "964.5"], ["123.3", "964.5"], ["123.3", "860.1"]], "Type": "GATE"}, {"Location": [["222.3", "865.6"], ["227.4", "865.6"], ["227.4", "944.2"], ["222.3", "944.2"]], "Type": "SD"}], "Module": "M10", "Boundary": [["231.9", "860.1"], ["231.9", "950.7"], ["176.3", "950.7"], ["176.3", "964.5"], ["116.1", "964.5"], ["116.1", "860.1"]], "Module_type": "GATE"}, {"Ports": [{"Location": [["10.0", "588.0"], ["15.5", "588.0"], ["15.5", "661.2"], ["10.0", "661.2"]], "Type": "SD"}, {"Location": [["180.7", "572.3"], ["180.7", "676.9"], ["17.4", "676.9"], ["17.4", "572.3"]], "Type": "GATE"}, {"Location": [["167.9", "579.2"], ["174.8", "579.2"], ["174.8", "670.0"], ["167.9", "670.0"]], "Type": "SD"}], "Module": "M7", "Boundary": [["180.7", "572.3"], ["180.7", "676.9"], ["10.0", "676.9"], ["10.0", "572.3"]], "Module_type": "GATE"}, {"Ports": [{"Location": [["398.9", "804.7"], ["478.7", "804.7"], ["478.7", "808.9"], ["398.9", "808.9"]], "Type": "SD"}, {"Location": [["462.3", "802.0"], ["415.3", "802.0"], ["415.3", "905.1"], ["384.7", "905.1"], ["384.7", "693.3"], ["492.9", "693.3"], ["492.9", "905.1"], ["462.3", "905.1"]], "Type": "GATE"}, {"Location": [["390.0", "697.7"], ["487.6", "697.7"], ["487.6", "704.7"], ["390.0", "704.7"]], "Type": "SD"}], "Module": "M3", "Boundary": [["462.3", "808.9"], ["415.3", "808.9"], ["415.3", "905.1"], ["384.7", "905.1"], ["384.7", "693.3"], ["492.9", "693.3"], ["492.9", "905.1"], ["462.3", "905.1"]], "Module_type": "GATE"}, {"Ports": [{"Location": [["283.3", "183.7"], ["334.4", "183.7"], ["334.4", "188.7"], ["283.3", "188.7"]], "Type": "SD"}, {"Location": [["270.8", "10.0"], ["333.5", "10.0"], ["333.5", "118.2"], ["346.9", "118.2"], ["346.9", "181.4"], ["270.8", "181.4"]], "Type": "GATE"}, {"Location": [["277.0", "15.2"], ["326.3", "15.2"], ["326.3", "20.8"], ["277.0", "20.8"]], "Type": "SD"}], "Module": "M18", "Boundary": [["270.8", "10.0"], ["333.5", "10.0"], ["333.5", "118.2"], ["346.9", "118.2"], ["346.9", "188.7"], ["270.8", "188.7"]], "Module_type": "GATE"}, {"Ports": [{"Location": [["42.6", "221.7"], ["91.8", "221.7"], ["91.8", "227.0"], ["42.6", "227.0"]], "Type": "SD"}, {"Location": [["30.0", "30.0"], ["90.2", "30.0"], ["90.2", "30.3"], ["104.4", "30.3"], ["104.4", "220.0"], ["30.0", "220.0"]], "Type": "GATE"}, {"Location": [["35.3", "34.3"], ["84.9", "34.3"], ["84.9", "40.7"], ["35.3", "40.7"]], "Type": "SD"}], "Module": "M20", "Boundary": [["30.0", "30.0"], ["90.2", "30.0"], ["90.2", "30.3"], ["104.4", "30.3"], ["104.4", "227.0"], ["30.0", "227.0"]], "Module_type": "GATE"}, {"Ports": [{"Location": [["347.9", "587.2"], ["353.5", "587.2"], ["353.5", "639.5"], ["347.9", "639.5"]], "Type": "SD"}, {"Location": [["514.7", "573.4"], ["514.7", "637.9"], ["514.3", "637.9"], ["514.3", "653.3"], ["356.0", "653.3"], ["356.0", "573.4"]], "Type": "GATE"}, {"Location": [["503.7", "579.9"], ["509.2", "579.9"], ["509.2", "631.4"], ["503.7", "631.4"]], "Type": "SD"}], "Module": "M15", "Boundary": [["514.7", "573.4"], ["514.7", "637.9"], ["514.3", "637.9"], ["514.3", "653.3"], ["347.9", "653.3"], ["347.9", "573.4"]], "Module_type": "GATE"}, {"Ports": [{"Location": [["388.0", "226.6"], ["504.8", "226.6"], ["504.8", "230.9"], ["388.0", "230.9"]], "Type": "SD"}, {"Location": [["374.5", "10.0"], ["503.5", "10.0"], ["503.5", "146.7"], ["518.3", "146.7"], ["518.3", "224.6"], ["374.5", "224.6"]], "Type": "GATE"}, {"Location": [["380.2", "14.7"], ["496.8", "14.7"], ["496.8", "21.0"], ["380.2", "21.0"]], "Type": "SD"}], "Module": "M12", "Boundary": [["374.5", "10.0"], ["503.5", "10.0"], ["503.5", "146.7"], ["518.3", "146.7"], ["518.3", "230.9"], ["374.5", "230.9"]], "Module_type": "GATE"}, {"Ports": [{"Location": [["203.2", "696.4"], ["207.8", "696.4"], ["207.8", "816.2"], ["203.2", "816.2"]], "Type": "SD"}, {"Location": [["344.6", "682.5"], ["344.6", "815.1"], ["274.1", "815.1"], ["274.1", "830.1"], ["209.2", "830.1"], ["209.2", "682.5"]], "Type": "GATE"}, {"Location": [["332.8", "688.9"], ["339.2", "688.9"], ["339.2", "807.7"], ["332.8", "807.7"]], "Type": "SD"}], "Module": "M8", "Boundary": [["344.6", "682.5"], ["344.6", "815.1"], ["274.1", "815.1"], ["274.1", "830.1"], ["203.2", "830.1"], ["203.2", "682.5"]], "Module_type": "GATE"}, {"Ports": [{"Location": [["388.7", "359.7"], ["480.3", "359.7"], ["480.3", "365.7"], ["388.7", "365.7"]], "Type": "SD"}, {"Location": [["374.5", "250.9"], ["478.7", "250.9"], ["478.7", "303.3"], ["494.5", "303.3"], ["494.5", "357.9"], ["374.5", "357.9"]], "Type": "GATE"}, {"Location": [["380.9", "256.3"], ["471.3", "256.3"], ["471.3", "262.7"], ["380.9", "262.7"]], "Type": "SD"}], "Module": "M4", "Boundary": [["374.5", "250.9"], ["478.7", "250.9"], ["478.7", "303.3"], ["494.5", "303.3"], ["494.5", "365.7"], ["374.5", "365.7"]], "Module_type": "GATE"}], "Area": [["-30.0", "-30.0"], ["558.3", "-30.0"], ["558.3", "1023.9"], ["-30.0", "1023.9"]], "Rules": ["GATE(5,5)", "SD(5,5)", "GATE_SD(0.5)", "GATE_ITO(0.5)", "SD_ITO(0.5)"]}