{"Modules": [{"Module": "M14", "Boundary": [["124.9", "10.0"], ["124.9", "78.5"], ["106.8", "78.5"], ["106.8", "93.2"], ["10.0", "93.2"], ["10.0", "10.0"]], "Module_type": "GATE", "Ports": [{"Location": [["10.0", "24.2"], ["15.1", "24.2"], ["15.1", "79.0"], ["10.0", "79.0"]], "Type": "SD"}, {"Location": [["124.9", "10.0"], ["124.9", "78.5"], ["106.8", "78.5"], ["106.8", "93.2"], ["16.2", "93.2"], ["16.2", "10.0"]], "Type": "GATE"}, {"Location": [["112.4", "16.4"], ["119.5", "16.4"], ["119.5", "71.1"], ["112.4", "71.1"]], "Type": "SD"}]}, {"Ports": [{"Location": [["467.1", "411.8"], ["472.3", "411.8"], ["472.3", "502.1"], ["467.1", "502.1"]], "Type": "SD"}, {"Location": [["586.5", "397.4"], ["586.5", "516.5"], ["474.2", "516.5"], ["474.2", "397.4"]], "Type": "GATE"}, {"Location": [["574.8", "402.6"], ["582.3", "402.6"], ["582.3", "511.3"], ["574.8", "511.3"]], "Type": "SD"}], "Module": "M9", "Boundary": [["586.5", "397.4"], ["586.5", "516.5"], ["467.1", "516.5"], ["467.1", "397.4"]], "Module_type": "GATE"}, {"Ports": [{"Location": [["159.4", "124.9"], ["216.8", "124.9"], ["216.8", "129.6"], ["159.4", "129.6"]], "Type": "SD"}, {"Location": [["144.9", "10.0"], ["214.8", "10.0"], ["214.8", "10.3"], ["231.3", "10.3"], ["231.3", "122.4"], ["144.9", "122.4"]], "Type": "GATE"}, {"Location": [["150.9", "15.0"], ["208.8", "15.0"], ["208.8", "22.6"], ["150.9", "22.6"]], "Type": "SD"}], "Module": "M5", "Boundary": [["144.9", "10.0"], ["214.8", "10.0"], ["214.8", "10.3"], ["231.3", "10.3"], ["231.3", "129.6"], ["144.9", "129.6"]], "Module_type": "GATE"}, {"Ports": [{"Location": [["393.3", "129.8"], ["499.6", "129.8"], ["499.6", "135.8"], ["393.3", "135.8"]], "Type": "SD"}, {"Location": [["380.6", "20.0"], ["495.8", "20.0"], ["495.8", "20.4"], ["512.3", "20.4"], ["512.3", "127.2"], ["380.6", "127.2"]], "Type": "GATE"}, {"Location": [["386.1", "24.5"], ["490.3", "24.5"], ["490.3", "30.3"], ["386.1", "30.3"]], "Type": "SD"}], "Module": "M11", "Boundary": [["380.6", "20.0"], ["495.8", "20.0"], ["495.8", "20.4"], ["512.3", "20.4"], ["512.3", "135.8"], ["380.6", "135.8"]], "Module_type": "GATE"}, {"Ports": [{"Location": [["191.1", "644.6"], ["265.5", "644.6"], ["265.5", "650.5"], ["191.1", "650.5"]], "Type": "SD"}, {"Location": [["176.6", "449.2"], ["280.0", "449.2"], ["280.0", "642.2"], ["176.6", "642.2"]], "Type": "GATE"}, {"Location": [["182.7", "454.3"], ["273.9", "454.3"], ["273.9", "460.4"], ["182.7", "460.4"]], "Type": "SD"}], "Module": "M1", "Boundary": [["176.6", "449.2"], ["280.0", "449.2"], ["280.0", "650.5"], ["176.6", "650.5"]], "Module_type": "GATE"}, {"Ports": [{"Location": [["333.2", "645.2"], ["397.3", "645.2"], ["397.3", "651.0"], ["333.2", "651.0"]], "Type": "SD"}, {"Location": [["320.0", "535.1"], ["410.5", "535.1"], ["410.5", "643.1"], ["320.0", "643.1"]], "Type": "GATE"}, {"Location": [["326.0", "540.1"], ["404.5", "540.1"], ["404.5", "546.0"], ["326.0", "546.0"]], "Type": "SD"}], "Module": "M19", "Boundary": [["320.0", "535.1"], ["410.5", "535.1"], ["410.5", "651.0"], ["320.0", "651.0"]], "Module_type": "GATE"}, {"Ports": [{"Location": [["10.0", "348.6"], ["15.3", "348.6"], ["15.3", "417.0"], ["10.0", "417.0"]], "Type": "SD"}, {"Location": [["150.4", "335.5"], ["150.4", "415.8"], ["138.4", "415.8"], ["138.4", "430.1"], ["17.9", "430.1"], ["17.9", "335.5"]], "Type": "GATE"}, {"Location": [["139.6", "342.2"], ["144.7", "342.2"], ["144.7", "408.1"], ["139.6", "408.1"]], "Type": "SD"}], "Module": "M6", "Boundary": [["150.4", "335.5"], ["150.4", "415.8"], ["138.4", "415.8"], ["138.4", "430.1"], ["10.0", "430.1"], ["10.0", "335.5"]], "Module_type": "GATE"}, {"Ports": [{"Location": [["312.4", "395.7"], ["317.9", "395.7"], ["317.9", "479.9"], ["312.4", "479.9"]], "Type": "SD"}, {"Location": [["437.1", "380.5"], ["437.1", "495.1"], ["320.3", "495.1"], ["320.3", "380.5"]], "Type": "GATE"}, {"Location": [["425.4", "386.6"], ["432.0", "386.6"], ["432.0", "469.8"], ["425.4", "469.8"]], "Type": "SD"}], "Module": "M2", "Boundary": [["437.1", "380.5"], ["437.1", "495.1"], ["312.4", "495.1"], ["312.4", "380.5"]], "Module_type": "GATE"}, {"Ports": [{"Location": [["349.9", "335.2"], ["433.7", "335.2"], ["433.7", "340.5"], ["349.9", "340.5"]], "Type": "SD"}, {"Location": [["336.8", "185.8"], ["432.6", "185.8"], ["432.6", "237.9"], ["446.8", "237.9"], ["446.8", "333.8"], ["336.8", "333.8"]], "Type": "GATE"}, {"Location": [["343.1", "191.1"], ["425.3", "191.1"], ["425.3", "197.3"], ["343.1", "197.3"]], "Type": "SD"}], "Module": "M16", "Boundary": [["336.8", "185.8"], ["432.6", "185.8"], ["432.6", "237.9"], ["446.8", "237.9"], ["446.8", "340.5"], ["336.8", "340.5"]], "Module_type": "GATE"}, {"Ports": [{"Location": [["43.6", "829.8"], ["160.6", "829.8"], ["160.6", "835.8"], ["43.6", "835.8"]], "Type": "SD"}, {"Location": [["30.0", "701.3"], ["174.2", "701.3"], ["174.2", "828.6"], ["30.0", "828.6"]], "Type": "GATE"}, {"Location": [["36.2", "706.5"], ["168.0", "706.5"], ["168.0", "712.4"], ["36.2", "712.4"]], "Type": "SD"}], "Module": "M13", "Boundary": [["30.0", "701.3"], ["174.2", "701.3"], ["174.2", "835.8"], ["30.0", "835.8"]], "Module_type": "GATE"}, {"Ports": [{"Location": [["224.2", "715.7"], ["229.3", "715.7"], ["229.3", "831.8"], ["224.2", "831.8"]], "Type": "SD"}, {"Location": [["388.8", "701.0"], ["388.8", "829.4"], ["375.5", "829.4"], ["375.5", "846.5"], ["231.4", "846.5"], ["231.4", "701.0"]], "Type": "GATE"}, {"Location": [["377.2", "706.6"], ["384.2", "706.6"], ["384.2", "822.8"], ["377.2", "822.8"]], "Type": "SD"}], "Module": "M10", "Boundary": [["388.8", "701.0"], ["388.8", "829.4"], ["375.5", "829.4"], ["375.5", "846.5"], ["224.2", "846.5"], ["224.2", "701.0"]], "Module_type": "GATE"}, {"Ports": [{"Location": [["23.7", "289.4"], ["101.6", "289.4"], ["101.6", "295.0"], ["23.7", "295.0"]], "Type": "SD"}, {"Location": [["10.0", "113.2"], ["97.8", "113.2"], ["97.8", "113.4"], ["115.3", "113.4"], ["115.3", "288.0"], ["10.0", "288.0"]], "Type": "GATE"}, {"Location": [["16.3", "118.5"], ["91.5", "118.5"], ["91.5", "123.7"], ["16.3", "123.7"]], "Type": "SD"}], "Module": "M7", "Boundary": [["10.0", "113.2"], ["97.8", "113.2"], ["97.8", "113.4"], ["115.3", "113.4"], ["115.3", "295.0"], ["10.0", "295.0"]], "Module_type": "GATE"}, {"Ports": [{"Location": [["470.5", "580.8"], ["474.7", "580.8"], ["474.7", "660.6"], ["470.5", "660.6"]], "Type": "SD"}, {"Location": [["477.4", "641.0"], ["477.4", "600.4"], ["382.0", "600.4"], ["382.0", "566.4"], ["586.9", "566.4"], ["586.9", "675.0"], ["382.0", "675.0"], ["382.0", "641.0"]], "Type": "GATE"}, {"Location": [["574.7", "571.9"], ["581.7", "571.9"], ["581.7", "669.5"], ["574.7", "669.5"]], "Type": "SD"}], "Module": "M3", "Boundary": [["470.5", "641.0"], ["470.5", "600.4"], ["382.0", "600.4"], ["382.0", "566.4"], ["586.9", "566.4"], ["586.9", "675.0"], ["382.0", "675.0"], ["382.0", "641.0"]], "Module_type": "GATE"}, {"Ports": [{"Location": [["22.6", "655.4"], ["144.0", "655.4"], ["144.0", "661.3"], ["22.6", "661.3"]], "Type": "SD"}, {"Location": [["10.0", "450.1"], ["141.4", "450.1"], ["141.4", "543.9"], ["156.6", "543.9"], ["156.6", "652.7"], ["10.0", "652.7"]], "Type": "GATE"}, {"Location": [["16.7", "455.8"], ["133.7", "455.8"], ["133.7", "460.3"], ["16.7", "460.3"]], "Type": "SD"}], "Module": "M18", "Boundary": [["10.0", "450.1"], ["141.4", "450.1"], ["141.4", "543.9"], ["156.6", "543.9"], ["156.6", "661.3"], ["10.0", "661.3"]], "Module_type": "GATE"}, {"Ports": [{"Location": [["180.5", "290.2"], ["261.2", "290.2"], ["261.2", "295.5"], ["180.5", "295.5"]], "Type": "SD"}, {"Location": [["164.9", "169.6"], ["259.4", "169.6"], ["259.4", "229.1"], ["276.8", "229.1"], ["276.8", "287.7"], ["164.9", "287.7"]], "Type": "GATE"}, {"Location": [["170.5", "174.2"], ["252.8", "174.2"], ["252.8", "182.0"], ["170.5", "182.0"]], "Type": "SD"}], "Module": "M20", "Boundary": [["164.9", "169.6"], ["259.4", "169.6"], ["259.4", "229.1"], ["276.8", "229.1"], ["276.8", "295.5"], ["164.9", "295.5"]], "Module_type": "GATE"}, {"Ports": [{"Location": [["502.1", "363.4"], ["592.6", "363.4"], ["592.6", "367.4"], ["502.1", "367.4"]], "Type": "SD"}, {"Location": [["486.8", "173.6"], ["607.9", "173.6"], ["607.9", "360.9"], ["486.8", "360.9"]], "Type": "GATE"}, {"Location": [["493.3", "179.1"], ["601.4", "179.1"], ["601.4", "186.8"], ["493.3", "186.8"]], "Type": "SD"}], "Module": "M15", "Boundary": [["486.8", "173.6"], ["607.9", "173.6"], ["607.9", "367.4"], ["486.8", "367.4"]], "Module_type": "GATE"}, {"Ports": [{"Location": [["184.6", "424.6"], ["278.2", "424.6"], ["278.2", "429.2"], ["184.6", "429.2"]], "Type": "SD"}, {"Location": [["170.4", "335.5"], ["276.0", "335.5"], ["276.0", "355.7"], ["292.4", "355.7"], ["292.4", "422.9"], ["170.4", "422.9"]], "Type": "GATE"}, {"Location": [["176.1", "340.2"], ["269.3", "340.2"], ["269.3", "346.5"], ["176.1", "346.5"]], "Type": "SD"}], "Module": "M12", "Boundary": [["170.4", "335.5"], ["276.0", "335.5"], ["276.0", "355.7"], ["292.4", "355.7"], ["292.4", "429.2"], ["170.4", "429.2"]], "Module_type": "GATE"}, {"Ports": [{"Location": [["418.8", "728.3"], ["424.5", "728.3"], ["424.5", "844.1"], ["418.8", "844.1"]], "Type": "SD"}, {"Location": [["609.4", "714.9"], ["609.4", "857.5"], ["426.7", "857.5"], ["426.7", "714.9"]], "Type": "GATE"}, {"Location": [["598.1", "720.8"], ["604.5", "720.8"], ["604.5", "851.6"], ["598.1", "851.6"]], "Type": "SD"}], "Module": "M8", "Boundary": [["609.4", "714.9"], ["609.4", "857.5"], ["418.8", "857.5"], ["418.8", "714.9"]], "Module_type": "GATE"}, {"Ports": [{"Location": [["251.3", "23.6"], ["256.5", "23.6"], ["256.5", "115.1"], ["251.3", "115.1"]], "Type": "SD"}, {"Location": [["350.6", "10.0"], ["350.6", "112.9"], ["313.5", "112.9"], ["313.5", "128.7"], ["258.0", "128.7"], ["258.0", "10.0"]], "Type": "GATE"}, {"Location": [["339.6", "16.3"], ["345.3", "16.3"], ["345.3", "105.6"], ["339.6", "105.6"]], "Type": "SD"}], "Module": "M4", "Boundary": [["350.6", "10.0"], ["350.6", "112.9"], ["313.5", "112.9"], ["313.5", "128.7"], ["251.3", "128.7"], ["251.3", "10.0"]], "Module_type": "GATE"}], "Area": [["-30.0", "-30.0"], ["649.8", "-30.0"], ["649.8", "897.5"], ["-30.0", "897.5"]], "Rules": ["GATE(5,5)", "SD(5,5)", "GATE_SD(0.5)", "GATE_ITO(0.5)", "SD_ITO(0.5)"]}