{"Modules": [{"Module": "M14", "Boundary": [["695.9", "10.0"], ["784.0", "10.0"], ["784.0", "33.7"], ["797.0", "33.7"], ["797.0", "155.2"], ["695.9", "155.2"]], "Module_type": "GATE", "Ports": [{"Location": [["708.0", "149.4"], ["784.9", "149.4"], ["784.9", "155.2"], ["708.0", "155.2"]], "Type": "SD"}, {"Location": [["695.9", "10.0"], ["784.0", "10.0"], ["784.0", "33.7"], ["797.0", "33.7"], ["797.0", "146.4"], ["695.9", "146.4"]], "Type": "GATE"}, {"Location": [["702.5", "15.6"], ["776.4", "15.6"], ["776.4", "20.2"], ["702.5", "20.2"]], "Type": "SD"}]}, {"Ports": [{"Location": [["312.7", "238.4"], ["316.8", "238.4"], ["316.8", "275.6"], ["312.7", "275.6"]], "Type": "SD"}, {"Location": [["502.5", "224.2"], ["502.5", "289.8"], ["319.2", "289.8"], ["319.2", "224.2"]], "Type": "GATE"}, {"Location": [["490.4", "230.9"], ["496.8", "230.9"], ["496.8", "283.1"], ["490.4", "283.1"]], "Type": "SD"}], "Module": "M9", "Boundary": [["502.5", "224.2"], ["502.5", "289.8"], ["312.7", "289.8"], ["312.7", "224.2"]], "Module_type": "GATE"}, {"Ports": [{"Location": [["160.3", "619.2"], ["165.4", "619.2"], ["165.4", "698.3"], ["160.3", "698.3"]], "Type": "SD"}, {"Location": [["383.8", "605.0"], ["383.8", "697.9"], ["383.3", "697.9"], ["383.3", "712.5"], ["167.7", "712.5"], ["167.7", "605.0"]], "Type": "GATE"}, {"Location": [["372.0", "611.1"], ["378.7", "611.1"], ["378.7", "691.8"], ["372.0", "691.8"]], "Type": "SD"}], "Module": "M5", "Boundary": [["383.8", "605.0"], ["383.8", "697.9"], ["383.3", "697.9"], ["383.3", "712.5"], ["160.3", "712.5"], ["160.3", "605.0"]], "Module_type": "GATE"}, {"Ports": [{"Location": [["421.2", "592.8"], ["426.6", "592.8"], ["426.6", "691.0"], ["421.2", "691.0"]], "Type": "SD"}, {"Location": [["629.0", "580.9"], ["629.0", "689.8"], ["628.7", "689.8"], ["628.7", "702.9"], ["428.6", "702.9"], ["428.6", "580.9"]], "Type": "GATE"}, {"Location": [["618.8", "586.2"], ["624.7", "586.2"], ["624.7", "684.5"], ["618.8", "684.5"]], "Type": "SD"}], "Module": "M11", "Boundary": [["629.0", "580.9"], ["629.0", "689.8"], ["628.7", "689.8"], ["628.7", "702.9"], ["421.2", "702.9"], ["421.2", "580.9"]], "Module_type": "GATE"}, {"Ports": [{"Location": [["418.5", "498.3"], ["422.9", "498.3"], ["422.9", "538.4"], ["418.5", "538.4"]], "Type": "SD"}, {"Location": [["637.4", "485.8"], ["637.4", "550.9"], ["424.7", "550.9"], ["424.7", "485.8"]], "Type": "GATE"}, {"Location": [["627.6", "490.9"], ["633.3", "490.9"], ["633.3", "545.8"], ["627.6", "545.8"]], "Type": "SD"}], "Module": "M1", "Boundary": [["637.4", "485.8"], ["637.4", "550.9"], ["418.5", "550.9"], ["418.5", "485.8"]], "Module_type": "GATE"}, {"Ports": [{"Location": [["578.7", "174.1"], ["642.0", "174.1"], ["642.0", "179.3"], ["578.7", "179.3"]], "Type": "SD"}, {"Location": [["564.8", "30.0"], ["641.7", "30.0"], ["641.7", "30.0"], ["655.9", "30.0"], ["655.9", "172.8"], ["564.8", "172.8"]], "Type": "GATE"}, {"Location": [["571.3", "35.5"], ["635.2", "35.5"], ["635.2", "41.9"], ["571.3", "41.9"]], "Type": "SD"}], "Module": "M19", "Boundary": [["564.8", "30.0"], ["641.7", "30.0"], ["641.7", "30.0"], ["655.9", "30.0"], ["655.9", "179.3"], ["564.8", "179.3"]], "Module_type": "GATE"}, {"Ports": [{"Location": [["198.3", "513.7"], ["203.9", "513.7"], ["203.9", "573.3"], ["198.3", "573.3"]], "Type": "SD"}, {"Location": [["391.2", "502.0"], ["391.2", "572.7"], ["374.7", "572.7"], ["374.7", "585.0"], ["206.6", "585.0"], ["206.6", "502.0"]], "Type": "GATE"}, {"Location": [["381.2", "508.0"], ["386.2", "508.0"], ["386.2", "565.7"], ["381.2", "565.7"]], "Type": "SD"}], "Module": "M6", "Boundary": [["391.2", "502.0"], ["391.2", "572.7"], ["374.7", "572.7"], ["374.7", "585.0"], ["198.3", "585.0"], ["198.3", "502.0"]], "Module_type": "GATE"}, {"Ports": [{"Location": [["660.4", "335.3"], ["664.8", "335.3"], ["664.8", "449.1"], ["660.4", "449.1"]], "Type": "SD"}, {"Location": [["801.2", "320.3"], ["801.2", "447.4"], ["742.8", "447.4"], ["742.8", "464.1"], ["665.8", "464.1"], ["665.8", "320.3"]], "Type": "GATE"}, {"Location": [["788.9", "326.5"], ["796.0", "326.5"], ["796.0", "440.2"], ["788.9", "440.2"]], "Type": "SD"}], "Module": "M2", "Boundary": [["801.2", "320.3"], ["801.2", "447.4"], ["742.8", "447.4"], ["742.8", "464.1"], ["660.4", "464.1"], ["660.4", "320.3"]], "Module_type": "GATE"}, {"Ports": [{"Location": [["438.5", "354.5"], ["444.5", "354.5"], ["444.5", "431.1"], ["438.5", "431.1"]], "Type": "SD"}, {"Location": [["620.4", "339.8"], ["620.4", "429.6"], ["543.4", "429.6"], ["543.4", "445.8"], ["446.7", "445.8"], ["446.7", "339.8"]], "Type": "GATE"}, {"Location": [["608.5", "346.2"], ["615.0", "346.2"], ["615.0", "422.2"], ["608.5", "422.2"]], "Type": "SD"}], "Module": "M16", "Boundary": [["620.4", "339.8"], ["620.4", "429.6"], ["543.4", "429.6"], ["543.4", "445.8"], ["438.5", "445.8"], ["438.5", "339.8"]], "Module_type": "GATE"}, {"Ports": [{"Location": [["42.2", "685.1"], ["108.1", "685.1"], ["108.1", "691.0"], ["42.2", "691.0"]], "Type": "SD"}, {"Location": [["30.0", "602.3"], ["105.6", "602.3"], ["105.6", "602.7"], ["120.3", "602.7"], ["120.3", "683.6"], ["30.0", "683.6"]], "Type": "GATE"}, {"Location": [["36.1", "607.4"], ["99.5", "607.4"], ["99.5", "612.7"], ["36.1", "612.7"]], "Type": "SD"}], "Module": "M13", "Boundary": [["30.0", "602.3"], ["105.6", "602.3"], ["105.6", "602.7"], ["120.3", "602.7"], ["120.3", "691.0"], ["30.0", "691.0"]], "Module_type": "GATE"}, {"Ports": [{"Location": [["312.7", "32.1"], ["318.7", "32.1"], ["318.7", "91.7"], ["312.7", "91.7"]], "Type": "SD"}, {"Location": [["514.8", "20.0"], ["514.8", "91.6"], ["427.3", "91.6"], ["427.3", "103.8"], ["320.9", "103.8"], ["320.9", "20.0"]], "Type": "GATE"}, {"Location": [["504.3", "26.2"], ["509.6", "26.2"], ["509.6", "84.4"], ["504.3", "84.4"]], "Type": "SD"}], "Module": "M10", "Boundary": [["514.8", "20.0"], ["514.8", "91.6"], ["427.3", "91.6"], ["427.3", "103.8"], ["312.7", "103.8"], ["312.7", "20.0"]], "Module_type": "GATE"}, {"Ports": [{"Location": [["302.7", "146.6"], ["306.8", "146.6"], ["306.8", "181.4"], ["302.7", "181.4"]], "Type": "SD"}, {"Location": [["507.8", "133.8"], ["507.8", "194.2"], ["308.4", "194.2"], ["308.4", "133.8"]], "Type": "GATE"}, {"Location": [["496.8", "140.2"], ["502.4", "140.2"], ["502.4", "187.8"], ["496.8", "187.8"]], "Type": "SD"}], "Module": "M7", "Boundary": [["507.8", "133.8"], ["507.8", "194.2"], ["302.7", "194.2"], ["302.7", "133.8"]], "Module_type": "GATE"}, {"Ports": [{"Location": [["43.6", "536.6"], ["144.7", "536.6"], ["144.7", "542.3"], ["43.6", "542.3"]], "Type": "SD"}, {"Location": [["30.0", "368.2"], ["158.3", "368.2"], ["158.3", "535.2"], ["30.0", "535.2"]], "Type": "GATE"}, {"Location": [["35.0", "372.2"], ["153.3", "372.2"], ["153.3", "379.8"], ["35.0", "379.8"]], "Type": "SD"}], "Module": "M3", "Boundary": [["30.0", "368.2"], ["158.3", "368.2"], ["158.3", "542.3"], ["30.0", "542.3"]], "Module_type": "GATE"}, {"Ports": [{"Location": [["10.0", "24.6"], ["15.1", "24.6"], ["15.1", "149.1"], ["10.0", "149.1"]], "Type": "SD"}, {"Location": [["116.2", "10.0"], ["116.2", "147.8"], ["92.3", "147.8"], ["92.3", "163.7"], ["17.6", "163.7"], ["17.6", "10.0"]], "Type": "GATE"}, {"Location": [["104.8", "15.9"], ["111.3", "15.9"], ["111.3", "140.9"], ["104.8", "140.9"]], "Type": "SD"}], "Module": "M18", "Boundary": [["116.2", "10.0"], ["116.2", "147.8"], ["92.3", "147.8"], ["92.3", "163.7"], ["10.0", "163.7"], ["10.0", "10.0"]], "Module_type": "GATE"}, {"Ports": [{"Location": [["43.9", "303.1"], ["149.6", "303.1"], ["149.6", "308.2"], ["43.9", "308.2"]], "Type": "SD"}, {"Location": [["30.0", "220.4"], ["148.0", "220.4"], ["148.0", "257.9"], ["163.5", "257.9"], ["163.5", "301.7"], ["30.0", "301.7"]], "Type": "GATE"}, {"Location": [["35.3", "224.7"], ["141.7", "224.7"], ["141.7", "231.1"], ["35.3", "231.1"]], "Type": "SD"}], "Module": "M20", "Boundary": [["30.0", "220.4"], ["148.0", "220.4"], ["148.0", "257.9"], ["163.5", "257.9"], ["163.5", "308.2"], ["30.0", "308.2"]], "Module_type": "GATE"}, {"Ports": [{"Location": [["203.5", "334.5"], ["208.2", "334.5"], ["208.2", "467.3"], ["203.5", "467.3"]], "Type": "SD"}, {"Location": [["398.5", "319.8"], ["398.5", "482.0"], ["210.1", "482.0"], ["210.1", "319.8"]], "Type": "GATE"}, {"Location": [["386.7", "326.6"], ["392.7", "326.6"], ["392.7", "475.2"], ["386.7", "475.2"]], "Type": "SD"}], "Module": "M15", "Boundary": [["398.5", "319.8"], ["398.5", "482.0"], ["203.5", "482.0"], ["203.5", "319.8"]], "Module_type": "GATE"}, {"Ports": [{"Location": [["695.9", "189.6"], ["700.9", "189.6"], ["700.9", "285.9"], ["695.9", "285.9"]], "Type": "SD"}, {"Location": [["790.1", "175.2"], ["790.1", "286.3"], ["783.1", "286.3"], ["783.1", "300.3"], ["703.6", "300.3"], ["703.6", "175.2"]], "Type": "GATE"}, {"Location": [["778.2", "181.9"], ["784.4", "181.9"], ["784.4", "278.6"], ["778.2", "278.6"]], "Type": "SD"}], "Module": "M12", "Boundary": [["790.1", "175.2"], ["790.1", "286.3"], ["783.1", "286.3"], ["783.1", "300.3"], ["695.9", "300.3"], ["695.9", "175.2"]], "Module_type": "GATE"}, {"Ports": [{"Location": [["151.4", "175.8"], ["267.5", "175.8"], ["267.5", "180.4"], ["151.4", "180.4"]], "Type": "SD"}, {"Location": [["136.2", "10.0"], ["268.0", "10.0"], ["268.0", "81.7"], ["282.7", "81.7"], ["282.7", "173.6"], ["136.2", "173.6"]], "Type": "GATE"}, {"Location": [["142.7", "15.5"], ["260.5", "15.5"], ["260.5", "22.9"], ["142.7", "22.9"]], "Type": "SD"}], "Module": "M8", "Boundary": [["136.2", "10.0"], ["268.0", "10.0"], ["268.0", "81.7"], ["282.7", "81.7"], ["282.7", "180.4"], ["136.2", "180.4"]], "Module_type": "GATE"}, {"Ports": [{"Location": [["672.1", "704.1"], ["787.2", "704.1"], ["787.2", "710.0"], ["672.1", "710.0"]], "Type": "SD"}, {"Location": [["659.0", "485.8"], ["785.8", "485.8"], ["785.8", "605.9"], ["800.3", "605.9"], ["800.3", "701.7"], ["659.0", "701.7"]], "Type": "GATE"}, {"Location": [["665.0", "490.8"], ["778.8", "490.8"], ["778.8", "496.5"], ["665.0", "496.5"]], "Type": "SD"}], "Module": "M4", "Boundary": [["659.0", "485.8"], ["785.8", "485.8"], ["785.8", "605.9"], ["800.3", "605.9"], ["800.3", "710.0"], ["659.0", "710.0"]], "Module_type": "GATE"}, {"Ports": [{"Location": [["544.8", "232.6"], ["549.2", "232.6"], ["549.2", "284.9"], ["544.8", "284.9"]], "Type": "SD"}, {"Location": [["639.7", "219.3"], ["639.7", "282.9"], ["639.6", "282.9"], ["639.6", "298.2"], ["552.1", "298.2"], ["552.1", "219.3"]], "Type": "GATE"}, {"Location": [["628.4", "225.1"], ["634.9", "225.1"], ["634.9", "277.1"], ["628.4", "277.1"]], "Type": "SD"}], "Module": "M17", "Boundary": [["639.7", "219.3"], ["639.7", "282.9"], ["639.6", "282.9"], ["639.6", "298.2"], ["544.8", "298.2"], ["544.8", "219.3"]], "Module_type": "GATE"}], "Area": [["-30.0", "-30.0"], ["841.2", "-30.0"], ["841.2", "752.5"], ["-30.0", "752.5"]], "Rules": ["GATE(5,5)", "SD(5,5)", "GATE_SD(0.5)", "GATE_ITO(0.5)", "SD_ITO(0.5)"]}