{"Modules": [{"Module": "M14", "Boundary": [["653.8", "355.5"], ["747.1", "355.5"], ["747.1", "394.9"], ["764.5", "394.9"], ["764.5", "459.0"], ["653.8", "459.0"]], "Module_type": "GATE", "Ports": [{"Location": [["668.5", "454.8"], ["749.8", "454.8"], ["749.8", "459.0"], ["668.5", "459.0"]], "Type": "SD"}, {"Location": [["653.8", "355.5"], ["747.1", "355.5"], ["747.1", "394.9"], ["764.5", "394.9"], ["764.5", "453.4"], ["653.8", "453.4"]], "Type": "GATE"}, {"Location": [["659.8", "360.5"], ["740.1", "360.5"], ["740.1", "366.8"], ["659.8", "366.8"]], "Type": "SD"}]}, {"Ports": [{"Location": [["789.4", "224.9"], ["795.2", "224.9"], ["795.2", "264.2"], ["789.4", "264.2"]], "Type": "SD"}, {"Location": [["940.0", "212.8"], ["940.0", "260.5"], ["940.0", "260.5"], ["940.0", "276.3"], ["796.5", "276.3"], ["796.5", "212.8"]], "Type": "GATE"}, {"Location": [["929.7", "218.2"], ["935.6", "218.2"], ["935.6", "255.1"], ["929.7", "255.1"]], "Type": "SD"}], "Module": "M9", "Boundary": [["940.0", "212.8"], ["940.0", "260.5"], ["940.0", "260.5"], ["940.0", "276.3"], ["789.4", "276.3"], ["789.4", "212.8"]], "Module_type": "GATE"}, {"Ports": [{"Location": [["479.0", "24.8"], ["484.2", "24.8"], ["484.2", "96.2"], ["479.0", "96.2"]], "Type": "SD"}, {"Location": [["666.2", "10.0"], ["666.2", "94.8"], ["665.7", "94.8"], ["665.7", "111.0"], ["486.6", "111.0"], ["486.6", "10.0"]], "Type": "GATE"}, {"Location": [["654.1", "16.5"], ["660.7", "16.5"], ["660.7", "88.3"], ["654.1", "88.3"]], "Type": "SD"}], "Module": "M5", "Boundary": [["666.2", "10.0"], ["666.2", "94.8"], ["665.7", "94.8"], ["665.7", "111.0"], ["479.0", "111.0"], ["479.0", "10.0"]], "Module_type": "GATE"}, {"Ports": [{"Location": [["290.4", "32.6"], ["295.8", "32.6"], ["295.8", "87.6"], ["290.4", "87.6"]], "Type": "SD"}, {"Location": [["449.0", "20.0"], ["449.0", "84.1"], ["448.8", "84.1"], ["448.8", "100.2"], ["297.1", "100.2"], ["297.1", "20.0"]], "Type": "GATE"}, {"Location": [["439.4", "25.9"], ["444.1", "25.9"], ["444.1", "78.2"], ["439.4", "78.2"]], "Type": "SD"}], "Module": "M11", "Boundary": [["449.0", "20.0"], ["449.0", "84.1"], ["448.8", "84.1"], ["448.8", "100.2"], ["290.4", "100.2"], ["290.4", "20.0"]], "Module_type": "GATE"}, {"Ports": [{"Location": [["686.2", "25.5"], ["691.9", "25.5"], ["691.9", "86.2"], ["686.2", "86.2"]], "Type": "SD"}, {"Location": [["773.1", "10.0"], ["773.1", "101.7"], ["694.6", "101.7"], ["694.6", "10.0"]], "Type": "GATE"}, {"Location": [["760.7", "16.9"], ["767.2", "16.9"], ["767.2", "94.8"], ["760.7", "94.8"]], "Type": "SD"}], "Module": "M1", "Boundary": [["773.1", "10.0"], ["773.1", "101.7"], ["686.2", "101.7"], ["686.2", "10.0"]], "Module_type": "GATE"}, {"Ports": [{"Location": [["804.5", "339.4"], ["809.1", "339.4"], ["809.1", "452.7"], ["804.5", "452.7"]], "Type": "SD"}, {"Location": [["931.4", "326.3"], ["931.4", "450.5"], ["931.0", "450.5"], ["931.0", "465.8"], ["810.2", "465.8"], ["810.2", "326.3"]], "Type": "GATE"}, {"Location": [["920.9", "331.7"], ["927.0", "331.7"], ["927.0", "445.1"], ["920.9", "445.1"]], "Type": "SD"}], "Module": "M19", "Boundary": [["931.4", "326.3"], ["931.4", "450.5"], ["931.0", "450.5"], ["931.0", "465.8"], ["804.5", "465.8"], ["804.5", "326.3"]], "Module_type": "GATE"}, {"Ports": [{"Location": [["435.7", "145.2"], ["441.4", "145.2"], ["441.4", "220.1"], ["435.7", "220.1"]], "Type": "SD"}, {"Location": [["621.6", "131.0"], ["621.6", "218.4"], ["510.5", "218.4"], ["510.5", "234.3"], ["444.3", "234.3"], ["444.3", "131.0"]], "Type": "GATE"}, {"Location": [["610.4", "137.8"], ["615.8", "137.8"], ["615.8", "210.6"], ["610.4", "210.6"]], "Type": "SD"}], "Module": "M6", "Boundary": [["621.6", "131.0"], ["621.6", "218.4"], ["510.5", "218.4"], ["510.5", "234.3"], ["435.7", "234.3"], ["435.7", "131.0"]], "Module_type": "GATE"}, {"Ports": [{"Location": [["10.0", "24.1"], ["14.6", "24.1"], ["14.6", "139.0"], ["10.0", "139.0"]], "Type": "SD"}, {"Location": [["133.6", "10.0"], ["133.6", "138.6"], ["103.5", "138.6"], ["103.5", "153.1"], ["17.2", "153.1"], ["17.2", "10.0"]], "Type": "GATE"}, {"Location": [["122.0", "16.0"], ["128.6", "16.0"], ["128.6", "131.6"], ["122.0", "131.6"]], "Type": "SD"}], "Module": "M2", "Boundary": [["133.6", "10.0"], ["133.6", "138.6"], ["103.5", "138.6"], ["103.5", "153.1"], ["10.0", "153.1"], ["10.0", "10.0"]], "Module_type": "GATE"}, {"Ports": [{"Location": [["824.8", "158.5"], ["919.7", "158.5"], ["919.7", "162.8"], ["824.8", "162.8"]], "Type": "SD"}, {"Location": [["813.1", "30.0"], ["917.6", "30.0"], ["917.6", "106.5"], ["931.4", "106.5"], ["931.4", "155.7"], ["813.1", "155.7"]], "Type": "GATE"}, {"Location": [["818.2", "34.1"], ["911.5", "34.1"], ["911.5", "39.1"], ["818.2", "39.1"]], "Type": "SD"}], "Module": "M16", "Boundary": [["813.1", "30.0"], ["917.6", "30.0"], ["917.6", "106.5"], ["931.4", "106.5"], ["931.4", "162.8"], ["813.1", "162.8"]], "Module_type": "GATE"}, {"Ports": [{"Location": [["240.4", "371.8"], ["245.9", "371.8"], ["245.9", "452.2"], ["240.4", "452.2"]], "Type": "SD"}, {"Location": [["315.0", "357.9"], ["315.0", "451.3"], ["314.7", "451.3"], ["314.7", "466.1"], ["248.8", "466.1"], ["248.8", "357.9"]], "Type": "GATE"}, {"Location": [["303.1", "364.6"], ["309.3", "364.6"], ["309.3", "444.6"], ["303.1", "444.6"]], "Type": "SD"}], "Module": "M13", "Boundary": [["315.0", "357.9"], ["315.0", "451.3"], ["314.7", "451.3"], ["314.7", "466.1"], ["240.4", "466.1"], ["240.4", "357.9"]], "Module_type": "GATE"}, {"Ports": [{"Location": [["303.3", "302.6"], ["392.8", "302.6"], ["392.8", "307.9"], ["303.3", "307.9"]], "Type": "SD"}, {"Location": [["290.4", "140.2"], ["390.1", "140.2"], ["390.1", "183.5"], ["405.7", "183.5"], ["405.7", "300.6"], ["290.4", "300.6"]], "Type": "GATE"}, {"Location": [["295.6", "144.4"], ["383.9", "144.4"], ["383.9", "150.4"], ["295.6", "150.4"]], "Type": "SD"}], "Module": "M10", "Boundary": [["290.4", "140.2"], ["390.1", "140.2"], ["390.1", "183.5"], ["405.7", "183.5"], ["405.7", "307.9"], ["290.4", "307.9"]], "Module_type": "GATE"}, {"Ports": [{"Location": [["166.7", "147.5"], ["247.3", "147.5"], ["247.3", "152.0"], ["166.7", "152.0"]], "Type": "SD"}, {"Location": [["153.6", "10.0"], ["245.8", "10.0"], ["245.8", "10.2"], ["260.4", "10.2"], ["260.4", "146.0"], ["153.6", "146.0"]], "Type": "GATE"}, {"Location": [["160.5", "15.9"], ["238.9", "15.9"], ["238.9", "21.4"], ["160.5", "21.4"]], "Type": "SD"}], "Module": "M7", "Boundary": [["153.6", "10.0"], ["245.8", "10.0"], ["245.8", "10.2"], ["260.4", "10.2"], ["260.4", "152.0"], ["153.6", "152.0"]], "Module_type": "GATE"}, {"Ports": [{"Location": [["375.0", "382.3"], ["379.2", "382.3"], ["379.2", "445.4"], ["375.0", "445.4"]], "Type": "SD"}, {"Location": [["512.3", "367.3"], ["512.3", "441.9"], ["512.3", "441.9"], ["512.3", "460.4"], ["381.8", "460.4"], ["381.8", "367.3"]], "Type": "GATE"}, {"Location": [["500.6", "373.9"], ["506.7", "373.9"], ["506.7", "435.3"], ["500.6", "435.3"]], "Type": "SD"}], "Module": "M3", "Boundary": [["512.3", "367.3"], ["512.3", "441.9"], ["512.3", "441.9"], ["512.3", "460.4"], ["375.0", "460.4"], ["375.0", "367.3"]], "Module_type": "GATE"}, {"Ports": [{"Location": [["10.0", "187.5"], ["15.3", "187.5"], ["15.3", "290.6"], ["10.0", "290.6"]], "Type": "SD"}, {"Location": [["125.4", "173.1"], ["125.4", "290.0"], ["90.3", "290.0"], ["90.3", "305.0"], ["18.1", "305.0"], ["18.1", "173.1"]], "Type": "GATE"}, {"Location": [["113.4", "179.9"], ["119.6", "179.9"], ["119.6", "282.2"], ["113.4", "282.2"]], "Type": "SD"}], "Module": "M18", "Boundary": [["125.4", "173.1"], ["125.4", "290.0"], ["90.3", "290.0"], ["90.3", "305.0"], ["10.0", "305.0"], ["10.0", "173.1"]], "Module_type": "GATE"}, {"Ports": [{"Location": [["661.6", "165.3"], ["667.4", "165.3"], ["667.4", "301.2"], ["661.6", "301.2"]], "Type": "SD"}, {"Location": [["739.4", "151.0"], ["739.4", "298.2"], ["704.3", "298.2"], ["704.3", "315.5"], ["670.3", "315.5"], ["670.3", "151.0"]], "Type": "GATE"}, {"Location": [["728.6", "156.5"], ["734.9", "156.5"], ["734.9", "291.7"], ["728.6", "291.7"]], "Type": "SD"}], "Module": "M20", "Boundary": [["739.4", "151.0"], ["739.4", "298.2"], ["704.3", "298.2"], ["704.3", "315.5"], ["661.6", "315.5"], ["661.6", "151.0"]], "Module_type": "GATE"}, {"Ports": [{"Location": [["565.3", "474.5"], ["620.8", "474.5"], ["620.8", "479.2"], ["565.3", "479.2"]], "Type": "SD"}, {"Location": [["552.3", "355.5"], ["633.8", "355.5"], ["633.8", "472.3"], ["552.3", "472.3"]], "Type": "GATE"}, {"Location": [["558.0", "360.2"], ["628.1", "360.2"], ["628.1", "366.1"], ["558.0", "366.1"]], "Type": "SD"}], "Module": "M15", "Boundary": [["552.3", "355.5"], ["633.8", "355.5"], ["633.8", "479.2"], ["552.3", "479.2"]], "Module_type": "GATE"}, {"Ports": [{"Location": [["24.3", "481.9"], ["81.7", "481.9"], ["81.7", "486.3"], ["24.3", "486.3"]], "Type": "SD"}, {"Location": [["10.0", "325.0"], ["80.3", "325.0"], ["80.3", "407.0"], ["96.0", "407.0"], ["96.0", "479.4"], ["10.0", "479.4"]], "Type": "GATE"}, {"Location": [["16.7", "330.7"], ["72.6", "330.7"], ["72.6", "337.0"], ["16.7", "337.0"]], "Type": "SD"}], "Module": "M12", "Boundary": [["10.0", "325.0"], ["80.3", "325.0"], ["80.3", "407.0"], ["96.0", "407.0"], ["96.0", "486.3"], ["10.0", "486.3"]], "Module_type": "GATE"}, {"Ports": [{"Location": [["449.4", "322.7"], ["567.1", "322.7"], ["567.1", "327.3"], ["449.4", "327.3"]], "Type": "SD"}, {"Location": [["435.7", "254.3"], ["566.1", "254.3"], ["566.1", "277.5"], ["580.8", "277.5"], ["580.8", "319.8"], ["435.7", "319.8"]], "Type": "GATE"}, {"Location": [["442.3", "259.9"], ["558.5", "259.9"], ["558.5", "265.7"], ["442.3", "265.7"]], "Type": "SD"}], "Module": "M8", "Boundary": [["435.7", "254.3"], ["566.1", "254.3"], ["566.1", "277.5"], ["580.8", "277.5"], ["580.8", "327.3"], ["435.7", "327.3"]], "Module_type": "GATE"}, {"Ports": [{"Location": [["158.3", "301.6"], ["243.5", "301.6"], ["243.5", "305.9"], ["158.3", "305.9"]], "Type": "SD"}, {"Location": [["145.4", "173.1"], ["241.8", "173.1"], ["241.8", "239.4"], ["256.4", "239.4"], ["256.4", "299.4"], ["145.4", "299.4"]], "Type": "GATE"}, {"Location": [["151.1", "177.8"], ["235.1", "177.8"], ["235.1", "183.3"], ["151.1", "183.3"]], "Type": "SD"}], "Module": "M4", "Boundary": [["145.4", "173.1"], ["241.8", "173.1"], ["241.8", "239.4"], ["256.4", "239.4"], ["256.4", "305.9"], ["145.4", "305.9"]], "Module_type": "GATE"}], "Area": [["-30.0", "-30.0"], ["980.0", "-30.0"], ["980.0", "526.3"], ["-30.0", "526.3"]], "Rules": ["GATE(5,5)", "SD(5,5)", "GATE_SD(0.5)", "GATE_ITO(0.5)", "SD_ITO(0.5)"]}