{"Modules": [{"Module": "M14", "Boundary": [["428.6", "318.0"], ["524.0", "318.0"], ["524.0", "391.6"], ["428.6", "391.6"]], "Module_type": "GATE", "Ports": [{"Location": [["440.6", "386.7"], ["512.0", "386.7"], ["512.0", "391.6"], ["440.6", "391.6"]], "Type": "SD"}, {"Location": [["428.6", "318.0"], ["524.0", "318.0"], ["524.0", "385.6"], ["428.6", "385.6"]], "Type": "GATE"}, {"Location": [["434.5", "322.9"], ["518.1", "322.9"], ["518.1", "327.5"], ["434.5", "327.5"]], "Type": "SD"}]}, {"Ports": [{"Location": [["33.3", "765.3"], ["141.1", "765.3"], ["141.1", "769.9"], ["33.3", "769.9"]], "Type": "SD"}, {"Location": [["20.0", "568.3"], ["139.9", "568.3"], ["139.9", "568.3"], ["154.4", "568.3"], ["154.4", "763.5"], ["20.0", "763.5"]], "Type": "GATE"}, {"Location": [["25.3", "572.6"], ["134.6", "572.6"], ["134.6", "579.4"], ["25.3", "579.4"]], "Type": "SD"}], "Module": "M9", "Boundary": [["20.0", "568.3"], ["139.9", "568.3"], ["139.9", "568.3"], ["154.4", "568.3"], ["154.4", "769.9"], ["20.0", "769.9"]], "Module_type": "GATE"}, {"Ports": [{"Location": [["271.3", "151.4"], ["275.5", "151.4"], ["275.5", "251.1"], ["271.3", "251.1"]], "Type": "SD"}, {"Location": [["412.9", "136.9"], ["412.9", "265.6"], ["277.0", "265.6"], ["277.0", "136.9"]], "Type": "GATE"}, {"Location": [["401.7", "142.1"], ["408.7", "142.1"], ["408.7", "260.4"], ["401.7", "260.4"]], "Type": "SD"}], "Module": "M5", "Boundary": [["412.9", "136.9"], ["412.9", "265.6"], ["271.3", "265.6"], ["271.3", "136.9"]], "Module_type": "GATE"}, {"Ports": [{"Location": [["208.3", "729.8"], ["328.0", "729.8"], ["328.0", "734.5"], ["208.3", "734.5"]], "Type": "SD"}, {"Location": [["194.4", "618.2"], ["341.9", "618.2"], ["341.9", "728.6"], ["194.4", "728.6"]], "Type": "GATE"}, {"Location": [["200.1", "622.9"], ["336.2", "622.9"], ["336.2", "629.3"], ["200.1", "629.3"]], "Type": "SD"}], "Module": "M11", "Boundary": [["194.4", "618.2"], ["341.9", "618.2"], ["341.9", "734.5"], ["194.4", "734.5"]], "Module_type": "GATE"}, {"Ports": [{"Location": [["10.0", "935.4"], ["14.3", "935.4"], ["14.3", "1011.3"], ["10.0", "1011.3"]], "Type": "SD"}, {"Location": [["155.4", "923.0"], ["155.4", "1023.7"], ["16.1", "1023.7"], ["16.1", "923.0"]], "Type": "GATE"}, {"Location": [["144.7", "929.3"], ["150.1", "929.3"], ["150.1", "1017.4"], ["144.7", "1017.4"]], "Type": "SD"}], "Module": "M1", "Boundary": [["155.4", "923.0"], ["155.4", "1023.7"], ["10.0", "1023.7"], ["10.0", "923.0"]], "Module_type": "GATE"}, {"Ports": [{"Location": [["170.3", "513.8"], ["210.8", "513.8"], ["210.8", "518.3"], ["170.3", "518.3"]], "Type": "SD"}, {"Location": [["155.5", "405.5"], ["225.6", "405.5"], ["225.6", "512.0"], ["155.5", "512.0"]], "Type": "GATE"}, {"Location": [["162.5", "411.5"], ["218.6", "411.5"], ["218.6", "418.0"], ["162.5", "418.0"]], "Type": "SD"}], "Module": "M19", "Boundary": [["155.5", "405.5"], ["225.6", "405.5"], ["225.6", "518.3"], ["155.5", "518.3"]], "Module_type": "GATE"}, {"Ports": [{"Location": [["10.0", "400.2"], ["15.2", "400.2"], ["15.2", "509.9"], ["10.0", "509.9"]], "Type": "SD"}, {"Location": [["115.5", "385.5"], ["115.5", "510.8"], ["62.2", "510.8"], ["62.2", "524.6"], ["17.7", "524.6"], ["17.7", "385.5"]], "Type": "GATE"}, {"Location": [["102.9", "392.3"], ["109.7", "392.3"], ["109.7", "503.0"], ["102.9", "503.0"]], "Type": "SD"}], "Module": "M6", "Boundary": [["115.5", "385.5"], ["115.5", "510.8"], ["62.2", "510.8"], ["62.2", "524.6"], ["10.0", "524.6"], ["10.0", "385.5"]], "Module_type": "GATE"}, {"Ports": [{"Location": [["432.9", "236.6"], ["438.6", "236.6"], ["438.6", "285.6"], ["432.9", "285.6"]], "Type": "SD"}, {"Location": [["511.5", "224.2"], ["511.5", "298.0"], ["440.8", "298.0"], ["440.8", "224.2"]], "Type": "GATE"}, {"Location": [["501.3", "230.5"], ["506.2", "230.5"], ["506.2", "291.7"], ["501.3", "291.7"]], "Type": "SD"}], "Module": "M2", "Boundary": [["511.5", "224.2"], ["511.5", "298.0"], ["432.9", "298.0"], ["432.9", "224.2"]], "Module_type": "GATE"}, {"Ports": [{"Location": [["30.0", "233.0"], ["34.3", "233.0"], ["34.3", "334.4"], ["30.0", "334.4"]], "Type": "SD"}, {"Location": [["229.6", "221.9"], ["229.6", "332.9"], ["157.6", "332.9"], ["157.6", "345.5"], ["35.4", "345.5"], ["35.4", "221.9"]], "Type": "GATE"}, {"Location": [["220.5", "227.3"], ["225.2", "227.3"], ["225.2", "326.5"], ["220.5", "326.5"]], "Type": "SD"}], "Module": "M16", "Boundary": [["229.6", "221.9"], ["229.6", "332.9"], ["157.6", "332.9"], ["157.6", "345.5"], ["30.0", "345.5"], ["30.0", "221.9"]], "Module_type": "GATE"}, {"Ports": [{"Location": [["30.0", "45.5"], ["34.9", "45.5"], ["34.9", "146.4"], ["30.0", "146.4"]], "Type": "SD"}, {"Location": [["231.3", "30.0"], ["231.3", "161.9"], ["37.1", "161.9"], ["37.1", "30.0"]], "Type": "GATE"}, {"Location": [["218.9", "36.5"], ["225.8", "36.5"], ["225.8", "155.4"], ["218.9", "155.4"]], "Type": "SD"}], "Module": "M13", "Boundary": [["231.3", "30.0"], ["231.3", "161.9"], ["30.0", "161.9"], ["30.0", "30.0"]], "Module_type": "GATE"}, {"Ports": [{"Location": [["275.6", "428.4"], ["281.0", "428.4"], ["281.0", "564.3"], ["275.6", "564.3"]], "Type": "SD"}, {"Location": [["354.3", "414.5"], ["354.3", "560.9"], ["322.3", "560.9"], ["322.3", "578.2"], ["282.5", "578.2"], ["282.5", "414.5"]], "Type": "GATE"}, {"Location": [["343.8", "421.0"], ["348.8", "421.0"], ["348.8", "553.4"], ["343.8", "553.4"]], "Type": "SD"}], "Module": "M10", "Boundary": [["354.3", "414.5"], ["354.3", "560.9"], ["322.3", "560.9"], ["322.3", "578.2"], ["275.6", "578.2"], ["275.6", "414.5"]], "Module_type": "GATE"}, {"Ports": [{"Location": [["196.4", "881.1"], ["294.7", "881.1"], ["294.7", "886.9"], ["196.4", "886.9"]], "Type": "SD"}, {"Location": [["184.4", "764.5"], ["291.6", "764.5"], ["291.6", "765.0"], ["306.7", "765.0"], ["306.7", "878.9"], ["184.4", "878.9"]], "Type": "GATE"}, {"Location": [["190.8", "769.9"], ["285.2", "769.9"], ["285.2", "774.5"], ["190.8", "774.5"]], "Type": "SD"}], "Module": "M7", "Boundary": [["184.4", "764.5"], ["291.6", "764.5"], ["291.6", "765.0"], ["306.7", "765.0"], ["306.7", "886.9"], ["184.4", "886.9"]], "Module_type": "GATE"}, {"Ports": [{"Location": [["418.6", "636.7"], ["490.4", "636.7"], ["490.4", "641.1"], ["418.6", "641.1"]], "Type": "SD"}, {"Location": [["404.3", "431.6"], ["488.4", "431.6"], ["488.4", "431.8"], ["504.7", "431.8"], ["504.7", "634.9"], ["404.3", "634.9"]], "Type": "GATE"}, {"Location": [["410.1", "436.4"], ["482.6", "436.4"], ["482.6", "442.8"], ["410.1", "442.8"]], "Type": "SD"}], "Module": "M3", "Boundary": [["404.3", "431.6"], ["488.4", "431.6"], ["488.4", "431.8"], ["504.7", "431.8"], ["504.7", "641.1"], ["404.3", "641.1"]], "Module_type": "GATE"}, {"Ports": [{"Location": [["458.3", "198.7"], ["505.8", "198.7"], ["505.8", "204.2"], ["458.3", "204.2"]], "Type": "SD"}, {"Location": [["446.8", "10.0"], ["504.8", "10.0"], ["504.8", "111.6"], ["517.3", "111.6"], ["517.3", "195.9"], ["446.8", "195.9"]], "Type": "GATE"}, {"Location": [["452.0", "14.2"], ["498.6", "14.2"], ["498.6", "19.9"], ["452.0", "19.9"]], "Type": "SD"}], "Module": "M18", "Boundary": [["446.8", "10.0"], ["504.8", "10.0"], ["504.8", "111.6"], ["517.3", "111.6"], ["517.3", "204.2"], ["446.8", "204.2"]], "Module_type": "GATE"}, {"Ports": [{"Location": [["359.9", "999.5"], ["491.7", "999.5"], ["491.7", "1004.0"], ["359.9", "1004.0"]], "Type": "SD"}, {"Location": [["346.7", "825.2"], ["488.2", "825.2"], ["488.2", "856.5"], ["504.9", "856.5"], ["504.9", "998.2"], ["346.7", "998.2"]], "Type": "GATE"}, {"Location": [["352.9", "830.4"], ["481.0", "830.4"], ["481.0", "835.3"], ["352.9", "835.3"]], "Type": "SD"}], "Module": "M20", "Boundary": [["346.7", "825.2"], ["488.2", "825.2"], ["488.2", "856.5"], ["504.9", "856.5"], ["504.9", "1004.0"], ["346.7", "1004.0"]], "Module_type": "GATE"}, {"Ports": [{"Location": [["190.0", "1016.4"], ["290.2", "1016.4"], ["290.2", "1021.9"], ["190.0", "1021.9"]], "Type": "SD"}, {"Location": [["175.4", "906.9"], ["286.2", "906.9"], ["286.2", "907.3"], ["304.8", "907.3"], ["304.8", "1013.9"], ["175.4", "1013.9"]], "Type": "GATE"}, {"Location": [["181.7", "912.2"], ["279.9", "912.2"], ["279.9", "918.0"], ["181.7", "918.0"]], "Type": "SD"}], "Module": "M15", "Boundary": [["175.4", "906.9"], ["286.2", "906.9"], ["286.2", "907.3"], ["304.8", "907.3"], ["304.8", "1021.9"], ["175.4", "1021.9"]], "Module_type": "GATE"}, {"Ports": [{"Location": [["371.9", "694.8"], ["377.0", "694.8"], ["377.0", "771.5"], ["371.9", "771.5"]], "Type": "SD"}, {"Location": [["516.5", "681.1"], ["516.5", "769.0"], ["456.3", "769.0"], ["456.3", "785.2"], ["378.7", "785.2"], ["378.7", "681.1"]], "Type": "GATE"}, {"Location": [["505.8", "687.4"], ["511.2", "687.4"], ["511.2", "761.7"], ["505.8", "761.7"]], "Type": "SD"}], "Module": "M12", "Boundary": [["516.5", "681.1"], ["516.5", "769.0"], ["456.3", "769.0"], ["456.3", "785.2"], ["371.9", "785.2"], ["371.9", "681.1"]], "Module_type": "GATE"}, {"Ports": [{"Location": [["286.5", "111.1"], ["411.6", "111.1"], ["411.6", "116.9"], ["286.5", "116.9"]], "Type": "SD"}, {"Location": [["271.3", "10.0"], ["426.8", "10.0"], ["426.8", "109.8"], ["271.3", "109.8"]], "Type": "GATE"}, {"Location": [["277.8", "15.5"], ["420.3", "15.5"], ["420.3", "22.3"], ["277.8", "22.3"]], "Type": "SD"}], "Module": "M8", "Boundary": [["271.3", "10.0"], ["426.8", "10.0"], ["426.8", "116.9"], ["271.3", "116.9"]], "Module_type": "GATE"}, {"Ports": [{"Location": [["23.2", "898.2"], ["127.7", "898.2"], ["127.7", "903.0"], ["23.2", "903.0"]], "Type": "SD"}, {"Location": [["10.0", "799.9"], ["125.6", "799.9"], ["125.6", "845.8"], ["140.9", "845.8"], ["140.9", "896.1"], ["10.0", "896.1"]], "Type": "GATE"}, {"Location": [["15.5", "804.4"], ["119.1", "804.4"], ["119.1", "810.4"], ["15.5", "810.4"]], "Type": "SD"}], "Module": "M4", "Boundary": [["10.0", "799.9"], ["125.6", "799.9"], ["125.6", "845.8"], ["140.9", "845.8"], ["140.9", "903.0"], ["10.0", "903.0"]], "Module_type": "GATE"}], "Area": [["-30.0", "-30.0"], ["564.0", "-30.0"], ["564.0", "1063.7"], ["-30.0", "1063.7"]], "Rules": ["GATE(5,5)", "SD(5,5)", "GATE_SD(0.5)", "GATE_ITO(0.5)", "SD_ITO(0.5)"]}