{"Modules": [{"Module": "M14", "Boundary": [["10.0", "272.3"], ["111.0", "272.3"], ["111.0", "328.5"], ["125.7", "328.5"], ["125.7", "393.3"], ["10.0", "393.3"]], "Module_type": "GATE", "Ports": [{"Location": [["25.1", "387.9"], ["110.6", "387.9"], ["110.6", "393.3"], ["25.1", "393.3"]], "Type": "SD"}, {"Location": [["10.0", "272.3"], ["111.0", "272.3"], ["111.0", "328.5"], ["125.7", "328.5"], ["125.7", "385.7"], ["10.0", "385.7"]], "Type": "GATE"}, {"Location": [["16.9", "278.2"], ["103.1", "278.2"], ["103.1", "285.0"], ["16.9", "285.0"]], "Type": "SD"}]}, {"Ports": [{"Location": [["294.7", "356.2"], ["375.8", "356.2"], ["375.8", "360.7"], ["294.7", "360.7"]], "Type": "SD"}, {"Location": [["282.2", "168.9"], ["373.6", "168.9"], ["373.6", "168.9"], ["388.3", "168.9"], ["388.3", "353.9"], ["282.2", "353.9"]], "Type": "GATE"}, {"Location": [["288.8", "174.5"], ["367.0", "174.5"], ["367.0", "179.6"], ["288.8", "179.6"]], "Type": "SD"}], "Module": "M9", "Boundary": [["282.2", "168.9"], ["373.6", "168.9"], ["373.6", "168.9"], ["388.3", "168.9"], ["388.3", "360.7"], ["282.2", "360.7"]], "Module_type": "GATE"}, {"Ports": [{"Location": [["321.0", "491.0"], ["388.5", "491.0"], ["388.5", "495.8"], ["321.0", "495.8"]], "Type": "SD"}, {"Location": [["307.6", "390.7"], ["386.7", "390.7"], ["386.7", "391.0"], ["401.9", "391.0"], ["401.9", "489.9"], ["307.6", "489.9"]], "Type": "GATE"}, {"Location": [["313.4", "395.5"], ["380.9", "395.5"], ["380.9", "402.3"], ["313.4", "402.3"]], "Type": "SD"}], "Module": "M5", "Boundary": [["307.6", "390.7"], ["386.7", "390.7"], ["386.7", "391.0"], ["401.9", "391.0"], ["401.9", "495.8"], ["307.6", "495.8"]], "Module_type": "GATE"}, {"Ports": [{"Location": [["169.0", "395.6"], ["228.9", "395.6"], ["228.9", "399.7"], ["169.0", "399.7"]], "Type": "SD"}, {"Location": [["155.7", "270.5"], ["242.2", "270.5"], ["242.2", "394.0"], ["155.7", "394.0"]], "Type": "GATE"}, {"Location": [["162.7", "276.5"], ["235.2", "276.5"], ["235.2", "281.9"], ["162.7", "281.9"]], "Type": "SD"}], "Module": "M11", "Boundary": [["155.7", "270.5"], ["242.2", "270.5"], ["242.2", "399.7"], ["155.7", "399.7"]], "Module_type": "GATE"}, {"Ports": [{"Location": [["295.1", "1215.5"], ["389.2", "1215.5"], ["389.2", "1221.3"], ["295.1", "1221.3"]], "Type": "SD"}, {"Location": [["282.8", "1049.7"], ["387.0", "1049.7"], ["387.0", "1050.2"], ["401.5", "1050.2"], ["401.5", "1213.9"], ["282.8", "1213.9"]], "Type": "GATE"}, {"Location": [["287.9", "1053.8"], ["381.9", "1053.8"], ["381.9", "1060.3"], ["287.9", "1060.3"]], "Type": "SD"}], "Module": "M1", "Boundary": [["282.8", "1049.7"], ["387.0", "1049.7"], ["387.0", "1050.2"], ["401.5", "1050.2"], ["401.5", "1221.3"], ["282.8", "1221.3"]], "Module_type": "GATE"}, {"Ports": [{"Location": [["186.1", "879.1"], ["191.3", "879.1"], ["191.3", "995.2"], ["186.1", "995.2"]], "Type": "SD"}, {"Location": [["382.7", "864.6"], ["382.7", "991.6"], ["382.6", "991.6"], ["382.6", "1009.7"], ["192.5", "1009.7"], ["192.5", "864.6"]], "Type": "GATE"}, {"Location": [["371.3", "871.0"], ["377.3", "871.0"], ["377.3", "985.2"], ["371.3", "985.2"]], "Type": "SD"}], "Module": "M19", "Boundary": [["382.7", "864.6"], ["382.7", "991.6"], ["382.6", "991.6"], ["382.6", "1009.7"], ["186.1", "1009.7"], ["186.1", "864.6"]], "Module_type": "GATE"}, {"Ports": [{"Location": [["144.6", "164.9"], ["148.8", "164.9"], ["148.8", "227.2"], ["144.6", "227.2"]], "Type": "SD"}, {"Location": [["242.1", "151.6"], ["242.1", "223.3"], ["205.1", "223.3"], ["205.1", "240.5"], ["150.6", "240.5"], ["150.6", "151.6"]], "Type": "GATE"}, {"Location": [["231.7", "157.2"], ["237.5", "157.2"], ["237.5", "216.7"], ["231.7", "216.7"]], "Type": "SD"}], "Module": "M6", "Boundary": [["242.1", "151.6"], ["242.1", "223.3"], ["205.1", "223.3"], ["205.1", "240.5"], ["144.6", "240.5"], ["144.6", "151.6"]], "Module_type": "GATE"}, {"Ports": [{"Location": [["25.2", "129.2"], ["109.4", "129.2"], ["109.4", "134.7"], ["25.2", "134.7"]], "Type": "SD"}, {"Location": [["10.0", "10.0"], ["124.6", "10.0"], ["124.6", "126.8"], ["10.0", "126.8"]], "Type": "GATE"}, {"Location": [["16.1", "15.1"], ["99.3", "15.1"], ["99.3", "21.7"], ["16.1", "21.7"]], "Type": "SD"}], "Module": "M2", "Boundary": [["10.0", "10.0"], ["124.6", "10.0"], ["124.6", "134.7"], ["10.0", "134.7"]], "Module_type": "GATE"}, {"Ports": [{"Location": [["44.1", "626.1"], ["141.3", "626.1"], ["141.3", "630.9"], ["44.1", "630.9"]], "Type": "SD"}, {"Location": [["30.0", "449.7"], ["138.4", "449.7"], ["138.4", "465.9"], ["155.4", "465.9"], ["155.4", "625.0"], ["30.0", "625.0"]], "Type": "GATE"}, {"Location": [["35.5", "454.2"], ["131.9", "454.2"], ["131.9", "460.4"], ["35.5", "460.4"]], "Type": "SD"}], "Module": "M16", "Boundary": [["30.0", "449.7"], ["138.4", "449.7"], ["138.4", "465.9"], ["155.4", "465.9"], ["155.4", "630.9"], ["30.0", "630.9"]], "Module_type": "GATE"}, {"Ports": [{"Location": [["30.0", "1096.9"], ["35.8", "1096.9"], ["35.8", "1189.2"], ["30.0", "1189.2"]], "Type": "SD"}, {"Location": [["242.8", "1085.6"], ["242.8", "1200.5"], ["37.2", "1200.5"], ["37.2", "1085.6"]], "Type": "GATE"}, {"Location": [["233.2", "1091.2"], ["238.2", "1091.2"], ["238.2", "1194.9"], ["233.2", "1194.9"]], "Type": "SD"}], "Module": "M13", "Boundary": [["242.8", "1085.6"], ["242.8", "1200.5"], ["30.0", "1200.5"], ["30.0", "1085.6"]], "Module_type": "GATE"}, {"Ports": [{"Location": [["32.7", "1030.3"], ["123.4", "1030.3"], ["123.4", "1035.6"], ["32.7", "1035.6"]], "Type": "SD"}, {"Location": [["20.0", "876.6"], ["123.0", "876.6"], ["123.0", "944.4"], ["136.1", "944.4"], ["136.1", "1029.1"], ["20.0", "1029.1"]], "Type": "GATE"}, {"Location": [["25.8", "881.4"], ["116.2", "881.4"], ["116.2", "887.6"], ["25.8", "887.6"]], "Type": "SD"}], "Module": "M10", "Boundary": [["20.0", "876.6"], ["123.0", "876.6"], ["123.0", "944.4"], ["136.1", "944.4"], ["136.1", "1035.6"], ["20.0", "1035.6"]], "Module_type": "GATE"}, {"Ports": [{"Location": [["326.9", "689.7"], ["383.4", "689.7"], ["383.4", "694.4"], ["326.9", "694.4"]], "Type": "SD"}, {"Location": [["313.6", "515.8"], ["380.0", "515.8"], ["380.0", "515.8"], ["396.7", "515.8"], ["396.7", "688.5"], ["313.6", "688.5"]], "Type": "GATE"}, {"Location": [["319.3", "520.5"], ["374.3", "520.5"], ["374.3", "526.3"], ["319.3", "526.3"]], "Type": "SD"}], "Module": "M7", "Boundary": [["313.6", "515.8"], ["380.0", "515.8"], ["380.0", "515.8"], ["396.7", "515.8"], ["396.7", "694.4"], ["313.6", "694.4"]], "Module_type": "GATE"}, {"Ports": [{"Location": [["151.4", "710.5"], ["155.6", "710.5"], ["155.6", "790.3"], ["151.4", "790.3"]], "Type": "SD"}, {"Location": [["158.3", "770.4"], ["158.3", "730.4"], ["150.4", "730.4"], ["150.4", "695.5"], ["267.6", "695.5"], ["267.6", "805.3"], ["150.4", "805.3"], ["150.4", "770.4"]], "Type": "GATE"}, {"Location": [["255.6", "701.6"], ["262.6", "701.6"], ["262.6", "799.2"], ["255.6", "799.2"]], "Type": "SD"}], "Module": "M3", "Boundary": [["151.4", "770.4"], ["151.4", "730.4"], ["150.4", "730.4"], ["150.4", "695.5"], ["267.6", "695.5"], ["267.6", "805.3"], ["150.4", "805.3"], ["150.4", "770.4"]], "Module_type": "GATE"}, {"Ports": [{"Location": [["10.0", "167.8"], ["14.4", "167.8"], ["14.4", "239.2"], ["10.0", "239.2"]], "Type": "SD"}, {"Location": [["122.0", "154.7"], ["122.0", "237.2"], ["104.3", "237.2"], ["104.3", "252.3"], ["17.2", "252.3"], ["17.2", "154.7"]], "Type": "GATE"}, {"Location": [["111.7", "160.2"], ["117.5", "160.2"], ["117.5", "230.7"], ["111.7", "230.7"]], "Type": "SD"}], "Module": "M18", "Boundary": [["122.0", "154.7"], ["122.0", "237.2"], ["104.3", "237.2"], ["104.3", "252.3"], ["10.0", "252.3"], ["10.0", "154.7"]], "Module_type": "GATE"}, {"Ports": [{"Location": [["164.6", "41.9"], ["168.8", "41.9"], ["168.8", "99.7"], ["164.6", "99.7"]], "Type": "SD"}, {"Location": [["280.0", "30.0"], ["280.0", "96.0"], ["242.0", "96.0"], ["242.0", "111.6"], ["169.8", "111.6"], ["169.8", "30.0"]], "Type": "GATE"}, {"Location": [["270.7", "35.9"], ["275.1", "35.9"], ["275.1", "89.1"], ["270.7", "89.1"]], "Type": "SD"}], "Module": "M20", "Boundary": [["280.0", "30.0"], ["280.0", "96.0"], ["242.0", "96.0"], ["242.0", "111.6"], ["164.6", "111.6"], ["164.6", "30.0"]], "Module_type": "GATE"}, {"Ports": [{"Location": [["195.4", "444.4"], ["199.9", "444.4"], ["199.9", "503.0"], ["195.4", "503.0"]], "Type": "SD"}, {"Location": [["287.6", "429.7"], ["287.6", "517.7"], ["201.5", "517.7"], ["201.5", "429.7"]], "Type": "GATE"}, {"Location": [["276.4", "434.7"], ["283.6", "434.7"], ["283.6", "512.7"], ["276.4", "512.7"]], "Type": "SD"}], "Module": "M15", "Boundary": [["287.6", "429.7"], ["287.6", "517.7"], ["195.4", "517.7"], ["195.4", "429.7"]], "Module_type": "GATE"}, {"Ports": [{"Location": [["21.8", "841.6"], ["99.6", "841.6"], ["99.6", "846.6"], ["21.8", "846.6"]], "Type": "SD"}, {"Location": [["10.0", "670.9"], ["98.2", "670.9"], ["98.2", "747.4"], ["111.4", "747.4"], ["111.4", "839.9"], ["10.0", "839.9"]], "Type": "GATE"}, {"Location": [["15.5", "675.4"], ["91.7", "675.4"], ["91.7", "680.7"], ["15.5", "680.7"]], "Type": "SD"}], "Module": "M12", "Boundary": [["10.0", "670.9"], ["98.2", "670.9"], ["98.2", "747.4"], ["111.4", "747.4"], ["111.4", "846.6"], ["10.0", "846.6"]], "Module_type": "GATE"}, {"Ports": [{"Location": [["319.5", "807.9"], ["386.5", "807.9"], ["386.5", "813.4"], ["319.5", "813.4"]], "Type": "SD"}, {"Location": [["307.0", "714.4"], ["385.1", "714.4"], ["385.1", "752.1"], ["399.0", "752.1"], ["399.0", "805.1"], ["307.0", "805.1"]], "Type": "GATE"}, {"Location": [["313.1", "719.5"], ["378.0", "719.5"], ["378.0", "725.1"], ["313.1", "725.1"]], "Type": "SD"}], "Module": "M8", "Boundary": [["307.0", "714.4"], ["385.1", "714.4"], ["385.1", "752.1"], ["399.0", "752.1"], ["399.0", "813.4"], ["307.0", "813.4"]], "Module_type": "GATE"}, {"Ports": [{"Location": [["320.0", "23.0"], ["324.2", "23.0"], ["324.2", "125.9"], ["320.0", "125.9"]], "Type": "SD"}, {"Location": [["402.2", "10.0"], ["402.2", "123.8"], ["372.9", "123.8"], ["372.9", "138.9"], ["326.4", "138.9"], ["326.4", "10.0"]], "Type": "GATE"}, {"Location": [["392.4", "15.4"], ["397.8", "15.4"], ["397.8", "117.4"], ["392.4", "117.4"]], "Type": "SD"}], "Module": "M4", "Boundary": [["402.2", "10.0"], ["402.2", "123.8"], ["372.9", "123.8"], ["372.9", "138.9"], ["320.0", "138.9"], ["320.0", "10.0"]], "Module_type": "GATE"}], "Area": [["-30.0", "-30.0"], ["442.2", "-30.0"], ["442.2", "1261.3"], ["-30.0", "1261.3"]], "Rules": ["GATE(5,5)", "SD(5,5)", "GATE_SD(0.5)", "GATE_ITO(0.5)", "SD_ITO(0.5)"]}