{"Modules": [{"Module": "M14", "Boundary": [["175.1", "393.3"], ["175.1", "506.6"], ["104.8", "506.6"], ["104.8", "521.5"], ["10.0", "521.5"], ["10.0", "393.3"]], "Module_type": "GATE", "Ports": [{"Location": [["10.0", "406.6"], ["14.1", "406.6"], ["14.1", "508.2"], ["10.0", "508.2"]], "Type": "SD"}, {"Location": [["175.1", "393.3"], ["175.1", "506.6"], ["104.8", "506.6"], ["104.8", "521.5"], ["16.9", "521.5"], ["16.9", "393.3"]], "Type": "GATE"}, {"Location": [["164.5", "398.5"], ["170.9", "398.5"], ["170.9", "500.4"], ["164.5", "500.4"]], "Type": "SD"}]}, {"Ports": [{"Location": [["396.2", "330.8"], ["501.2", "330.8"], ["501.2", "335.6"], ["396.2", "335.6"]], "Type": "SD"}, {"Location": [["381.6", "220.4"], ["499.5", "220.4"], ["499.5", "221.0"], ["515.8", "221.0"], ["515.8", "329.7"], ["381.6", "329.7"]], "Type": "GATE"}, {"Location": [["388.3", "226.1"], ["492.8", "226.1"], ["492.8", "232.1"], ["388.3", "232.1"]], "Type": "SD"}], "Module": "M9", "Boundary": [["381.6", "220.4"], ["499.5", "220.4"], ["499.5", "221.0"], ["515.8", "221.0"], ["515.8", "335.6"], ["381.6", "335.6"]], "Module_type": "GATE"}, {"Ports": [{"Location": [["10.0", "23.9"], ["14.3", "23.9"], ["14.3", "129.9"], ["10.0", "129.9"]], "Type": "SD"}, {"Location": [["229.1", "10.0"], ["229.1", "143.8"], ["15.8", "143.8"], ["15.8", "10.0"]], "Type": "GATE"}, {"Location": [["217.6", "16.5"], ["223.6", "16.5"], ["223.6", "137.3"], ["217.6", "137.3"]], "Type": "SD"}], "Module": "M5", "Boundary": [["229.1", "10.0"], ["229.1", "143.8"], ["10.0", "143.8"], ["10.0", "10.0"]], "Module_type": "GATE"}, {"Ports": [{"Location": [["218.7", "289.3"], ["326.8", "289.3"], ["326.8", "294.8"], ["218.7", "294.8"]], "Type": "SD"}, {"Location": [["203.9", "176.5"], ["324.6", "176.5"], ["324.6", "177.2"], ["341.6", "177.2"], ["341.6", "287.5"], ["203.9", "287.5"]], "Type": "GATE"}, {"Location": [["209.4", "181.0"], ["319.1", "181.0"], ["319.1", "188.1"], ["209.4", "188.1"]], "Type": "SD"}], "Module": "M11", "Boundary": [["203.9", "176.5"], ["324.6", "176.5"], ["324.6", "177.2"], ["341.6", "177.2"], ["341.6", "294.8"], ["203.9", "294.8"]], "Module_type": "GATE"}, {"Ports": [{"Location": [["743.0", "183.3"], ["828.2", "183.3"], ["828.2", "187.8"], ["743.0", "187.8"]], "Type": "SD"}, {"Location": [["728.9", "10.0"], ["823.0", "10.0"], ["823.0", "10.2"], ["842.3", "10.2"], ["842.3", "181.4"], ["728.9", "181.4"]], "Type": "GATE"}, {"Location": [["734.2", "14.3"], ["817.7", "14.3"], ["817.7", "20.7"], ["734.2", "20.7"]], "Type": "SD"}], "Module": "M1", "Boundary": [["728.9", "10.0"], ["823.0", "10.0"], ["823.0", "10.2"], ["842.3", "10.2"], ["842.3", "187.8"], ["728.9", "187.8"]], "Module_type": "GATE"}, {"Ports": [{"Location": [["590.3", "560.3"], ["596.0", "560.3"], ["596.0", "633.2"], ["590.3", "633.2"]], "Type": "SD"}, {"Location": [["809.8", "546.2"], ["809.8", "631.0"], ["809.4", "631.0"], ["809.4", "647.3"], ["597.8", "647.3"], ["597.8", "546.2"]], "Type": "GATE"}, {"Location": [["797.9", "552.5"], ["804.5", "552.5"], ["804.5", "624.7"], ["797.9", "624.7"]], "Type": "SD"}], "Module": "M19", "Boundary": [["809.8", "546.2"], ["809.8", "631.0"], ["809.4", "631.0"], ["809.4", "647.3"], ["590.3", "647.3"], ["590.3", "546.2"]], "Module_type": "GATE"}, {"Ports": [{"Location": [["584.5", "497.2"], ["694.4", "497.2"], ["694.4", "502.8"], ["584.5", "502.8"]], "Type": "SD"}, {"Location": [["570.3", "356.3"], ["694.8", "356.3"], ["694.8", "403.0"], ["708.6", "403.0"], ["708.6", "494.7"], ["570.3", "494.7"]], "Type": "GATE"}, {"Location": [["577.3", "362.3"], ["686.8", "362.3"], ["686.8", "368.3"], ["577.3", "368.3"]], "Type": "SD"}], "Module": "M6", "Boundary": [["570.3", "356.3"], ["694.8", "356.3"], ["694.8", "403.0"], ["708.6", "403.0"], ["708.6", "502.8"], ["570.3", "502.8"]], "Module_type": "GATE"}, {"Ports": [{"Location": [["728.9", "222.9"], ["734.3", "222.9"], ["734.3", "306.1"], ["728.9", "306.1"]], "Type": "SD"}, {"Location": [["832.8", "207.8"], ["832.8", "303.3"], ["778.7", "303.3"], ["778.7", "321.2"], ["736.8", "321.2"], ["736.8", "207.8"]], "Type": "GATE"}, {"Location": [["820.9", "213.7"], ["827.9", "213.7"], ["827.9", "296.4"], ["820.9", "296.4"]], "Type": "SD"}], "Module": "M2", "Boundary": [["832.8", "207.8"], ["832.8", "303.3"], ["778.7", "303.3"], ["778.7", "321.2"], ["728.9", "321.2"], ["728.9", "207.8"]], "Module_type": "GATE"}, {"Ports": [{"Location": [["228.9", "486.2"], ["283.8", "486.2"], ["283.8", "491.9"], ["228.9", "491.9"]], "Type": "SD"}, {"Location": [["215.1", "344.8"], ["282.5", "344.8"], ["282.5", "416.3"], ["297.6", "416.3"], ["297.6", "484.2"], ["215.1", "484.2"]], "Type": "GATE"}, {"Location": [["221.6", "350.3"], ["275.0", "350.3"], ["275.0", "355.8"], ["221.6", "355.8"]], "Type": "SD"}], "Module": "M16", "Boundary": [["215.1", "344.8"], ["282.5", "344.8"], ["282.5", "416.3"], ["297.6", "416.3"], ["297.6", "491.9"], ["215.1", "491.9"]], "Module_type": "GATE"}, {"Ports": [{"Location": [["330.4", "581.7"], ["334.7", "581.7"], ["334.7", "638.3"], ["330.4", "638.3"]], "Type": "SD"}, {"Location": [["511.4", "567.5"], ["511.4", "635.9"], ["511.1", "635.9"], ["511.1", "652.5"], ["337.6", "652.5"], ["337.6", "567.5"]], "Type": "GATE"}, {"Location": [["500.4", "574.2"], ["505.7", "574.2"], ["505.7", "629.2"], ["500.4", "629.2"]], "Type": "SD"}], "Module": "M13", "Boundary": [["511.4", "567.5"], ["511.4", "635.9"], ["511.1", "635.9"], ["511.1", "652.5"], ["330.4", "652.5"], ["330.4", "567.5"]], "Module_type": "GATE"}, {"Ports": [{"Location": [["35.6", "359.2"], ["148.3", "359.2"], ["148.3", "363.3"], ["35.6", "363.3"]], "Type": "SD"}, {"Location": [["20.0", "173.8"], ["147.3", "173.8"], ["147.3", "255.1"], ["163.9", "255.1"], ["163.9", "357.2"], ["20.0", "357.2"]], "Type": "GATE"}, {"Location": [["26.3", "179.1"], ["140.0", "179.1"], ["140.0", "186.3"], ["26.3", "186.3"]], "Type": "SD"}], "Module": "M10", "Boundary": [["20.0", "173.8"], ["147.3", "173.8"], ["147.3", "255.1"], ["163.9", "255.1"], ["163.9", "363.3"], ["20.0", "363.3"]], "Module_type": "GATE"}, {"Ports": [{"Location": [["24.8", "667.1"], ["126.6", "667.1"], ["126.6", "672.5"], ["24.8", "672.5"]], "Type": "SD"}, {"Location": [["10.0", "541.5"], ["125.6", "541.5"], ["125.6", "542.0"], ["141.4", "542.0"], ["141.4", "665.8"], ["10.0", "665.8"]], "Type": "GATE"}, {"Location": [["16.7", "547.2"], ["118.9", "547.2"], ["118.9", "554.0"], ["16.7", "554.0"]], "Type": "SD"}], "Module": "M7", "Boundary": [["10.0", "541.5"], ["125.6", "541.5"], ["125.6", "542.0"], ["141.4", "542.0"], ["141.4", "672.5"], ["10.0", "672.5"]], "Module_type": "GATE"}, {"Ports": [{"Location": [["357.6", "398.8"], ["362.0", "398.8"], ["362.0", "494.3"], ["357.6", "494.3"]], "Type": "SD"}, {"Location": [["530.3", "385.6"], ["530.3", "492.7"], ["529.8", "492.7"], ["529.8", "507.5"], ["363.4", "507.5"], ["363.4", "385.6"]], "Type": "GATE"}, {"Location": [["519.6", "392.3"], ["524.6", "392.3"], ["524.6", "486.0"], ["519.6", "486.0"]], "Type": "SD"}], "Module": "M3", "Boundary": [["530.3", "385.6"], ["530.3", "492.7"], ["529.8", "492.7"], ["529.8", "507.5"], ["357.6", "507.5"], ["357.6", "385.6"]], "Module_type": "GATE"}, {"Ports": [{"Location": [["572.3", "263.6"], ["576.6", "263.6"], ["576.6", "322.5"], ["572.3", "322.5"]], "Type": "SD"}, {"Location": [["670.6", "249.8"], ["670.6", "319.9"], ["640.9", "319.9"], ["640.9", "336.3"], ["578.8", "336.3"], ["578.8", "249.8"]], "Type": "GATE"}, {"Location": [["660.3", "254.9"], ["666.5", "254.9"], ["666.5", "313.8"], ["660.3", "313.8"]], "Type": "SD"}], "Module": "M18", "Boundary": [["670.6", "249.8"], ["670.6", "319.9"], ["640.9", "319.9"], ["640.9", "336.3"], ["572.3", "336.3"], ["572.3", "249.8"]], "Module_type": "GATE"}, {"Ports": [{"Location": [["443.4", "164.9"], ["520.4", "164.9"], ["520.4", "170.4"], ["443.4", "170.4"]], "Type": "SD"}, {"Location": [["431.5", "30.0"], ["519.2", "30.0"], ["519.2", "41.9"], ["532.3", "41.9"], ["532.3", "163.5"], ["431.5", "163.5"]], "Type": "GATE"}, {"Location": [["436.8", "34.3"], ["512.9", "34.3"], ["512.9", "40.4"], ["436.8", "40.4"]], "Type": "SD"}], "Module": "M20", "Boundary": [["431.5", "30.0"], ["519.2", "30.0"], ["519.2", "41.9"], ["532.3", "41.9"], ["532.3", "170.4"], ["431.5", "170.4"]], "Module_type": "GATE"}, {"Ports": [{"Location": [["262.0", "140.6"], ["378.6", "140.6"], ["378.6", "146.5"], ["262.0", "146.5"]], "Type": "SD"}, {"Location": [["249.1", "10.0"], ["373.4", "10.0"], ["373.4", "10.6"], ["391.5", "10.6"], ["391.5", "138.3"], ["249.1", "138.3"]], "Type": "GATE"}, {"Location": [["254.5", "14.4"], ["368.0", "14.4"], ["368.0", "19.7"], ["254.5", "19.7"]], "Type": "SD"}], "Module": "M15", "Boundary": [["249.1", "10.0"], ["373.4", "10.0"], ["373.4", "10.6"], ["391.5", "10.6"], ["391.5", "146.5"], ["249.1", "146.5"]], "Module_type": "GATE"}, {"Ports": [{"Location": [["572.3", "25.9"], ["577.4", "25.9"], ["577.4", "109.6"], ["572.3", "109.6"]], "Type": "SD"}, {"Location": [["708.9", "10.0"], ["708.9", "107.4"], ["631.5", "107.4"], ["631.5", "125.5"], ["578.9", "125.5"], ["578.9", "10.0"]], "Type": "GATE"}, {"Location": [["696.5", "16.8"], ["703.1", "16.8"], ["703.1", "99.6"], ["696.5", "99.6"]], "Type": "SD"}], "Module": "M12", "Boundary": [["708.9", "10.0"], ["708.9", "107.4"], ["631.5", "107.4"], ["631.5", "125.5"], ["572.3", "125.5"], ["572.3", "10.0"]], "Module_type": "GATE"}, {"Ports": [{"Location": [["742.6", "500.5"], ["818.3", "500.5"], ["818.3", "506.2"], ["742.6", "506.2"]], "Type": "SD"}, {"Location": [["728.9", "341.2"], ["815.8", "341.2"], ["815.8", "369.3"], ["832.0", "369.3"], ["832.0", "498.1"], ["728.9", "498.1"]], "Type": "GATE"}, {"Location": [["734.5", "345.8"], ["809.2", "345.8"], ["809.2", "352.1"], ["734.5", "352.1"]], "Type": "SD"}], "Module": "M8", "Boundary": [["728.9", "341.2"], ["815.8", "341.2"], ["815.8", "369.3"], ["832.0", "369.3"], ["832.0", "506.2"], ["728.9", "506.2"]], "Module_type": "GATE"}, {"Ports": [{"Location": [["174.9", "663.2"], ["276.9", "663.2"], ["276.9", "667.9"], ["174.9", "667.9"]], "Type": "SD"}, {"Location": [["161.4", "541.5"], ["277.7", "541.5"], ["277.7", "590.8"], ["290.4", "590.8"], ["290.4", "660.3"], ["161.4", "660.3"]], "Type": "GATE"}, {"Location": [["167.6", "546.7"], ["270.5", "546.7"], ["270.5", "553.2"], ["167.6", "553.2"]], "Type": "SD"}], "Module": "M4", "Boundary": [["161.4", "541.5"], ["277.7", "541.5"], ["277.7", "590.8"], ["290.4", "590.8"], ["290.4", "667.9"], ["161.4", "667.9"]], "Module_type": "GATE"}], "Area": [["-30.0", "-30.0"], ["882.3", "-30.0"], ["882.3", "712.5"], ["-30.0", "712.5"]], "Rules": ["GATE(5,5)", "SD(5,5)", "GATE_SD(0.5)", "GATE_ITO(0.5)", "SD_ITO(0.5)"]}