{"Modules": [{"Module": "M14", "Boundary": [["234.1", "582.7"], ["234.1", "686.7"], ["95.2", "686.7"], ["95.2", "702.7"], ["10.0", "702.7"], ["10.0", "582.7"]], "Module_type": "GATE", "Ports": [{"Location": [["10.0", "596.7"], ["14.8", "596.7"], ["14.8", "688.7"], ["10.0", "688.7"]], "Type": "SD"}, {"Location": [["234.1", "582.7"], ["234.1", "686.7"], ["95.2", "686.7"], ["95.2", "702.7"], ["16.9", "702.7"], ["16.9", "582.7"]], "Type": "GATE"}, {"Location": [["223.4", "589.1"], ["228.7", "589.1"], ["228.7", "679.3"], ["223.4", "679.3"]], "Type": "SD"}]}, {"Ports": [{"Location": [["163.8", "545.3"], ["220.0", "545.3"], ["220.0", "549.7"], ["163.8", "549.7"]], "Type": "SD"}, {"Location": [["150.7", "438.6"], ["216.8", "438.6"], ["216.8", "438.8"], ["233.1", "438.8"], ["233.1", "543.7"], ["150.7", "543.7"]], "Type": "GATE"}, {"Location": [["157.0", "443.9"], ["210.5", "443.9"], ["210.5", "448.8"], ["157.0", "448.8"]], "Type": "SD"}], "Module": "M9", "Boundary": [["150.7", "438.6"], ["216.8", "438.6"], ["216.8", "438.8"], ["233.1", "438.8"], ["233.1", "549.7"], ["150.7", "549.7"]], "Module_type": "GATE"}, {"Ports": [{"Location": [["254.1", "637.1"], ["259.7", "637.1"], ["259.7", "716.3"], ["254.1", "716.3"]], "Type": "SD"}, {"Location": [["351.5", "624.5"], ["351.5", "728.9"], ["261.1", "728.9"], ["261.1", "624.5"]], "Type": "GATE"}, {"Location": [["340.9", "630.0"], ["347.0", "630.0"], ["347.0", "723.4"], ["340.9", "723.4"]], "Type": "SD"}], "Module": "M5", "Boundary": [["351.5", "624.5"], ["351.5", "728.9"], ["254.1", "728.9"], ["254.1", "624.5"]], "Module_type": "GATE"}, {"Ports": [{"Location": [["166.2", "912.9"], ["171.2", "912.9"], ["171.2", "974.2"], ["166.2", "974.2"]], "Type": "SD"}, {"Location": [["368.1", "896.4"], ["368.1", "972.6"], ["368.0", "972.6"], ["368.0", "990.7"], ["174.2", "990.7"], ["174.2", "896.4"]], "Type": "GATE"}, {"Location": [["354.8", "903.0"], ["362.5", "903.0"], ["362.5", "966.0"], ["354.8", "966.0"]], "Type": "SD"}], "Module": "M11", "Boundary": [["368.1", "896.4"], ["368.1", "972.6"], ["368.0", "972.6"], ["368.0", "990.7"], ["166.2", "990.7"], ["166.2", "896.4"]], "Module_type": "GATE"}, {"Ports": [{"Location": [["280.7", "453.8"], ["331.0", "453.8"], ["331.0", "459.0"], ["280.7", "459.0"]], "Type": "SD"}, {"Location": [["268.3", "276.8"], ["328.9", "276.8"], ["328.9", "276.9"], ["343.4", "276.9"], ["343.4", "450.9"], ["268.3", "450.9"]], "Type": "GATE"}, {"Location": [["273.6", "281.1"], ["323.6", "281.1"], ["323.6", "287.3"], ["273.6", "287.3"]], "Type": "SD"}], "Module": "M1", "Boundary": [["268.3", "276.8"], ["328.9", "276.8"], ["328.9", "276.9"], ["343.4", "276.9"], ["343.4", "459.0"], ["268.3", "459.0"]], "Module_type": "GATE"}, {"Ports": [{"Location": [["383.4", "318.8"], ["388.6", "318.8"], ["388.6", "376.7"], ["383.4", "376.7"]], "Type": "SD"}, {"Location": [["503.1", "304.1"], ["503.1", "374.6"], ["502.8", "374.6"], ["502.8", "391.4"], ["391.0", "391.4"], ["391.0", "304.1"]], "Type": "GATE"}, {"Location": [["491.5", "310.9"], ["497.3", "310.9"], ["497.3", "367.8"], ["491.5", "367.8"]], "Type": "SD"}], "Module": "M19", "Boundary": [["503.1", "304.1"], ["503.1", "374.6"], ["502.8", "374.6"], ["502.8", "391.4"], ["383.4", "391.4"], ["383.4", "304.1"]], "Module_type": "GATE"}, {"Ports": [{"Location": [["10.0", "737.0"], ["15.7", "737.0"], ["15.7", "843.5"], ["10.0", "843.5"]], "Type": "SD"}, {"Location": [["213.6", "722.7"], ["213.6", "842.3"], ["108.2", "842.3"], ["108.2", "857.8"], ["18.4", "857.8"], ["18.4", "722.7"]], "Type": "GATE"}, {"Location": [["202.1", "729.3"], ["208.0", "729.3"], ["208.0", "834.7"], ["202.1", "834.7"]], "Type": "SD"}], "Module": "M6", "Boundary": [["213.6", "722.7"], ["213.6", "842.3"], ["108.2", "842.3"], ["108.2", "857.8"], ["10.0", "857.8"], ["10.0", "722.7"]], "Module_type": "GATE"}, {"Ports": [{"Location": [["23.6", "1003.7"], ["122.6", "1003.7"], ["122.6", "1008.1"], ["23.6", "1008.1"]], "Type": "SD"}, {"Location": [["10.0", "877.8"], ["118.9", "877.8"], ["118.9", "920.2"], ["136.2", "920.2"], ["136.2", "1002.4"], ["10.0", "1002.4"]], "Type": "GATE"}, {"Location": [["15.1", "881.9"], ["112.8", "881.9"], ["112.8", "888.0"], ["15.1", "888.0"]], "Type": "SD"}], "Module": "M2", "Boundary": [["10.0", "877.8"], ["118.9", "877.8"], ["118.9", "920.2"], ["136.2", "920.2"], ["136.2", "1008.1"], ["10.0", "1008.1"]], "Module_type": "GATE"}, {"Ports": [{"Location": [["403.3", "239.1"], ["496.4", "239.1"], ["496.4", "244.1"], ["403.3", "244.1"]], "Type": "SD"}, {"Location": [["390.5", "30.0"], ["496.8", "30.0"], ["496.8", "143.0"], ["509.2", "143.0"], ["509.2", "237.0"], ["390.5", "237.0"]], "Type": "GATE"}, {"Location": [["396.2", "34.7"], ["489.1", "34.7"], ["489.1", "41.2"], ["396.2", "41.2"]], "Type": "SD"}], "Module": "M16", "Boundary": [["390.5", "30.0"], ["496.8", "30.0"], ["496.8", "143.0"], ["509.2", "143.0"], ["509.2", "244.1"], ["390.5", "244.1"]], "Module_type": "GATE"}, {"Ports": [{"Location": [["216.6", "232.1"], ["315.6", "232.1"], ["315.6", "236.8"], ["216.6", "236.8"]], "Type": "SD"}, {"Location": [["201.7", "30.0"], ["330.5", "30.0"], ["330.5", "230.4"], ["201.7", "230.4"]], "Type": "GATE"}, {"Location": [["208.7", "36.0"], ["323.5", "36.0"], ["323.5", "42.4"], ["208.7", "42.4"]], "Type": "SD"}], "Module": "M13", "Boundary": [["201.7", "30.0"], ["330.5", "30.0"], ["330.5", "236.8"], ["201.7", "236.8"]], "Module_type": "GATE"}, {"Ports": [{"Location": [["33.5", "548.0"], ["97.2", "548.0"], ["97.2", "552.7"], ["33.5", "552.7"]], "Type": "SD"}, {"Location": [["20.0", "432.9"], ["97.3", "432.9"], ["97.3", "442.4"], ["110.7", "442.4"], ["110.7", "546.7"], ["20.0", "546.7"]], "Type": "GATE"}, {"Location": [["26.6", "438.5"], ["89.7", "438.5"], ["89.7", "444.3"], ["26.6", "444.3"]], "Type": "SD"}], "Module": "M10", "Boundary": [["20.0", "432.9"], ["97.3", "432.9"], ["97.3", "442.4"], ["110.7", "442.4"], ["110.7", "552.7"], ["20.0", "552.7"]], "Module_type": "GATE"}, {"Ports": [{"Location": [["22.9", "398.6"], ["115.8", "398.6"], ["115.8", "402.9"], ["22.9", "402.9"]], "Type": "SD"}, {"Location": [["10.0", "205.9"], ["128.7", "205.9"], ["128.7", "397.2"], ["10.0", "397.2"]], "Type": "GATE"}, {"Location": [["16.3", "211.2"], ["122.4", "211.2"], ["122.4", "217.3"], ["16.3", "217.3"]], "Type": "SD"}], "Module": "M7", "Boundary": [["10.0", "205.9"], ["128.7", "205.9"], ["128.7", "402.9"], ["10.0", "402.9"]], "Module_type": "GATE"}, {"Ports": [{"Location": [["253.6", "781.8"], ["257.6", "781.8"], ["257.6", "833.5"], ["253.6", "833.5"]], "Type": "SD"}, {"Location": [["350.9", "768.9"], ["350.9", "846.4"], ["259.1", "846.4"], ["259.1", "768.9"]], "Type": "GATE"}, {"Location": [["340.3", "774.5"], ["346.3", "774.5"], ["346.3", "840.8"], ["340.3", "840.8"]], "Type": "SD"}], "Module": "M3", "Boundary": [["350.9", "768.9"], ["350.9", "846.4"], ["253.6", "846.4"], ["253.6", "768.9"]], "Module_type": "GATE"}, {"Ports": [{"Location": [["162.5", "403.3"], ["234.5", "403.3"], ["234.5", "408.6"], ["162.5", "408.6"]], "Type": "SD"}, {"Location": [["148.7", "276.8"], ["232.9", "276.8"], ["232.9", "339.6"], ["248.3", "339.6"], ["248.3", "400.9"], ["148.7", "400.9"]], "Type": "GATE"}, {"Location": [["153.9", "281.0"], ["226.7", "281.0"], ["226.7", "287.8"], ["153.9", "287.8"]], "Type": "SD"}], "Module": "M18", "Boundary": [["148.7", "276.8"], ["232.9", "276.8"], ["232.9", "339.6"], ["248.3", "339.6"], ["248.3", "408.6"], ["148.7", "408.6"]], "Module_type": "GATE"}, {"Ports": [{"Location": [["30.0", "44.0"], ["34.4", "44.0"], ["34.4", "151.9"], ["30.0", "151.9"]], "Type": "SD"}, {"Location": [["141.7", "30.0"], ["141.7", "150.0"], ["87.9", "150.0"], ["87.9", "165.9"], ["35.6", "165.9"], ["35.6", "30.0"]], "Type": "GATE"}, {"Location": [["131.2", "35.9"], ["136.8", "35.9"], ["136.8", "143.1"], ["131.2", "143.1"]], "Type": "SD"}], "Module": "M20", "Boundary": [["141.7", "30.0"], ["141.7", "150.0"], ["87.9", "150.0"], ["87.9", "165.9"], ["30.0", "165.9"], ["30.0", "30.0"]], "Module_type": "GATE"}, {"Ports": [{"Location": [["371.5", "563.9"], ["375.9", "563.9"], ["375.9", "671.4"], ["371.5", "671.4"]], "Type": "SD"}, {"Location": [["527.5", "550.5"], ["527.5", "684.8"], ["378.4", "684.8"], ["378.4", "550.5"]], "Type": "GATE"}, {"Location": [["516.4", "556.5"], ["522.5", "556.5"], ["522.5", "678.8"], ["516.4", "678.8"]], "Type": "SD"}], "Module": "M15", "Boundary": [["527.5", "550.5"], ["527.5", "684.8"], ["371.5", "684.8"], ["371.5", "550.5"]], "Module_type": "GATE"}, {"Ports": [{"Location": [["409.9", "787.0"], ["493.0", "787.0"], ["493.0", "791.4"], ["409.9", "791.4"]], "Type": "SD"}, {"Location": [["398.1", "704.8"], ["490.4", "704.8"], ["490.4", "735.9"], ["504.8", "735.9"], ["504.8", "784.1"], ["398.1", "784.1"]], "Type": "GATE"}, {"Location": [["403.2", "708.9"], ["484.3", "708.9"], ["484.3", "713.9"], ["403.2", "713.9"]], "Type": "SD"}], "Module": "M12", "Boundary": [["398.1", "704.8"], ["490.4", "704.8"], ["490.4", "735.9"], ["504.8", "735.9"], ["504.8", "791.4"], ["398.1", "791.4"]], "Module_type": "GATE"}, {"Ports": [{"Location": [["275.8", "599.0"], ["328.4", "599.0"], ["328.4", "604.5"], ["275.8", "604.5"]], "Type": "SD"}, {"Location": [["263.1", "479.0"], ["327.1", "479.0"], ["327.1", "529.0"], ["341.1", "529.0"], ["341.1", "596.8"], ["263.1", "596.8"]], "Type": "GATE"}, {"Location": [["269.3", "484.2"], ["319.9", "484.2"], ["319.9", "489.9"], ["269.3", "489.9"]], "Type": "SD"}], "Module": "M8", "Boundary": [["263.1", "479.0"], ["327.1", "479.0"], ["327.1", "529.0"], ["341.1", "529.0"], ["341.1", "604.5"], ["263.1", "604.5"]], "Module_type": "GATE"}, {"Ports": [{"Location": [["411.5", "1004.3"], ["514.9", "1004.3"], ["514.9", "1009.8"], ["411.5", "1009.8"]], "Type": "SD"}, {"Location": [["398.1", "811.4"], ["513.2", "811.4"], ["513.2", "828.0"], ["528.3", "828.0"], ["528.3", "1002.7"], ["398.1", "1002.7"]], "Type": "GATE"}, {"Location": [["403.9", "816.2"], ["506.4", "816.2"], ["506.4", "821.9"], ["403.9", "821.9"]], "Type": "SD"}], "Module": "M4", "Boundary": [["398.1", "811.4"], ["513.2", "811.4"], ["513.2", "828.0"], ["528.3", "828.0"], ["528.3", "1009.8"], ["398.1", "1009.8"]], "Module_type": "GATE"}, {"Ports": [{"Location": [["363.4", "445.9"], ["368.6", "445.9"], ["368.6", "516.0"], ["363.4", "516.0"]], "Type": "SD"}, {"Location": [["527.3", "431.4"], ["527.3", "514.5"], ["527.1", "514.5"], ["527.1", "530.5"], ["370.4", "530.5"], ["370.4", "431.4"]], "Type": "GATE"}, {"Location": [["515.9", "437.6"], ["522.1", "437.6"], ["522.1", "508.3"], ["515.9", "508.3"]], "Type": "SD"}], "Module": "M17", "Boundary": [["527.3", "431.4"], ["527.3", "514.5"], ["527.1", "514.5"], ["527.1", "530.5"], ["363.4", "530.5"], ["363.4", "431.4"]], "Module_type": "GATE"}], "Area": [["-30.0", "-10.0"], ["568.3", "-10.0"], ["568.3", "1049.8"], ["-30.0", "1049.8"]], "Rules": ["GATE(5,5)", "SD(5,5)", "GATE_SD(0.5)", "GATE_ITO(0.5)", "SD_ITO(0.5)"]}