{"Modules": [{"Module": "M14", "Boundary": [["10.0", "196.0"], ["128.8", "196.0"], ["128.8", "266.0"], ["144.9", "266.0"], ["144.9", "358.5"], ["10.0", "358.5"]], "Module_type": "GATE", "Ports": [{"Location": [["22.8", "354.0"], ["132.1", "354.0"], ["132.1", "358.5"], ["22.8", "358.5"]], "Type": "SD"}, {"Location": [["10.0", "196.0"], ["128.8", "196.0"], ["128.8", "266.0"], ["144.9", "266.0"], ["144.9", "351.3"], ["10.0", "351.3"]], "Type": "GATE"}, {"Location": [["15.3", "200.3"], ["122.5", "200.3"], ["122.5", "205.4"], ["15.3", "205.4"]], "Type": "SD"}]}, {"Ports": [{"Location": [["446.1", "400.3"], ["450.1", "400.3"], ["450.1", "500.0"], ["446.1", "500.0"]], "Type": "SD"}, {"Location": [["606.4", "385.7"], ["606.4", "496.2"], ["605.8", "496.2"], ["605.8", "514.6"], ["451.6", "514.6"], ["451.6", "385.7"]], "Type": "GATE"}, {"Location": [["594.7", "392.4"], ["600.7", "392.4"], ["600.7", "489.5"], ["594.7", "489.5"]], "Type": "SD"}], "Module": "M9", "Boundary": [["606.4", "385.7"], ["606.4", "496.2"], ["605.8", "496.2"], ["605.8", "514.6"], ["446.1", "514.6"], ["446.1", "385.7"]], "Module_type": "GATE"}, {"Ports": [{"Location": [["295.0", "351.6"], ["385.7", "351.6"], ["385.7", "356.9"], ["295.0", "356.9"]], "Type": "SD"}, {"Location": [["279.3", "210.3"], ["384.7", "210.3"], ["384.7", "210.6"], ["401.4", "210.6"], ["401.4", "349.7"], ["279.3", "349.7"]], "Type": "GATE"}, {"Location": [["286.1", "216.1"], ["377.9", "216.1"], ["377.9", "223.7"], ["286.1", "223.7"]], "Type": "SD"}], "Module": "M5", "Boundary": [["279.3", "210.3"], ["384.7", "210.3"], ["384.7", "210.6"], ["401.4", "210.6"], ["401.4", "356.9"], ["279.3", "356.9"]], "Module_type": "GATE"}, {"Ports": [{"Location": [["929.8", "33.2"], ["934.5", "33.2"], ["934.5", "115.5"], ["929.8", "115.5"]], "Type": "SD"}, {"Location": [["1074.5", "20.0"], ["1074.5", "113.5"], ["1074.0", "113.5"], ["1074.0", "128.7"], ["937.4", "128.7"], ["937.4", "20.0"]], "Type": "GATE"}, {"Location": [["1064.1", "25.4"], ["1070.1", "25.4"], ["1070.1", "108.1"], ["1064.1", "108.1"]], "Type": "SD"}], "Module": "M11", "Boundary": [["1074.5", "20.0"], ["1074.5", "113.5"], ["1074.0", "113.5"], ["1074.0", "128.7"], ["929.8", "128.7"], ["929.8", "20.0"]], "Module_type": "GATE"}, {"Ports": [{"Location": [["109.7", "23.6"], ["114.8", "23.6"], ["114.8", "160.7"], ["109.7", "160.7"]], "Type": "SD"}, {"Location": [["243.3", "10.0"], ["243.3", "174.3"], ["115.9", "174.3"], ["115.9", "10.0"]], "Type": "GATE"}, {"Location": [["233.2", "15.9"], ["238.4", "15.9"], ["238.4", "168.4"], ["233.2", "168.4"]], "Type": "SD"}], "Module": "M1", "Boundary": [["243.3", "10.0"], ["243.3", "174.3"], ["109.7", "174.3"], ["109.7", "10.0"]], "Module_type": "GATE"}, {"Ports": [{"Location": [["700.4", "45.3"], ["704.6", "45.3"], ["704.6", "105.7"], ["700.4", "105.7"]], "Type": "SD"}, {"Location": [["879.8", "30.0"], ["879.8", "121.0"], ["706.2", "121.0"], ["706.2", "30.0"]], "Type": "GATE"}, {"Location": [["867.8", "36.3"], ["874.5", "36.3"], ["874.5", "114.7"], ["867.8", "114.7"]], "Type": "SD"}], "Module": "M19", "Boundary": [["879.8", "30.0"], ["879.8", "121.0"], ["700.4", "121.0"], ["700.4", "30.0"]], "Module_type": "GATE"}, {"Ports": [{"Location": [["426.3", "23.0"], ["431.2", "23.0"], ["431.2", "138.4"], ["426.3", "138.4"]], "Type": "SD"}, {"Location": [["530.7", "10.0"], ["530.7", "136.9"], ["498.4", "136.9"], ["498.4", "151.4"], ["434.0", "151.4"], ["434.0", "10.0"]], "Type": "GATE"}, {"Location": [["519.9", "16.2"], ["525.5", "16.2"], ["525.5", "129.7"], ["519.9", "129.7"]], "Type": "SD"}], "Module": "M6", "Boundary": [["530.7", "10.0"], ["530.7", "136.9"], ["498.4", "136.9"], ["498.4", "151.4"], ["426.3", "151.4"], ["426.3", "10.0"]], "Module_type": "GATE"}, {"Ports": [{"Location": [["563.5", "179.2"], ["647.6", "179.2"], ["647.6", "183.5"], ["563.5", "183.5"]], "Type": "SD"}, {"Location": [["550.7", "10.0"], ["645.8", "10.0"], ["645.8", "70.3"], ["660.4", "70.3"], ["660.4", "177.8"], ["550.7", "177.8"]], "Type": "GATE"}, {"Location": [["556.3", "14.6"], ["639.2", "14.6"], ["639.2", "19.9"], ["556.3", "19.9"]], "Type": "SD"}], "Module": "M2", "Boundary": [["550.7", "10.0"], ["645.8", "10.0"], ["645.8", "70.3"], ["660.4", "70.3"], ["660.4", "183.5"], ["550.7", "183.5"]], "Module_type": "GATE"}, {"Ports": [{"Location": [["656.4", "415.6"], ["661.2", "415.6"], ["661.2", "490.1"], ["656.4", "490.1"]], "Type": "SD"}, {"Location": [["820.8", "402.4"], ["820.8", "488.6"], ["723.0", "488.6"], ["723.0", "503.3"], ["663.9", "503.3"], ["663.9", "402.4"]], "Type": "GATE"}, {"Location": [["809.9", "408.4"], ["815.8", "408.4"], ["815.8", "480.6"], ["809.9", "480.6"]], "Type": "SD"}], "Module": "M16", "Boundary": [["820.8", "402.4"], ["820.8", "488.6"], ["723.0", "488.6"], ["723.0", "503.3"], ["656.4", "503.3"], ["656.4", "402.4"]], "Module_type": "GATE"}, {"Ports": [{"Location": [["259.6", "411.8"], ["265.0", "411.8"], ["265.0", "486.2"], ["259.6", "486.2"]], "Type": "SD"}, {"Location": [["396.1", "396.9"], ["396.1", "484.3"], ["395.8", "484.3"], ["395.8", "501.1"], ["266.5", "501.1"], ["266.5", "396.9"]], "Type": "GATE"}, {"Location": [["383.6", "403.7"], ["390.3", "403.7"], ["390.3", "477.5"], ["383.6", "477.5"]], "Type": "SD"}], "Module": "M13", "Boundary": [["396.1", "396.9"], ["396.1", "484.3"], ["395.8", "484.3"], ["395.8", "501.1"], ["259.6", "501.1"], ["259.6", "396.9"]], "Module_type": "GATE"}, {"Ports": [{"Location": [["20.0", "402.7"], ["25.6", "402.7"], ["25.6", "499.8"], ["20.0", "499.8"]], "Type": "SD"}, {"Location": [["209.6", "388.5"], ["209.6", "499.1"], ["209.2", "499.1"], ["209.2", "514.0"], ["28.2", "514.0"], ["28.2", "388.5"]], "Type": "GATE"}, {"Location": [["197.0", "395.2"], ["203.9", "395.2"], ["203.9", "492.4"], ["197.0", "492.4"]], "Type": "SD"}], "Module": "M10", "Boundary": [["209.6", "388.5"], ["209.6", "499.1"], ["209.2", "499.1"], ["209.2", "514.0"], ["20.0", "514.0"], ["20.0", "388.5"]], "Module_type": "GATE"}, {"Ports": [{"Location": [["24.3", "171.6"], ["75.4", "171.6"], ["75.4", "176.0"], ["24.3", "176.0"]], "Type": "SD"}, {"Location": [["10.0", "10.0"], ["89.7", "10.0"], ["89.7", "169.6"], ["10.0", "169.6"]], "Type": "GATE"}, {"Location": [["16.6", "15.6"], ["83.1", "15.6"], ["83.1", "21.9"], ["16.6", "21.9"]], "Type": "SD"}], "Module": "M7", "Boundary": [["10.0", "10.0"], ["89.7", "10.0"], ["89.7", "176.0"], ["10.0", "176.0"]], "Module_type": "GATE"}, {"Ports": [{"Location": [["728.2", "336.9"], ["826.0", "336.9"], ["826.0", "342.4"], ["728.2", "342.4"]], "Type": "SD"}, {"Location": [["716.1", "181.0"], ["838.1", "181.0"], ["838.1", "334.8"], ["716.1", "334.8"]], "Type": "GATE"}, {"Location": [["721.8", "185.7"], ["832.4", "185.7"], ["832.4", "191.1"], ["721.8", "191.1"]], "Type": "SD"}], "Module": "M3", "Boundary": [["716.1", "181.0"], ["838.1", "181.0"], ["838.1", "342.4"], ["716.1", "342.4"]], "Module_type": "GATE"}, {"Ports": [{"Location": [["878.1", "297.3"], ["883.4", "297.3"], ["883.4", "354.4"], ["878.1", "354.4"]], "Type": "SD"}, {"Location": [["1000.4", "282.9"], ["1000.4", "353.1"], ["962.3", "353.1"], ["962.3", "368.8"], ["886.1", "368.8"], ["886.1", "282.9"]], "Type": "GATE"}, {"Location": [["988.4", "288.4"], ["995.9", "288.4"], ["995.9", "346.6"], ["988.4", "346.6"]], "Type": "SD"}], "Module": "M18", "Boundary": [["1000.4", "282.9"], ["1000.4", "353.1"], ["962.3", "353.1"], ["962.3", "368.8"], ["878.1", "368.8"], ["878.1", "282.9"]], "Module_type": "GATE"}, {"Ports": [{"Location": [["446.3", "238.8"], ["450.7", "238.8"], ["450.7", "320.4"], ["446.3", "320.4"]], "Type": "SD"}, {"Location": [["656.1", "223.5"], ["656.1", "318.3"], ["563.7", "318.3"], ["563.7", "335.7"], ["452.7", "335.7"], ["452.7", "223.5"]], "Type": "GATE"}, {"Location": [["643.8", "229.6"], ["651.0", "229.6"], ["651.0", "311.2"], ["643.8", "311.2"]], "Type": "SD"}], "Module": "M20", "Boundary": [["656.1", "223.5"], ["656.1", "318.3"], ["563.7", "318.3"], ["563.7", "335.7"], ["446.3", "335.7"], ["446.3", "223.5"]], "Module_type": "GATE"}, {"Ports": [{"Location": [["1056.5", "365.0"], ["1093.6", "365.0"], ["1093.6", "370.9"], ["1056.5", "370.9"]], "Type": "SD"}, {"Location": [["1042.1", "158.7"], ["1092.7", "158.7"], ["1092.7", "158.7"], ["1108.0", "158.7"], ["1108.0", "362.6"], ["1042.1", "362.6"]], "Type": "GATE"}, {"Location": [["1048.6", "164.2"], ["1086.2", "164.2"], ["1086.2", "171.1"], ["1048.6", "171.1"]], "Type": "SD"}], "Module": "M15", "Boundary": [["1042.1", "158.7"], ["1092.7", "158.7"], ["1092.7", "158.7"], ["1108.0", "158.7"], ["1108.0", "370.9"], ["1042.1", "370.9"]], "Module_type": "GATE"}, {"Ports": [{"Location": [["277.8", "185.0"], ["391.8", "185.0"], ["391.8", "190.3"], ["277.8", "190.3"]], "Type": "SD"}, {"Location": [["263.3", "10.0"], ["389.5", "10.0"], ["389.5", "41.2"], ["406.3", "41.2"], ["406.3", "183.4"], ["263.3", "183.4"]], "Type": "GATE"}, {"Location": [["268.9", "14.6"], ["382.9", "14.6"], ["382.9", "21.2"], ["268.9", "21.2"]], "Type": "SD"}], "Module": "M12", "Boundary": [["263.3", "10.0"], ["389.5", "10.0"], ["389.5", "41.2"], ["406.3", "41.2"], ["406.3", "190.3"], ["263.3", "190.3"]], "Module_type": "GATE"}, {"Ports": [{"Location": [["878.1", "175.3"], ["882.4", "175.3"], ["882.4", "248.6"], ["878.1", "248.6"]], "Type": "SD"}, {"Location": [["1022.1", "161.0"], ["1022.1", "247.2"], ["938.0", "247.2"], ["938.0", "262.9"], ["883.5", "262.9"], ["883.5", "161.0"]], "Type": "GATE"}, {"Location": [["1010.6", "166.4"], ["1017.7", "166.4"], ["1017.7", "240.8"], ["1010.6", "240.8"]], "Type": "SD"}], "Module": "M8", "Boundary": [["1022.1", "161.0"], ["1022.1", "247.2"], ["938.0", "247.2"], ["938.0", "262.9"], ["878.1", "262.9"], ["878.1", "161.0"]], "Module_type": "GATE"}, {"Ports": [{"Location": [["878.1", "407.0"], ["883.6", "407.0"], ["883.6", "507.9"], ["878.1", "507.9"]], "Type": "SD"}, {"Location": [["1095.9", "390.9"], ["1095.9", "506.3"], ["1020.7", "506.3"], ["1020.7", "524.0"], ["885.9", "524.0"], ["885.9", "390.9"]], "Type": "GATE"}, {"Location": [["1083.1", "397.5"], ["1090.3", "397.5"], ["1090.3", "498.7"], ["1083.1", "498.7"]], "Type": "SD"}], "Module": "M4", "Boundary": [["1095.9", "390.9"], ["1095.9", "506.3"], ["1020.7", "506.3"], ["1020.7", "524.0"], ["878.1", "524.0"], ["878.1", "390.9"]], "Module_type": "GATE"}], "Area": [["-30.0", "-30.0"], ["1148.0", "-30.0"], ["1148.0", "564.0"], ["-30.0", "564.0"]], "Rules": ["GATE(5,5)", "SD(5,5)", "GATE_SD(0.5)", "GATE_ITO(0.5)", "SD_ITO(0.5)"]}