{"Modules": [{"Module": "M14", "Boundary": [["231.2", "779.8"], ["231.2", "868.2"], ["113.7", "868.2"], ["113.7", "881.1"], ["10.0", "881.1"], ["10.0", "779.8"]], "Module_type": "GATE", "Ports": [{"Location": [["10.0", "792.3"], ["14.9", "792.3"], ["14.9", "868.6"], ["10.0", "868.6"]], "Type": "SD"}, {"Location": [["231.2", "779.8"], ["231.2", "868.2"], ["113.7", "868.2"], ["113.7", "881.1"], ["16.6", "881.1"], ["16.6", "779.8"]], "Type": "GATE"}, {"Location": [["220.4", "785.3"], ["226.7", "785.3"], ["226.7", "861.7"], ["220.4", "861.7"]], "Type": "SD"}]}, {"Ports": [{"Location": [["235.5", "1008.2"], ["240.8", "1008.2"], ["240.8", "1071.1"], ["235.5", "1071.1"]], "Type": "SD"}, {"Location": [["362.0", "994.2"], ["362.0", "1071.0"], ["361.9", "1071.0"], ["361.9", "1085.1"], ["243.2", "1085.1"], ["243.2", "994.2"]], "Type": "GATE"}, {"Location": [["349.6", "1000.4"], ["356.8", "1000.4"], ["356.8", "1064.8"], ["349.6", "1064.8"]], "Type": "SD"}], "Module": "M9", "Boundary": [["362.0", "994.2"], ["362.0", "1071.0"], ["361.9", "1071.0"], ["361.9", "1085.1"], ["235.5", "1085.1"], ["235.5", "994.2"]], "Module_type": "GATE"}, {"Ports": [{"Location": [["250.9", "475.1"], ["333.7", "475.1"], ["333.7", "481.1"], ["250.9", "481.1"]], "Type": "SD"}, {"Location": [["237.8", "383.6"], ["331.7", "383.6"], ["331.7", "383.6"], ["346.8", "383.6"], ["346.8", "473.6"], ["237.8", "473.6"]], "Type": "GATE"}, {"Location": [["244.3", "389.1"], ["325.2", "389.1"], ["325.2", "395.2"], ["244.3", "395.2"]], "Type": "SD"}], "Module": "M5", "Boundary": [["237.8", "383.6"], ["331.7", "383.6"], ["331.7", "383.6"], ["346.8", "383.6"], ["346.8", "481.1"], ["237.8", "481.1"]], "Module_type": "GATE"}, {"Ports": [{"Location": [["34.3", "605.8"], ["108.5", "605.8"], ["108.5", "611.3"], ["34.3", "611.3"]], "Type": "SD"}, {"Location": [["20.0", "425.8"], ["122.8", "425.8"], ["122.8", "604.6"], ["20.0", "604.6"]], "Type": "GATE"}, {"Location": [["25.7", "430.5"], ["117.1", "430.5"], ["117.1", "436.9"], ["25.7", "436.9"]], "Type": "SD"}], "Module": "M11", "Boundary": [["20.0", "425.8"], ["122.8", "425.8"], ["122.8", "611.3"], ["20.0", "611.3"]], "Module_type": "GATE"}, {"Ports": [{"Location": [["10.0", "914.2"], ["15.3", "914.2"], ["15.3", "970.3"], ["10.0", "970.3"]], "Type": "SD"}, {"Location": [["205.5", "901.1"], ["205.5", "983.4"], ["17.5", "983.4"], ["17.5", "901.1"]], "Type": "GATE"}, {"Location": [["194.8", "906.8"], ["200.8", "906.8"], ["200.8", "977.7"], ["194.8", "977.7"]], "Type": "SD"}], "Module": "M1", "Boundary": [["205.5", "901.1"], ["205.5", "983.4"], ["10.0", "983.4"], ["10.0", "901.1"]], "Module_type": "GATE"}, {"Ports": [{"Location": [["414.3", "294.7"], ["487.1", "294.7"], ["487.1", "299.5"], ["414.3", "299.5"]], "Type": "SD"}, {"Location": [["399.3", "120.7"], ["502.1", "120.7"], ["502.1", "291.9"], ["399.3", "291.9"]], "Type": "GATE"}, {"Location": [["405.3", "125.7"], ["496.1", "125.7"], ["496.1", "132.5"], ["405.3", "132.5"]], "Type": "SD"}], "Module": "M19", "Boundary": [["399.3", "120.7"], ["502.1", "120.7"], ["502.1", "299.5"], ["399.3", "299.5"]], "Module_type": "GATE"}, {"Ports": [{"Location": [["470.7", "829.2"], ["518.4", "829.2"], ["518.4", "834.8"], ["470.7", "834.8"]], "Type": "SD"}, {"Location": [["460.4", "629.9"], ["516.2", "629.9"], ["516.2", "721.3"], ["528.7", "721.3"], ["528.7", "828.2"], ["460.4", "828.2"]], "Type": "GATE"}, {"Location": [["465.8", "634.3"], ["509.8", "634.3"], ["509.8", "638.6"], ["465.8", "638.6"]], "Type": "SD"}], "Module": "M6", "Boundary": [["460.4", "629.9"], ["516.2", "629.9"], ["516.2", "721.3"], ["528.7", "721.3"], ["528.7", "834.8"], ["460.4", "834.8"]], "Module_type": "GATE"}, {"Ports": [{"Location": [["237.8", "237.5"], ["241.9", "237.5"], ["241.9", "352.6"], ["237.8", "352.6"]], "Type": "SD"}, {"Location": [["353.5", "226.5"], ["353.5", "349.3"], ["297.4", "349.3"], ["297.4", "363.6"], ["244.5", "363.6"], ["244.5", "226.5"]], "Type": "GATE"}, {"Location": [["344.6", "232.2"], ["348.8", "232.2"], ["348.8", "342.6"], ["344.6", "342.6"]], "Type": "SD"}], "Module": "M2", "Boundary": [["353.5", "226.5"], ["353.5", "349.3"], ["297.4", "349.3"], ["297.4", "363.6"], ["237.8", "363.6"], ["237.8", "226.5"]], "Module_type": "GATE"}, {"Ports": [{"Location": [["438.4", "1064.7"], ["494.0", "1064.7"], ["494.0", "1069.2"], ["438.4", "1069.2"]], "Type": "SD"}, {"Location": [["425.5", "879.3"], ["491.8", "879.3"], ["491.8", "995.9"], ["506.9", "995.9"], ["506.9", "1063.1"], ["425.5", "1063.1"]], "Type": "GATE"}, {"Location": [["430.6", "883.4"], ["485.7", "883.4"], ["485.7", "890.2"], ["430.6", "890.2"]], "Type": "SD"}], "Module": "M16", "Boundary": [["425.5", "879.3"], ["491.8", "879.3"], ["491.8", "995.9"], ["506.9", "995.9"], ["506.9", "1069.2"], ["425.5", "1069.2"]], "Module_type": "GATE"}, {"Ports": [{"Location": [["271.2", "892.7"], ["275.4", "892.7"], ["275.4", "930.8"], ["271.2", "930.8"]], "Type": "SD"}, {"Location": [["365.5", "879.3"], ["365.5", "944.2"], ["276.4", "944.2"], ["276.4", "879.3"]], "Type": "GATE"}, {"Location": [["354.7", "885.1"], ["360.7", "885.1"], ["360.7", "938.4"], ["354.7", "938.4"]], "Type": "SD"}], "Module": "M13", "Boundary": [["365.5", "879.3"], ["365.5", "944.2"], ["271.2", "944.2"], ["271.2", "879.3"]], "Module_type": "GATE"}, {"Ports": [{"Location": [["383.5", "362.9"], ["388.3", "362.9"], ["388.3", "417.3"], ["383.5", "417.3"]], "Type": "SD"}, {"Location": [["515.6", "349.5"], ["515.6", "416.1"], ["505.0", "416.1"], ["505.0", "430.7"], ["390.6", "430.7"], ["390.6", "349.5"]], "Type": "GATE"}, {"Location": [["504.3", "356.2"], ["509.9", "356.2"], ["509.9", "408.4"], ["504.3", "408.4"]], "Type": "SD"}], "Module": "M10", "Boundary": [["515.6", "349.5"], ["515.6", "416.1"], ["505.0", "416.1"], ["505.0", "430.7"], ["383.5", "430.7"], ["383.5", "349.5"]], "Module_type": "GATE"}, {"Ports": [{"Location": [["10.0", "1015.7"], ["14.9", "1015.7"], ["14.9", "1085.1"], ["10.0", "1085.1"]], "Type": "SD"}, {"Location": [["202.4", "1003.4"], ["202.4", "1081.8"], ["201.9", "1081.8"], ["201.9", "1097.4"], ["17.8", "1097.4"], ["17.8", "1003.4"]], "Type": "GATE"}, {"Location": [["192.9", "1008.6"], ["198.2", "1008.6"], ["198.2", "1076.6"], ["192.9", "1076.6"]], "Type": "SD"}], "Module": "M7", "Boundary": [["202.4", "1003.4"], ["202.4", "1081.8"], ["201.9", "1081.8"], ["201.9", "1097.4"], ["10.0", "1097.4"], ["10.0", "1003.4"]], "Module_type": "GATE"}, {"Ports": [{"Location": [["43.9", "226.0"], ["161.4", "226.0"], ["161.4", "231.8"], ["43.9", "231.8"]], "Type": "SD"}, {"Location": [["30.0", "30.0"], ["157.0", "30.0"], ["157.0", "30.5"], ["175.3", "30.5"], ["175.3", "223.3"], ["30.0", "223.3"]], "Type": "GATE"}, {"Location": [["35.4", "34.4"], ["151.6", "34.4"], ["151.6", "41.1"], ["35.4", "41.1"]], "Type": "SD"}], "Module": "M3", "Boundary": [["30.0", "30.0"], ["157.0", "30.0"], ["157.0", "30.5"], ["175.3", "30.5"], ["175.3", "231.8"], ["30.0", "231.8"]], "Module_type": "GATE"}, {"Ports": [{"Location": [["10.0", "285.8"], ["14.5", "285.8"], ["14.5", "381.8"], ["10.0", "381.8"]], "Type": "SD"}, {"Location": [["217.8", "271.8"], ["217.8", "378.1"], ["217.3", "378.1"], ["217.3", "395.8"], ["17.4", "395.8"], ["17.4", "271.8"]], "Type": "GATE"}, {"Location": [["206.7", "277.2"], ["213.4", "277.2"], ["213.4", "372.7"], ["206.7", "372.7"]], "Type": "SD"}], "Module": "M18", "Boundary": [["217.8", "271.8"], ["217.8", "378.1"], ["217.3", "378.1"], ["217.3", "395.8"], ["10.0", "395.8"], ["10.0", "271.8"]], "Module_type": "GATE"}, {"Ports": [{"Location": [["286.2", "815.0"], ["406.3", "815.0"], ["406.3", "819.3"], ["286.2", "819.3"]], "Type": "SD"}, {"Location": [["272.1", "657.4"], ["405.2", "657.4"], ["405.2", "739.9"], ["420.4", "739.9"], ["420.4", "812.7"], ["272.1", "812.7"]], "Type": "GATE"}, {"Location": [["277.8", "662.1"], ["398.5", "662.1"], ["398.5", "668.5"], ["277.8", "668.5"]], "Type": "SD"}], "Module": "M20", "Boundary": [["272.1", "657.4"], ["405.2", "657.4"], ["405.2", "739.9"], ["420.4", "739.9"], ["420.4", "819.3"], ["272.1", "819.3"]], "Module_type": "GATE"}, {"Ports": [{"Location": [["387.8", "476.7"], ["391.9", "476.7"], ["391.9", "593.9"], ["387.8", "593.9"]], "Type": "SD"}, {"Location": [["523.2", "460.7"], ["523.2", "609.9"], ["393.2", "609.9"], ["393.2", "460.7"]], "Type": "GATE"}, {"Location": [["510.2", "467.4"], ["517.5", "467.4"], ["517.5", "603.2"], ["510.2", "603.2"]], "Type": "SD"}], "Module": "M15", "Boundary": [["523.2", "460.7"], ["523.2", "609.9"], ["387.8", "609.9"], ["387.8", "460.7"]], "Module_type": "GATE"}, {"Ports": [{"Location": [["10.0", "655.5"], ["14.9", "655.5"], ["14.9", "745.6"], ["10.0", "745.6"]], "Type": "SD"}, {"Location": [["232.1", "641.3"], ["232.1", "745.0"], ["133.5", "745.0"], ["133.5", "759.8"], ["16.4", "759.8"], ["16.4", "641.3"]], "Type": "GATE"}, {"Location": [["221.3", "647.4"], ["227.0", "647.4"], ["227.0", "736.9"], ["221.3", "736.9"]], "Type": "SD"}], "Module": "M12", "Boundary": [["232.1", "641.3"], ["232.1", "745.0"], ["133.5", "745.0"], ["133.5", "759.8"], ["10.0", "759.8"], ["10.0", "641.3"]], "Module_type": "GATE"}, {"Ports": [{"Location": [["394.0", "76.1"], ["460.1", "76.1"], ["460.1", "80.7"], ["394.0", "80.7"]], "Type": "SD"}, {"Location": [["379.3", "10.0"], ["460.8", "10.0"], ["460.8", "18.7"], ["474.8", "18.7"], ["474.8", "74.3"], ["379.3", "74.3"]], "Type": "GATE"}, {"Location": [["386.1", "15.8"], ["453.0", "15.8"], ["453.0", "22.0"], ["386.1", "22.0"]], "Type": "SD"}], "Module": "M8", "Boundary": [["379.3", "10.0"], ["460.8", "10.0"], ["460.8", "18.7"], ["474.8", "18.7"], ["474.8", "80.7"], ["379.3", "80.7"]], "Module_type": "GATE"}, {"Ports": [{"Location": [["152.8", "515.9"], ["157.3", "515.9"], ["157.3", "602.6"], ["152.8", "602.6"]], "Type": "SD"}, {"Location": [["367.8", "501.1"], ["367.8", "602.4"], ["291.5", "602.4"], ["291.5", "617.4"], ["158.4", "617.4"], ["158.4", "501.1"]], "Type": "GATE"}, {"Location": [["355.8", "507.6"], ["362.3", "507.6"], ["362.3", "594.9"], ["355.8", "594.9"]], "Type": "SD"}], "Module": "M4", "Boundary": [["367.8", "501.1"], ["367.8", "602.4"], ["291.5", "602.4"], ["291.5", "617.4"], ["152.8", "617.4"], ["152.8", "501.1"]], "Module_type": "GATE"}], "Area": [["-30.0", "-30.0"], ["568.7", "-30.0"], ["568.7", "1137.4"], ["-30.0", "1137.4"]], "Rules": ["GATE(5,5)", "SD(5,5)", "GATE_SD(0.5)", "GATE_ITO(0.5)", "SD_ITO(0.5)"]}