{"Modules": [{"Module": "M14", "Boundary": [["620.9", "155.8"], ["620.9", "230.9"], ["584.0", "230.9"], ["584.0", "243.9"], ["533.6", "243.9"], ["533.6", "155.8"]], "Module_type": "GATE", "Ports": [{"Location": [["533.6", "168.3"], ["539.2", "168.3"], ["539.2", "231.4"], ["533.6", "231.4"]], "Type": "SD"}, {"Location": [["620.9", "155.8"], ["620.9", "230.9"], ["584.0", "230.9"], ["584.0", "243.9"], ["541.6", "243.9"], ["541.6", "155.8"]], "Type": "GATE"}, {"Location": [["610.2", "161.3"], ["616.4", "161.3"], ["616.4", "224.4"], ["610.2", "224.4"]], "Type": "SD"}]}, {"Ports": [{"Location": [["279.4", "429.8"], ["285.1", "429.8"], ["285.1", "495.6"], ["279.4", "495.6"]], "Type": "SD"}, {"Location": [["423.5", "417.6"], ["423.5", "507.8"], ["288.0", "507.8"], ["288.0", "417.6"]], "Type": "GATE"}, {"Location": [["413.1", "422.8"], ["419.3", "422.8"], ["419.3", "502.6"], ["413.1", "502.6"]], "Type": "SD"}], "Module": "M9", "Boundary": [["423.5", "417.6"], ["423.5", "507.8"], ["279.4", "507.8"], ["279.4", "417.6"]], "Module_type": "GATE"}, {"Ports": [{"Location": [["275.3", "24.4"], ["279.8", "24.4"], ["279.8", "143.9"], ["275.3", "143.9"]], "Type": "SD"}, {"Location": [["389.4", "10.0"], ["389.4", "142.2"], ["389.4", "142.2"], ["389.4", "158.3"], ["282.8", "158.3"], ["282.8", "10.0"]], "Type": "GATE"}, {"Location": [["377.7", "16.2"], ["384.2", "16.2"], ["384.2", "136.0"], ["377.7", "136.0"]], "Type": "SD"}], "Module": "M5", "Boundary": [["389.4", "10.0"], ["389.4", "142.2"], ["389.4", "142.2"], ["389.4", "158.3"], ["275.3", "158.3"], ["275.3", "10.0"]], "Module_type": "GATE"}, {"Ports": [{"Location": [["285.3", "202.2"], ["289.5", "202.2"], ["289.5", "242.9"], ["285.3", "242.9"]], "Type": "SD"}, {"Location": [["374.7", "188.3"], ["374.7", "256.8"], ["290.6", "256.8"], ["290.6", "188.3"]], "Type": "GATE"}, {"Location": [["364.1", "194.2"], ["369.8", "194.2"], ["369.8", "250.9"], ["364.1", "250.9"]], "Type": "SD"}], "Module": "M11", "Boundary": [["374.7", "188.3"], ["374.7", "256.8"], ["285.3", "256.8"], ["285.3", "188.3"]], "Module_type": "GATE"}, {"Ports": [{"Location": [["649.3", "24.2"], ["653.8", "24.2"], ["653.8", "78.3"], ["649.3", "78.3"]], "Type": "SD"}, {"Location": [["727.7", "10.0"], ["727.7", "76.5"], ["727.4", "76.5"], ["727.4", "92.5"], ["655.1", "92.5"], ["655.1", "10.0"]], "Type": "GATE"}, {"Location": [["716.0", "16.6"], ["722.1", "16.6"], ["722.1", "69.9"], ["716.0", "69.9"]], "Type": "SD"}], "Module": "M1", "Boundary": [["727.7", "10.0"], ["727.7", "76.5"], ["727.4", "76.5"], ["727.4", "92.5"], ["649.3", "92.5"], ["649.3", "10.0"]], "Module_type": "GATE"}, {"Ports": [{"Location": [["30.0", "45.3"], ["34.1", "45.3"], ["34.1", "106.4"], ["30.0", "106.4"]], "Type": "SD"}, {"Location": [["235.3", "30.0"], ["235.3", "121.7"], ["35.5", "121.7"], ["35.5", "30.0"]], "Type": "GATE"}, {"Location": [["222.7", "36.9"], ["229.4", "36.9"], ["229.4", "114.8"], ["222.7", "114.8"]], "Type": "SD"}], "Module": "M19", "Boundary": [["235.3", "30.0"], ["235.3", "121.7"], ["30.0", "121.7"], ["30.0", "30.0"]], "Module_type": "GATE"}, {"Ports": [{"Location": [["409.4", "171.3"], ["414.2", "171.3"], ["414.2", "252.3"], ["409.4", "252.3"]], "Type": "SD"}, {"Location": [["513.6", "155.8"], ["513.6", "267.8"], ["417.1", "267.8"], ["417.1", "155.8"]], "Type": "GATE"}, {"Location": [["501.4", "161.5"], ["508.9", "161.5"], ["508.9", "262.1"], ["501.4", "262.1"]], "Type": "SD"}], "Module": "M6", "Boundary": [["513.6", "155.8"], ["513.6", "267.8"], ["409.4", "267.8"], ["409.4", "155.8"]], "Module_type": "GATE"}, {"Ports": [{"Location": [["592.9", "493.1"], ["598.4", "493.1"], ["598.4", "627.2"], ["592.9", "627.2"]], "Type": "SD"}, {"Location": [["748.8", "479.6"], ["748.8", "623.6"], ["709.2", "623.6"], ["709.2", "640.7"], ["600.8", "640.7"], ["600.8", "479.6"]], "Type": "GATE"}, {"Location": [["738.4", "485.5"], ["743.9", "485.5"], ["743.9", "616.7"], ["738.4", "616.7"]], "Type": "SD"}], "Module": "M2", "Boundary": [["748.8", "479.6"], ["748.8", "623.6"], ["709.2", "623.6"], ["709.2", "640.7"], ["592.9", "640.7"], ["592.9", "479.6"]], "Module_type": "GATE"}, {"Ports": [{"Location": [["30.0", "518.1"], ["35.2", "518.1"], ["35.2", "623.9"], ["30.0", "623.9"]], "Type": "SD"}, {"Location": [["217.4", "506.5"], ["217.4", "620.2"], ["135.4", "620.2"], ["135.4", "635.5"], ["37.1", "635.5"], ["37.1", "506.5"]], "Type": "GATE"}, {"Location": [["207.8", "511.8"], ["213.1", "511.8"], ["213.1", "613.9"], ["207.8", "613.9"]], "Type": "SD"}], "Module": "M16", "Boundary": [["217.4", "506.5"], ["217.4", "620.2"], ["135.4", "620.2"], ["135.4", "635.5"], ["30.0", "635.5"], ["30.0", "506.5"]], "Module_type": "GATE"}, {"Ports": [{"Location": [["295.3", "320.1"], ["300.6", "320.1"], ["300.6", "355.3"], ["295.3", "355.3"]], "Type": "SD"}, {"Location": [["457.6", "307.8"], ["457.6", "353.4"], ["457.6", "353.4"], ["457.6", "367.6"], ["303.2", "367.6"], ["303.2", "307.8"]], "Type": "GATE"}, {"Location": [["447.1", "312.9"], ["453.5", "312.9"], ["453.5", "348.3"], ["447.1", "348.3"]], "Type": "SD"}], "Module": "M13", "Boundary": [["457.6", "307.8"], ["457.6", "353.4"], ["457.6", "353.4"], ["457.6", "367.6"], ["295.3", "367.6"], ["295.3", "307.8"]], "Module_type": "GATE"}, {"Ports": [{"Location": [["615.8", "444.4"], ["726.3", "444.4"], ["726.3", "449.6"], ["615.8", "449.6"]], "Type": "SD"}, {"Location": [["602.9", "273.9"], ["725.3", "273.9"], ["725.3", "349.1"], ["739.2", "349.1"], ["739.2", "441.4"], ["602.9", "441.4"]], "Type": "GATE"}, {"Location": [["608.5", "278.5"], ["718.7", "278.5"], ["718.7", "284.4"], ["608.5", "284.4"]], "Type": "SD"}], "Module": "M10", "Boundary": [["602.9", "273.9"], ["725.3", "273.9"], ["725.3", "349.1"], ["739.2", "349.1"], ["739.2", "449.6"], ["602.9", "449.6"]], "Module_type": "GATE"}, {"Ports": [{"Location": [["649.3", "125.6"], ["654.5", "125.6"], ["654.5", "220.7"], ["649.3", "220.7"]], "Type": "SD"}, {"Location": [["743.9", "112.5"], ["743.9", "233.8"], ["657.0", "233.8"], ["657.0", "112.5"]], "Type": "GATE"}, {"Location": [["732.4", "118.4"], ["739.0", "118.4"], ["739.0", "227.9"], ["732.4", "227.9"]], "Type": "SD"}], "Module": "M7", "Boundary": [["743.9", "112.5"], ["743.9", "233.8"], ["649.3", "233.8"], ["649.3", "112.5"]], "Module_type": "GATE"}, {"Ports": [{"Location": [["30.0", "336.8"], ["35.9", "336.8"], ["35.9", "433.4"], ["30.0", "433.4"]], "Type": "SD"}, {"Location": [["229.4", "323.7"], ["229.4", "446.5"], ["38.6", "446.5"], ["38.6", "323.7"]], "Type": "GATE"}, {"Location": [["217.8", "330.4"], ["223.7", "330.4"], ["223.7", "439.8"], ["217.8", "439.8"]], "Type": "SD"}], "Module": "M3", "Boundary": [["229.4", "323.7"], ["229.4", "446.5"], ["30.0", "446.5"], ["30.0", "323.7"]], "Module_type": "GATE"}, {"Ports": [{"Location": [["257.4", "551.3"], ["262.0", "551.3"], ["262.0", "637.9"], ["257.4", "637.9"]], "Type": "SD"}, {"Location": [["461.5", "537.8"], ["461.5", "636.5"], ["337.5", "636.5"], ["337.5", "651.4"], ["264.5", "651.4"], ["264.5", "537.8"]], "Type": "GATE"}, {"Location": [["450.2", "543.4"], ["456.9", "543.4"], ["456.9", "629.9"], ["450.2", "629.9"]], "Type": "SD"}], "Module": "M18", "Boundary": [["461.5", "537.8"], ["461.5", "636.5"], ["337.5", "636.5"], ["337.5", "651.4"], ["257.4", "651.4"], ["257.4", "537.8"]], "Module_type": "GATE"}, {"Ports": [{"Location": [["30.0", "194.9"], ["35.8", "194.9"], ["35.8", "250.5"], ["30.0", "250.5"]], "Type": "SD"}, {"Location": [["234.4", "181.7"], ["234.4", "248.7"], ["126.9", "248.7"], ["126.9", "263.7"], ["37.7", "263.7"], ["37.7", "181.7"]], "Type": "GATE"}, {"Location": [["223.2", "187.1"], ["230.0", "187.1"], ["230.0", "242.3"], ["223.2", "242.3"]], "Type": "SD"}], "Module": "M20", "Boundary": [["234.4", "181.7"], ["234.4", "248.7"], ["126.9", "248.7"], ["126.9", "263.7"], ["30.0", "263.7"], ["30.0", "181.7"]], "Module_type": "GATE"}, {"Ports": [{"Location": [["409.4", "21.5"], ["413.7", "21.5"], ["413.7", "96.6"], ["409.4", "96.6"]], "Type": "SD"}, {"Location": [["508.2", "10.0"], ["508.2", "94.4"], ["507.8", "94.4"], ["507.8", "108.1"], ["416.5", "108.1"], ["416.5", "10.0"]], "Type": "GATE"}, {"Location": [["498.3", "15.6"], ["503.6", "15.6"], ["503.6", "88.8"], ["498.3", "88.8"]], "Type": "SD"}], "Module": "M15", "Boundary": [["508.2", "10.0"], ["508.2", "94.4"], ["507.8", "94.4"], ["507.8", "108.1"], ["409.4", "108.1"], ["409.4", "10.0"]], "Module_type": "GATE"}, {"Ports": [{"Location": [["492.9", "650.6"], ["548.9", "650.6"], ["548.9", "655.4"], ["492.9", "655.4"]], "Type": "SD"}, {"Location": [["481.5", "536.2"], ["548.8", "536.2"], ["548.8", "574.7"], ["560.3", "574.7"], ["560.3", "648.5"], ["481.5", "648.5"]], "Type": "GATE"}, {"Location": [["486.7", "540.4"], ["542.6", "540.4"], ["542.6", "546.1"], ["486.7", "546.1"]], "Type": "SD"}], "Module": "M12", "Boundary": [["481.5", "536.2"], ["548.8", "536.2"], ["548.8", "574.7"], ["560.3", "574.7"], ["560.3", "655.4"], ["481.5", "655.4"]], "Module_type": "GATE"}, {"Ports": [{"Location": [["497.6", "302.1"], ["503.0", "302.1"], ["503.0", "379.3"], ["497.6", "379.3"]], "Type": "SD"}, {"Location": [["572.9", "287.8"], ["572.9", "380.5"], ["543.3", "380.5"], ["543.3", "393.6"], ["504.9", "393.6"], ["504.9", "287.8"]], "Type": "GATE"}, {"Location": [["560.2", "294.5"], ["567.2", "294.5"], ["567.2", "372.8"], ["560.2", "372.8"]], "Type": "SD"}], "Module": "M8", "Boundary": [["572.9", "287.8"], ["572.9", "380.5"], ["543.3", "380.5"], ["543.3", "393.6"], ["497.6", "393.6"], ["497.6", "287.8"]], "Module_type": "GATE"}, {"Ports": [{"Location": [["528.2", "22.6"], ["533.6", "22.6"], ["533.6", "123.2"], ["528.2", "123.2"]], "Type": "SD"}, {"Location": [["629.3", "10.0"], ["629.3", "121.2"], ["621.0", "121.2"], ["621.0", "135.8"], ["535.4", "135.8"], ["535.4", "10.0"]], "Type": "GATE"}, {"Location": [["618.9", "15.0"], ["625.3", "15.0"], ["625.3", "115.2"], ["618.9", "115.2"]], "Type": "SD"}], "Module": "M4", "Boundary": [["629.3", "10.0"], ["629.3", "121.2"], ["621.0", "121.2"], ["621.0", "135.8"], ["528.2", "135.8"], ["528.2", "10.0"]], "Module_type": "GATE"}, {"Ports": [{"Location": [["453.5", "427.7"], ["457.5", "427.7"], ["457.5", "502.1"], ["453.5", "502.1"]], "Type": "SD"}, {"Location": [["564.3", "413.6"], ["564.3", "516.2"], ["458.6", "516.2"], ["458.6", "413.6"]], "Type": "GATE"}, {"Location": [["553.1", "418.9"], ["560.0", "418.9"], ["560.0", "510.9"], ["553.1", "510.9"]], "Type": "SD"}], "Module": "M17", "Boundary": [["564.3", "413.6"], ["564.3", "516.2"], ["453.5", "516.2"], ["453.5", "413.6"]], "Module_type": "GATE"}], "Area": [["-10.0", "-30.0"], ["788.8", "-30.0"], ["788.8", "695.4"], ["-10.0", "695.4"]], "Rules": ["GATE(5,5)", "SD(5,5)", "GATE_SD(0.5)", "GATE_ITO(0.5)", "SD_ITO(0.5)"]}