{"Modules": [{"Module": "M14", "Boundary": [["122.6", "10.0"], ["122.6", "82.9"], ["72.0", "82.9"], ["72.0", "98.3"], ["10.0", "98.3"], ["10.0", "10.0"]], "Module_type": "GATE", "Ports": [{"Location": [["10.0", "25.7"], ["15.6", "25.7"], ["15.6", "82.6"], ["10.0", "82.6"]], "Type": "SD"}, {"Location": [["122.6", "10.0"], ["122.6", "82.9"], ["72.0", "82.9"], ["72.0", "98.3"], ["17.2", "98.3"], ["17.2", "10.0"]], "Type": "GATE"}, {"Location": [["108.8", "16.9"], ["116.7", "16.9"], ["116.7", "75.0"], ["108.8", "75.0"]], "Type": "SD"}]}, {"Ports": [{"Location": [["152.6", "32.8"], ["158.1", "32.8"], ["158.1", "118.8"], ["152.6", "118.8"]], "Type": "SD"}, {"Location": [["325.5", "20.0"], ["325.5", "116.0"], ["325.3", "116.0"], ["325.3", "131.6"], ["159.8", "131.6"], ["159.8", "20.0"]], "Type": "GATE"}, {"Location": [["315.0", "26.2"], ["320.3", "26.2"], ["320.3", "109.8"], ["315.0", "109.8"]], "Type": "SD"}], "Module": "M9", "Boundary": [["325.5", "20.0"], ["325.5", "116.0"], ["325.3", "116.0"], ["325.3", "131.6"], ["152.6", "131.6"], ["152.6", "20.0"]], "Module_type": "GATE"}, {"Ports": [{"Location": [["10.0", "688.8"], ["14.8", "688.8"], ["14.8", "812.6"], ["10.0", "812.6"]], "Type": "SD"}, {"Location": [["159.5", "674.1"], ["159.5", "827.3"], ["16.3", "827.3"], ["16.3", "674.1"]], "Type": "GATE"}, {"Location": [["146.8", "680.9"], ["153.7", "680.9"], ["153.7", "820.5"], ["146.8", "820.5"]], "Type": "SD"}], "Module": "M5", "Boundary": [["159.5", "674.1"], ["159.5", "827.3"], ["10.0", "827.3"], ["10.0", "674.1"]], "Module_type": "GATE"}, {"Ports": [{"Location": [["33.5", "329.7"], ["86.5", "329.7"], ["86.5", "334.7"], ["33.5", "334.7"]], "Type": "SD"}, {"Location": [["20.0", "128.3"], ["100.0", "128.3"], ["100.0", "328.1"], ["20.0", "328.1"]], "Type": "GATE"}, {"Location": [["25.7", "133.0"], ["94.3", "133.0"], ["94.3", "139.2"], ["25.7", "139.2"]], "Type": "SD"}], "Module": "M11", "Boundary": [["20.0", "128.3"], ["100.0", "128.3"], ["100.0", "334.7"], ["20.0", "334.7"]], "Module_type": "GATE"}, {"Ports": [{"Location": [["284.8", "1011.3"], ["335.3", "1011.3"], ["335.3", "1017.1"], ["284.8", "1017.1"]], "Type": "SD"}, {"Location": [["270.9", "874.6"], ["349.2", "874.6"], ["349.2", "1009.7"], ["270.9", "1009.7"]], "Type": "GATE"}, {"Location": [["277.2", "879.9"], ["342.9", "879.9"], ["342.9", "886.4"], ["277.2", "886.4"]], "Type": "SD"}], "Module": "M1", "Boundary": [["270.9", "874.6"], ["349.2", "874.6"], ["349.2", "1017.1"], ["270.9", "1017.1"]], "Module_type": "GATE"}, {"Ports": [{"Location": [["42.3", "628.4"], ["121.4", "628.4"], ["121.4", "634.1"], ["42.3", "634.1"]], "Type": "SD"}, {"Location": [["30.0", "557.3"], ["133.7", "557.3"], ["133.7", "625.9"], ["30.0", "625.9"]], "Type": "GATE"}, {"Location": [["35.1", "561.4"], ["128.6", "561.4"], ["128.6", "567.9"], ["35.1", "567.9"]], "Type": "SD"}], "Module": "M19", "Boundary": [["30.0", "557.3"], ["133.7", "557.3"], ["133.7", "634.1"], ["30.0", "634.1"]], "Module_type": "GATE"}, {"Ports": [{"Location": [["381.4", "321.8"], ["458.0", "321.8"], ["458.0", "326.0"], ["381.4", "326.0"]], "Type": "SD"}, {"Location": [["368.6", "169.5"], ["457.8", "169.5"], ["457.8", "237.0"], ["470.8", "237.0"], ["470.8", "320.5"], ["368.6", "320.5"]], "Type": "GATE"}, {"Location": [["375.5", "175.4"], ["449.9", "175.4"], ["449.9", "180.1"], ["375.5", "180.1"]], "Type": "SD"}], "Module": "M6", "Boundary": [["368.6", "169.5"], ["457.8", "169.5"], ["457.8", "237.0"], ["470.8", "237.0"], ["470.8", "326.0"], ["368.6", "326.0"]], "Module_type": "GATE"}, {"Ports": [{"Location": [["179.5", "567.5"], ["184.7", "567.5"], ["184.7", "667.9"], ["179.5", "667.9"]], "Type": "SD"}, {"Location": [["288.6", "553.0"], ["288.6", "664.7"], ["280.1", "664.7"], ["280.1", "682.4"], ["186.5", "682.4"], ["186.5", "553.0"]], "Type": "GATE"}, {"Location": [["277.5", "558.3"], ["284.3", "558.3"], ["284.3", "658.4"], ["277.5", "658.4"]], "Type": "SD"}], "Module": "M2", "Boundary": [["288.6", "553.0"], ["288.6", "664.7"], ["280.1", "664.7"], ["280.1", "682.4"], ["179.5", "682.4"], ["179.5", "553.0"]], "Module_type": "GATE"}, {"Ports": [{"Location": [["277.0", "422.3"], ["281.5", "422.3"], ["281.5", "499.3"], ["277.0", "499.3"]], "Type": "SD"}, {"Location": [["454.3", "408.6"], ["454.3", "499.9"], ["393.8", "499.9"], ["393.8", "513.0"], ["283.2", "513.0"], ["283.2", "408.6"]], "Type": "GATE"}, {"Location": [["442.3", "414.6"], ["449.3", "414.6"], ["449.3", "492.9"], ["442.3", "492.9"]], "Type": "SD"}], "Module": "M16", "Boundary": [["454.3", "408.6"], ["454.3", "499.9"], ["393.8", "499.9"], ["393.8", "513.0"], ["277.0", "513.0"], ["277.0", "408.6"]], "Module_type": "GATE"}, {"Ports": [{"Location": [["328.6", "587.0"], ["334.5", "587.0"], ["334.5", "708.9"], ["328.6", "708.9"]], "Type": "SD"}, {"Location": [["454.3", "573.0"], ["454.3", "706.4"], ["454.1", "706.4"], ["454.1", "722.9"], ["337.4", "722.9"], ["337.4", "573.0"]], "Type": "GATE"}, {"Location": [["443.4", "578.6"], ["449.7", "578.6"], ["449.7", "700.8"], ["443.4", "700.8"]], "Type": "SD"}], "Module": "M13", "Boundary": [["454.3", "573.0"], ["454.3", "706.4"], ["454.1", "706.4"], ["454.1", "722.9"], ["328.6", "722.9"], ["328.6", "573.0"]], "Module_type": "GATE"}, {"Ports": [{"Location": [["20.0", "387.3"], ["24.8", "387.3"], ["24.8", "494.7"], ["20.0", "494.7"]], "Type": "SD"}, {"Location": [["227.0", "374.7"], ["227.0", "491.5"], ["190.5", "491.5"], ["190.5", "507.3"], ["26.1", "507.3"], ["26.1", "374.7"]], "Type": "GATE"}, {"Location": [["217.6", "380.1"], ["222.6", "380.1"], ["222.6", "485.1"], ["217.6", "485.1"]], "Type": "SD"}], "Module": "M10", "Boundary": [["227.0", "374.7"], ["227.0", "491.5"], ["190.5", "491.5"], ["190.5", "507.3"], ["20.0", "507.3"], ["20.0", "374.7"]], "Module_type": "GATE"}, {"Ports": [{"Location": [["279.5", "363.2"], ["334.5", "363.2"], ["334.5", "368.6"], ["279.5", "368.6"]], "Type": "SD"}, {"Location": [["265.4", "169.5"], ["348.6", "169.5"], ["348.6", "360.3"], ["265.4", "360.3"]], "Type": "GATE"}, {"Location": [["270.8", "173.9"], ["343.2", "173.9"], ["343.2", "181.6"], ["270.8", "181.6"]], "Type": "SD"}], "Module": "M7", "Boundary": [["265.4", "169.5"], ["348.6", "169.5"], ["348.6", "368.6"], ["265.4", "368.6"]], "Module_type": "GATE"}, {"Ports": [{"Location": [["164.1", "315.3"], ["211.3", "315.3"], ["211.3", "319.9"], ["164.1", "319.9"]], "Type": "SD"}, {"Location": [["150.0", "181.6"], ["211.8", "181.6"], ["211.8", "181.8"], ["225.4", "181.8"], ["225.4", "314.1"], ["150.0", "314.1"]], "Type": "GATE"}, {"Location": [["156.5", "187.1"], ["205.3", "187.1"], ["205.3", "194.1"], ["156.5", "194.1"]], "Type": "SD"}], "Module": "M3", "Boundary": [["150.0", "181.6"], ["211.8", "181.6"], ["211.8", "181.8"], ["225.4", "181.8"], ["225.4", "319.9"], ["150.0", "319.9"]], "Module_type": "GATE"}, {"Ports": [{"Location": [["282.9", "777.1"], ["288.5", "777.1"], ["288.5", "840.4"], ["282.9", "840.4"]], "Type": "SD"}, {"Location": [["435.5", "762.9"], ["435.5", "841.3"], ["359.7", "841.3"], ["359.7", "854.6"], ["290.3", "854.6"], ["290.3", "762.9"]], "Type": "GATE"}, {"Location": [["423.6", "769.3"], ["430.1", "769.3"], ["430.1", "833.9"], ["423.6", "833.9"]], "Type": "SD"}], "Module": "M18", "Boundary": [["435.5", "762.9"], ["435.5", "841.3"], ["359.7", "841.3"], ["359.7", "854.6"], ["282.9", "854.6"], ["282.9", "762.9"]], "Module_type": "GATE"}, {"Ports": [{"Location": [["30.0", "881.2"], ["36.0", "881.2"], ["36.0", "977.1"], ["30.0", "977.1"]], "Type": "SD"}, {"Location": [["230.9", "867.3"], ["230.9", "974.2"], ["143.5", "974.2"], ["143.5", "991.0"], ["38.1", "991.0"], ["38.1", "867.3"]], "Type": "GATE"}, {"Location": [["220.1", "873.3"], ["225.9", "873.3"], ["225.9", "967.2"], ["220.1", "967.2"]], "Type": "SD"}], "Module": "M20", "Boundary": [["230.9", "867.3"], ["230.9", "974.2"], ["143.5", "974.2"], ["143.5", "991.0"], ["30.0", "991.0"], ["30.0", "867.3"]], "Module_type": "GATE"}, {"Ports": [{"Location": [["10.0", "1044.6"], ["15.8", "1044.6"], ["15.8", "1147.0"], ["10.0", "1147.0"]], "Type": "SD"}, {"Location": [["237.0", "1031.0"], ["237.0", "1160.6"], ["17.6", "1160.6"], ["17.6", "1031.0"]], "Type": "GATE"}, {"Location": [["225.7", "1036.7"], ["232.3", "1036.7"], ["232.3", "1154.9"], ["225.7", "1154.9"]], "Type": "SD"}], "Module": "M15", "Boundary": [["237.0", "1031.0"], ["237.0", "1160.6"], ["10.0", "1160.6"], ["10.0", "1031.0"]], "Module_type": "GATE"}, {"Ports": [{"Location": [["369.2", "888.1"], ["373.4", "888.1"], ["373.4", "994.6"], ["369.2", "994.6"]], "Type": "SD"}, {"Location": [["469.5", "874.6"], ["469.5", "992.6"], ["431.1", "992.6"], ["431.1", "1008.1"], ["375.6", "1008.1"], ["375.6", "874.6"]], "Type": "GATE"}, {"Location": [["458.6", "879.9"], ["465.2", "879.9"], ["465.2", "986.3"], ["458.6", "986.3"]], "Type": "SD"}], "Module": "M12", "Boundary": [["469.5", "874.6"], ["469.5", "992.6"], ["431.1", "992.6"], ["431.1", "1008.1"], ["369.2", "1008.1"], ["369.2", "874.6"]], "Module_type": "GATE"}, {"Ports": [{"Location": [["257.0", "1048.7"], ["261.7", "1048.7"], ["261.7", "1150.8"], ["257.0", "1150.8"]], "Type": "SD"}, {"Location": [["472.2", "1037.1"], ["472.2", "1149.8"], ["357.2", "1149.8"], ["357.2", "1162.4"], ["263.3", "1162.4"], ["263.3", "1037.1"]], "Type": "GATE"}, {"Location": [["462.4", "1042.9"], ["467.4", "1042.9"], ["467.4", "1143.0"], ["462.4", "1143.0"]], "Type": "SD"}], "Module": "M8", "Boundary": [["472.2", "1037.1"], ["472.2", "1149.8"], ["357.2", "1149.8"], ["357.2", "1162.4"], ["257.0", "1162.4"], ["257.0", "1037.1"]], "Module_type": "GATE"}, {"Ports": [{"Location": [["355.5", "24.7"], ["360.5", "24.7"], ["360.5", "134.8"], ["355.5", "134.8"]], "Type": "SD"}, {"Location": [["470.6", "10.0"], ["470.6", "133.4"], ["408.5", "133.4"], ["408.5", "149.5"], ["363.1", "149.5"], ["363.1", "10.0"]], "Type": "GATE"}, {"Location": [["458.9", "16.8"], ["464.8", "16.8"], ["464.8", "125.6"], ["458.9", "125.6"]], "Type": "SD"}], "Module": "M4", "Boundary": [["470.6", "10.0"], ["470.6", "133.4"], ["408.5", "133.4"], ["408.5", "149.5"], ["355.5", "149.5"], ["355.5", "10.0"]], "Module_type": "GATE"}, {"Ports": [{"Location": [["179.5", "714.4"], ["184.0", "714.4"], ["184.0", "770.6"], ["179.5", "770.6"]], "Type": "SD"}, {"Location": [["262.9", "702.4"], ["262.9", "782.6"], ["187.0", "782.6"], ["187.0", "702.4"]], "Type": "GATE"}, {"Location": [["253.6", "707.4"], ["258.9", "707.4"], ["258.9", "777.6"], ["253.6", "777.6"]], "Type": "SD"}], "Module": "M17", "Boundary": [["262.9", "702.4"], ["262.9", "782.6"], ["179.5", "782.6"], ["179.5", "702.4"]], "Module_type": "GATE"}], "Area": [["-30.0", "-30.0"], ["512.2", "-30.0"], ["512.2", "1202.4"], ["-30.0", "1202.4"]], "Rules": ["GATE(5,5)", "SD(5,5)", "GATE_SD(0.5)", "GATE_ITO(0.5)", "SD_ITO(0.5)"]}