{"Modules": [{"Module": "M14", "Boundary": [["275.5", "204.6"], ["275.5", "270.4"], ["239.6", "270.4"], ["239.6", "284.4"], ["190.2", "284.4"], ["190.2", "204.6"]], "Module_type": "GATE", "Ports": [{"Location": [["190.2", "218.0"], ["195.4", "218.0"], ["195.4", "271.0"], ["190.2", "271.0"]], "Type": "SD"}, {"Location": [["275.5", "204.6"], ["275.5", "270.4"], ["239.6", "270.4"], ["239.6", "284.4"], ["196.8", "284.4"], ["196.8", "204.6"]], "Type": "GATE"}, {"Location": [["263.8", "210.7"], ["270.4", "210.7"], ["270.4", "263.3"], ["263.8", "263.3"]], "Type": "SD"}]}, {"Ports": [{"Location": [["34.3", "652.5"], ["91.4", "652.5"], ["91.4", "657.9"], ["34.3", "657.9"]], "Type": "SD"}, {"Location": [["20.0", "482.6"], ["89.0", "482.6"], ["89.0", "482.8"], ["105.7", "482.8"], ["105.7", "650.8"], ["20.0", "650.8"]], "Type": "GATE"}, {"Location": [["25.7", "487.3"], ["83.3", "487.3"], ["83.3", "494.4"], ["25.7", "494.4"]], "Type": "SD"}], "Module": "M9", "Boundary": [["20.0", "482.6"], ["89.0", "482.6"], ["89.0", "482.8"], ["105.7", "482.8"], ["105.7", "657.9"], ["20.0", "657.9"]], "Module_type": "GATE"}, {"Ports": [{"Location": [["149.1", "632.6"], ["188.1", "632.6"], ["188.1", "638.6"], ["149.1", "638.6"]], "Type": "SD"}, {"Location": [["135.7", "472.6"], ["201.5", "472.6"], ["201.5", "630.6"], ["135.7", "630.6"]], "Type": "GATE"}, {"Location": [["142.0", "477.9"], ["195.2", "477.9"], ["195.2", "483.3"], ["142.0", "483.3"]], "Type": "SD"}], "Module": "M5", "Boundary": [["135.7", "472.6"], ["201.5", "472.6"], ["201.5", "638.6"], ["135.7", "638.6"]], "Module_type": "GATE"}, {"Ports": [{"Location": [["20.0", "31.9"], ["24.7", "31.9"], ["24.7", "154.5"], ["20.0", "154.5"]], "Type": "SD"}, {"Location": [["232.0", "20.0"], ["232.0", "150.0"], ["231.4", "150.0"], ["231.4", "166.4"], ["27.6", "166.4"], ["27.6", "20.0"]], "Type": "GATE"}, {"Location": [["222.4", "25.0"], ["228.0", "25.0"], ["228.0", "145.0"], ["222.4", "145.0"]], "Type": "SD"}], "Module": "M11", "Boundary": [["232.0", "20.0"], ["232.0", "150.0"], ["231.4", "150.0"], ["231.4", "166.4"], ["20.0", "166.4"], ["20.0", "20.0"]], "Module_type": "GATE"}, {"Ports": [{"Location": [["183.1", "1270.6"], ["236.0", "1270.6"], ["236.0", "1275.1"], ["183.1", "1275.1"]], "Type": "SD"}, {"Location": [["169.0", "1080.3"], ["250.1", "1080.3"], ["250.1", "1269.3"], ["169.0", "1269.3"]], "Type": "GATE"}, {"Location": [["175.8", "1086.1"], ["243.3", "1086.1"], ["243.3", "1092.3"], ["175.8", "1092.3"]], "Type": "SD"}], "Module": "M1", "Boundary": [["169.0", "1080.3"], ["250.1", "1080.3"], ["250.1", "1275.1"], ["169.0", "1275.1"]], "Module_type": "GATE"}, {"Ports": [{"Location": [["30.0", "328.5"], ["34.4", "328.5"], ["34.4", "418.5"], ["30.0", "418.5"]], "Type": "SD"}, {"Location": [["128.6", "314.4"], ["128.6", "432.6"], ["37.4", "432.6"], ["37.4", "314.4"]], "Type": "GATE"}, {"Location": [["117.7", "321.3"], ["122.7", "321.3"], ["122.7", "425.7"], ["117.7", "425.7"]], "Type": "SD"}], "Module": "M19", "Boundary": [["128.6", "314.4"], ["128.6", "432.6"], ["30.0", "432.6"], ["30.0", "314.4"]], "Module_type": "GATE"}, {"Ports": [{"Location": [["231.3", "770.8"], ["235.8", "770.8"], ["235.8", "816.4"], ["231.3", "816.4"]], "Type": "SD"}, {"Location": [["403.3", "759.8"], ["403.3", "815.4"], ["388.1", "815.4"], ["388.1", "827.4"], ["237.2", "827.4"], ["237.2", "759.8"]], "Type": "GATE"}, {"Location": [["393.8", "765.2"], ["398.9", "765.2"], ["398.9", "809.0"], ["393.8", "809.0"]], "Type": "SD"}], "Module": "M6", "Boundary": [["403.3", "759.8"], ["403.3", "815.4"], ["388.1", "815.4"], ["388.1", "827.4"], ["231.3", "827.4"], ["231.3", "759.8"]], "Module_type": "GATE"}, {"Ports": [{"Location": [["231.3", "669.6"], ["235.7", "669.6"], ["235.7", "726.6"], ["231.3", "726.6"]], "Type": "SD"}, {"Location": [["380.4", "656.4"], ["380.4", "724.4"], ["317.7", "724.4"], ["317.7", "739.8"], ["237.2", "739.8"], ["237.2", "656.4"]], "Type": "GATE"}, {"Location": [["369.9", "663.3"], ["374.5", "663.3"], ["374.5", "716.5"], ["369.9", "716.5"]], "Type": "SD"}], "Module": "M2", "Boundary": [["380.4", "656.4"], ["380.4", "724.4"], ["317.7", "724.4"], ["317.7", "739.8"], ["231.3", "739.8"], ["231.3", "656.4"]], "Module_type": "GATE"}, {"Ports": [{"Location": [["209.4", "882.5"], ["213.9", "882.5"], ["213.9", "1025.2"], ["209.4", "1025.2"]], "Type": "SD"}, {"Location": [["394.5", "867.4"], ["394.5", "1022.0"], ["297.6", "1022.0"], ["297.6", "1040.3"], ["215.7", "1040.3"], ["215.7", "867.4"]], "Type": "GATE"}, {"Location": [["382.9", "872.5"], ["390.4", "872.5"], ["390.4", "1015.9"], ["382.9", "1015.9"]], "Type": "SD"}], "Module": "M16", "Boundary": [["394.5", "867.4"], ["394.5", "1022.0"], ["297.6", "1022.0"], ["297.6", "1040.3"], ["209.4", "1040.3"], ["209.4", "867.4"]], "Module_type": "GATE"}, {"Ports": [{"Location": [["295.2", "159.0"], ["387.1", "159.0"], ["387.1", "164.6"], ["295.2", "164.6"]], "Type": "SD"}, {"Location": [["282.0", "30.0"], ["400.3", "30.0"], ["400.3", "156.2"], ["282.0", "156.2"]], "Type": "GATE"}, {"Location": [["287.9", "34.9"], ["394.4", "34.9"], ["394.4", "39.8"], ["287.9", "39.8"]], "Type": "SD"}], "Module": "M13", "Boundary": [["282.0", "30.0"], ["400.3", "30.0"], ["400.3", "164.6"], ["282.0", "164.6"]], "Module_type": "GATE"}, {"Ports": [{"Location": [["35.2", "1265.4"], ["123.8", "1265.4"], ["123.8", "1269.6"], ["35.2", "1269.6"]], "Type": "SD"}, {"Location": [["20.0", "1064.9"], ["123.5", "1064.9"], ["123.5", "1154.9"], ["139.0", "1154.9"], ["139.0", "1264.3"], ["20.0", "1264.3"]], "Type": "GATE"}, {"Location": [["26.6", "1070.5"], ["115.9", "1070.5"], ["115.9", "1076.6"], ["26.6", "1076.6"]], "Type": "SD"}], "Module": "M10", "Boundary": [["20.0", "1064.9"], ["123.5", "1064.9"], ["123.5", "1154.9"], ["139.0", "1154.9"], ["139.0", "1269.6"], ["20.0", "1269.6"]], "Module_type": "GATE"}, {"Ports": [{"Location": [["10.0", "702.3"], ["15.3", "702.3"], ["15.3", "798.2"], ["10.0", "798.2"]], "Type": "SD"}, {"Location": [["211.3", "687.9"], ["211.3", "812.6"], ["16.6", "812.6"], ["16.6", "687.9"]], "Type": "GATE"}, {"Location": [["199.1", "694.4"], ["205.8", "694.4"], ["205.8", "806.1"], ["199.1", "806.1"]], "Type": "SD"}], "Module": "M7", "Boundary": [["211.3", "687.9"], ["211.3", "812.6"], ["10.0", "812.6"], ["10.0", "687.9"]], "Module_type": "GATE"}, {"Ports": [{"Location": [["30.0", "863.7"], ["35.1", "863.7"], ["35.1", "902.7"], ["30.0", "902.7"]], "Type": "SD"}, {"Location": [["149.4", "852.6"], ["149.4", "913.8"], ["37.8", "913.8"], ["37.8", "852.6"]], "Type": "GATE"}, {"Location": [["140.6", "858.1"], ["144.9", "858.1"], ["144.9", "908.3"], ["140.6", "908.3"]], "Type": "SD"}], "Module": "M3", "Boundary": [["149.4", "852.6"], ["149.4", "913.8"], ["30.0", "913.8"], ["30.0", "852.6"]], "Module_type": "GATE"}, {"Ports": [{"Location": [["10.0", "209.6"], ["14.5", "209.6"], ["14.5", "261.2"], ["10.0", "261.2"]], "Type": "SD"}, {"Location": [["170.2", "196.4"], ["170.2", "260.8"], ["115.4", "260.8"], ["115.4", "274.4"], ["15.9", "274.4"], ["15.9", "196.4"]], "Type": "GATE"}, {"Location": [["158.5", "202.4"], ["165.2", "202.4"], ["165.2", "253.8"], ["158.5", "253.8"]], "Type": "SD"}], "Module": "M18", "Boundary": [["170.2", "196.4"], ["170.2", "260.8"], ["115.4", "260.8"], ["115.4", "274.4"], ["10.0", "274.4"], ["10.0", "196.4"]], "Module_type": "GATE"}, {"Ports": [{"Location": [["241.5", "465.2"], ["247.3", "465.2"], ["247.3", "600.0"], ["241.5", "600.0"]], "Type": "SD"}, {"Location": [["391.5", "448.8"], ["391.5", "599.1"], ["318.9", "599.1"], ["318.9", "616.4"], ["250.2", "616.4"], ["250.2", "448.8"]], "Type": "GATE"}, {"Location": [["378.4", "455.0"], ["386.3", "455.0"], ["386.3", "591.9"], ["378.4", "591.9"]], "Type": "SD"}], "Module": "M20", "Boundary": [["391.5", "448.8"], ["391.5", "599.1"], ["318.9", "599.1"], ["318.9", "616.4"], ["241.5", "616.4"], ["241.5", "448.8"]], "Module_type": "GATE"}, {"Ports": [{"Location": [["309.9", "276.7"], ["386.4", "276.7"], ["386.4", "282.0"], ["309.9", "282.0"]], "Type": "SD"}, {"Location": [["295.5", "204.6"], ["383.6", "204.6"], ["383.6", "204.9"], ["400.8", "204.9"], ["400.8", "275.4"], ["295.5", "275.4"]], "Type": "GATE"}, {"Location": [["301.8", "209.9"], ["377.3", "209.9"], ["377.3", "215.9"], ["301.8", "215.9"]], "Type": "SD"}], "Module": "M15", "Boundary": [["295.5", "204.6"], ["383.6", "204.6"], ["383.6", "204.9"], ["400.8", "204.9"], ["400.8", "282.0"], ["295.5", "282.0"]], "Module_type": "GATE"}, {"Ports": [{"Location": [["10.0", "968.6"], ["14.2", "968.6"], ["14.2", "1020.1"], ["10.0", "1020.1"]], "Type": "SD"}, {"Location": [["161.6", "953.8"], ["161.6", "1020.9"], ["98.9", "1020.9"], ["98.9", "1034.9"], ["16.0", "1034.9"], ["16.0", "953.8"]], "Type": "GATE"}, {"Location": [["148.8", "960.5"], ["155.9", "960.5"], ["155.9", "1013.2"], ["148.8", "1013.2"]], "Type": "SD"}], "Module": "M12", "Boundary": [["161.6", "953.8"], ["161.6", "1020.9"], ["98.9", "1020.9"], ["98.9", "1034.9"], ["10.0", "1034.9"], ["10.0", "953.8"]], "Module_type": "GATE"}, {"Ports": [{"Location": [["298.3", "404.3"], ["406.8", "404.3"], ["406.8", "408.8"], ["298.3", "408.8"]], "Type": "SD"}, {"Location": [["284.8", "304.4"], ["406.8", "304.4"], ["406.8", "360.6"], ["420.3", "360.6"], ["420.3", "402.7"], ["284.8", "402.7"]], "Type": "GATE"}, {"Location": [["290.9", "309.5"], ["399.7", "309.5"], ["399.7", "316.1"], ["290.9", "316.1"]], "Type": "SD"}], "Module": "M8", "Boundary": [["284.8", "304.4"], ["406.8", "304.4"], ["406.8", "360.6"], ["420.3", "360.6"], ["420.3", "408.8"], ["284.8", "408.8"]], "Module_type": "GATE"}, {"Ports": [{"Location": [["282.8", "1260.3"], ["389.7", "1260.3"], ["389.7", "1264.8"], ["282.8", "1264.8"]], "Type": "SD"}, {"Location": [["270.1", "1080.3"], ["389.1", "1080.3"], ["389.1", "1113.0"], ["402.4", "1113.0"], ["402.4", "1257.6"], ["270.1", "1257.6"]], "Type": "GATE"}, {"Location": [["275.9", "1085.1"], ["382.3", "1085.1"], ["382.3", "1090.8"], ["275.9", "1090.8"]], "Type": "SD"}], "Module": "M4", "Boundary": [["270.1", "1080.3"], ["389.1", "1080.3"], ["389.1", "1113.0"], ["402.4", "1113.0"], ["402.4", "1264.8"], ["270.1", "1264.8"]], "Module_type": "GATE"}, {"Ports": [{"Location": [["168.6", "320.8"], ["173.1", "320.8"], ["173.1", "382.4"], ["168.6", "382.4"]], "Type": "SD"}, {"Location": [["264.8", "304.4"], ["264.8", "398.8"], ["175.4", "398.8"], ["175.4", "304.4"]], "Type": "GATE"}, {"Location": [["251.5", "311.3"], ["258.9", "311.3"], ["258.9", "391.9"], ["251.5", "391.9"]], "Type": "SD"}], "Module": "M17", "Boundary": [["264.8", "304.4"], ["264.8", "398.8"], ["168.6", "398.8"], ["168.6", "304.4"]], "Module_type": "GATE"}], "Area": [["-30.0", "-20.0"], ["460.3", "-20.0"], ["460.3", "1315.1"], ["-30.0", "1315.1"]], "Rules": ["GATE(5,5)", "SD(5,5)", "GATE_SD(0.5)", "GATE_ITO(0.5)", "SD_ITO(0.5)"]}