{"Modules": [{"Module": "M14", "Boundary": [["164.2", "187.9"], ["164.2", "266.7"], ["87.6", "266.7"], ["87.6", "280.2"], ["10.0", "280.2"], ["10.0", "187.9"]], "Module_type": "GATE", "Ports": [{"Location": [["10.0", "201.1"], ["15.4", "201.1"], ["15.4", "267.0"], ["10.0", "267.0"]], "Type": "SD"}, {"Location": [["164.2", "187.9"], ["164.2", "266.7"], ["87.6", "266.7"], ["87.6", "280.2"], ["18.3", "280.2"], ["18.3", "187.9"]], "Type": "GATE"}, {"Location": [["152.8", "194.6"], ["158.5", "194.6"], ["158.5", "259.0"], ["152.8", "259.0"]], "Type": "SD"}]}, {"Ports": [{"Location": [["216.3", "523.5"], ["328.5", "523.5"], ["328.5", "529.3"], ["216.3", "529.3"]], "Type": "SD"}, {"Location": [["202.3", "440.2"], ["342.5", "440.2"], ["342.5", "521.7"], ["202.3", "521.7"]], "Type": "GATE"}, {"Location": [["208.9", "445.8"], ["335.9", "445.8"], ["335.9", "451.6"], ["208.9", "451.6"]], "Type": "SD"}], "Module": "M9", "Boundary": [["202.3", "440.2"], ["342.5", "440.2"], ["342.5", "529.3"], ["202.3", "529.3"]], "Module_type": "GATE"}, {"Ports": [{"Location": [["185.2", "24.3"], ["190.9", "24.3"], ["190.9", "95.6"], ["185.2", "95.6"]], "Type": "SD"}, {"Location": [["352.8", "10.0"], ["352.8", "93.6"], ["352.8", "93.6"], ["352.8", "109.9"], ["191.9", "109.9"], ["191.9", "10.0"]], "Type": "GATE"}, {"Location": [["341.9", "15.6"], ["348.2", "15.6"], ["348.2", "88.0"], ["341.9", "88.0"]], "Type": "SD"}], "Module": "M5", "Boundary": [["352.8", "10.0"], ["352.8", "93.6"], ["352.8", "93.6"], ["352.8", "109.9"], ["185.2", "109.9"], ["185.2", "10.0"]], "Module_type": "GATE"}, {"Ports": [{"Location": [["390.0", "460.5"], ["395.0", "460.5"], ["395.0", "578.1"], ["390.0", "578.1"]], "Type": "SD"}, {"Location": [["510.5", "446.7"], ["510.5", "573.6"], ["510.3", "573.6"], ["510.3", "591.9"], ["396.9", "591.9"], ["396.9", "446.7"]], "Type": "GATE"}, {"Location": [["500.0", "451.8"], ["506.4", "451.8"], ["506.4", "568.5"], ["500.0", "568.5"]], "Type": "SD"}], "Module": "M11", "Boundary": [["510.5", "446.7"], ["510.5", "573.6"], ["510.3", "573.6"], ["510.3", "591.9"], ["390.0", "591.9"], ["390.0", "446.7"]], "Module_type": "GATE"}, {"Ports": [{"Location": [["385.6", "411.6"], ["502.6", "411.6"], ["502.6", "416.7"], ["385.6", "416.7"]], "Type": "SD"}, {"Location": [["372.5", "200.7"], ["515.7", "200.7"], ["515.7", "409.5"], ["372.5", "409.5"]], "Type": "GATE"}, {"Location": [["377.7", "204.9"], ["510.5", "204.9"], ["510.5", "210.4"], ["377.7", "210.4"]], "Type": "SD"}], "Module": "M1", "Boundary": [["372.5", "200.7"], ["515.7", "200.7"], ["515.7", "416.7"], ["372.5", "416.7"]], "Module_type": "GATE"}, {"Ports": [{"Location": [["442.4", "770.4"], ["494.9", "770.4"], ["494.9", "774.5"], ["442.4", "774.5"]], "Type": "SD"}, {"Location": [["428.2", "641.9"], ["493.7", "641.9"], ["493.7", "642.1"], ["509.1", "642.1"], ["509.1", "769.1"], ["428.2", "769.1"]], "Type": "GATE"}, {"Location": [["434.7", "647.4"], ["487.2", "647.4"], ["487.2", "653.7"], ["434.7", "653.7"]], "Type": "SD"}], "Module": "M19", "Boundary": [["428.2", "641.9"], ["493.7", "641.9"], ["493.7", "642.1"], ["509.1", "642.1"], ["509.1", "774.5"], ["428.2", "774.5"]], "Module_type": "GATE"}, {"Ports": [{"Location": [["10.0", "25.0"], ["15.0", "25.0"], ["15.0", "152.9"], ["10.0", "152.9"]], "Type": "SD"}, {"Location": [["165.2", "10.0"], ["165.2", "151.6"], ["113.2", "151.6"], ["113.2", "167.9"], ["17.9", "167.9"], ["17.9", "10.0"]], "Type": "GATE"}, {"Location": [["153.4", "16.3"], ["159.9", "16.3"], ["159.9", "144.3"], ["153.4", "144.3"]], "Type": "SD"}], "Module": "M6", "Boundary": [["165.2", "10.0"], ["165.2", "151.6"], ["113.2", "151.6"], ["113.2", "167.9"], ["10.0", "167.9"], ["10.0", "10.0"]], "Module_type": "GATE"}, {"Ports": [{"Location": [["300.0", "688.6"], ["305.8", "688.6"], ["305.8", "777.5"], ["300.0", "777.5"]], "Type": "SD"}, {"Location": [["388.2", "676.2"], ["388.2", "774.5"], ["362.9", "774.5"], ["362.9", "789.9"], ["308.0", "789.9"], ["308.0", "676.2"]], "Type": "GATE"}, {"Location": [["378.3", "681.3"], ["384.1", "681.3"], ["384.1", "768.4"], ["378.3", "768.4"]], "Type": "SD"}], "Module": "M2", "Boundary": [["388.2", "676.2"], ["388.2", "774.5"], ["362.9", "774.5"], ["362.9", "789.9"], ["300.0", "789.9"], ["300.0", "676.2"]], "Module_type": "GATE"}, {"Ports": [{"Location": [["30.0", "593.0"], ["34.8", "593.0"], ["34.8", "697.8"], ["30.0", "697.8"]], "Type": "SD"}, {"Location": [["182.3", "579.3"], ["182.3", "698.4"], ["119.5", "698.4"], ["119.5", "711.5"], ["36.7", "711.5"], ["36.7", "579.3"]], "Type": "GATE"}, {"Location": [["170.7", "586.3"], ["176.3", "586.3"], ["176.3", "690.4"], ["170.7", "690.4"]], "Type": "SD"}], "Module": "M16", "Boundary": [["182.3", "579.3"], ["182.3", "698.4"], ["119.5", "698.4"], ["119.5", "711.5"], ["30.0", "711.5"], ["30.0", "579.3"]], "Module_type": "GATE"}, {"Ports": [{"Location": [["217.8", "243.3"], ["317.0", "243.3"], ["317.0", "248.9"], ["217.8", "248.9"]], "Type": "SD"}, {"Location": [["205.2", "149.9"], ["329.6", "149.9"], ["329.6", "240.6"], ["205.2", "240.6"]], "Type": "GATE"}, {"Location": [["210.7", "154.4"], ["324.1", "154.4"], ["324.1", "160.9"], ["210.7", "160.9"]], "Type": "SD"}], "Module": "M13", "Boundary": [["205.2", "149.9"], ["329.6", "149.9"], ["329.6", "248.9"], ["205.2", "248.9"]], "Module_type": "GATE"}, {"Ports": [{"Location": [["20.0", "322.9"], ["25.2", "322.9"], ["25.2", "377.7"], ["20.0", "377.7"]], "Type": "SD"}, {"Location": [["172.1", "310.2"], ["172.1", "375.7"], ["159.2", "375.7"], ["159.2", "390.4"], ["27.0", "390.4"], ["27.0", "310.2"]], "Type": "GATE"}, {"Location": [["161.2", "316.2"], ["167.1", "316.2"], ["167.1", "368.7"], ["161.2", "368.7"]], "Type": "SD"}], "Module": "M10", "Boundary": [["172.1", "310.2"], ["172.1", "375.7"], ["159.2", "375.7"], ["159.2", "390.4"], ["20.0", "390.4"], ["20.0", "310.2"]], "Module_type": "GATE"}, {"Ports": [{"Location": [["386.5", "174.8"], ["512.1", "174.8"], ["512.1", "180.7"], ["386.5", "180.7"]], "Type": "SD"}, {"Location": [["372.8", "10.0"], ["508.8", "10.0"], ["508.8", "10.8"], ["525.8", "10.8"], ["525.8", "173.0"], ["372.8", "173.0"]], "Type": "GATE"}, {"Location": [["378.8", "15.0"], ["502.8", "15.0"], ["502.8", "20.8"], ["378.8", "20.8"]], "Type": "SD"}], "Module": "M7", "Boundary": [["372.8", "10.0"], ["508.8", "10.0"], ["508.8", "10.8"], ["525.8", "10.8"], ["525.8", "180.7"], ["372.8", "180.7"]], "Module_type": "GATE"}, {"Ports": [{"Location": [["293.9", "987.4"], ["298.2", "987.4"], ["298.2", "1068.2"], ["293.9", "1068.2"]], "Type": "SD"}, {"Location": [["501.3", "974.6"], ["501.3", "1081.0"], ["300.3", "1081.0"], ["300.3", "974.6"]], "Type": "GATE"}, {"Location": [["490.8", "981.4"], ["495.5", "981.4"], ["495.5", "1074.2"], ["490.8", "1074.2"]], "Type": "SD"}], "Module": "M3", "Boundary": [["501.3", "974.6"], ["501.3", "1081.0"], ["293.9", "1081.0"], ["293.9", "974.6"]], "Module_type": "GATE"}, {"Ports": [{"Location": [["24.9", "530.1"], ["157.4", "530.1"], ["157.4", "535.6"], ["24.9", "535.6"]], "Type": "SD"}, {"Location": [["10.0", "420.4"], ["155.4", "420.4"], ["155.4", "474.0"], ["172.3", "474.0"], ["172.3", "527.3"], ["10.0", "527.3"]], "Type": "GATE"}, {"Location": [["16.6", "426.0"], ["147.8", "426.0"], ["147.8", "432.3"], ["16.6", "432.3"]], "Type": "SD"}], "Module": "M18", "Boundary": [["10.0", "420.4"], ["155.4", "420.4"], ["155.4", "474.0"], ["172.3", "474.0"], ["172.3", "535.6"], ["10.0", "535.6"]], "Module_type": "GATE"}, {"Ports": [{"Location": [["30.0", "972.6"], ["34.3", "972.6"], ["34.3", "1067.3"], ["30.0", "1067.3"]], "Type": "SD"}, {"Location": [["233.9", "957.8"], ["233.9", "1065.6"], ["198.3", "1065.6"], ["198.3", "1082.1"], ["36.3", "1082.1"], ["36.3", "957.8"]], "Type": "GATE"}, {"Location": [["222.3", "963.8"], ["228.9", "963.8"], ["228.9", "1058.6"], ["222.3", "1058.6"]], "Type": "SD"}], "Module": "M20", "Boundary": [["233.9", "957.8"], ["233.9", "1065.6"], ["198.3", "1065.6"], ["198.3", "1082.1"], ["30.0", "1082.1"], ["30.0", "957.8"]], "Module_type": "GATE"}, {"Ports": [{"Location": [["300.0", "828.7"], ["304.6", "828.7"], ["304.6", "920.4"], ["300.0", "920.4"]], "Type": "SD"}, {"Location": [["501.3", "814.5"], ["501.3", "934.6"], ["305.7", "934.6"], ["305.7", "814.5"]], "Type": "GATE"}, {"Location": [["489.8", "820.0"], ["496.8", "820.0"], ["496.8", "929.1"], ["489.8", "929.1"]], "Type": "SD"}], "Module": "M15", "Boundary": [["501.3", "814.5"], ["501.3", "934.6"], ["300.0", "934.6"], ["300.0", "814.5"]], "Module_type": "GATE"}, {"Ports": [{"Location": [["193.3", "766.1"], ["198.2", "766.1"], ["198.2", "887.8"], ["193.3", "887.8"]], "Type": "SD"}, {"Location": [["280.0", "751.5"], ["280.0", "886.9"], ["237.7", "886.9"], ["237.7", "902.4"], ["200.3", "902.4"], ["200.3", "751.5"]], "Type": "GATE"}, {"Location": [["268.5", "758.2"], ["274.3", "758.2"], ["274.3", "879.2"], ["268.5", "879.2"]], "Type": "SD"}], "Module": "M12", "Boundary": [["280.0", "751.5"], ["280.0", "886.9"], ["237.7", "886.9"], ["237.7", "902.4"], ["193.3", "902.4"], ["193.3", "751.5"]], "Module_type": "GATE"}, {"Ports": [{"Location": [["202.1", "303.4"], ["206.8", "303.4"], ["206.8", "395.7"], ["202.1", "395.7"]], "Type": "SD"}, {"Location": [["346.7", "288.9"], ["346.7", "393.1"], ["346.6", "393.1"], ["346.6", "410.2"], ["209.6", "410.2"], ["209.6", "288.9"]], "Type": "GATE"}, {"Location": [["335.5", "295.0"], ["341.6", "295.0"], ["341.6", "387.0"], ["335.5", "387.0"]], "Type": "SD"}], "Module": "M8", "Boundary": [["346.7", "288.9"], ["346.7", "393.1"], ["346.6", "393.1"], ["346.6", "410.2"], ["202.1", "410.2"], ["202.1", "288.9"]], "Module_type": "GATE"}, {"Ports": [{"Location": [["236.6", "650.8"], ["345.7", "650.8"], ["345.7", "656.2"], ["236.6", "656.2"]], "Type": "SD"}, {"Location": [["222.3", "559.3"], ["346.3", "559.3"], ["346.3", "566.1"], ["360.0", "566.1"], ["360.0", "648.1"], ["222.3", "648.1"]], "Type": "GATE"}, {"Location": [["228.3", "564.3"], ["339.3", "564.3"], ["339.3", "571.4"], ["228.3", "571.4"]], "Type": "SD"}], "Module": "M4", "Boundary": [["222.3", "559.3"], ["346.3", "559.3"], ["346.3", "566.1"], ["360.0", "566.1"], ["360.0", "656.2"], ["222.3", "656.2"]], "Module_type": "GATE"}], "Area": [["-30.0", "-30.0"], ["565.8", "-30.0"], ["565.8", "1122.1"], ["-30.0", "1122.1"]], "Rules": ["GATE(5,5)", "SD(5,5)", "GATE_SD(0.5)", "GATE_ITO(0.5)", "SD_ITO(0.5)"]}