{"Modules": [{"Module": "M14", "Boundary": [["646.2", "334.4"], ["756.5", "334.4"], ["756.5", "426.8"], ["770.7", "426.8"], ["770.7", "512.7"], ["646.2", "512.7"]], "Module_type": "GATE", "Ports": [{"Location": [["659.8", "507.2"], ["757.1", "507.2"], ["757.1", "512.7"], ["659.8", "512.7"]], "Type": "SD"}, {"Location": [["646.2", "334.4"], ["756.5", "334.4"], ["756.5", "426.8"], ["770.7", "426.8"], ["770.7", "506.0"], ["646.2", "506.0"]], "Type": "GATE"}, {"Location": [["653.1", "340.3"], ["748.6", "340.3"], ["748.6", "345.1"], ["653.1", "345.1"]], "Type": "SD"}]}, {"Ports": [{"Location": [["815.7", "492.4"], ["901.4", "492.4"], ["901.4", "496.9"], ["815.7", "496.9"]], "Type": "SD"}, {"Location": [["800.7", "338.8"], ["916.4", "338.8"], ["916.4", "490.2"], ["800.7", "490.2"]], "Type": "GATE"}, {"Location": [["805.8", "342.9"], ["911.3", "342.9"], ["911.3", "350.4"], ["805.8", "350.4"]], "Type": "SD"}], "Module": "M9", "Boundary": [["800.7", "338.8"], ["916.4", "338.8"], ["916.4", "496.9"], ["800.7", "496.9"]], "Module_type": "GATE"}, {"Ports": [{"Location": [["391.8", "199.7"], ["397.7", "199.7"], ["397.7", "314.7"], ["391.8", "314.7"]], "Type": "SD"}, {"Location": [["495.5", "185.6"], ["495.5", "328.8"], ["399.8", "328.8"], ["399.8", "185.6"]], "Type": "GATE"}, {"Location": [["484.0", "191.9"], ["490.2", "191.9"], ["490.2", "322.5"], ["484.0", "322.5"]], "Type": "SD"}], "Module": "M5", "Boundary": [["495.5", "185.6"], ["495.5", "328.8"], ["391.8", "328.8"], ["391.8", "185.6"]], "Module_type": "GATE"}, {"Ports": [{"Location": [["176.1", "34.7"], ["180.7", "34.7"], ["180.7", "105.6"], ["176.1", "105.6"]], "Type": "SD"}, {"Location": [["293.1", "20.0"], ["293.1", "120.3"], ["182.5", "120.3"], ["182.5", "20.0"]], "Type": "GATE"}, {"Location": [["281.2", "25.7"], ["288.4", "25.7"], ["288.4", "114.6"], ["281.2", "114.6"]], "Type": "SD"}], "Module": "M11", "Boundary": [["293.1", "20.0"], ["293.1", "120.3"], ["176.1", "120.3"], ["176.1", "20.0"]], "Module_type": "GATE"}, {"Ports": [{"Location": [["10.0", "293.7"], ["14.1", "293.7"], ["14.1", "366.3"], ["10.0", "366.3"]], "Type": "SD"}, {"Location": [["123.3", "281.0"], ["123.3", "379.0"], ["15.4", "379.0"], ["15.4", "281.0"]], "Type": "GATE"}, {"Location": [["113.4", "287.0"], ["118.3", "287.0"], ["118.3", "373.0"], ["113.4", "373.0"]], "Type": "SD"}], "Module": "M1", "Boundary": [["123.3", "281.0"], ["123.3", "379.0"], ["10.0", "379.0"], ["10.0", "281.0"]], "Module_type": "GATE"}, {"Ports": [{"Location": [["181.6", "328.1"], ["235.6", "328.1"], ["235.6", "333.4"], ["181.6", "333.4"]], "Type": "SD"}, {"Location": [["167.9", "170.3"], ["249.3", "170.3"], ["249.3", "326.8"], ["167.9", "326.8"]], "Type": "GATE"}, {"Location": [["174.9", "176.3"], ["242.3", "176.3"], ["242.3", "181.2"], ["174.9", "181.2"]], "Type": "SD"}], "Module": "M19", "Boundary": [["167.9", "170.3"], ["249.3", "170.3"], ["249.3", "333.4"], ["167.9", "333.4"]], "Module_type": "GATE"}, {"Ports": [{"Location": [["22.1", "256.2"], ["115.8", "256.2"], ["115.8", "261.0"], ["22.1", "261.0"]], "Type": "SD"}, {"Location": [["10.0", "136.2"], ["114.4", "136.2"], ["114.4", "186.8"], ["127.9", "186.8"], ["127.9", "253.3"], ["10.0", "253.3"]], "Type": "GATE"}, {"Location": [["16.2", "141.4"], ["107.2", "141.4"], ["107.2", "146.3"], ["16.2", "146.3"]], "Type": "SD"}], "Module": "M6", "Boundary": [["10.0", "136.2"], ["114.4", "136.2"], ["114.4", "186.8"], ["127.9", "186.8"], ["127.9", "261.0"], ["10.0", "261.0"]], "Module_type": "GATE"}, {"Ports": [{"Location": [["10.0", "414.2"], ["15.5", "414.2"], ["15.5", "498.4"], ["10.0", "498.4"]], "Type": "SD"}, {"Location": [["134.7", "399.0"], ["134.7", "513.6"], ["17.9", "513.6"], ["17.9", "399.0"]], "Type": "GATE"}, {"Location": [["123.0", "405.1"], ["129.6", "405.1"], ["129.6", "488.3"], ["123.0", "488.3"]], "Type": "SD"}], "Module": "M2", "Boundary": [["134.7", "399.0"], ["134.7", "513.6"], ["10.0", "513.6"], ["10.0", "399.0"]], "Module_type": "GATE"}, {"Ports": [{"Location": [["523.7", "97.5"], ["624.7", "97.5"], ["624.7", "103.0"], ["523.7", "103.0"]], "Type": "SD"}, {"Location": [["511.5", "30.0"], ["622.3", "30.0"], ["622.3", "54.2"], ["636.9", "54.2"], ["636.9", "95.4"], ["511.5", "95.4"]], "Type": "GATE"}, {"Location": [["516.8", "34.3"], ["616.0", "34.3"], ["616.0", "39.7"], ["516.8", "39.7"]], "Type": "SD"}], "Module": "M16", "Boundary": [["511.5", "30.0"], ["622.3", "30.0"], ["622.3", "54.2"], ["636.9", "54.2"], ["636.9", "103.0"], ["511.5", "103.0"]], "Module_type": "GATE"}, {"Ports": [{"Location": [["677.4", "290.2"], ["738.3", "290.2"], ["738.3", "294.4"], ["677.4", "294.4"]], "Type": "SD"}, {"Location": [["665.5", "181.0"], ["750.2", "181.0"], ["750.2", "288.0"], ["665.5", "288.0"]], "Type": "GATE"}, {"Location": [["670.6", "185.1"], ["745.1", "185.1"], ["745.1", "190.7"], ["670.6", "190.7"]], "Type": "SD"}], "Module": "M13", "Boundary": [["665.5", "181.0"], ["750.2", "181.0"], ["750.2", "294.4"], ["665.5", "294.4"]], "Module_type": "GATE"}, {"Ports": [{"Location": [["525.5", "165.6"], ["530.9", "165.6"], ["530.9", "217.9"], ["525.5", "217.9"]], "Type": "SD"}, {"Location": [["615.5", "153.0"], ["615.5", "216.2"], ["583.2", "216.2"], ["583.2", "230.5"], ["532.6", "230.5"], ["532.6", "153.0"]], "Type": "GATE"}, {"Location": [["604.9", "158.6"], ["610.9", "158.6"], ["610.9", "209.6"], ["604.9", "209.6"]], "Type": "SD"}], "Module": "M10", "Boundary": [["615.5", "153.0"], ["615.5", "216.2"], ["583.2", "216.2"], ["583.2", "230.5"], ["525.5", "230.5"], ["525.5", "153.0"]], "Module_type": "GATE"}, {"Ports": [{"Location": [["512.7", "506.5"], ["614.0", "506.5"], ["614.0", "511.2"], ["512.7", "511.2"]], "Type": "SD"}, {"Location": [["500.5", "356.0"], ["626.2", "356.0"], ["626.2", "504.5"], ["500.5", "504.5"]], "Type": "GATE"}, {"Location": [["506.7", "361.2"], ["620.0", "361.2"], ["620.0", "366.1"], ["506.7", "366.1"]], "Type": "SD"}], "Module": "M7", "Boundary": [["500.5", "356.0"], ["626.2", "356.0"], ["626.2", "511.2"], ["500.5", "511.2"]], "Module_type": "GATE"}, {"Ports": [{"Location": [["357.4", "141.4"], ["437.2", "141.4"], ["437.2", "145.6"], ["357.4", "145.6"]], "Type": "SD"}, {"Location": [["430.9", "138.7"], ["343.4", "138.7"], ["343.4", "30.0"], ["451.2", "30.0"], ["451.2", "124.2"], ["430.9", "124.2"]], "Type": "GATE"}, {"Location": [["348.5", "34.4"], ["446.1", "34.4"], ["446.1", "41.4"], ["348.5", "41.4"]], "Type": "SD"}], "Module": "M3", "Boundary": [["430.9", "145.6"], ["343.4", "145.6"], ["343.4", "30.0"], ["451.2", "30.0"], ["451.2", "124.2"], ["430.9", "124.2"]], "Module_type": "GATE"}, {"Ports": [{"Location": [["515.5", "273.5"], ["520.3", "273.5"], ["520.3", "323.0"], ["515.5", "323.0"]], "Type": "SD"}, {"Location": [["619.5", "260.5"], ["619.5", "322.6"], ["588.4", "322.6"], ["588.4", "336.0"], ["522.9", "336.0"], ["522.9", "260.5"]], "Type": "GATE"}, {"Location": [["608.2", "265.8"], ["615.2", "265.8"], ["615.2", "316.3"], ["608.2", "316.3"]], "Type": "SD"}], "Module": "M18", "Boundary": [["619.5", "260.5"], ["619.5", "322.6"], ["588.4", "322.6"], ["588.4", "336.0"], ["515.5", "336.0"], ["515.5", "260.5"]], "Module_type": "GATE"}, {"Ports": [{"Location": [["696.9", "42.5"], ["701.2", "42.5"], ["701.2", "108.5"], ["696.9", "108.5"]], "Type": "SD"}, {"Location": [["903.4", "30.0"], ["903.4", "107.3"], ["792.7", "107.3"], ["792.7", "121.0"], ["702.6", "121.0"], ["702.6", "30.0"]], "Type": "GATE"}, {"Location": [["893.0", "35.7"], ["898.7", "35.7"], ["898.7", "100.6"], ["893.0", "100.6"]], "Type": "SD"}], "Module": "M20", "Boundary": [["903.4", "30.0"], ["903.4", "107.3"], ["792.7", "107.3"], ["792.7", "121.0"], ["696.9", "121.0"], ["696.9", "30.0"]], "Module_type": "GATE"}, {"Ports": [{"Location": [["10.0", "25.2"], ["14.2", "25.2"], ["14.2", "101.0"], ["10.0", "101.0"]], "Type": "SD"}, {"Location": [["146.1", "10.0"], ["146.1", "116.2"], ["16.7", "116.2"], ["16.7", "10.0"]], "Type": "GATE"}, {"Location": [["133.3", "17.0"], ["140.1", "17.0"], ["140.1", "109.2"], ["133.3", "109.2"]], "Type": "SD"}], "Module": "M15", "Boundary": [["146.1", "10.0"], ["146.1", "116.2"], ["10.0", "116.2"], ["10.0", "10.0"]], "Module_type": "GATE"}, {"Ports": [{"Location": [["302.6", "323.1"], ["358.5", "323.1"], ["358.5", "327.3"], ["302.6", "327.3"]], "Type": "SD"}, {"Location": [["289.3", "185.6"], ["356.4", "185.6"], ["356.4", "232.3"], ["371.8", "232.3"], ["371.8", "321.2"], ["289.3", "321.2"]], "Type": "GATE"}, {"Location": [["295.6", "190.9"], ["349.1", "190.9"], ["349.1", "195.8"], ["295.6", "195.8"]], "Type": "SD"}], "Module": "M12", "Boundary": [["289.3", "185.6"], ["356.4", "185.6"], ["356.4", "232.3"], ["371.8", "232.3"], ["371.8", "327.3"], ["289.3", "327.3"]], "Module_type": "GATE"}, {"Ports": [{"Location": [["170.0", "502.3"], ["258.4", "502.3"], ["258.4", "506.4"], ["170.0", "506.4"]], "Type": "SD"}, {"Location": [["154.7", "373.4"], ["258.3", "373.4"], ["258.3", "384.3"], ["273.7", "384.3"], ["273.7", "500.9"], ["154.7", "500.9"]], "Type": "GATE"}, {"Location": [["161.4", "379.1"], ["250.6", "379.1"], ["250.6", "385.7"], ["161.4", "385.7"]], "Type": "SD"}], "Module": "M8", "Boundary": [["154.7", "373.4"], ["258.3", "373.4"], ["258.3", "384.3"], ["273.7", "384.3"], ["273.7", "506.4"], ["154.7", "506.4"]], "Module_type": "GATE"}, {"Ports": [{"Location": [["293.7", "363.1"], ["297.9", "363.1"], ["297.9", "484.1"], ["293.7", "484.1"]], "Type": "SD"}, {"Location": [["480.5", "348.8"], ["480.5", "483.0"], ["384.5", "483.0"], ["384.5", "498.4"], ["299.5", "498.4"], ["299.5", "348.8"]], "Type": "GATE"}, {"Location": [["468.9", "355.4"], ["474.9", "355.4"], ["474.9", "475.4"], ["468.9", "475.4"]], "Type": "SD"}], "Module": "M4", "Boundary": [["480.5", "348.8"], ["480.5", "483.0"], ["384.5", "483.0"], ["384.5", "498.4"], ["293.7", "498.4"], ["293.7", "348.8"]], "Module_type": "GATE"}, {"Ports": [{"Location": [["803.8", "302.9"], ["912.4", "302.9"], ["912.4", "308.8"], ["803.8", "308.8"]], "Type": "SD"}, {"Location": [["790.2", "161.0"], ["909.0", "161.0"], ["909.0", "161.4"], ["926.0", "161.4"], ["926.0", "300.6"], ["790.2", "300.6"]], "Type": "GATE"}, {"Location": [["795.7", "165.5"], ["903.5", "165.5"], ["903.5", "171.3"], ["795.7", "171.3"]], "Type": "SD"}], "Module": "M17", "Boundary": [["790.2", "161.0"], ["909.0", "161.0"], ["909.0", "161.4"], ["926.0", "161.4"], ["926.0", "308.8"], ["790.2", "308.8"]], "Module_type": "GATE"}], "Area": [["-30.0", "-30.0"], ["966.0", "-30.0"], ["966.0", "553.6"], ["-30.0", "553.6"]], "Rules": ["GATE(5,5)", "SD(5,5)", "GATE_SD(0.5)", "GATE_ITO(0.5)", "SD_ITO(0.5)"]}