{"Modules": [{"Module": "M14", "Boundary": [["232.6", "629.5"], ["232.6", "733.9"], ["114.2", "733.9"], ["114.2", "750.4"], ["10.0", "750.4"], ["10.0", "629.5"]], "Module_type": "GATE", "Ports": [{"Location": [["10.0", "642.7"], ["14.6", "642.7"], ["14.6", "737.2"], ["10.0", "737.2"]], "Type": "SD"}, {"Location": [["232.6", "629.5"], ["232.6", "733.9"], ["114.2", "733.9"], ["114.2", "750.4"], ["17.2", "750.4"], ["17.2", "629.5"]], "Type": "GATE"}, {"Location": [["222.6", "635.0"], ["228.1", "635.0"], ["228.1", "727.4"], ["222.6", "727.4"]], "Type": "SD"}]}, {"Ports": [{"Location": [["20.0", "1134.1"], ["24.6", "1134.1"], ["24.6", "1173.4"], ["20.0", "1173.4"]], "Type": "SD"}, {"Location": [["192.4", "1119.9"], ["192.4", "1171.3"], ["192.4", "1171.3"], ["192.4", "1187.6"], ["26.6", "1187.6"], ["26.6", "1119.9"]], "Type": "GATE"}, {"Location": [["181.4", "1126.8"], ["186.5", "1126.8"], ["186.5", "1164.4"], ["181.4", "1164.4"]], "Type": "SD"}], "Module": "M9", "Boundary": [["192.4", "1119.9"], ["192.4", "1171.3"], ["192.4", "1171.3"], ["192.4", "1187.6"], ["20.0", "1187.6"], ["20.0", "1119.9"]], "Module_type": "GATE"}, {"Ports": [{"Location": [["144.3", "395.4"], ["150.0", "395.4"], ["150.0", "446.7"], ["144.3", "446.7"]], "Type": "SD"}, {"Location": [["349.6", "383.0"], ["349.6", "444.4"], ["349.4", "444.4"], ["349.4", "459.1"], ["151.0", "459.1"], ["151.0", "383.0"]], "Type": "GATE"}, {"Location": [["339.4", "389.1"], ["344.5", "389.1"], ["344.5", "438.3"], ["339.4", "438.3"]], "Type": "SD"}], "Module": "M5", "Boundary": [["349.6", "383.0"], ["349.6", "444.4"], ["349.4", "444.4"], ["349.4", "459.1"], ["144.3", "459.1"], ["144.3", "383.0"]], "Module_type": "GATE"}, {"Ports": [{"Location": [["154.3", "277.1"], ["158.4", "277.1"], ["158.4", "335.8"], ["154.3", "335.8"]], "Type": "SD"}, {"Location": [["294.0", "261.6"], ["294.0", "351.3"], ["160.5", "351.3"], ["160.5", "261.6"]], "Type": "GATE"}, {"Location": [["280.8", "268.2"], ["288.4", "268.2"], ["288.4", "344.7"], ["280.8", "344.7"]], "Type": "SD"}], "Module": "M11", "Boundary": [["294.0", "261.6"], ["294.0", "351.3"], ["154.3", "351.3"], ["154.3", "261.6"]], "Module_type": "GATE"}, {"Ports": [{"Location": [["20.7", "165.4"], ["94.2", "165.4"], ["94.2", "170.3"], ["20.7", "170.3"]], "Type": "SD"}, {"Location": [["10.0", "10.0"], ["91.6", "10.0"], ["91.6", "10.3"], ["104.9", "10.3"], ["104.9", "162.7"], ["10.0", "162.7"]], "Type": "GATE"}, {"Location": [["15.2", "14.2"], ["86.4", "14.2"], ["86.4", "19.1"], ["15.2", "19.1"]], "Type": "SD"}], "Module": "M1", "Boundary": [["10.0", "10.0"], ["91.6", "10.0"], ["91.6", "10.3"], ["104.9", "10.3"], ["104.9", "170.3"], ["10.0", "170.3"]], "Module_type": "GATE"}, {"Ports": [{"Location": [["30.0", "804.5"], ["34.2", "804.5"], ["34.2", "896.9"], ["30.0", "896.9"]], "Type": "SD"}, {"Location": [["124.8", "790.4"], ["124.8", "894.0"], ["124.6", "894.0"], ["124.6", "911.0"], ["37.0", "911.0"], ["37.0", "790.4"]], "Type": "GATE"}, {"Location": [["113.3", "795.6"], ["120.6", "795.6"], ["120.6", "888.8"], ["113.3", "888.8"]], "Type": "SD"}], "Module": "M19", "Boundary": [["124.8", "790.4"], ["124.8", "894.0"], ["124.6", "894.0"], ["124.6", "911.0"], ["30.0", "911.0"], ["30.0", "790.4"]], "Module_type": "GATE"}, {"Ports": [{"Location": [["164.8", "973.0"], ["169.3", "973.0"], ["169.3", "1072.4"], ["164.8", "1072.4"]], "Type": "SD"}, {"Location": [["243.3", "959.5"], ["243.3", "1073.6"], ["216.1", "1073.6"], ["216.1", "1085.9"], ["172.1", "1085.9"], ["172.1", "959.5"]], "Type": "GATE"}, {"Location": [["231.8", "966.3"], ["237.5", "966.3"], ["237.5", "1065.8"], ["231.8", "1065.8"]], "Type": "SD"}], "Module": "M6", "Boundary": [["243.3", "959.5"], ["243.3", "1073.6"], ["216.1", "1073.6"], ["216.1", "1085.9"], ["164.8", "1085.9"], ["164.8", "959.5"]], "Module_type": "GATE"}, {"Ports": [{"Location": [["26.2", "398.8"], ["107.4", "398.8"], ["107.4", "404.5"], ["26.2", "404.5"]], "Type": "SD"}, {"Location": [["10.0", "251.6"], ["106.1", "251.6"], ["106.1", "339.0"], ["123.6", "339.0"], ["123.6", "397.7"], ["10.0", "397.7"]], "Type": "GATE"}, {"Location": [["16.4", "257.0"], ["98.7", "257.0"], ["98.7", "264.5"], ["16.4", "264.5"]], "Type": "SD"}], "Module": "M2", "Boundary": [["10.0", "251.6"], ["106.1", "251.6"], ["106.1", "339.0"], ["123.6", "339.0"], ["123.6", "404.5"], ["10.0", "404.5"]], "Module_type": "GATE"}, {"Ports": [{"Location": [["156.3", "205.7"], ["259.7", "205.7"], ["259.7", "211.6"], ["156.3", "211.6"]], "Type": "SD"}, {"Location": [["144.9", "30.0"], ["257.1", "30.0"], ["257.1", "108.3"], ["271.1", "108.3"], ["271.1", "204.1"], ["144.9", "204.1"]], "Type": "GATE"}, {"Location": [["149.9", "34.0"], ["250.1", "34.0"], ["250.1", "38.7"], ["149.9", "38.7"]], "Type": "SD"}], "Module": "M16", "Boundary": [["144.9", "30.0"], ["257.1", "30.0"], ["257.1", "108.3"], ["271.1", "108.3"], ["271.1", "211.6"], ["144.9", "211.6"]], "Module_type": "GATE"}, {"Ports": [{"Location": [["343.7", "166.3"], ["429.5", "166.3"], ["429.5", "172.1"], ["343.7", "172.1"]], "Type": "SD"}, {"Location": [["331.1", "30.0"], ["426.3", "30.0"], ["426.3", "30.4"], ["442.1", "30.4"], ["442.1", "163.4"], ["331.1", "163.4"]], "Type": "GATE"}, {"Location": [["336.8", "34.7"], ["420.6", "34.7"], ["420.6", "40.2"], ["336.8", "40.2"]], "Type": "SD"}], "Module": "M13", "Boundary": [["331.1", "30.0"], ["426.3", "30.0"], ["426.3", "30.4"], ["442.1", "30.4"], ["442.1", "172.1"], ["331.1", "172.1"]], "Module_type": "GATE"}, {"Ports": [{"Location": [["334.0", "233.7"], ["339.2", "233.7"], ["339.2", "341.4"], ["334.0", "341.4"]], "Type": "SD"}, {"Location": [["443.9", "222.1"], ["443.9", "339.6"], ["400.9", "339.6"], ["400.9", "353.0"], ["341.3", "353.0"], ["341.3", "222.1"]], "Type": "GATE"}, {"Location": [["434.4", "227.2"], ["439.8", "227.2"], ["439.8", "333.5"], ["434.4", "333.5"]], "Type": "SD"}], "Module": "M10", "Boundary": [["443.9", "222.1"], ["443.9", "339.6"], ["400.9", "339.6"], ["400.9", "353.0"], ["334.0", "353.0"], ["334.0", "222.1"]], "Module_type": "GATE"}, {"Ports": [{"Location": [["252.6", "653.8"], ["257.3", "653.8"], ["257.3", "758.8"], ["252.6", "758.8"]], "Type": "SD"}, {"Location": [["460.5", "639.2"], ["460.5", "757.2"], ["460.4", "757.2"], ["460.4", "773.4"], ["259.9", "773.4"], ["259.9", "639.2"]], "Type": "GATE"}, {"Location": [["447.8", "645.6"], ["455.1", "645.6"], ["455.1", "750.8"], ["447.8", "750.8"]], "Type": "SD"}], "Module": "M7", "Boundary": [["460.5", "639.2"], ["460.5", "757.2"], ["460.4", "757.2"], ["460.4", "773.4"], ["252.6", "773.4"], ["252.6", "639.2"]], "Module_type": "GATE"}, {"Ports": [{"Location": [["198.4", "914.5"], ["237.5", "914.5"], ["237.5", "919.5"], ["198.4", "919.5"]], "Type": "SD"}, {"Location": [["184.8", "813.4"], ["251.1", "813.4"], ["251.1", "912.6"], ["184.8", "912.6"]], "Type": "GATE"}, {"Location": [["189.8", "817.4"], ["246.1", "817.4"], ["246.1", "823.5"], ["189.8", "823.5"]], "Type": "SD"}], "Module": "M3", "Boundary": [["184.8", "813.4"], ["251.1", "813.4"], ["251.1", "919.5"], ["184.8", "919.5"]], "Module_type": "GATE"}, {"Ports": [{"Location": [["22.4", "587.7"], ["111.9", "587.7"], ["111.9", "593.0"], ["22.4", "593.0"]], "Type": "SD"}, {"Location": [["10.0", "424.5"], ["111.5", "424.5"], ["111.5", "510.8"], ["124.3", "510.8"], ["124.3", "586.3"], ["10.0", "586.3"]], "Type": "GATE"}, {"Location": [["16.7", "430.2"], ["103.8", "430.2"], ["103.8", "435.1"], ["16.7", "435.1"]], "Type": "SD"}], "Module": "M18", "Boundary": [["10.0", "424.5"], ["111.5", "424.5"], ["111.5", "510.8"], ["124.3", "510.8"], ["124.3", "593.0"], ["10.0", "593.0"]], "Module_type": "GATE"}, {"Ports": [{"Location": [["297.6", "1173.6"], ["410.8", "1173.6"], ["410.8", "1179.2"], ["297.6", "1179.2"]], "Type": "SD"}, {"Location": [["283.3", "979.5"], ["408.5", "979.5"], ["408.5", "1101.9"], ["425.1", "1101.9"], ["425.1", "1171.4"], ["283.3", "1171.4"]], "Type": "GATE"}, {"Location": [["288.7", "983.9"], ["402.1", "983.9"], ["402.1", "990.8"], ["288.7", "990.8"]], "Type": "SD"}], "Module": "M20", "Boundary": [["283.3", "979.5"], ["408.5", "979.5"], ["408.5", "1101.9"], ["425.1", "1101.9"], ["425.1", "1179.2"], ["283.3", "1179.2"]], "Module_type": "GATE"}, {"Ports": [{"Location": [["291.1", "807.6"], ["295.5", "807.6"], ["295.5", "924.4"], ["291.1", "924.4"]], "Type": "SD"}, {"Location": [["461.9", "793.4"], ["461.9", "923.0"], ["461.7", "923.0"], ["461.7", "938.6"], ["297.5", "938.6"], ["297.5", "793.4"]], "Type": "GATE"}, {"Location": [["449.3", "799.5"], ["456.8", "799.5"], ["456.8", "916.9"], ["449.3", "916.9"]], "Type": "SD"}], "Module": "M15", "Boundary": [["461.9", "793.4"], ["461.9", "923.0"], ["461.7", "923.0"], ["461.7", "938.6"], ["291.1", "938.6"], ["291.1", "793.4"]], "Module_type": "GATE"}, {"Ports": [{"Location": [["284.3", "492.2"], ["288.5", "492.2"], ["288.5", "606.1"], ["284.3", "606.1"]], "Type": "SD"}, {"Location": [["461.4", "479.1"], ["461.4", "619.2"], ["289.7", "619.2"], ["289.7", "479.1"]], "Type": "GATE"}, {"Location": [["450.9", "485.3"], ["456.2", "485.3"], ["456.2", "613.0"], ["450.9", "613.0"]], "Type": "SD"}], "Module": "M12", "Boundary": [["461.4", "479.1"], ["461.4", "619.2"], ["284.3", "619.2"], ["284.3", "479.1"]], "Module_type": "GATE"}, {"Ports": [{"Location": [["10.0", "963.4"], ["14.7", "963.4"], ["14.7", "1077.5"], ["10.0", "1077.5"]], "Type": "SD"}, {"Location": [["137.8", "951.0"], ["137.8", "1073.2"], ["84.3", "1073.2"], ["84.3", "1089.9"], ["16.2", "1089.9"], ["16.2", "951.0"]], "Type": "GATE"}, {"Location": [["128.3", "956.2"], ["133.6", "956.2"], ["133.6", "1067.0"], ["128.3", "1067.0"]], "Type": "SD"}], "Module": "M8", "Boundary": [["137.8", "951.0"], ["137.8", "1073.2"], ["84.3", "1073.2"], ["84.3", "1089.9"], ["10.0", "1089.9"], ["10.0", "951.0"]], "Module_type": "GATE"}, {"Ports": [{"Location": [["144.3", "491.7"], ["148.8", "491.7"], ["148.8", "596.9"], ["144.3", "596.9"]], "Type": "SD"}, {"Location": [["264.3", "479.1"], ["264.3", "594.2"], ["224.7", "594.2"], ["224.7", "609.5"], ["150.1", "609.5"], ["150.1", "479.1"]], "Type": "GATE"}, {"Location": [["254.6", "485.4"], ["259.0", "485.4"], ["259.0", "586.9"], ["254.6", "586.9"]], "Type": "SD"}], "Module": "M4", "Boundary": [["264.3", "479.1"], ["264.3", "594.2"], ["224.7", "594.2"], ["224.7", "609.5"], ["144.3", "609.5"], ["144.3", "479.1"]], "Module_type": "GATE"}], "Area": [["-30.0", "-30.0"], ["501.9", "-30.0"], ["501.9", "1227.6"], ["-30.0", "1227.6"]], "Rules": ["GATE(5,5)", "SD(5,5)", "GATE_SD(0.5)", "GATE_ITO(0.5)", "SD_ITO(0.5)"]}