{"Modules": [{"Module": "M14", "Boundary": [["600.7", "408.3"], ["670.1", "408.3"], ["670.1", "416.2"], ["684.9", "416.2"], ["684.9", "516.1"], ["600.7", "516.1"]], "Module_type": "GATE", "Ports": [{"Location": [["615.2", "510.9"], ["670.4", "510.9"], ["670.4", "516.1"], ["615.2", "516.1"]], "Type": "SD"}, {"Location": [["600.7", "408.3"], ["670.1", "408.3"], ["670.1", "416.2"], ["684.9", "416.2"], ["684.9", "509.2"], ["600.7", "509.2"]], "Type": "GATE"}, {"Location": [["607.4", "414.0"], ["662.4", "414.0"], ["662.4", "420.8"], ["607.4", "420.8"]], "Type": "SD"}]}, {"Ports": [{"Location": [["553.1", "176.2"], ["558.0", "176.2"], ["558.0", "209.9"], ["553.1", "209.9"]], "Type": "SD"}, {"Location": [["676.1", "164.8"], ["676.1", "207.5"], ["675.9", "207.5"], ["675.9", "221.3"], ["560.3", "221.3"], ["560.3", "164.8"]], "Type": "GATE"}, {"Location": [["666.5", "169.9"], ["672.0", "169.9"], ["672.0", "202.4"], ["666.5", "202.4"]], "Type": "SD"}], "Module": "M9", "Boundary": [["676.1", "164.8"], ["676.1", "207.5"], ["675.9", "207.5"], ["675.9", "221.3"], ["553.1", "221.3"], ["553.1", "164.8"]], "Module_type": "GATE"}, {"Ports": [{"Location": [["505.3", "22.4"], ["510.5", "22.4"], ["510.5", "122.4"], ["505.3", "122.4"]], "Type": "SD"}, {"Location": [["689.2", "10.0"], ["689.2", "119.3"], ["688.7", "119.3"], ["688.7", "134.8"], ["512.2", "134.8"], ["512.2", "10.0"]], "Type": "GATE"}, {"Location": [["678.9", "15.6"], ["684.6", "15.6"], ["684.6", "113.7"], ["678.9", "113.7"]], "Type": "SD"}], "Module": "M5", "Boundary": [["689.2", "10.0"], ["689.2", "119.3"], ["688.7", "119.3"], ["688.7", "134.8"], ["505.3", "134.8"], ["505.3", "10.0"]], "Module_type": "GATE"}, {"Ports": [{"Location": [["195.8", "496.0"], ["298.5", "496.0"], ["298.5", "501.7"], ["195.8", "501.7"]], "Type": "SD"}, {"Location": [["183.5", "395.2"], ["297.1", "395.2"], ["297.1", "395.6"], ["310.8", "395.6"], ["310.8", "494.6"], ["183.5", "494.6"]], "Type": "GATE"}, {"Location": [["189.5", "400.2"], ["291.1", "400.2"], ["291.1", "405.8"], ["189.5", "405.8"]], "Type": "SD"}], "Module": "M11", "Boundary": [["183.5", "395.2"], ["297.1", "395.2"], ["297.1", "395.6"], ["310.8", "395.6"], ["310.8", "501.7"], ["183.5", "501.7"]], "Module_type": "GATE"}, {"Ports": [{"Location": [["466.7", "619.5"], ["505.0", "619.5"], ["505.0", "625.0"], ["466.7", "625.0"]], "Type": "SD"}, {"Location": [["452.3", "550.9"], ["519.4", "550.9"], ["519.4", "618.0"], ["452.3", "618.0"]], "Type": "GATE"}, {"Location": [["458.2", "555.8"], ["513.5", "555.8"], ["513.5", "562.9"], ["458.2", "562.9"]], "Type": "SD"}], "Module": "M1", "Boundary": [["452.3", "550.9"], ["519.4", "550.9"], ["519.4", "625.0"], ["452.3", "625.0"]], "Module_type": "GATE"}, {"Ports": [{"Location": [["515.0", "284.8"], ["520.4", "284.8"], ["520.4", "354.9"], ["515.0", "354.9"]], "Type": "SD"}, {"Location": [["670.2", "271.4"], ["670.2", "352.7"], ["670.1", "352.7"], ["670.1", "368.3"], ["521.8", "368.3"], ["521.8", "271.4"]], "Type": "GATE"}, {"Location": [["658.6", "278.0"], ["664.6", "278.0"], ["664.6", "346.1"], ["658.6", "346.1"]], "Type": "SD"}], "Module": "M19", "Boundary": [["670.2", "271.4"], ["670.2", "352.7"], ["670.1", "352.7"], ["670.1", "368.3"], ["515.0", "368.3"], ["515.0", "271.4"]], "Module_type": "GATE"}, {"Ports": [{"Location": [["24.5", "133.3"], ["139.0", "133.3"], ["139.0", "139.1"], ["24.5", "139.1"]], "Type": "SD"}, {"Location": [["10.0", "10.0"], ["136.6", "10.0"], ["136.6", "72.2"], ["153.5", "72.2"], ["153.5", "132.1"], ["10.0", "132.1"]], "Type": "GATE"}, {"Location": [["15.1", "14.1"], ["130.5", "14.1"], ["130.5", "21.1"], ["15.1", "21.1"]], "Type": "SD"}], "Module": "M6", "Boundary": [["10.0", "10.0"], ["136.6", "10.0"], ["136.6", "72.2"], ["153.5", "72.2"], ["153.5", "139.1"], ["10.0", "139.1"]], "Module_type": "GATE"}, {"Ports": [{"Location": [["359.0", "266.5"], ["364.5", "266.5"], ["364.5", "354.2"], ["359.0", "354.2"]], "Type": "SD"}, {"Location": [["475.0", "251.4"], ["475.0", "354.1"], ["466.3", "354.1"], ["466.3", "369.3"], ["365.9", "369.3"], ["365.9", "251.4"]], "Type": "GATE"}, {"Location": [["462.9", "258.4"], ["469.0", "258.4"], ["469.0", "346.1"], ["462.9", "346.1"]], "Type": "SD"}], "Module": "M2", "Boundary": [["475.0", "251.4"], ["475.0", "354.1"], ["466.3", "354.1"], ["466.3", "369.3"], ["359.0", "369.3"], ["359.0", "251.4"]], "Module_type": "GATE"}, {"Ports": [{"Location": [["207.7", "341.2"], ["301.9", "341.2"], ["301.9", "345.2"], ["207.7", "345.2"]], "Type": "SD"}, {"Location": [["193.5", "195.5"], ["302.5", "195.5"], ["302.5", "258.4"], ["316.1", "258.4"], ["316.1", "339.3"], ["193.5", "339.3"]], "Type": "GATE"}, {"Location": [["200.5", "201.5"], ["294.5", "201.5"], ["294.5", "207.8"], ["200.5", "207.8"]], "Type": "SD"}], "Module": "M16", "Boundary": [["193.5", "195.5"], ["302.5", "195.5"], ["302.5", "258.4"], ["316.1", "258.4"], ["316.1", "345.2"], ["193.5", "345.2"]], "Module_type": "GATE"}, {"Ports": [{"Location": [["208.2", "130.2"], ["304.3", "130.2"], ["304.3", "135.5"], ["208.2", "135.5"]], "Type": "SD"}, {"Location": [["193.5", "30.0"], ["301.3", "30.0"], ["301.3", "30.0"], ["319.0", "30.0"], ["319.0", "128.8"], ["193.5", "128.8"]], "Type": "GATE"}, {"Location": [["199.3", "34.8"], ["295.5", "34.8"], ["295.5", "41.9"], ["199.3", "41.9"]], "Type": "SD"}], "Module": "M13", "Boundary": [["193.5", "30.0"], ["301.3", "30.0"], ["301.3", "30.0"], ["319.0", "30.0"], ["319.0", "135.5"], ["193.5", "135.5"]], "Module_type": "GATE"}, {"Ports": [{"Location": [["474.9", "515.9"], ["558.1", "515.9"], ["558.1", "520.9"], ["474.9", "520.9"]], "Type": "SD"}, {"Location": [["462.3", "418.3"], ["558.9", "418.3"], ["558.9", "426.1"], ["570.7", "426.1"], ["570.7", "514.5"], ["462.3", "514.5"]], "Type": "GATE"}, {"Location": [["468.5", "423.5"], ["551.7", "423.5"], ["551.7", "429.3"], ["468.5", "429.3"]], "Type": "SD"}], "Module": "M10", "Boundary": [["462.3", "418.3"], ["558.9", "418.3"], ["558.9", "426.1"], ["570.7", "426.1"], ["570.7", "520.9"], ["462.3", "520.9"]], "Module_type": "GATE"}, {"Ports": [{"Location": [["10.0", "171.7"], ["14.9", "171.7"], ["14.9", "233.8"], ["10.0", "233.8"]], "Type": "SD"}, {"Location": [["148.2", "159.1"], ["148.2", "232.5"], ["147.9", "232.5"], ["147.9", "246.4"], ["16.9", "246.4"], ["16.9", "159.1"]], "Type": "GATE"}, {"Location": [["137.3", "164.8"], ["143.5", "164.8"], ["143.5", "226.8"], ["137.3", "226.8"]], "Type": "SD"}], "Module": "M7", "Boundary": [["148.2", "159.1"], ["148.2", "232.5"], ["147.9", "232.5"], ["147.9", "246.4"], ["10.0", "246.4"], ["10.0", "159.1"]], "Module_type": "GATE"}, {"Ports": [{"Location": [["185.5", "564.9"], ["190.0", "564.9"], ["190.0", "613.7"], ["185.5", "613.7"]], "Type": "SD"}, {"Location": [["298.4", "551.7"], ["298.4", "626.9"], ["191.4", "626.9"], ["191.4", "551.7"]], "Type": "GATE"}, {"Location": [["287.2", "557.4"], ["293.7", "557.4"], ["293.7", "621.2"], ["287.2", "621.2"]], "Type": "SD"}], "Module": "M3", "Boundary": [["298.4", "551.7"], ["298.4", "626.9"], ["185.5", "626.9"], ["185.5", "551.7"]], "Module_type": "GATE"}, {"Ports": [{"Location": [["24.1", "490.2"], ["138.7", "490.2"], ["138.7", "495.5"], ["24.1", "495.5"]], "Type": "SD"}, {"Location": [["10.0", "266.4"], ["138.3", "266.4"], ["138.3", "368.3"], ["152.8", "368.3"], ["152.8", "487.8"], ["10.0", "487.8"]], "Type": "GATE"}, {"Location": [["16.0", "271.4"], ["131.3", "271.4"], ["131.3", "277.3"], ["16.0", "277.3"]], "Type": "SD"}], "Module": "M18", "Boundary": [["10.0", "266.4"], ["138.3", "266.4"], ["138.3", "368.3"], ["152.8", "368.3"], ["152.8", "495.5"], ["10.0", "495.5"]], "Module_type": "GATE"}, {"Ports": [{"Location": [["44.5", "614.4"], ["111.0", "614.4"], ["111.0", "620.2"], ["44.5", "620.2"]], "Type": "SD"}, {"Location": [["30.0", "535.5"], ["105.9", "535.5"], ["105.9", "535.8"], ["125.5", "535.8"], ["125.5", "612.9"], ["30.0", "612.9"]], "Type": "GATE"}, {"Location": [["35.5", "540.0"], ["100.4", "540.0"], ["100.4", "546.5"], ["35.5", "546.5"]], "Type": "SD"}], "Module": "M20", "Boundary": [["30.0", "535.5"], ["105.9", "535.5"], ["105.9", "535.8"], ["125.5", "535.8"], ["125.5", "620.2"], ["30.0", "620.2"]], "Module_type": "GATE"}, {"Ports": [{"Location": [["359.0", "25.1"], ["364.0", "25.1"], ["364.0", "127.0"], ["359.0", "127.0"]], "Type": "SD"}, {"Location": [["485.3", "10.0"], ["485.3", "123.2"], ["485.1", "123.2"], ["485.1", "142.1"], ["366.2", "142.1"], ["366.2", "10.0"]], "Type": "GATE"}, {"Location": [["473.6", "16.9"], ["479.4", "16.9"], ["479.4", "116.3"], ["473.6", "116.3"]], "Type": "SD"}], "Module": "M15", "Boundary": [["485.3", "10.0"], ["485.3", "123.2"], ["485.1", "123.2"], ["485.1", "142.1"], ["359.0", "142.1"], ["359.0", "10.0"]], "Module_type": "GATE"}, {"Ports": [{"Location": [["359.0", "172.6"], ["364.5", "172.6"], ["364.5", "220.9"], ["359.0", "220.9"]], "Type": "SD"}, {"Location": [["523.1", "162.1"], ["523.1", "218.8"], ["438.1", "218.8"], ["438.1", "231.4"], ["366.1", "231.4"], ["366.1", "162.1"]], "Type": "GATE"}, {"Location": [["514.1", "167.6"], ["518.6", "167.6"], ["518.6", "212.3"], ["514.1", "212.3"]], "Type": "SD"}], "Module": "M12", "Boundary": [["523.1", "162.1"], ["523.1", "218.8"], ["438.1", "218.8"], ["438.1", "231.4"], ["359.0", "231.4"], ["359.0", "162.1"]], "Module_type": "GATE"}, {"Ports": [{"Location": [["539.4", "562.9"], ["545.2", "562.9"], ["545.2", "631.4"], ["539.4", "631.4"]], "Type": "SD"}, {"Location": [["687.2", "550.9"], ["687.2", "629.2"], ["674.5", "629.2"], ["674.5", "643.4"], ["547.4", "643.4"], ["547.4", "550.9"]], "Type": "GATE"}, {"Location": [["677.1", "557.0"], ["682.1", "557.0"], ["682.1", "622.1"], ["677.1", "622.1"]], "Type": "SD"}], "Module": "M8", "Boundary": [["687.2", "550.9"], ["687.2", "629.2"], ["674.5", "629.2"], ["674.5", "643.4"], ["539.4", "643.4"], ["539.4", "550.9"]], "Module_type": "GATE"}, {"Ports": [{"Location": [["353.7", "535.8"], ["419.4", "535.8"], ["419.4", "541.2"], ["353.7", "541.2"]], "Type": "SD"}, {"Location": [["340.8", "389.3"], ["418.4", "389.3"], ["418.4", "464.9"], ["432.3", "464.9"], ["432.3", "534.1"], ["340.8", "534.1"]], "Type": "GATE"}, {"Location": [["346.1", "393.6"], ["412.1", "393.6"], ["412.1", "399.5"], ["346.1", "399.5"]], "Type": "SD"}], "Module": "M4", "Boundary": [["340.8", "389.3"], ["418.4", "389.3"], ["418.4", "464.9"], ["432.3", "464.9"], ["432.3", "541.2"], ["340.8", "541.2"]], "Module_type": "GATE"}, {"Ports": [{"Location": [["354.6", "633.1"], ["418.0", "633.1"], ["418.0", "638.5"], ["354.6", "638.5"]], "Type": "SD"}, {"Location": [["340.8", "561.2"], ["413.0", "561.2"], ["413.0", "561.3"], ["431.8", "561.3"], ["431.8", "630.9"], ["340.8", "630.9"]], "Type": "GATE"}, {"Location": [["346.1", "565.5"], ["407.7", "565.5"], ["407.7", "571.5"], ["346.1", "571.5"]], "Type": "SD"}], "Module": "M17", "Boundary": [["340.8", "561.2"], ["413.0", "561.2"], ["413.0", "561.3"], ["431.8", "561.3"], ["431.8", "638.5"], ["340.8", "638.5"]], "Module_type": "GATE"}], "Area": [["-30.0", "-30.0"], ["729.2", "-30.0"], ["729.2", "683.4"], ["-30.0", "683.4"]], "Rules": ["GATE(5,5)", "SD(5,5)", "GATE_SD(0.5)", "GATE_ITO(0.5)", "SD_ITO(0.5)"]}