{"Modules": [{"Module": "M14", "Boundary": [["666.9", "10.0"], ["666.9", "152.2"], ["653.9", "152.2"], ["653.9", "169.0"], ["575.7", "169.0"], ["575.7", "10.0"]], "Module_type": "GATE", "Ports": [{"Location": [["575.7", "23.7"], ["580.6", "23.7"], ["580.6", "155.3"], ["575.7", "155.3"]], "Type": "SD"}, {"Location": [["666.9", "10.0"], ["666.9", "152.2"], ["653.9", "152.2"], ["653.9", "169.0"], ["582.0", "169.0"], ["582.0", "10.0"]], "Type": "GATE"}, {"Location": [["656.2", "15.1"], ["662.8", "15.1"], ["662.8", "146.1"], ["656.2", "146.1"]], "Type": "SD"}]}, {"Ports": [{"Location": [["671.0", "401.4"], ["676.2", "401.4"], ["676.2", "471.0"], ["671.0", "471.0"]], "Type": "SD"}, {"Location": [["868.3", "389.2"], ["868.3", "483.2"], ["677.9", "483.2"], ["677.9", "389.2"]], "Type": "GATE"}, {"Location": [["858.3", "395.2"], ["863.3", "395.2"], ["863.3", "477.2"], ["858.3", "477.2"]], "Type": "SD"}], "Module": "M9", "Boundary": [["868.3", "389.2"], ["868.3", "483.2"], ["671.0", "483.2"], ["671.0", "389.2"]], "Module_type": "GATE"}, {"Ports": [{"Location": [["377.2", "22.5"], ["382.0", "22.5"], ["382.0", "89.7"], ["377.2", "89.7"]], "Type": "SD"}, {"Location": [["555.7", "10.0"], ["555.7", "87.0"], ["555.6", "87.0"], ["555.6", "102.2"], ["384.1", "102.2"], ["384.1", "10.0"]], "Type": "GATE"}, {"Location": [["546.1", "15.2"], ["551.5", "15.2"], ["551.5", "81.8"], ["546.1", "81.8"]], "Type": "SD"}], "Module": "M5", "Boundary": [["555.7", "10.0"], ["555.7", "87.0"], ["555.6", "87.0"], ["555.6", "102.2"], ["377.2", "102.2"], ["377.2", "10.0"]], "Module_type": "GATE"}, {"Ports": [{"Location": [["20.0", "392.5"], ["25.4", "392.5"], ["25.4", "467.2"], ["20.0", "467.2"]], "Type": "SD"}, {"Location": [["195.9", "378.1"], ["195.9", "481.6"], ["28.3", "481.6"], ["28.3", "378.1"]], "Type": "GATE"}, {"Location": [["184.0", "383.9"], ["191.1", "383.9"], ["191.1", "475.8"], ["184.0", "475.8"]], "Type": "SD"}], "Module": "M11", "Boundary": [["195.9", "378.1"], ["195.9", "481.6"], ["20.0", "481.6"], ["20.0", "378.1"]], "Module_type": "GATE"}, {"Ports": [{"Location": [["913.2", "490.4"], ["1029.2", "490.4"], ["1029.2", "495.1"], ["913.2", "495.1"]], "Type": "SD"}, {"Location": [["898.3", "350.2"], ["1028.4", "350.2"], ["1028.4", "351.0"], ["1044.1", "351.0"], ["1044.1", "488.6"], ["898.3", "488.6"]], "Type": "GATE"}, {"Location": [["904.7", "355.6"], ["1022.0", "355.6"], ["1022.0", "362.6"], ["904.7", "362.6"]], "Type": "SD"}], "Module": "M1", "Boundary": [["898.3", "350.2"], ["1028.4", "350.2"], ["1028.4", "351.0"], ["1044.1", "351.0"], ["1044.1", "495.1"], ["898.3", "495.1"]], "Module_type": "GATE"}, {"Ports": [{"Location": [["245.9", "402.6"], ["251.1", "402.6"], ["251.1", "460.5"], ["245.9", "460.5"]], "Type": "SD"}, {"Location": [["365.6", "387.9"], ["365.6", "458.4"], ["365.3", "458.4"], ["365.3", "475.2"], ["253.5", "475.2"], ["253.5", "387.9"]], "Type": "GATE"}, {"Location": [["354.0", "394.7"], ["359.8", "394.7"], ["359.8", "451.6"], ["354.0", "451.6"]], "Type": "SD"}], "Module": "M19", "Boundary": [["365.6", "387.9"], ["365.6", "458.4"], ["365.3", "458.4"], ["365.3", "475.2"], ["245.9", "475.2"], ["245.9", "387.9"]], "Module_type": "GATE"}, {"Ports": [{"Location": [["564.5", "312.8"], ["646.8", "312.8"], ["646.8", "316.9"], ["564.5", "316.9"]], "Type": "SD"}, {"Location": [["551.7", "189.0"], ["645.6", "189.0"], ["645.6", "199.3"], ["659.6", "199.3"], ["659.6", "311.7"], ["551.7", "311.7"]], "Type": "GATE"}, {"Location": [["558.5", "194.8"], ["637.8", "194.8"], ["637.8", "200.0"], ["558.5", "200.0"]], "Type": "SD"}], "Module": "M6", "Boundary": [["551.7", "189.0"], ["645.6", "189.0"], ["645.6", "199.3"], ["659.6", "199.3"], ["659.6", "316.9"], ["551.7", "316.9"]], "Module_type": "GATE"}, {"Ports": [{"Location": [["99.4", "282.9"], ["104.2", "282.9"], ["104.2", "334.6"], ["99.4", "334.6"]], "Type": "SD"}, {"Location": [["300.4", "269.6"], ["300.4", "332.8"], ["300.3", "332.8"], ["300.3", "347.9"], ["105.7", "347.9"], ["105.7", "269.6"]], "Type": "GATE"}, {"Location": [["289.1", "276.1"], ["294.9", "276.1"], ["294.9", "326.3"], ["289.1", "326.3"]], "Type": "SD"}], "Module": "M2", "Boundary": [["300.4", "269.6"], ["300.4", "332.8"], ["300.3", "332.8"], ["300.3", "347.9"], ["99.4", "347.9"], ["99.4", "269.6"]], "Module_type": "GATE"}, {"Ports": [{"Location": [["870.1", "237.6"], ["875.1", "237.6"], ["875.1", "294.4"], ["870.1", "294.4"]], "Type": "SD"}, {"Location": [["1000.3", "221.8"], ["1000.3", "294.6"], ["938.5", "294.6"], ["938.5", "310.2"], ["877.1", "310.2"], ["877.1", "221.8"]], "Type": "GATE"}, {"Location": [["987.1", "228.6"], ["994.5", "228.6"], ["994.5", "286.8"], ["987.1", "286.8"]], "Type": "SD"}], "Module": "M16", "Boundary": [["1000.3", "221.8"], ["1000.3", "294.6"], ["938.5", "294.6"], ["938.5", "310.2"], ["870.1", "310.2"], ["870.1", "221.8"]], "Module_type": "GATE"}, {"Ports": [{"Location": [["312.3", "154.7"], ["317.2", "154.7"], ["317.2", "205.5"], ["312.3", "205.5"]], "Type": "SD"}, {"Location": [["510.4", "142.2"], ["510.4", "203.1"], ["510.4", "203.1"], ["510.4", "218.0"], ["320.0", "218.0"], ["320.0", "142.2"]], "Type": "GATE"}, {"Location": [["500.1", "147.3"], ["506.3", "147.3"], ["506.3", "198.0"], ["500.1", "198.0"]], "Type": "SD"}], "Module": "M13", "Boundary": [["510.4", "142.2"], ["510.4", "203.1"], ["510.4", "203.1"], ["510.4", "218.0"], ["312.3", "218.0"], ["312.3", "142.2"]], "Module_type": "GATE"}, {"Ports": [{"Location": [["20.0", "36.1"], ["24.2", "36.1"], ["24.2", "95.5"], ["20.0", "95.5"]], "Type": "SD"}, {"Location": [["149.5", "20.0"], ["149.5", "95.1"], ["108.2", "95.1"], ["108.2", "111.6"], ["25.8", "111.6"], ["25.8", "20.0"]], "Type": "GATE"}, {"Location": [["136.5", "26.9"], ["143.6", "26.9"], ["143.6", "87.2"], ["136.5", "87.2"]], "Type": "SD"}], "Module": "M10", "Boundary": [["149.5", "20.0"], ["149.5", "95.1"], ["108.2", "95.1"], ["108.2", "111.6"], ["20.0", "111.6"], ["20.0", "20.0"]], "Module_type": "GATE"}, {"Ports": [{"Location": [["10.0", "271.2"], ["14.5", "271.2"], ["14.5", "334.9"], ["10.0", "334.9"]], "Type": "SD"}, {"Location": [["79.4", "258.0"], ["79.4", "348.1"], ["16.1", "348.1"], ["16.1", "258.0"]], "Type": "GATE"}, {"Location": [["67.7", "264.7"], ["73.7", "264.7"], ["73.7", "341.4"], ["67.7", "341.4"]], "Type": "SD"}], "Module": "M7", "Boundary": [["79.4", "258.0"], ["79.4", "348.1"], ["10.0", "348.1"], ["10.0", "258.0"]], "Module_type": "GATE"}, {"Ports": [{"Location": [["822.0", "45.1"], ["827.0", "45.1"], ["827.0", "146.7"], ["822.0", "146.7"]], "Type": "SD"}, {"Location": [["1015.8", "30.0"], ["1015.8", "161.8"], ["828.5", "161.8"], ["828.5", "30.0"]], "Type": "GATE"}, {"Location": [["1004.1", "36.4"], ["1010.4", "36.4"], ["1010.4", "155.4"], ["1004.1", "155.4"]], "Type": "SD"}], "Module": "M3", "Boundary": [["1015.8", "30.0"], ["1015.8", "161.8"], ["822.0", "161.8"], ["822.0", "30.0"]], "Module_type": "GATE"}, {"Ports": [{"Location": [["702.8", "181.3"], ["766.1", "181.3"], ["766.1", "187.1"], ["702.8", "187.1"]], "Type": "SD"}, {"Location": [["686.9", "10.0"], ["764.4", "10.0"], ["764.4", "99.2"], ["782.0", "99.2"], ["782.0", "178.4"], ["686.9", "178.4"]], "Type": "GATE"}, {"Location": [["693.5", "15.6"], ["756.8", "15.6"], ["756.8", "22.7"], ["693.5", "22.7"]], "Type": "SD"}], "Module": "M18", "Boundary": [["686.9", "10.0"], ["764.4", "10.0"], ["764.4", "99.2"], ["782.0", "99.2"], ["782.0", "187.1"], ["686.9", "187.1"]], "Module_type": "GATE"}, {"Ports": [{"Location": [["425.6", "379.4"], ["431.2", "379.4"], ["431.2", "452.7"], ["425.6", "452.7"]], "Type": "SD"}, {"Location": [["621.0", "365.1"], ["621.0", "451.3"], ["500.3", "451.3"], ["500.3", "467.0"], ["432.6", "467.0"], ["432.6", "365.1"]], "Type": "GATE"}, {"Location": [["610.0", "371.2"], ["615.9", "371.2"], ["615.9", "444.2"], ["610.0", "444.2"]], "Type": "SD"}], "Module": "M20", "Boundary": [["621.0", "365.1"], ["621.0", "451.3"], ["500.3", "451.3"], ["500.3", "467.0"], ["425.6", "467.0"], ["425.6", "365.1"]], "Module_type": "GATE"}, {"Ports": [{"Location": [["320.4", "271.5"], ["324.4", "271.5"], ["324.4", "311.6"], ["320.4", "311.6"]], "Type": "SD"}, {"Location": [["531.7", "258.0"], ["531.7", "325.1"], ["327.3", "325.1"], ["327.3", "258.0"]], "Type": "GATE"}, {"Location": [["520.8", "263.9"], ["526.8", "263.9"], ["526.8", "319.2"], ["520.8", "319.2"]], "Type": "SD"}], "Module": "M15", "Boundary": [["531.7", "258.0"], ["531.7", "325.1"], ["320.4", "325.1"], ["320.4", "258.0"]], "Module_type": "GATE"}, {"Ports": [{"Location": [["191.7", "244.9"], ["260.1", "244.9"], ["260.1", "249.6"], ["191.7", "249.6"]], "Type": "SD"}, {"Location": [["179.5", "118.2"], ["258.1", "118.2"], ["258.1", "172.2"], ["272.3", "172.2"], ["272.3", "242.8"], ["179.5", "242.8"]], "Type": "GATE"}, {"Location": [["185.6", "123.3"], ["251.0", "123.3"], ["251.0", "128.1"], ["185.6", "128.1"]], "Type": "SD"}], "Module": "M12", "Boundary": [["179.5", "118.2"], ["258.1", "118.2"], ["258.1", "172.2"], ["272.3", "172.2"], ["272.3", "249.6"], ["179.5", "249.6"]], "Module_type": "GATE"}, {"Ports": [{"Location": [["10.0", "154.6"], ["15.9", "154.6"], ["15.9", "225.0"], ["10.0", "225.0"]], "Type": "SD"}, {"Location": [["151.9", "141.6"], ["151.9", "223.0"], ["81.9", "223.0"], ["81.9", "238.0"], ["18.1", "238.0"], ["18.1", "141.6"]], "Type": "GATE"}, {"Location": [["141.9", "147.2"], ["147.3", "147.2"], ["147.3", "216.4"], ["141.9", "216.4"]], "Type": "SD"}], "Module": "M8", "Boundary": [["151.9", "141.6"], ["151.9", "223.0"], ["81.9", "223.0"], ["81.9", "238.0"], ["10.0", "238.0"], ["10.0", "141.6"]], "Module_type": "GATE"}, {"Ports": [{"Location": [["179.5", "22.7"], ["184.2", "22.7"], ["184.2", "85.5"], ["179.5", "85.5"]], "Type": "SD"}, {"Location": [["357.2", "10.0"], ["357.2", "85.0"], ["280.6", "85.0"], ["280.6", "98.2"], ["186.2", "98.2"], ["186.2", "10.0"]], "Type": "GATE"}, {"Location": [["346.5", "15.6"], ["352.6", "15.6"], ["352.6", "78.4"], ["346.5", "78.4"]], "Type": "SD"}], "Module": "M4", "Boundary": [["357.2", "10.0"], ["357.2", "85.0"], ["280.6", "85.0"], ["280.6", "98.2"], ["179.5", "98.2"], ["179.5", "10.0"]], "Module_type": "GATE"}], "Area": [["-30.0", "-30.0"], ["1084.1", "-30.0"], ["1084.1", "535.1"], ["-30.0", "535.1"]], "Rules": ["GATE(5,5)", "SD(5,5)", "GATE_SD(0.5)", "GATE_ITO(0.5)", "SD_ITO(0.5)"]}