{"Modules": [{"Module": "M14", "Boundary": [["210.5", "593.6"], ["210.5", "710.5"], ["105.1", "710.5"], ["105.1", "725.8"], ["10.0", "725.8"], ["10.0", "593.6"]], "Module_type": "GATE", "Ports": [{"Location": [["10.0", "607.5"], ["15.6", "607.5"], ["15.6", "711.9"], ["10.0", "711.9"]], "Type": "SD"}, {"Location": [["210.5", "593.6"], ["210.5", "710.5"], ["105.1", "710.5"], ["105.1", "725.8"], ["17.7", "725.8"], ["17.7", "593.6"]], "Type": "GATE"}, {"Location": [["199.2", "598.7"], ["206.4", "598.7"], ["206.4", "704.4"], ["199.2", "704.4"]], "Type": "SD"}]}, {"Ports": [{"Location": [["20.0", "768.6"], ["24.5", "768.6"], ["24.5", "868.0"], ["20.0", "868.0"]], "Type": "SD"}, {"Location": [["183.3", "755.8"], ["183.3", "880.8"], ["26.8", "880.8"], ["26.8", "755.8"]], "Type": "GATE"}, {"Location": [["173.2", "762.0"], ["178.1", "762.0"], ["178.1", "874.6"], ["173.2", "874.6"]], "Type": "SD"}], "Module": "M9", "Boundary": [["183.3", "755.8"], ["183.3", "880.8"], ["20.0", "880.8"], ["20.0", "755.8"]], "Module_type": "GATE"}, {"Ports": [{"Location": [["243.2", "543.8"], ["249.0", "543.8"], ["249.0", "614.6"], ["243.2", "614.6"]], "Type": "SD"}, {"Location": [["386.2", "529.0"], ["386.2", "629.4"], ["251.0", "629.4"], ["251.0", "529.0"]], "Type": "GATE"}, {"Location": [["374.3", "535.4"], ["380.8", "535.4"], ["380.8", "623.0"], ["374.3", "623.0"]], "Type": "SD"}], "Module": "M5", "Boundary": [["386.2", "529.0"], ["386.2", "629.4"], ["243.2", "629.4"], ["243.2", "529.0"]], "Module_type": "GATE"}, {"Ports": [{"Location": [["34.1", "283.2"], ["84.5", "283.2"], ["84.5", "287.5"], ["34.1", "287.5"]], "Type": "SD"}, {"Location": [["20.0", "134.0"], ["83.9", "134.0"], ["83.9", "134.4"], ["98.6", "134.4"], ["98.6", "281.8"], ["20.0", "281.8"]], "Type": "GATE"}, {"Location": [["26.2", "139.2"], ["77.7", "139.2"], ["77.7", "146.0"], ["26.2", "146.0"]], "Type": "SD"}], "Module": "M11", "Boundary": [["20.0", "134.0"], ["83.9", "134.0"], ["83.9", "134.4"], ["98.6", "134.4"], ["98.6", "287.5"], ["20.0", "287.5"]], "Module_type": "GATE"}, {"Ports": [{"Location": [["128.6", "188.5"], ["134.0", "188.5"], ["134.0", "266.6"], ["128.6", "266.6"]], "Type": "SD"}, {"Location": [["285.0", "173.2"], ["285.0", "264.3"], ["284.9", "264.3"], ["284.9", "281.9"], ["136.9", "281.9"], ["136.9", "173.2"]], "Type": "GATE"}, {"Location": [["272.8", "179.8"], ["279.4", "179.8"], ["279.4", "257.7"], ["272.8", "257.7"]], "Type": "SD"}], "Module": "M1", "Boundary": [["285.0", "173.2"], ["285.0", "264.3"], ["284.9", "264.3"], ["284.9", "281.9"], ["128.6", "281.9"], ["128.6", "173.2"]], "Module_type": "GATE"}, {"Ports": [{"Location": [["440.4", "607.2"], ["551.6", "607.2"], ["551.6", "612.3"], ["440.4", "612.3"]], "Type": "SD"}, {"Location": [["426.2", "484.3"], ["548.5", "484.3"], ["548.5", "485.0"], ["565.8", "485.0"], ["565.8", "605.8"], ["426.2", "605.8"]], "Type": "GATE"}, {"Location": [["432.1", "489.2"], ["542.6", "489.2"], ["542.6", "495.4"], ["432.1", "495.4"]], "Type": "SD"}], "Module": "M19", "Boundary": [["426.2", "484.3"], ["548.5", "484.3"], ["548.5", "485.0"], ["565.8", "485.0"], ["565.8", "612.3"], ["426.2", "612.3"]], "Module_type": "GATE"}, {"Ports": [{"Location": [["10.0", "21.6"], ["14.1", "21.6"], ["14.1", "92.4"], ["10.0", "92.4"]], "Type": "SD"}, {"Location": [["129.2", "10.0"], ["129.2", "89.2"], ["70.4", "89.2"], ["70.4", "104.0"], ["16.7", "104.0"], ["16.7", "10.0"]], "Type": "GATE"}, {"Location": [["120.0", "15.1"], ["125.1", "15.1"], ["125.1", "83.1"], ["120.0", "83.1"]], "Type": "SD"}], "Module": "M6", "Boundary": [["129.2", "10.0"], ["129.2", "89.2"], ["70.4", "89.2"], ["70.4", "104.0"], ["10.0", "104.0"], ["10.0", "10.0"]], "Module_type": "GATE"}, {"Ports": [{"Location": [["472.5", "164.7"], ["477.1", "164.7"], ["477.1", "269.7"], ["472.5", "269.7"]], "Type": "SD"}, {"Location": [["582.8", "151.7"], ["582.8", "267.3"], ["530.8", "267.3"], ["530.8", "282.7"], ["479.1", "282.7"], ["479.1", "151.7"]], "Type": "GATE"}, {"Location": [["572.6", "157.2"], ["578.3", "157.2"], ["578.3", "260.8"], ["572.6", "260.8"]], "Type": "SD"}], "Module": "M2", "Boundary": [["582.8", "151.7"], ["582.8", "267.3"], ["530.8", "267.3"], ["530.8", "282.7"], ["472.5", "282.7"], ["472.5", "151.7"]], "Module_type": "GATE"}, {"Ports": [{"Location": [["246.0", "870.7"], ["342.1", "870.7"], ["342.1", "875.4"], ["246.0", "875.4"]], "Type": "SD"}, {"Location": [["233.3", "798.9"], ["354.8", "798.9"], ["354.8", "869.6"], ["233.3", "869.6"]], "Type": "GATE"}, {"Location": [["239.2", "803.8"], ["348.9", "803.8"], ["348.9", "809.1"], ["239.2", "809.1"]], "Type": "SD"}], "Module": "M16", "Boundary": [["233.3", "798.9"], ["354.8", "798.9"], ["354.8", "875.4"], ["233.3", "875.4"]], "Module_type": "GATE"}, {"Ports": [{"Location": [["169.2", "43.6"], ["174.6", "43.6"], ["174.6", "119.6"], ["169.2", "119.6"]], "Type": "SD"}, {"Location": [["382.1", "30.0"], ["382.1", "116.1"], ["381.6", "116.1"], ["381.6", "133.2"], ["175.6", "133.2"], ["175.6", "30.0"]], "Type": "GATE"}, {"Location": [["371.1", "35.9"], ["377.2", "35.9"], ["377.2", "110.2"], ["371.1", "110.2"]], "Type": "SD"}], "Module": "M13", "Boundary": [["382.1", "30.0"], ["382.1", "116.1"], ["381.6", "116.1"], ["381.6", "133.2"], ["169.2", "133.2"], ["169.2", "30.0"]], "Module_type": "GATE"}, {"Ports": [{"Location": [["506.7", "416.8"], ["568.9", "416.8"], ["568.9", "421.0"], ["506.7", "421.0"]], "Type": "SD"}, {"Location": [["494.8", "312.7"], ["567.8", "312.7"], ["567.8", "337.9"], ["580.8", "337.9"], ["580.8", "415.0"], ["494.8", "415.0"]], "Type": "GATE"}, {"Location": [["500.8", "317.7"], ["560.8", "317.7"], ["560.8", "322.5"], ["500.8", "322.5"]], "Type": "SD"}], "Module": "M10", "Boundary": [["494.8", "312.7"], ["567.8", "312.7"], ["567.8", "337.9"], ["580.8", "337.9"], ["580.8", "421.0"], ["494.8", "421.0"]], "Module_type": "GATE"}, {"Ports": [{"Location": [["10.0", "328.2"], ["15.1", "328.2"], ["15.1", "420.2"], ["10.0", "420.2"]], "Type": "SD"}, {"Location": [["161.8", "317.5"], ["161.8", "416.7"], ["161.5", "416.7"], ["161.5", "430.9"], ["16.2", "430.9"], ["16.2", "317.5"]], "Type": "GATE"}, {"Location": [["153.1", "322.7"], ["157.6", "322.7"], ["157.6", "411.5"], ["153.1", "411.5"]], "Type": "SD"}], "Module": "M7", "Boundary": [["161.8", "317.5"], ["161.8", "416.7"], ["161.5", "416.7"], ["161.5", "430.9"], ["10.0", "430.9"], ["10.0", "317.5"]], "Module_type": "GATE"}, {"Ports": [{"Location": [["442.1", "41.7"], ["447.1", "41.7"], ["447.1", "100.0"], ["442.1", "100.0"]], "Type": "SD"}, {"Location": [["554.9", "30.0"], ["554.9", "94.8"], ["554.8", "94.8"], ["554.8", "111.7"], ["450.1", "111.7"], ["450.1", "30.0"]], "Type": "GATE"}, {"Location": [["546.1", "35.2"], ["550.7", "35.2"], ["550.7", "89.6"], ["546.1", "89.6"]], "Type": "SD"}], "Module": "M3", "Boundary": [["554.9", "30.0"], ["554.9", "94.8"], ["554.8", "94.8"], ["554.8", "111.7"], ["442.1", "111.7"], ["442.1", "30.0"]], "Module_type": "GATE"}, {"Ports": [{"Location": [["256.0", "754.6"], ["340.1", "754.6"], ["340.1", "758.9"], ["256.0", "758.9"]], "Type": "SD"}, {"Location": [["243.2", "649.4"], ["338.5", "649.4"], ["338.5", "699.7"], ["352.9", "699.7"], ["352.9", "752.0"], ["243.2", "752.0"]], "Type": "GATE"}, {"Location": [["248.7", "653.9"], ["332.0", "653.9"], ["332.0", "660.0"], ["248.7", "660.0"]], "Type": "SD"}], "Module": "M18", "Boundary": [["243.2", "649.4"], ["338.5", "649.4"], ["338.5", "699.7"], ["352.9", "699.7"], ["352.9", "758.9"], ["243.2", "758.9"]], "Module_type": "GATE"}, {"Ports": [{"Location": [["426.9", "868.8"], ["554.5", "868.8"], ["554.5", "873.8"], ["426.9", "873.8"]], "Type": "SD"}, {"Location": [["414.8", "672.3"], ["550.5", "672.3"], ["550.5", "743.5"], ["566.6", "743.5"], ["566.6", "866.2"], ["414.8", "866.2"]], "Type": "GATE"}, {"Location": [["420.3", "676.8"], ["544.0", "676.8"], ["544.0", "681.7"], ["420.3", "681.7"]], "Type": "SD"}], "Module": "M20", "Boundary": [["414.8", "672.3"], ["550.5", "672.3"], ["550.5", "743.5"], ["566.6", "743.5"], ["566.6", "873.8"], ["414.8", "873.8"]], "Module_type": "GATE"}, {"Ports": [{"Location": [["305.0", "186.9"], ["309.4", "186.9"], ["309.4", "265.3"], ["305.0", "265.3"]], "Type": "SD"}, {"Location": [["452.5", "173.2"], ["452.5", "261.3"], ["452.0", "261.3"], ["452.0", "279.0"], ["311.7", "279.0"], ["311.7", "173.2"]], "Type": "GATE"}, {"Location": [["441.9", "178.8"], ["447.9", "178.8"], ["447.9", "255.7"], ["441.9", "255.7"]], "Type": "SD"}], "Module": "M15", "Boundary": [["452.5", "173.2"], ["452.5", "261.3"], ["452.0", "261.3"], ["452.0", "279.0"], ["305.0", "279.0"], ["305.0", "173.2"]], "Module_type": "GATE"}, {"Ports": [{"Location": [["256.3", "503.5"], ["354.7", "503.5"], ["354.7", "509.0"], ["256.3", "509.0"]], "Type": "SD"}, {"Location": [["243.2", "422.5"], ["353.6", "422.5"], ["353.6", "459.1"], ["367.8", "459.1"], ["367.8", "500.7"], ["243.2", "500.7"]], "Type": "GATE"}, {"Location": [["248.6", "426.9"], ["347.2", "426.9"], ["347.2", "433.7"], ["248.6", "433.7"]], "Type": "SD"}], "Module": "M12", "Boundary": [["243.2", "422.5"], ["353.6", "422.5"], ["353.6", "459.1"], ["367.8", "459.1"], ["367.8", "509.0"], ["243.2", "509.0"]], "Module_type": "GATE"}, {"Ports": [{"Location": [["181.8", "312.5"], ["186.6", "312.5"], ["186.6", "391.9"], ["181.8", "391.9"]], "Type": "SD"}, {"Location": [["355.4", "301.9"], ["355.4", "389.0"], ["280.1", "389.0"], ["280.1", "402.5"], ["188.7", "402.5"], ["188.7", "301.9"]], "Type": "GATE"}, {"Location": [["346.8", "306.9"], ["351.4", "306.9"], ["351.4", "383.0"], ["346.8", "383.0"]], "Type": "SD"}], "Module": "M8", "Boundary": [["355.4", "301.9"], ["355.4", "389.0"], ["280.1", "389.0"], ["280.1", "402.5"], ["181.8", "402.5"], ["181.8", "301.9"]], "Module_type": "GATE"}, {"Ports": [{"Location": [["387.8", "318.1"], ["392.9", "318.1"], ["392.9", "428.9"], ["387.8", "428.9"]], "Type": "SD"}, {"Location": [["464.8", "302.7"], ["464.8", "428.0"], ["444.6", "428.0"], ["444.6", "444.3"], ["395.6", "444.3"], ["395.6", "302.7"]], "Type": "GATE"}, {"Location": [["452.8", "309.5"], ["459.0", "309.5"], ["459.0", "420.2"], ["452.8", "420.2"]], "Type": "SD"}], "Module": "M4", "Boundary": [["464.8", "302.7"], ["464.8", "428.0"], ["444.6", "428.0"], ["444.6", "444.3"], ["387.8", "444.3"], ["387.8", "302.7"]], "Module_type": "GATE"}], "Area": [["-30.0", "-30.0"], ["622.8", "-30.0"], ["622.8", "920.8"], ["-30.0", "920.8"]], "Rules": ["GATE(5,5)", "SD(5,5)", "GATE_SD(0.5)", "GATE_ITO(0.5)", "SD_ITO(0.5)"]}